Sample in Buffer,Sample in Window,TRIGGER,openaars_virtual_top/tg68_ddraddr[25:1],openaars_virtual_top/tg68_cpustate_2[1:0],openaars_virtual_top/tg68_ddrcs,openaars_virtual_top/tg68_cpustate[6:3],openaars_virtual_top/tg68_cuds,openaars_virtual_top/tg68_clds,openaars_virtual_top/tg68_cin[15:0],openaars_virtual_top/tg68_ddrout[15:0],openaars_virtual_top/tg68_ddrena,openaars_virtual_top/tg68_ddrready,openaars_virtual_top/ddr3_dbg_req_rd,openaars_virtual_top/ddr3_dbg_req_be[15:0],openaars_virtual_top/ddr3_dbg_req_addr[31:0],openaars_virtual_top/ddr3_dbg_req_wdata[127:0],openaars_virtual_top/ddr3_dbg_resp_rdata[127:0],openaars_virtual_top/ddr3_dbg_ack_tgl,openaars_virtual_top/ddr3_dbg_bstate[1:0],openaars_virtual_top/ddr3_dbg_sdr_read_req,openaars_virtual_top/ddr3_dbg_sdr_read_ack,openaars_virtual_top/ddr3_dbg_sdr_dat_r[15:0],openaars_virtual_top/ddr3_dbg_sdr_write_req,openaars_virtual_top/ddr3_dbg_sdr_write_ack,openaars_virtual_top/ddr3_dbg_sdr_adr[25:1],openaars_virtual_top/ddr3_dbg_sdr_dat_w[31:0],openaars_virtual_top/ddr3_dbg_sdr_dqm_w[3:0],openaars_virtual_top/g_ddr3_fastram_ila.ddr3_dbg_cdc_state[3:0]
Radix - UNSIGNED,UNSIGNED,UNSIGNED,HEX,HEX,HEX,HEX,HEX,HEX,HEX,HEX,HEX,HEX,HEX,HEX,HEX,HEX,HEX,HEX,HEX,HEX,HEX,HEX,HEX,HEX,HEX,HEX,HEX,HEX
0,0,1,001ca07,1,1,3,1,1,0423,0333,0,1,1,0000,00e92cf0,00000000000000000000000000000000,03330433043304230423042204120411,0,"B_IDLE",0,0,0433,0,0,07241d9,acc4acc4,c,8
1,1,0,001ca07,1,1,1,1,1,0423,0333,0,1,1,0000,00e92cf0,00000000000000000000000000000000,03330433043304230423042204120411,0,"B_IDLE",0,0,0433,0,0,07241d9,acc4acc4,c,8
2,2,0,001ca07,1,1,4,1,1,0423,0333,0,1,1,0000,00e92cf0,00000000000000000000000000000000,03330433043304230423042204120411,0,"B_IDLE",0,0,0433,0,0,07241d9,acc4acc4,c,8
3,3,0,001ca07,1,1,3,1,1,0423,0333,0,1,1,0000,00e92cf0,00000000000000000000000000000000,03330433043304230423042204120411,0,"B_IDLE",0,0,0433,0,0,07241d9,acc4acc4,c,8
4,4,0,001ca07,1,1,3,1,1,0423,0333,0,1,1,0000,00e92cf0,00000000000000000000000000000000,03330433043304230423042204120411,0,"B_IDLE",0,0,0433,0,0,07241d9,acc4acc4,c,8
5,5,0,001ca07,1,1,1,1,1,0423,0333,0,1,1,0000,00e92cf0,00000000000000000000000000000000,03330433043304230423042204120411,0,"B_IDLE",0,0,0433,0,0,07241d9,acc4acc4,c,8
6,6,0,001ca07,1,1,4,1,1,0423,0333,0,1,1,0000,00e92cf0,00000000000000000000000000000000,03330433043304230423042204120411,0,"B_IDLE",0,0,0433,0,0,07241d9,acc4acc4,c,8
7,7,0,001ca07,1,1,3,1,1,0423,0333,0,1,1,0000,00e92cf0,00000000000000000000000000000000,03330433043304230423042204120411,0,"B_IDLE",0,0,0433,0,0,07241d9,acc4acc4,c,8
8,8,0,001ca07,1,1,3,1,1,0423,0333,0,1,1,0000,00e92cf0,00000000000000000000000000000000,03330433043304230423042204120411,0,"B_IDLE",0,0,0433,0,0,07241d9,acc4acc4,c,8
9,9,0,001ca07,1,1,1,1,1,0423,0333,0,1,1,0000,00e92cf0,00000000000000000000000000000000,03330433043304230423042204120411,0,"B_IDLE",0,0,0433,0,0,07241d9,acc4acc4,c,8
10,10,0,001ca07,1,1,4,1,1,0423,0333,0,1,1,0000,00e92cf0,00000000000000000000000000000000,03330433043304230423042204120411,0,"B_IDLE",0,0,0433,0,0,07241d9,acc4acc4,c,8
11,11,0,001ca07,1,1,3,1,1,0423,0333,0,1,1,0000,00e92cf0,00000000000000000000000000000000,03330433043304230423042204120411,0,"B_IDLE",0,0,0433,0,0,07241d9,acc4acc4,c,8
12,12,0,001ca07,1,1,3,1,1,0423,0333,0,1,1,0000,00e92cf0,00000000000000000000000000000000,03330433043304230423042204120411,0,"B_IDLE",0,0,0433,0,0,07241d9,acc4acc4,c,8
13,13,0,001ca07,1,1,1,1,1,0423,0333,0,1,1,0000,00e92cf0,00000000000000000000000000000000,03330433043304230423042204120411,0,"B_IDLE",0,0,0433,0,0,07241d9,acc4acc4,c,8
14,14,0,001ca07,1,1,4,1,1,0423,0333,0,1,1,0000,00e92cf0,00000000000000000000000000000000,03330433043304230423042204120411,0,"B_IDLE",0,0,0433,0,0,07241d9,acc4acc4,c,8
15,15,0,001ca07,1,1,3,1,1,0423,0333,0,1,1,0000,00e92cf0,00000000000000000000000000000000,03330433043304230423042204120411,0,"B_IDLE",0,0,0433,0,0,07241d9,acc4acc4,c,8
16,16,0,001ca07,1,1,3,1,1,0423,0333,0,1,1,0000,00e92cf0,00000000000000000000000000000000,03330433043304230423042204120411,0,"B_IDLE",0,0,0433,0,0,07241d9,acc4acc4,c,8
17,17,0,001ca07,1,1,1,1,1,0423,0333,0,1,1,0000,00e92cf0,00000000000000000000000000000000,03330433043304230423042204120411,0,"B_IDLE",0,0,0433,0,0,07241d9,acc4acc4,c,8
18,18,0,001ca07,1,1,4,1,1,0423,0333,0,1,1,0000,00e92cf0,00000000000000000000000000000000,03330433043304230423042204120411,0,"B_IDLE",0,0,0433,0,0,07241d9,acc4acc4,c,8
19,19,0,001ca07,1,1,3,1,1,0423,0333,0,1,1,0000,00e92cf0,00000000000000000000000000000000,03330433043304230423042204120411,0,"B_IDLE",0,0,0433,0,0,07241d9,acc4acc4,c,8
20,20,0,001ca07,1,1,3,1,1,0423,0333,0,1,1,0000,00e92cf0,00000000000000000000000000000000,03330433043304230423042204120411,0,"B_IDLE",0,0,0433,0,0,07241d9,acc4acc4,c,8
21,21,0,001ca07,1,1,1,1,1,0423,0333,0,1,1,0000,00e92cf0,00000000000000000000000000000000,03330433043304230423042204120411,0,"B_IDLE",0,0,0433,0,0,07241d9,acc4acc4,c,8
22,22,0,001ca07,1,1,4,1,1,0423,0333,0,1,1,0000,00e92cf0,00000000000000000000000000000000,03330433043304230423042204120411,0,"B_IDLE",0,0,0433,0,0,07241d9,acc4acc4,c,8
23,23,0,001ca07,1,1,3,1,1,0423,0333,0,1,1,0000,00e92cf0,00000000000000000000000000000000,03330433043304230423042204120411,0,"B_IDLE",0,0,0433,0,0,07241d9,acc4acc4,c,8
24,24,0,001ca07,1,1,3,1,1,0423,0333,0,1,1,0000,00e92cf0,00000000000000000000000000000000,03330433043304230423042204120411,0,"B_IDLE",0,0,0433,0,0,07241d9,acc4acc4,c,8
25,25,0,001ca07,1,1,1,1,1,0423,0333,0,1,1,0000,00e92cf0,00000000000000000000000000000000,03330433043304230423042204120411,0,"B_IDLE",0,0,0433,0,0,07241d9,acc4acc4,c,8
26,26,0,001ca07,1,1,4,1,1,0423,0333,0,1,1,0000,00e92cf0,00000000000000000000000000000000,03330433043304230423042204120411,0,"B_IDLE",0,0,0433,0,0,07241d9,acc4acc4,c,8
27,27,0,001ca07,1,1,3,1,1,0423,0333,0,1,1,0000,00e92cf0,00000000000000000000000000000000,03330433043304230423042204120411,0,"B_IDLE",0,0,0433,0,0,07241d9,acc4acc4,c,8
28,28,0,001ca07,1,1,3,1,1,0423,0333,0,1,1,0000,00e92cf0,00000000000000000000000000000000,03330433043304230423042204120411,0,"B_IDLE",0,0,0433,0,0,07241d9,acc4acc4,c,8
29,29,0,001ca07,1,1,1,1,1,0423,0333,0,1,1,0000,00e92cf0,00000000000000000000000000000000,03330433043304230423042204120411,0,"B_IDLE",0,0,0433,0,0,07241d9,acc4acc4,c,8
30,30,0,001ca07,1,1,4,1,1,0423,0333,0,1,1,0000,00e92cf0,00000000000000000000000000000000,03330433043304230423042204120411,0,"B_IDLE",0,0,0433,0,0,07241d9,acc4acc4,c,8
31,31,0,001ca07,1,1,3,1,1,0423,0333,0,1,1,0000,00e92cf0,00000000000000000000000000000000,03330433043304230423042204120411,0,"B_IDLE",0,0,0433,0,0,07241d9,acc4acc4,c,8
32,32,0,001ca07,1,1,3,1,1,0423,0333,0,1,1,0000,00e92cf0,00000000000000000000000000000000,03330433043304230423042204120411,0,"B_IDLE",0,0,0433,0,0,07241d9,acc4acc4,c,8
33,33,0,001ca07,1,1,1,1,1,0423,0333,0,1,1,0000,00e92cf0,00000000000000000000000000000000,03330433043304230423042204120411,0,"B_IDLE",0,0,0433,0,0,07241d9,acc4acc4,c,8
34,34,0,001ca07,1,1,4,1,1,0423,0333,0,1,1,0000,00e92cf0,00000000000000000000000000000000,03330433043304230423042204120411,0,"B_IDLE",0,0,0433,0,0,07241d9,acc4acc4,c,8
35,35,0,001ca07,1,1,3,1,1,0423,0333,0,1,1,0000,00e92cf0,00000000000000000000000000000000,03330433043304230423042204120411,0,"B_IDLE",0,0,0433,0,0,07241d9,acc4acc4,c,8
36,36,0,001ca07,1,1,3,1,1,0423,0333,0,1,1,0000,00e92cf0,00000000000000000000000000000000,03330433043304230423042204120411,0,"B_IDLE",0,0,0433,0,0,07241d9,acc4acc4,c,8
37,37,0,001ca07,1,1,1,1,1,0423,0333,0,1,1,0000,00e92cf0,00000000000000000000000000000000,03330433043304230423042204120411,0,"B_IDLE",0,0,0433,0,0,07241d9,acc4acc4,c,8
38,38,0,001ca07,1,1,4,1,1,0423,0333,0,1,1,0000,00e92cf0,00000000000000000000000000000000,03330433043304230423042204120411,0,"B_IDLE",0,0,0433,0,0,07241d9,acc4acc4,c,8
39,39,0,001ca07,1,1,3,1,1,0423,0333,0,1,1,0000,00e92cf0,00000000000000000000000000000000,03330433043304230423042204120411,0,"B_IDLE",0,0,0433,0,0,07241d9,acc4acc4,c,8
40,40,0,001ca07,1,1,3,1,1,0423,0333,0,1,1,0000,00e92cf0,00000000000000000000000000000000,03330433043304230423042204120411,0,"B_IDLE",0,0,0433,0,0,07241d9,acc4acc4,c,8
41,41,0,001ca07,1,1,1,1,1,0423,0333,0,1,1,0000,00e92cf0,00000000000000000000000000000000,03330433043304230423042204120411,0,"B_IDLE",0,0,0433,0,0,07241d9,acc4acc4,c,8
42,42,0,001ca07,1,1,4,1,1,0423,0333,0,1,1,0000,00e92cf0,00000000000000000000000000000000,03330433043304230423042204120411,0,"B_IDLE",0,0,0433,0,0,07241d9,acc4acc4,c,8
43,43,0,001ca07,1,1,3,1,1,0423,0333,0,1,1,0000,00e92cf0,00000000000000000000000000000000,03330433043304230423042204120411,0,"B_IDLE",0,0,0433,0,0,07241d9,acc4acc4,c,8
44,44,0,001ca07,1,1,3,1,1,0423,0333,0,1,1,0000,00e92cf0,00000000000000000000000000000000,03330433043304230423042204120411,0,"B_IDLE",0,0,0433,0,0,07241d9,acc4acc4,c,8
45,45,0,001ca07,1,1,1,1,1,0423,0333,0,1,1,0000,00e92cf0,00000000000000000000000000000000,03330433043304230423042204120411,0,"B_IDLE",0,0,0433,0,0,07241d9,acc4acc4,c,8
46,46,0,001ca07,1,1,4,1,1,0423,0333,0,1,1,0000,00e92cf0,00000000000000000000000000000000,03330433043304230423042204120411,0,"B_IDLE",0,0,0433,0,0,07241d9,acc4acc4,c,8
47,47,0,001ca07,1,1,3,1,1,0423,0333,0,1,1,0000,00e92cf0,00000000000000000000000000000000,03330433043304230423042204120411,0,"B_IDLE",0,0,0433,0,0,07241d9,acc4acc4,c,8
48,48,0,001ca07,1,1,3,1,1,0423,0333,0,1,1,0000,00e92cf0,00000000000000000000000000000000,03330433043304230423042204120411,0,"B_IDLE",0,0,0433,0,0,07241d9,acc4acc4,c,8
49,49,0,001ca07,1,1,1,1,1,0423,0333,0,1,1,0000,00e92cf0,00000000000000000000000000000000,03330433043304230423042204120411,0,"B_IDLE",0,0,0433,0,0,07241d9,acc4acc4,c,8
50,50,0,001ca07,1,1,4,1,1,0423,0333,0,1,1,0000,00e92cf0,00000000000000000000000000000000,03330433043304230423042204120411,0,"B_IDLE",0,0,0433,0,0,07241d9,acc4acc4,c,8
51,51,0,001ca07,1,1,3,1,1,0423,0333,0,1,1,0000,00e92cf0,00000000000000000000000000000000,03330433043304230423042204120411,0,"B_IDLE",0,0,0433,0,0,07241d9,acc4acc4,c,8
52,52,0,001ca07,1,1,3,1,1,0423,0333,0,1,1,0000,00e92cf0,00000000000000000000000000000000,03330433043304230423042204120411,0,"B_IDLE",0,0,0433,0,0,07241d9,acc4acc4,c,8
53,53,0,001ca07,1,1,1,1,1,0423,0333,0,1,1,0000,00e92cf0,00000000000000000000000000000000,03330433043304230423042204120411,0,"B_IDLE",0,0,0433,0,0,07241d9,acc4acc4,c,8
54,54,0,001ca07,1,1,4,1,1,0423,0333,0,1,1,0000,00e92cf0,00000000000000000000000000000000,03330433043304230423042204120411,0,"B_IDLE",0,0,0433,0,0,07241d9,acc4acc4,c,8
55,55,0,07496c6,2,1,3,0,0,0423,0333,0,1,1,0000,00e92cf0,00000000000000000000000000000000,03330433043304230423042204120411,0,"B_IDLE",0,0,0433,0,0,07241d9,acc4acc4,c,8
56,56,0,07496c6,2,1,3,0,0,0423,0433,0,1,1,0000,00e92cf0,00000000000000000000000000000000,03330433043304230423042204120411,0,"B_IDLE",0,0,0433,0,0,07241d9,acc4acc4,c,8
57,57,0,07496c6,2,1,1,0,0,0423,0433,0,1,1,0000,00e92cf0,00000000000000000000000000000000,03330433043304230423042204120411,0,"B_IDLE",0,0,0433,0,0,07241d9,acc4acc4,c,8
58,58,0,07496c6,2,0,0,0,0,0423,0433,0,1,1,0000,00e92cf0,00000000000000000000000000000000,03330433043304230423042204120411,0,"B_IDLE",0,0,0433,0,0,07241d9,acc4acc4,c,8
59,59,0,07496c6,2,0,0,0,0,0423,0433,0,1,1,0000,00e92cf0,00000000000000000000000000000000,03330433043304230423042204120411,0,"B_IDLE",0,0,0433,0,0,07241d9,acc4acc4,c,8
60,60,0,07496c6,2,0,0,0,0,0423,0433,0,1,1,0000,00e92cf0,00000000000000000000000000000000,03330433043304230423042204120411,0,"B_IDLE",0,0,0433,0,0,07241d9,acc4acc4,c,8
61,61,0,07496c6,2,0,0,0,0,0423,0333,1,1,1,0000,00e92cf0,00000000000000000000000000000000,03330433043304230423042204120411,0,"B_IDLE",0,0,0433,0,0,07241d9,acc4acc4,c,8
62,62,0,07496c6,2,0,4,0,0,0423,0333,1,1,1,0000,00e92cf0,00000000000000000000000000000000,03330433043304230423042204120411,0,"B_IDLE",0,0,0433,0,0,07241d9,acc4acc4,c,8
63,63,0,07496c6,1,1,3,1,1,0423,0333,1,1,1,0000,00e92cf0,00000000000000000000000000000000,03330433043304230423042204120411,0,"B_IDLE",0,0,0433,0,0,07241d9,acc4acc4,c,8
64,64,0,07496c6,1,1,3,1,1,0423,0333,0,1,1,0000,00e92cf0,00000000000000000000000000000000,03330433043304230423042204120411,0,"B_IDLE",0,0,0433,0,0,07241d9,acc4acc4,c,8
65,65,0,07496c6,1,1,1,1,1,0423,0333,0,1,1,0000,00e92cf0,00000000000000000000000000000000,03330433043304230423042204120411,0,"B_IDLE",0,0,0433,0,0,07241d9,acc4acc4,c,8
66,66,0,07496c6,1,1,4,1,1,0423,0333,0,1,1,0000,00e92cf0,00000000000000000000000000000000,03330433043304230423042204120411,0,"B_IDLE",0,0,0433,0,0,07241d9,acc4acc4,c,8
67,67,0,07496c6,1,1,3,1,1,0423,0333,0,1,1,0000,00e92cf0,00000000000000000000000000000000,03330433043304230423042204120411,0,"B_IDLE",0,0,0433,0,0,07241d9,acc4acc4,c,8
68,68,0,07496c6,1,1,3,1,1,0423,0333,0,1,1,0000,00e92cf0,00000000000000000000000000000000,03330433043304230423042204120411,0,"B_IDLE",0,0,0433,0,0,07241d9,acc4acc4,c,8
69,69,0,07496c6,1,1,1,1,1,0423,0333,0,1,1,0000,00e92cf0,00000000000000000000000000000000,03330433043304230423042204120411,0,"B_IDLE",0,0,0433,0,0,07241d9,acc4acc4,c,8
70,70,0,07496c6,1,1,4,1,1,0423,0333,0,1,1,0000,00e92cf0,00000000000000000000000000000000,03330433043304230423042204120411,0,"B_IDLE",0,0,0433,0,0,07241d9,acc4acc4,c,8
71,71,0,07496c6,1,1,3,1,1,0423,0333,0,1,1,0000,00e92cf0,00000000000000000000000000000000,03330433043304230423042204120411,0,"B_IDLE",0,0,0433,0,0,07241d9,acc4acc4,c,8
72,72,0,07496c6,1,1,3,1,1,0423,0333,0,1,1,0000,00e92cf0,00000000000000000000000000000000,03330433043304230423042204120411,0,"B_IDLE",0,0,0433,0,0,07241d9,acc4acc4,c,8
73,73,0,07496c6,1,1,1,1,1,0423,0333,0,1,1,0000,00e92cf0,00000000000000000000000000000000,03330433043304230423042204120411,0,"B_IDLE",0,0,0433,0,0,07241d9,acc4acc4,c,8
74,74,0,07496c6,1,1,4,1,1,0423,0333,0,1,1,0000,00e92cf0,00000000000000000000000000000000,03330433043304230423042204120411,0,"B_IDLE",0,0,0433,0,0,07241d9,acc4acc4,c,8
75,75,0,07496c6,1,1,3,1,1,0423,0333,0,1,1,0000,00e92cf0,00000000000000000000000000000000,03330433043304230423042204120411,0,"B_IDLE",0,0,0433,0,0,07241d9,acc4acc4,c,8
76,76,0,07496c6,1,1,3,1,1,0423,0333,0,1,1,0000,00e92cf0,00000000000000000000000000000000,03330433043304230423042204120411,0,"B_IDLE",0,0,0433,0,0,07241d9,acc4acc4,c,8
77,77,0,07496c6,1,1,1,1,1,0423,0333,0,1,1,0000,00e92cf0,00000000000000000000000000000000,03330433043304230423042204120411,0,"B_IDLE",0,0,0433,0,0,07241d9,acc4acc4,c,8
78,78,0,07496c6,1,1,4,1,1,0423,0333,0,1,1,0000,00e92cf0,00000000000000000000000000000000,03330433043304230423042204120411,0,"B_IDLE",0,0,0433,0,0,07241d9,acc4acc4,c,8
79,79,0,07496c6,1,1,3,1,1,0423,0333,0,1,1,0000,00e92cf0,00000000000000000000000000000000,03330433043304230423042204120411,0,"B_IDLE",0,0,0433,0,0,07241d9,acc4acc4,c,8
80,80,0,07496c6,1,1,3,1,1,0423,0333,0,1,1,0000,00e92cf0,00000000000000000000000000000000,03330433043304230423042204120411,0,"B_IDLE",0,0,0433,0,0,07241d9,acc4acc4,c,8
81,81,0,07496c6,1,1,1,1,1,0423,0333,0,1,1,0000,00e92cf0,00000000000000000000000000000000,03330433043304230423042204120411,0,"B_IDLE",0,0,0433,0,0,07241d9,acc4acc4,c,8
82,82,0,07496c6,1,1,4,1,1,0423,0333,0,1,1,0000,00e92cf0,00000000000000000000000000000000,03330433043304230423042204120411,0,"B_IDLE",0,0,0433,0,0,07241d9,acc4acc4,c,8
83,83,0,07496c6,1,1,3,1,1,0423,0333,0,1,1,0000,00e92cf0,00000000000000000000000000000000,03330433043304230423042204120411,0,"B_IDLE",0,0,0433,0,0,07241d9,acc4acc4,c,8
84,84,0,07496c6,1,1,3,1,1,0423,0333,0,1,1,0000,00e92cf0,00000000000000000000000000000000,03330433043304230423042204120411,0,"B_IDLE",0,0,0433,0,0,07241d9,acc4acc4,c,8
85,85,0,07496c6,1,1,1,1,1,0423,0333,0,1,1,0000,00e92cf0,00000000000000000000000000000000,03330433043304230423042204120411,0,"B_IDLE",0,0,0433,0,0,07241d9,acc4acc4,c,8
86,86,0,07496c6,1,1,4,1,1,0423,0333,0,1,1,0000,00e92cf0,00000000000000000000000000000000,03330433043304230423042204120411,0,"B_IDLE",0,0,0433,0,0,07241d9,acc4acc4,c,8
87,87,0,07496c6,1,1,3,1,1,0423,0333,0,1,1,0000,00e92cf0,00000000000000000000000000000000,03330433043304230423042204120411,0,"B_IDLE",0,0,0433,0,0,07241d9,acc4acc4,c,8
88,88,0,07496c6,1,1,3,1,1,0423,0333,0,1,1,0000,00e92cf0,00000000000000000000000000000000,03330433043304230423042204120411,0,"B_IDLE",0,0,0433,0,0,07241d9,acc4acc4,c,8
89,89,0,07496c6,1,1,1,1,1,0423,0333,0,1,1,0000,00e92cf0,00000000000000000000000000000000,03330433043304230423042204120411,0,"B_IDLE",0,0,0433,0,0,07241d9,acc4acc4,c,8
90,90,0,07496c6,1,1,4,1,1,0423,0333,0,1,1,0000,00e92cf0,00000000000000000000000000000000,03330433043304230423042204120411,0,"B_IDLE",0,0,0433,0,0,07241d9,acc4acc4,c,8
91,91,0,07496c6,1,1,3,1,1,0423,0333,0,1,1,0000,00e92cf0,00000000000000000000000000000000,03330433043304230423042204120411,0,"B_IDLE",0,0,0433,0,0,07241d9,acc4acc4,c,8
92,92,0,07496c6,1,1,3,1,1,0423,0333,0,1,1,0000,00e92cf0,00000000000000000000000000000000,03330433043304230423042204120411,0,"B_IDLE",0,0,0433,0,0,07241d9,acc4acc4,c,8
93,93,0,07496c6,1,1,1,1,1,0423,0333,0,1,1,0000,00e92cf0,00000000000000000000000000000000,03330433043304230423042204120411,0,"B_IDLE",0,0,0433,0,0,07241d9,acc4acc4,c,8
94,94,0,07496c6,1,1,4,1,1,0423,0333,0,1,1,0000,00e92cf0,00000000000000000000000000000000,03330433043304230423042204120411,0,"B_IDLE",0,0,0433,0,0,07241d9,acc4acc4,c,8
95,95,0,07496c6,1,1,3,1,1,0423,0333,0,1,1,0000,00e92cf0,00000000000000000000000000000000,03330433043304230423042204120411,0,"B_IDLE",0,0,0433,0,0,07241d9,acc4acc4,c,8
96,96,0,07496c6,1,1,3,1,1,0423,0333,0,1,1,0000,00e92cf0,00000000000000000000000000000000,03330433043304230423042204120411,0,"B_IDLE",0,0,0433,0,0,07241d9,acc4acc4,c,8
97,97,0,07496c6,1,1,1,1,1,0423,0333,0,1,1,0000,00e92cf0,00000000000000000000000000000000,03330433043304230423042204120411,0,"B_IDLE",0,0,0433,0,0,07241d9,acc4acc4,c,8
98,98,0,07496c6,1,1,4,1,1,0423,0333,0,1,1,0000,00e92cf0,00000000000000000000000000000000,03330433043304230423042204120411,0,"B_IDLE",0,0,0433,0,0,07241d9,acc4acc4,c,8
99,99,0,07496c6,1,1,3,1,1,0423,0333,0,1,1,0000,00e92cf0,00000000000000000000000000000000,03330433043304230423042204120411,0,"B_IDLE",0,0,0433,0,0,07241d9,acc4acc4,c,8
100,100,0,07496c6,1,1,3,1,1,0423,0333,0,1,1,0000,00e92cf0,00000000000000000000000000000000,03330433043304230423042204120411,0,"B_IDLE",0,0,0433,0,0,07241d9,acc4acc4,c,8
101,101,0,07496c6,1,1,1,1,1,0423,0333,0,1,1,0000,00e92cf0,00000000000000000000000000000000,03330433043304230423042204120411,0,"B_IDLE",0,0,0433,0,0,07241d9,acc4acc4,c,8
102,102,0,07496c6,1,1,4,1,1,0423,0333,0,1,1,0000,00e92cf0,00000000000000000000000000000000,03330433043304230423042204120411,0,"B_IDLE",0,0,0433,0,0,07241d9,acc4acc4,c,8
103,103,0,07496c6,1,1,3,1,1,0423,0333,0,1,1,0000,00e92cf0,00000000000000000000000000000000,03330433043304230423042204120411,0,"B_IDLE",0,0,0433,0,0,07241d9,acc4acc4,c,8
104,104,0,07496c6,1,1,3,1,1,0423,0333,0,1,1,0000,00e92cf0,00000000000000000000000000000000,03330433043304230423042204120411,0,"B_IDLE",0,0,0433,0,0,07241d9,acc4acc4,c,8
105,105,0,07496c6,1,1,1,1,1,0423,0333,0,1,1,0000,00e92cf0,00000000000000000000000000000000,03330433043304230423042204120411,0,"B_IDLE",0,0,0433,0,0,07241d9,acc4acc4,c,8
106,106,0,07496c6,1,1,4,1,1,0423,0333,0,1,1,0000,00e92cf0,00000000000000000000000000000000,03330433043304230423042204120411,0,"B_IDLE",0,0,0433,0,0,07241d9,acc4acc4,c,8
107,107,0,07496c6,1,1,3,1,1,0423,0333,0,1,1,0000,00e92cf0,00000000000000000000000000000000,03330433043304230423042204120411,0,"B_IDLE",0,0,0433,0,0,07241d9,acc4acc4,c,8
108,108,0,07496c6,1,1,3,1,1,0423,0333,0,1,1,0000,00e92cf0,00000000000000000000000000000000,03330433043304230423042204120411,0,"B_IDLE",0,0,0433,0,0,07241d9,acc4acc4,c,8
109,109,0,07496c6,1,1,1,1,1,0423,0333,0,1,1,0000,00e92cf0,00000000000000000000000000000000,03330433043304230423042204120411,0,"B_IDLE",0,0,0433,0,0,07241d9,acc4acc4,c,8
110,110,0,07496c6,1,1,4,1,1,0423,0333,0,1,1,0000,00e92cf0,00000000000000000000000000000000,03330433043304230423042204120411,0,"B_IDLE",0,0,0433,0,0,07241d9,acc4acc4,c,8
111,111,0,07496c6,1,1,3,1,1,0423,0333,0,1,1,0000,00e92cf0,00000000000000000000000000000000,03330433043304230423042204120411,0,"B_IDLE",0,0,0433,0,0,07241d9,acc4acc4,c,8
112,112,0,07496c6,1,1,3,1,1,0423,0333,0,1,1,0000,00e92cf0,00000000000000000000000000000000,03330433043304230423042204120411,0,"B_IDLE",0,0,0433,0,0,07241d9,acc4acc4,c,8
113,113,0,07496c6,1,1,1,1,1,0423,0333,0,1,1,0000,00e92cf0,00000000000000000000000000000000,03330433043304230423042204120411,0,"B_IDLE",0,0,0433,0,0,07241d9,acc4acc4,c,8
114,114,0,07496c6,1,1,4,1,1,0423,0333,0,1,1,0000,00e92cf0,00000000000000000000000000000000,03330433043304230423042204120411,0,"B_IDLE",0,0,0433,0,0,07241d9,acc4acc4,c,8
115,115,0,07496c6,1,1,3,1,1,0423,0333,0,1,1,0000,00e92cf0,00000000000000000000000000000000,03330433043304230423042204120411,0,"B_IDLE",0,0,0433,0,0,07241d9,acc4acc4,c,8
116,116,0,07496c6,1,1,3,1,1,0423,0333,0,1,1,0000,00e92cf0,00000000000000000000000000000000,03330433043304230423042204120411,0,"B_IDLE",0,0,0433,0,0,07241d9,acc4acc4,c,8
117,117,0,07496c6,1,1,1,1,1,0423,0333,0,1,1,0000,00e92cf0,00000000000000000000000000000000,03330433043304230423042204120411,0,"B_IDLE",0,0,0433,0,0,07241d9,acc4acc4,c,8
118,118,0,07496c6,1,1,4,1,1,0423,0333,0,1,1,0000,00e92cf0,00000000000000000000000000000000,03330433043304230423042204120411,0,"B_IDLE",0,0,0433,0,0,07241d9,acc4acc4,c,8
119,119,0,001cb23,3,1,3,0,0,0333,0333,0,1,1,0000,00e92cf0,00000000000000000000000000000000,03330433043304230423042204120411,0,"B_IDLE",0,0,0433,0,0,07241d9,acc4acc4,c,8
120,120,0,001cb23,3,1,3,0,0,0333,0322,0,1,1,0000,00e92cf0,00000000000000000000000000000000,03330433043304230423042204120411,0,"B_IDLE",0,0,0433,0,0,07241d9,acc4acc4,c,8
121,121,0,001cb23,3,1,1,0,0,0333,0322,0,1,1,0000,00e92cf0,00000000000000000000000000000000,03330433043304230423042204120411,0,"B_IDLE",0,0,0433,0,0,07241d9,acc4acc4,c,8
122,122,0,001cb23,3,1,0,0,0,0333,0322,0,1,1,0000,00e92cf0,00000000000000000000000000000000,03330433043304230423042204120411,0,"B_IDLE",0,0,0433,0,0,07241d9,acc4acc4,c,8
123,123,0,001cb23,3,1,0,0,0,0333,0322,0,1,1,0000,00e92cf0,00000000000000000000000000000000,03330433043304230423042204120411,0,"B_IDLE",0,0,0433,0,0,07241d9,acc4acc4,c,8
124,124,0,001cb23,3,1,0,0,0,0333,0322,0,1,1,0000,00e92cf0,00000000000000000000000000000000,03330433043304230423042204120411,0,"B_IDLE",0,0,0433,0,0,07241d9,acc4acc4,c,8
125,125,0,001cb23,3,1,0,0,0,0333,0322,0,1,1,0000,00e92cf0,00000000000000000000000000000000,03330433043304230423042204120411,0,"B_IDLE",0,0,0433,0,0,07241d9,acc4acc4,c,8
126,126,0,001cb23,3,1,0,0,0,0333,0322,0,1,1,0000,00e92cf0,00000000000000000000000000000000,03330433043304230423042204120411,0,"B_IDLE",0,0,0433,0,0,07241d9,acc4acc4,c,8
127,127,0,001cb23,3,1,0,0,0,0333,0322,0,1,1,0000,00e92cf0,00000000000000000000000000000000,03330433043304230423042204120411,0,"B_IDLE",0,0,0433,0,0,07241d9,acc4acc4,c,8
128,128,0,001cb23,3,1,0,0,0,0333,0322,0,1,1,0000,00e92cf0,00000000000000000000000000000000,03330433043304230423042204120411,0,"B_IDLE",0,0,0433,0,0,07241d9,acc4acc4,c,8
129,129,0,001cb23,3,1,0,0,0,0333,0322,0,1,1,0000,00e92cf0,00000000000000000000000000000000,03330433043304230423042204120411,0,"B_IDLE",0,0,0433,0,0,07241d9,acc4acc4,c,8
130,130,0,001cb23,3,1,0,0,0,0333,0322,0,1,1,0000,00e92cf0,00000000000000000000000000000000,03330433043304230423042204120411,0,"B_IDLE",0,0,0433,0,0,07241d9,acc4acc4,c,8
131,131,0,001cb23,3,1,0,0,0,0333,0322,0,1,1,0000,00e92cf0,00000000000000000000000000000000,03330433043304230423042204120411,0,"B_IDLE",0,0,0433,0,0,07241d9,acc4acc4,c,8
132,132,0,001cb23,3,1,0,0,0,0333,0322,0,1,1,0000,00e92cf0,00000000000000000000000000000000,03330433043304230423042204120411,0,"B_IDLE",0,0,0433,0,0,07241d9,acc4acc4,c,8
133,133,0,001cb23,3,1,0,0,0,0333,0322,0,1,1,0000,00e92cf0,00000000000000000000000000000000,03330433043304230423042204120411,0,"B_IDLE",0,0,0433,0,0,07241d9,acc4acc4,c,8
134,134,0,001cb23,3,1,0,0,0,0333,0322,0,1,1,0000,00e92cf0,00000000000000000000000000000000,03330433043304230423042204120411,0,"B_IDLE",0,0,0433,0,0,07241d9,acc4acc4,c,8
135,135,0,001cb23,3,1,0,0,0,0333,0322,0,1,1,0000,00e92cf0,00000000000000000000000000000000,03330433043304230423042204120411,0,"B_IDLE",0,0,0433,0,0,07241d9,acc4acc4,c,8
136,136,0,001cb23,3,1,0,0,0,0333,0322,0,1,1,0000,00e92cf0,00000000000000000000000000000000,03330433043304230423042204120411,0,"B_IDLE",0,0,0433,0,0,07241d9,acc4acc4,c,8
137,137,0,001cb23,3,1,0,0,0,0333,0322,0,1,1,0000,00e92cf0,00000000000000000000000000000000,03330433043304230423042204120411,0,"B_IDLE",0,0,0433,0,0,07241d9,acc4acc4,c,8
138,138,0,001cb23,3,1,0,0,0,0333,0322,0,1,1,0000,00e92cf0,00000000000000000000000000000000,03330433043304230423042204120411,0,"B_IDLE",0,0,0433,0,0,07241d9,acc4acc4,c,8
139,139,0,001cb23,3,1,0,0,0,0333,0322,0,1,1,0000,00e92cf0,00000000000000000000000000000000,03330433043304230423042204120411,0,"B_IDLE",0,0,0433,0,0,07241d9,acc4acc4,c,8
140,140,0,001cb23,3,1,0,0,0,0333,0322,0,1,1,0000,00e92cf0,00000000000000000000000000000000,03330433043304230423042204120411,0,"B_IDLE",0,0,0433,0,0,07241d9,acc4acc4,c,8
141,141,0,001cb23,3,1,0,0,0,0333,0322,0,1,1,0000,00e92cf0,00000000000000000000000000000000,03330433043304230423042204120411,0,"B_IDLE",0,0,0433,0,0,07241d9,acc4acc4,c,8
142,142,0,001cb23,3,1,0,0,0,0333,0322,0,1,1,0000,00e92cf0,00000000000000000000000000000000,03330433043304230423042204120411,0,"B_IDLE",0,0,0433,0,0,07241d9,acc4acc4,c,8
143,143,0,001cb23,3,1,0,0,0,0333,0322,0,1,1,0000,00e92cf0,00000000000000000000000000000000,03330433043304230423042204120411,0,"B_IDLE",0,0,0433,0,0,07241d9,acc4acc4,c,8
144,144,0,001cb23,3,1,0,0,0,0333,0322,0,1,1,0000,00e92cf0,00000000000000000000000000000000,03330433043304230423042204120411,0,"B_IDLE",0,0,0433,0,0,07241d9,acc4acc4,c,8
145,145,0,001cb23,3,1,0,0,0,0333,0322,0,1,1,0000,00e92cf0,00000000000000000000000000000000,03330433043304230423042204120411,0,"B_IDLE",0,0,0433,0,0,07241d9,acc4acc4,c,8
146,146,0,001cb23,3,1,0,0,0,0333,0322,0,1,1,0000,00e92cf0,00000000000000000000000000000000,03330433043304230423042204120411,0,"B_IDLE",0,0,0433,0,0,07241d9,acc4acc4,c,8
147,147,0,001cb23,3,1,0,0,0,0333,0322,0,1,1,0000,00e92cf0,00000000000000000000000000000000,03330433043304230423042204120411,0,"B_IDLE",0,0,0433,0,0,07241d9,acc4acc4,c,8
148,148,0,001cb23,3,1,0,0,0,0333,0322,0,1,1,0000,00e92cf0,00000000000000000000000000000000,03330433043304230423042204120411,0,"B_IDLE",0,0,0433,0,0,07241d9,acc4acc4,c,8
149,149,0,001cb23,3,1,0,0,0,0333,0322,0,1,1,0000,00e92cf0,00000000000000000000000000000000,03330433043304230423042204120411,0,"B_IDLE",0,0,0433,0,0,07241d9,acc4acc4,c,8
150,150,0,001cb23,3,1,0,0,0,0333,0322,0,1,1,0000,00e92cf0,00000000000000000000000000000000,03330433043304230423042204120411,0,"B_IDLE",0,0,0433,0,0,07241d9,acc4acc4,c,8
151,151,0,001cb23,3,1,0,0,0,0333,0322,0,1,1,0000,00e92cf0,00000000000000000000000000000000,03330433043304230423042204120411,0,"B_IDLE",0,0,0433,0,0,07241d9,acc4acc4,c,8
152,152,0,001cb23,3,1,0,0,0,0333,0322,0,1,1,0000,00e92cf0,00000000000000000000000000000000,03330433043304230423042204120411,0,"B_IDLE",0,0,0433,0,0,07241d9,acc4acc4,c,8
153,153,0,001cb23,3,1,0,0,0,0333,0322,0,1,1,0000,00e92cf0,00000000000000000000000000000000,03330433043304230423042204120411,0,"B_IDLE",0,0,0433,0,0,07241d9,acc4acc4,c,8
154,154,0,001cb23,3,1,0,0,0,0333,0322,0,1,1,0000,00e92cf0,00000000000000000000000000000000,03330433043304230423042204120411,0,"B_IDLE",0,0,0433,0,0,07241d9,acc4acc4,c,8
155,155,0,001cb23,3,1,0,0,0,0333,0322,0,1,1,0000,00e92cf0,00000000000000000000000000000000,03330433043304230423042204120411,0,"B_IDLE",0,0,0433,0,0,07241d9,acc4acc4,c,8
156,156,0,001cb23,3,1,0,0,0,0333,0322,0,1,1,0000,00e92cf0,00000000000000000000000000000000,03330433043304230423042204120411,0,"B_IDLE",0,0,0433,0,0,07241d9,acc4acc4,c,8
157,157,0,001cb23,3,1,0,0,0,0333,0322,0,1,1,0000,00e92cf0,00000000000000000000000000000000,03330433043304230423042204120411,0,"B_IDLE",0,0,0433,0,0,07241d9,acc4acc4,c,8
158,158,0,001cb23,3,1,0,0,0,0333,0322,0,1,1,0000,00e92cf0,00000000000000000000000000000000,03330433043304230423042204120411,0,"B_IDLE",0,0,0433,0,0,07241d9,acc4acc4,c,8
159,159,0,001cb23,3,1,0,0,0,0333,0322,0,1,1,0000,00e92cf0,00000000000000000000000000000000,03330433043304230423042204120411,0,"B_IDLE",0,0,0433,0,0,07241d9,acc4acc4,c,8
160,160,0,001cb23,3,1,0,0,0,0333,0322,0,1,1,0000,00e92cf0,00000000000000000000000000000000,03330433043304230423042204120411,0,"B_IDLE",0,0,0433,0,0,07241d9,acc4acc4,c,8
161,161,0,001cb23,3,1,0,0,0,0333,0322,0,1,1,0000,00e92cf0,00000000000000000000000000000000,03330433043304230423042204120411,0,"B_IDLE",0,0,0433,0,0,07241d9,acc4acc4,c,8
162,162,0,001cb23,3,1,0,0,0,0333,0322,0,1,1,0000,00e92cf0,00000000000000000000000000000000,03330433043304230423042204120411,0,"B_IDLE",0,0,0433,0,0,07241d9,acc4acc4,c,8
163,163,0,001cb23,3,1,0,0,0,0333,0322,0,1,1,0000,00e92cf0,00000000000000000000000000000000,03330433043304230423042204120411,0,"B_IDLE",0,0,0433,0,0,07241d9,acc4acc4,c,8
164,164,0,001cb23,3,1,0,0,0,0333,0322,0,1,1,0000,00e92cf0,00000000000000000000000000000000,03330433043304230423042204120411,0,"B_IDLE",0,0,0433,0,0,07241d9,acc4acc4,c,8
165,165,0,001cb23,3,1,0,0,0,0333,0322,0,1,1,0000,00e92cf0,00000000000000000000000000000000,03330433043304230423042204120411,0,"B_IDLE",0,0,0433,0,0,07241d9,acc4acc4,c,8
166,166,0,001cb23,3,1,0,0,0,0333,0322,0,1,1,0000,00e92cf0,00000000000000000000000000000000,03330433043304230423042204120411,0,"B_IDLE",0,0,0433,0,0,07241d9,acc4acc4,c,8
167,167,0,001cb23,3,1,0,0,0,0333,0322,0,1,1,0000,00e92cf0,00000000000000000000000000000000,03330433043304230423042204120411,0,"B_IDLE",0,0,0433,0,0,07241d9,acc4acc4,c,8
168,168,0,001cb23,3,1,0,0,0,0333,0322,0,1,1,0000,00e92cf0,00000000000000000000000000000000,03330433043304230423042204120411,0,"B_IDLE",0,0,0433,0,0,07241d9,acc4acc4,c,8
169,169,0,001cb23,3,1,0,0,0,0333,0322,0,1,1,0000,00e92cf0,00000000000000000000000000000000,03330433043304230423042204120411,0,"B_IDLE",0,0,0433,0,0,07241d9,acc4acc4,c,8
170,170,0,001cb23,3,1,0,0,0,0333,0322,0,1,1,0000,00e92cf0,00000000000000000000000000000000,03330433043304230423042204120411,0,"B_IDLE",0,0,0433,0,0,07241d9,acc4acc4,c,8
171,171,0,001cb23,3,1,0,0,0,0333,0322,0,1,1,0000,00e92cf0,00000000000000000000000000000000,03330433043304230423042204120411,0,"B_IDLE",0,0,0433,0,0,07241d9,acc4acc4,c,8
172,172,0,001cb23,3,1,0,0,0,0333,0322,0,1,1,0000,00e92cf0,00000000000000000000000000000000,03330433043304230423042204120411,0,"B_IDLE",0,0,0433,0,0,07241d9,acc4acc4,c,8
173,173,0,001cb23,3,1,0,0,0,0333,0322,0,1,1,0000,00e92cf0,00000000000000000000000000000000,03330433043304230423042204120411,0,"B_IDLE",0,0,0433,0,0,07241d9,acc4acc4,c,8
174,174,0,001cb23,3,1,0,0,0,0333,0322,0,1,1,0000,00e92cf0,00000000000000000000000000000000,03330433043304230423042204120411,0,"B_IDLE",0,0,0433,0,0,07241d9,acc4acc4,c,8
175,175,0,001cb23,3,1,0,0,0,0333,0322,0,1,1,0000,00e92cf0,00000000000000000000000000000000,03330433043304230423042204120411,0,"B_IDLE",0,0,0433,0,0,07241d9,acc4acc4,c,8
176,176,0,001cb23,3,1,0,0,0,0333,0322,0,1,1,0000,00e92cf0,00000000000000000000000000000000,03330433043304230423042204120411,0,"B_IDLE",0,0,0433,0,0,07241d9,acc4acc4,c,8
177,177,0,001cb23,3,1,0,0,0,0333,0322,0,1,1,0000,00e92cf0,00000000000000000000000000000000,03330433043304230423042204120411,0,"B_IDLE",0,0,0433,0,0,07241d9,acc4acc4,c,8
178,178,0,001cb23,3,1,0,0,0,0333,0322,0,1,1,0000,00e92cf0,00000000000000000000000000000000,03330433043304230423042204120411,0,"B_IDLE",0,0,0433,0,0,07241d9,acc4acc4,c,8
179,179,0,001cb23,3,1,0,0,0,0333,0322,0,1,1,0000,00e92cf0,00000000000000000000000000000000,03330433043304230423042204120411,0,"B_IDLE",0,0,0433,0,0,07241d9,acc4acc4,c,8
180,180,0,001cb23,3,1,0,0,0,0333,0322,0,1,1,0000,00e92cf0,00000000000000000000000000000000,03330433043304230423042204120411,0,"B_IDLE",0,0,0433,0,0,07241d9,acc4acc4,c,8
181,181,0,001cb23,3,1,0,0,0,0333,0322,0,1,1,0000,00e92cf0,00000000000000000000000000000000,03330433043304230423042204120411,0,"B_IDLE",0,0,0433,0,0,07241d9,acc4acc4,c,8
182,182,0,001cb23,3,1,0,0,0,0333,0322,0,1,1,0000,00e92cf0,00000000000000000000000000000000,03330433043304230423042204120411,0,"B_IDLE",0,0,0433,0,0,07241d9,acc4acc4,c,8
183,183,0,001cb23,3,1,0,0,0,0333,0322,0,1,1,0000,00e92cf0,00000000000000000000000000000000,03330433043304230423042204120411,0,"B_IDLE",0,0,0433,0,0,07241d9,acc4acc4,c,8
184,184,0,001cb23,3,1,0,0,0,0333,0322,0,1,1,0000,00e92cf0,00000000000000000000000000000000,03330433043304230423042204120411,0,"B_IDLE",0,0,0433,0,0,07241d9,acc4acc4,c,8
185,185,0,001cb23,3,1,0,0,0,0333,0322,0,1,1,0000,00e92cf0,00000000000000000000000000000000,03330433043304230423042204120411,0,"B_IDLE",0,0,0433,0,0,07241d9,acc4acc4,c,8
186,186,0,001cb23,3,1,4,0,0,0333,0322,0,1,1,0000,00e92cf0,00000000000000000000000000000000,03330433043304230423042204120411,0,"B_IDLE",0,0,0433,0,0,07241d9,acc4acc4,c,8
187,187,0,001cb23,1,1,3,1,1,0333,0322,0,1,1,0000,00e92cf0,00000000000000000000000000000000,03330433043304230423042204120411,0,"B_IDLE",0,0,0433,0,0,07241d9,acc4acc4,c,8
188,188,0,001cb23,1,1,3,1,1,0333,0322,0,1,1,0000,00e92cf0,00000000000000000000000000000000,03330433043304230423042204120411,0,"B_IDLE",0,0,0433,0,0,07241d9,acc4acc4,c,8
189,189,0,001cb23,1,1,1,1,1,0333,0322,0,1,1,0000,00e92cf0,00000000000000000000000000000000,03330433043304230423042204120411,0,"B_IDLE",0,0,0433,0,0,07241d9,acc4acc4,c,8
190,190,0,001cb23,1,1,4,1,1,0333,0322,0,1,1,0000,00e92cf0,00000000000000000000000000000000,03330433043304230423042204120411,0,"B_IDLE",0,0,0433,0,0,07241d9,acc4acc4,c,8
191,191,0,001cb23,1,1,3,1,1,0333,0322,0,1,1,0000,00e92cf0,00000000000000000000000000000000,03330433043304230423042204120411,0,"B_IDLE",0,0,0433,0,0,07241d9,acc4acc4,c,8
192,192,0,001cb23,1,1,3,1,1,0333,0322,0,1,1,0000,00e92cf0,00000000000000000000000000000000,03330433043304230423042204120411,0,"B_IDLE",0,0,0433,0,0,07241d9,acc4acc4,c,8
193,193,0,001cb23,1,1,1,1,1,0333,0322,0,1,1,0000,00e92cf0,00000000000000000000000000000000,03330433043304230423042204120411,0,"B_IDLE",0,0,0433,0,0,07241d9,acc4acc4,c,8
194,194,0,001cb23,1,1,4,1,1,0333,0322,0,1,1,0000,00e92cf0,00000000000000000000000000000000,03330433043304230423042204120411,0,"B_IDLE",0,0,0433,0,0,07241d9,acc4acc4,c,8
195,195,0,001cb23,1,1,3,1,1,0333,0322,0,1,1,0000,00e92cf0,00000000000000000000000000000000,03330433043304230423042204120411,0,"B_IDLE",0,0,0433,0,0,07241d9,acc4acc4,c,8
196,196,0,001cb23,1,1,3,1,1,0333,0322,0,1,1,0000,00e92cf0,00000000000000000000000000000000,03330433043304230423042204120411,0,"B_IDLE",0,0,0433,0,0,07241d9,acc4acc4,c,8
197,197,0,001cb23,1,1,1,1,1,0333,0322,0,1,1,0000,00e92cf0,00000000000000000000000000000000,03330433043304230423042204120411,0,"B_IDLE",0,0,0433,0,0,07241d9,acc4acc4,c,8
198,198,0,001cb23,1,1,4,1,1,0333,0322,0,1,1,0000,00e92cf0,00000000000000000000000000000000,03330433043304230423042204120411,0,"B_IDLE",0,0,0433,0,0,07241d9,acc4acc4,c,8
199,199,0,001cb23,1,1,3,1,1,0333,0322,0,1,1,0000,00e92cf0,00000000000000000000000000000000,03330433043304230423042204120411,0,"B_IDLE",0,0,0433,0,0,07241d9,acc4acc4,c,8
200,200,0,001cb23,1,1,3,1,1,0333,0322,0,1,1,0000,00e92cf0,00000000000000000000000000000000,03330433043304230423042204120411,0,"B_IDLE",0,0,0433,0,0,07241d9,acc4acc4,c,8
201,201,0,001cb23,1,1,1,1,1,0333,0322,0,1,1,0000,00e92cf0,00000000000000000000000000000000,03330433043304230423042204120411,0,"B_IDLE",0,0,0433,0,0,07241d9,acc4acc4,c,8
202,202,0,001cb23,1,1,4,1,1,0333,0322,0,1,1,0000,00e92cf0,00000000000000000000000000000000,03330433043304230423042204120411,0,"B_IDLE",0,0,0433,0,0,07241d9,acc4acc4,c,8
203,203,0,001cb23,1,1,3,1,1,0333,0322,0,1,1,0000,00e92cf0,00000000000000000000000000000000,03330433043304230423042204120411,0,"B_IDLE",0,0,0433,0,0,07241d9,acc4acc4,c,8
204,204,0,001cb23,1,1,3,1,1,0333,0322,0,1,1,0000,00e92cf0,00000000000000000000000000000000,03330433043304230423042204120411,0,"B_IDLE",0,0,0433,0,0,07241d9,acc4acc4,c,8
205,205,0,001cb23,1,1,1,1,1,0333,0322,0,1,1,0000,00e92cf0,00000000000000000000000000000000,03330433043304230423042204120411,0,"B_IDLE",0,0,0433,0,0,07241d9,acc4acc4,c,8
206,206,0,001cb23,1,1,4,1,1,0333,0322,0,1,1,0000,00e92cf0,00000000000000000000000000000000,03330433043304230423042204120411,0,"B_IDLE",0,0,0433,0,0,07241d9,acc4acc4,c,8
207,207,0,001cb23,1,1,3,1,1,0333,0322,0,1,1,0000,00e92cf0,00000000000000000000000000000000,03330433043304230423042204120411,0,"B_IDLE",0,0,0433,0,0,07241d9,acc4acc4,c,8
208,208,0,001cb23,1,1,3,1,1,0333,0322,0,1,1,0000,00e92cf0,00000000000000000000000000000000,03330433043304230423042204120411,0,"B_IDLE",0,0,0433,0,0,07241d9,acc4acc4,c,8
209,209,0,001cb23,1,1,1,1,1,0333,0322,0,1,1,0000,00e92cf0,00000000000000000000000000000000,03330433043304230423042204120411,0,"B_IDLE",0,0,0433,0,0,07241d9,acc4acc4,c,8
210,210,0,001cb23,1,1,4,1,1,0333,0322,0,1,1,0000,00e92cf0,00000000000000000000000000000000,03330433043304230423042204120411,0,"B_IDLE",0,0,0433,0,0,07241d9,acc4acc4,c,8
211,211,0,001cb23,1,1,3,1,1,0333,0322,0,1,1,0000,00e92cf0,00000000000000000000000000000000,03330433043304230423042204120411,0,"B_IDLE",0,0,0433,0,0,07241d9,acc4acc4,c,8
212,212,0,001cb23,1,1,3,1,1,0333,0322,0,1,1,0000,00e92cf0,00000000000000000000000000000000,03330433043304230423042204120411,0,"B_IDLE",0,0,0433,0,0,07241d9,acc4acc4,c,8
213,213,0,001cb23,1,1,1,1,1,0333,0322,0,1,1,0000,00e92cf0,00000000000000000000000000000000,03330433043304230423042204120411,0,"B_IDLE",0,0,0433,0,0,07241d9,acc4acc4,c,8
214,214,0,001cb23,1,1,4,1,1,0333,0322,0,1,1,0000,00e92cf0,00000000000000000000000000000000,03330433043304230423042204120411,0,"B_IDLE",0,0,0433,0,0,07241d9,acc4acc4,c,8
215,215,0,001cb23,1,1,3,1,1,0333,0322,0,1,1,0000,00e92cf0,00000000000000000000000000000000,03330433043304230423042204120411,0,"B_IDLE",0,0,0433,0,0,07241d9,acc4acc4,c,8
216,216,0,001cb23,1,1,3,1,1,0333,0322,0,1,1,0000,00e92cf0,00000000000000000000000000000000,03330433043304230423042204120411,0,"B_IDLE",0,0,0433,0,0,07241d9,acc4acc4,c,8
217,217,0,001cb23,1,1,1,1,1,0333,0322,0,1,1,0000,00e92cf0,00000000000000000000000000000000,03330433043304230423042204120411,0,"B_IDLE",0,0,0433,0,0,07241d9,acc4acc4,c,8
218,218,0,001cb23,1,1,4,1,1,0333,0322,0,1,1,0000,00e92cf0,00000000000000000000000000000000,03330433043304230423042204120411,0,"B_IDLE",0,0,0433,0,0,07241d9,acc4acc4,c,8
219,219,0,001cb23,1,1,3,1,1,0333,0322,0,1,1,0000,00e92cf0,00000000000000000000000000000000,03330433043304230423042204120411,0,"B_IDLE",0,0,0433,0,0,07241d9,acc4acc4,c,8
220,220,0,001cb23,1,1,3,1,1,0333,0322,0,1,1,0000,00e92cf0,00000000000000000000000000000000,03330433043304230423042204120411,0,"B_IDLE",0,0,0433,0,0,07241d9,acc4acc4,c,8
221,221,0,001cb23,1,1,1,1,1,0333,0322,0,1,1,0000,00e92cf0,00000000000000000000000000000000,03330433043304230423042204120411,0,"B_IDLE",0,0,0433,0,0,07241d9,acc4acc4,c,8
222,222,0,001cb23,1,1,4,1,1,0333,0322,0,1,1,0000,00e92cf0,00000000000000000000000000000000,03330433043304230423042204120411,0,"B_IDLE",0,0,0433,0,0,07241d9,acc4acc4,c,8
223,223,0,001cb23,1,1,3,1,1,0333,0322,0,1,1,0000,00e92cf0,00000000000000000000000000000000,03330433043304230423042204120411,0,"B_IDLE",0,0,0433,0,0,07241d9,acc4acc4,c,8
224,224,0,001cb23,1,1,3,1,1,0333,0322,0,1,1,0000,00e92cf0,00000000000000000000000000000000,03330433043304230423042204120411,0,"B_IDLE",0,0,0433,0,0,07241d9,acc4acc4,c,8
225,225,0,001cb23,1,1,1,1,1,0333,0322,0,1,1,0000,00e92cf0,00000000000000000000000000000000,03330433043304230423042204120411,0,"B_IDLE",0,0,0433,0,0,07241d9,acc4acc4,c,8
226,226,0,001cb23,1,1,4,1,1,0333,0322,0,1,1,0000,00e92cf0,00000000000000000000000000000000,03330433043304230423042204120411,0,"B_IDLE",0,0,0433,0,0,07241d9,acc4acc4,c,8
227,227,0,001cb23,1,1,3,1,1,0333,0322,0,1,1,0000,00e92cf0,00000000000000000000000000000000,03330433043304230423042204120411,0,"B_IDLE",0,0,0433,0,0,07241d9,acc4acc4,c,8
228,228,0,001cb23,1,1,3,1,1,0333,0322,0,1,1,0000,00e92cf0,00000000000000000000000000000000,03330433043304230423042204120411,0,"B_IDLE",0,0,0433,0,0,07241d9,acc4acc4,c,8
229,229,0,001cb23,1,1,1,1,1,0333,0322,0,1,1,0000,00e92cf0,00000000000000000000000000000000,03330433043304230423042204120411,0,"B_IDLE",0,0,0433,0,0,07241d9,acc4acc4,c,8
230,230,0,001cb23,1,1,4,1,1,0333,0322,0,1,1,0000,00e92cf0,00000000000000000000000000000000,03330433043304230423042204120411,0,"B_IDLE",0,0,0433,0,0,07241d9,acc4acc4,c,8
231,231,0,001cb23,1,1,3,1,1,0333,0322,0,1,1,0000,00e92cf0,00000000000000000000000000000000,03330433043304230423042204120411,0,"B_IDLE",0,0,0433,0,0,07241d9,acc4acc4,c,8
232,232,0,001cb23,1,1,3,1,1,0333,0322,0,1,1,0000,00e92cf0,00000000000000000000000000000000,03330433043304230423042204120411,0,"B_IDLE",0,0,0433,0,0,07241d9,acc4acc4,c,8
233,233,0,001cb23,1,1,1,1,1,0333,0322,0,1,1,0000,00e92cf0,00000000000000000000000000000000,03330433043304230423042204120411,0,"B_IDLE",0,0,0433,0,0,07241d9,acc4acc4,c,8
234,234,0,001cb23,1,1,4,1,1,0333,0322,0,1,1,0000,00e92cf0,00000000000000000000000000000000,03330433043304230423042204120411,0,"B_IDLE",0,0,0433,0,0,07241d9,acc4acc4,c,8
235,235,0,001cb23,1,1,3,1,1,0333,0322,0,1,1,0000,00e92cf0,00000000000000000000000000000000,03330433043304230423042204120411,0,"B_IDLE",0,0,0433,0,0,07241d9,acc4acc4,c,8
236,236,0,001cb23,1,1,3,1,1,0333,0322,0,1,1,0000,00e92cf0,00000000000000000000000000000000,03330433043304230423042204120411,0,"B_IDLE",0,0,0433,0,0,07241d9,acc4acc4,c,8
237,237,0,001cb23,1,1,1,1,1,0333,0322,0,1,1,0000,00e92cf0,00000000000000000000000000000000,03330433043304230423042204120411,0,"B_IDLE",0,0,0433,0,0,07241d9,acc4acc4,c,8
238,238,0,001cb23,1,1,4,1,1,0333,0322,0,1,1,0000,00e92cf0,00000000000000000000000000000000,03330433043304230423042204120411,0,"B_IDLE",0,0,0433,0,0,07241d9,acc4acc4,c,8
239,239,0,001cb23,1,1,3,1,1,0333,0322,0,1,1,0000,00e92cf0,00000000000000000000000000000000,03330433043304230423042204120411,0,"B_IDLE",0,0,0433,0,0,07241d9,acc4acc4,c,8
240,240,0,001cb23,1,1,3,1,1,0333,0322,0,1,1,0000,00e92cf0,00000000000000000000000000000000,03330433043304230423042204120411,0,"B_IDLE",0,0,0433,0,0,07241d9,acc4acc4,c,8
241,241,0,001cb23,1,1,1,1,1,0333,0322,0,1,1,0000,00e92cf0,00000000000000000000000000000000,03330433043304230423042204120411,0,"B_IDLE",0,0,0433,0,0,07241d9,acc4acc4,c,8
242,242,0,001cb23,1,1,4,1,1,0333,0322,0,1,1,0000,00e92cf0,00000000000000000000000000000000,03330433043304230423042204120411,0,"B_IDLE",0,0,0433,0,0,07241d9,acc4acc4,c,8
243,243,0,001cb23,1,1,3,1,1,0333,0322,0,1,1,0000,00e92cf0,00000000000000000000000000000000,03330433043304230423042204120411,0,"B_IDLE",0,0,0433,0,0,07241d9,acc4acc4,c,8
244,244,0,001cb23,1,1,3,1,1,0333,0322,0,1,1,0000,00e92cf0,00000000000000000000000000000000,03330433043304230423042204120411,0,"B_IDLE",0,0,0433,0,0,07241d9,acc4acc4,c,8
245,245,0,001cb23,1,1,1,1,1,0333,0322,0,1,1,0000,00e92cf0,00000000000000000000000000000000,03330433043304230423042204120411,0,"B_IDLE",0,0,0433,0,0,07241d9,acc4acc4,c,8
246,246,0,001cb23,1,1,4,1,1,0333,0322,0,1,1,0000,00e92cf0,00000000000000000000000000000000,03330433043304230423042204120411,0,"B_IDLE",0,0,0433,0,0,07241d9,acc4acc4,c,8
247,247,0,001cb23,1,1,3,1,1,0333,0322,0,1,1,0000,00e92cf0,00000000000000000000000000000000,03330433043304230423042204120411,0,"B_IDLE",0,0,0433,0,0,07241d9,acc4acc4,c,8
248,248,0,001cb23,1,1,3,1,1,0333,0322,0,1,1,0000,00e92cf0,00000000000000000000000000000000,03330433043304230423042204120411,0,"B_IDLE",0,0,0433,0,0,07241d9,acc4acc4,c,8
249,249,0,001cb23,1,1,1,1,1,0333,0322,0,1,1,0000,00e92cf0,00000000000000000000000000000000,03330433043304230423042204120411,0,"B_IDLE",0,0,0433,0,0,07241d9,acc4acc4,c,8
250,250,0,001cb23,1,1,4,1,1,0333,0322,0,1,1,0000,00e92cf0,00000000000000000000000000000000,03330433043304230423042204120411,0,"B_IDLE",0,0,0433,0,0,07241d9,acc4acc4,c,8
251,251,0,074967a,2,1,3,0,0,0333,0322,0,1,1,0000,00e92cf0,00000000000000000000000000000000,03330433043304230423042204120411,0,"B_IDLE",0,0,0433,0,0,07241d9,acc4acc4,c,8
252,252,0,074967a,2,1,3,0,0,0333,0322,0,1,1,0000,00e92cf0,00000000000000000000000000000000,03330433043304230423042204120411,0,"B_IDLE",0,0,0433,0,0,07241d9,acc4acc4,c,8
253,253,0,074967a,2,1,1,0,0,0333,0322,0,1,1,0000,00e92cf0,00000000000000000000000000000000,03330433043304230423042204120411,0,"B_IDLE",0,0,0433,0,0,07241d9,acc4acc4,c,8
254,254,0,074967a,2,0,0,0,0,0333,0322,0,1,1,0000,00e92cf0,00000000000000000000000000000000,03330433043304230423042204120411,0,"B_IDLE",0,0,0433,0,0,07241d9,acc4acc4,c,8
255,255,0,074967a,2,0,0,0,0,0333,0322,0,1,1,0000,00e92cf0,00000000000000000000000000000000,03330433043304230423042204120411,0,"B_IDLE",0,0,0433,0,0,07241d9,acc4acc4,c,8
256,256,0,074967a,2,0,0,0,0,0333,0322,0,1,1,0000,00e92cf0,00000000000000000000000000000000,03330433043304230423042204120411,0,"B_IDLE",0,0,0433,0,0,07241d9,acc4acc4,c,8
257,257,0,074967a,2,0,0,0,0,0333,0422,1,1,1,0000,00e92cf0,00000000000000000000000000000000,03330433043304230423042204120411,0,"B_IDLE",0,0,0433,0,0,07241d9,acc4acc4,c,8
258,258,0,074967a,2,0,4,0,0,0333,0422,1,1,1,0000,00e92cf0,00000000000000000000000000000000,03330433043304230423042204120411,0,"B_IDLE",0,0,0433,0,0,07241d9,acc4acc4,c,8
259,259,0,074967a,1,1,3,1,1,0333,0422,1,1,1,0000,00e92cf0,00000000000000000000000000000000,03330433043304230423042204120411,0,"B_IDLE",0,0,0433,0,0,07241d9,acc4acc4,c,8
260,260,0,074967a,1,1,3,1,1,0333,0422,0,1,1,0000,00e92cf0,00000000000000000000000000000000,03330433043304230423042204120411,0,"B_IDLE",0,0,0433,0,0,07241d9,acc4acc4,c,8
261,261,0,074967a,1,1,1,1,1,0333,0422,0,1,1,0000,00e92cf0,00000000000000000000000000000000,03330433043304230423042204120411,0,"B_IDLE",0,0,0433,0,0,07241d9,acc4acc4,c,8
262,262,0,074967a,1,1,4,1,1,0333,0422,0,1,1,0000,00e92cf0,00000000000000000000000000000000,03330433043304230423042204120411,0,"B_IDLE",0,0,0433,0,0,07241d9,acc4acc4,c,8
263,263,0,074967a,1,1,3,1,1,0333,0422,0,1,1,0000,00e92cf0,00000000000000000000000000000000,03330433043304230423042204120411,0,"B_IDLE",0,0,0433,0,0,07241d9,acc4acc4,c,8
264,264,0,074967a,1,1,3,1,1,0333,0422,0,1,1,0000,00e92cf0,00000000000000000000000000000000,03330433043304230423042204120411,0,"B_IDLE",0,0,0433,0,0,07241d9,acc4acc4,c,8
265,265,0,074967a,1,1,1,1,1,0333,0422,0,1,1,0000,00e92cf0,00000000000000000000000000000000,03330433043304230423042204120411,0,"B_IDLE",0,0,0433,0,0,07241d9,acc4acc4,c,8
266,266,0,074967a,1,1,4,1,1,0333,0422,0,1,1,0000,00e92cf0,00000000000000000000000000000000,03330433043304230423042204120411,0,"B_IDLE",0,0,0433,0,0,07241d9,acc4acc4,c,8
267,267,0,074967a,1,1,3,1,1,0333,0422,0,1,1,0000,00e92cf0,00000000000000000000000000000000,03330433043304230423042204120411,0,"B_IDLE",0,0,0433,0,0,07241d9,acc4acc4,c,8
268,268,0,074967a,1,1,3,1,1,0333,0422,0,1,1,0000,00e92cf0,00000000000000000000000000000000,03330433043304230423042204120411,0,"B_IDLE",0,0,0433,0,0,07241d9,acc4acc4,c,8
269,269,0,074967a,1,1,1,1,1,0333,0422,0,1,1,0000,00e92cf0,00000000000000000000000000000000,03330433043304230423042204120411,0,"B_IDLE",0,0,0433,0,0,07241d9,acc4acc4,c,8
270,270,0,074967a,1,1,4,1,1,0333,0422,0,1,1,0000,00e92cf0,00000000000000000000000000000000,03330433043304230423042204120411,0,"B_IDLE",0,0,0433,0,0,07241d9,acc4acc4,c,8
271,271,0,074967a,1,1,3,1,1,0333,0422,0,1,1,0000,00e92cf0,00000000000000000000000000000000,03330433043304230423042204120411,0,"B_IDLE",0,0,0433,0,0,07241d9,acc4acc4,c,8
272,272,0,074967a,1,1,3,1,1,0333,0422,0,1,1,0000,00e92cf0,00000000000000000000000000000000,03330433043304230423042204120411,0,"B_IDLE",0,0,0433,0,0,07241d9,acc4acc4,c,8
273,273,0,074967a,1,1,1,1,1,0333,0422,0,1,1,0000,00e92cf0,00000000000000000000000000000000,03330433043304230423042204120411,0,"B_IDLE",0,0,0433,0,0,07241d9,acc4acc4,c,8
274,274,0,074967a,1,1,4,1,1,0333,0422,0,1,1,0000,00e92cf0,00000000000000000000000000000000,03330433043304230423042204120411,0,"B_IDLE",0,0,0433,0,0,07241d9,acc4acc4,c,8
275,275,0,074967a,1,1,3,1,1,0333,0422,0,1,1,0000,00e92cf0,00000000000000000000000000000000,03330433043304230423042204120411,0,"B_IDLE",0,0,0433,0,0,07241d9,acc4acc4,c,8
276,276,0,074967a,1,1,3,1,1,0333,0422,0,1,1,0000,00e92cf0,00000000000000000000000000000000,03330433043304230423042204120411,0,"B_IDLE",0,0,0433,0,0,07241d9,acc4acc4,c,8
277,277,0,074967a,1,1,1,1,1,0333,0422,0,1,1,0000,00e92cf0,00000000000000000000000000000000,03330433043304230423042204120411,0,"B_IDLE",0,0,0433,0,0,07241d9,acc4acc4,c,8
278,278,0,074967a,1,1,4,1,1,0333,0422,0,1,1,0000,00e92cf0,00000000000000000000000000000000,03330433043304230423042204120411,0,"B_IDLE",0,0,0433,0,0,07241d9,acc4acc4,c,8
279,279,0,074967a,1,1,3,1,1,0333,0422,0,1,1,0000,00e92cf0,00000000000000000000000000000000,03330433043304230423042204120411,0,"B_IDLE",0,0,0433,0,0,07241d9,acc4acc4,c,8
280,280,0,074967a,1,1,3,1,1,0333,0422,0,1,1,0000,00e92cf0,00000000000000000000000000000000,03330433043304230423042204120411,0,"B_IDLE",0,0,0433,0,0,07241d9,acc4acc4,c,8
281,281,0,074967a,1,1,1,1,1,0333,0422,0,1,1,0000,00e92cf0,00000000000000000000000000000000,03330433043304230423042204120411,0,"B_IDLE",0,0,0433,0,0,07241d9,acc4acc4,c,8
282,282,0,074967a,1,1,4,1,1,0333,0422,0,1,1,0000,00e92cf0,00000000000000000000000000000000,03330433043304230423042204120411,0,"B_IDLE",0,0,0433,0,0,07241d9,acc4acc4,c,8
283,283,0,074967a,1,1,3,1,1,0333,0422,0,1,1,0000,00e92cf0,00000000000000000000000000000000,03330433043304230423042204120411,0,"B_IDLE",0,0,0433,0,0,07241d9,acc4acc4,c,8
284,284,0,074967a,1,1,3,1,1,0333,0422,0,1,1,0000,00e92cf0,00000000000000000000000000000000,03330433043304230423042204120411,0,"B_IDLE",0,0,0433,0,0,07241d9,acc4acc4,c,8
285,285,0,074967a,1,1,1,1,1,0333,0422,0,1,1,0000,00e92cf0,00000000000000000000000000000000,03330433043304230423042204120411,0,"B_IDLE",0,0,0433,0,0,07241d9,acc4acc4,c,8
286,286,0,074967a,1,1,4,1,1,0333,0422,0,1,1,0000,00e92cf0,00000000000000000000000000000000,03330433043304230423042204120411,0,"B_IDLE",0,0,0433,0,0,07241d9,acc4acc4,c,8
287,287,0,074967a,1,1,3,1,1,0333,0422,0,1,1,0000,00e92cf0,00000000000000000000000000000000,03330433043304230423042204120411,0,"B_IDLE",0,0,0433,0,0,07241d9,acc4acc4,c,8
288,288,0,074967a,1,1,3,1,1,0333,0422,0,1,1,0000,00e92cf0,00000000000000000000000000000000,03330433043304230423042204120411,0,"B_IDLE",0,0,0433,0,0,07241d9,acc4acc4,c,8
289,289,0,074967a,1,1,1,1,1,0333,0422,0,1,1,0000,00e92cf0,00000000000000000000000000000000,03330433043304230423042204120411,0,"B_IDLE",0,0,0433,0,0,07241d9,acc4acc4,c,8
290,290,0,074967a,1,1,4,1,1,0333,0422,0,1,1,0000,00e92cf0,00000000000000000000000000000000,03330433043304230423042204120411,0,"B_IDLE",0,0,0433,0,0,07241d9,acc4acc4,c,8
291,291,0,074967a,1,1,3,1,1,0333,0422,0,1,1,0000,00e92cf0,00000000000000000000000000000000,03330433043304230423042204120411,0,"B_IDLE",0,0,0433,0,0,07241d9,acc4acc4,c,8
292,292,0,074967a,1,1,3,1,1,0333,0422,0,1,1,0000,00e92cf0,00000000000000000000000000000000,03330433043304230423042204120411,0,"B_IDLE",0,0,0433,0,0,07241d9,acc4acc4,c,8
293,293,0,074967a,1,1,1,1,1,0333,0422,0,1,1,0000,00e92cf0,00000000000000000000000000000000,03330433043304230423042204120411,0,"B_IDLE",0,0,0433,0,0,07241d9,acc4acc4,c,8
294,294,0,074967a,1,1,4,1,1,0333,0422,0,1,1,0000,00e92cf0,00000000000000000000000000000000,03330433043304230423042204120411,0,"B_IDLE",0,0,0433,0,0,07241d9,acc4acc4,c,8
295,295,0,074967a,1,1,3,1,1,0333,0422,0,1,1,0000,00e92cf0,00000000000000000000000000000000,03330433043304230423042204120411,0,"B_IDLE",0,0,0433,0,0,07241d9,acc4acc4,c,8
296,296,0,074967a,1,1,3,1,1,0333,0422,0,1,1,0000,00e92cf0,00000000000000000000000000000000,03330433043304230423042204120411,0,"B_IDLE",0,0,0433,0,0,07241d9,acc4acc4,c,8
297,297,0,074967a,1,1,1,1,1,0333,0422,0,1,1,0000,00e92cf0,00000000000000000000000000000000,03330433043304230423042204120411,0,"B_IDLE",0,0,0433,0,0,07241d9,acc4acc4,c,8
298,298,0,074967a,1,1,4,1,1,0333,0422,0,1,1,0000,00e92cf0,00000000000000000000000000000000,03330433043304230423042204120411,0,"B_IDLE",0,0,0433,0,0,07241d9,acc4acc4,c,8
299,299,0,074967a,1,1,3,1,1,0333,0422,0,1,1,0000,00e92cf0,00000000000000000000000000000000,03330433043304230423042204120411,0,"B_IDLE",0,0,0433,0,0,07241d9,acc4acc4,c,8
300,300,0,074967a,1,1,3,1,1,0333,0422,0,1,1,0000,00e92cf0,00000000000000000000000000000000,03330433043304230423042204120411,0,"B_IDLE",0,0,0433,0,0,07241d9,acc4acc4,c,8
301,301,0,074967a,1,1,1,1,1,0333,0422,0,1,1,0000,00e92cf0,00000000000000000000000000000000,03330433043304230423042204120411,0,"B_IDLE",0,0,0433,0,0,07241d9,acc4acc4,c,8
302,302,0,074967a,1,1,4,1,1,0333,0422,0,1,1,0000,00e92cf0,00000000000000000000000000000000,03330433043304230423042204120411,0,"B_IDLE",0,0,0433,0,0,07241d9,acc4acc4,c,8
303,303,0,074967a,1,1,3,1,1,0333,0422,0,1,1,0000,00e92cf0,00000000000000000000000000000000,03330433043304230423042204120411,0,"B_IDLE",0,0,0433,0,0,07241d9,acc4acc4,c,8
304,304,0,074967a,1,1,3,1,1,0333,0422,0,1,1,0000,00e92cf0,00000000000000000000000000000000,03330433043304230423042204120411,0,"B_IDLE",0,0,0433,0,0,07241d9,acc4acc4,c,8
305,305,0,074967a,1,1,1,1,1,0333,0422,0,1,1,0000,00e92cf0,00000000000000000000000000000000,03330433043304230423042204120411,0,"B_IDLE",0,0,0433,0,0,07241d9,acc4acc4,c,8
306,306,0,074967a,1,1,4,1,1,0333,0422,0,1,1,0000,00e92cf0,00000000000000000000000000000000,03330433043304230423042204120411,0,"B_IDLE",0,0,0433,0,0,07241d9,acc4acc4,c,8
307,307,0,074967a,1,1,3,1,1,0333,0422,0,1,1,0000,00e92cf0,00000000000000000000000000000000,03330433043304230423042204120411,0,"B_IDLE",0,0,0433,0,0,07241d9,acc4acc4,c,8
308,308,0,074967a,1,1,3,1,1,0333,0422,0,1,1,0000,00e92cf0,00000000000000000000000000000000,03330433043304230423042204120411,0,"B_IDLE",0,0,0433,0,0,07241d9,acc4acc4,c,8
309,309,0,074967a,1,1,1,1,1,0333,0422,0,1,1,0000,00e92cf0,00000000000000000000000000000000,03330433043304230423042204120411,0,"B_IDLE",0,0,0433,0,0,07241d9,acc4acc4,c,8
310,310,0,074967a,1,1,4,1,1,0333,0422,0,1,1,0000,00e92cf0,00000000000000000000000000000000,03330433043304230423042204120411,0,"B_IDLE",0,0,0433,0,0,07241d9,acc4acc4,c,8
311,311,0,074967a,1,1,3,1,1,0333,0422,0,1,1,0000,00e92cf0,00000000000000000000000000000000,03330433043304230423042204120411,0,"B_IDLE",0,0,0433,0,0,07241d9,acc4acc4,c,8
312,312,0,074967a,1,1,3,1,1,0333,0422,0,1,1,0000,00e92cf0,00000000000000000000000000000000,03330433043304230423042204120411,0,"B_IDLE",0,0,0433,0,0,07241d9,acc4acc4,c,8
313,313,0,074967a,1,1,1,1,1,0333,0422,0,1,1,0000,00e92cf0,00000000000000000000000000000000,03330433043304230423042204120411,0,"B_IDLE",0,0,0433,0,0,07241d9,acc4acc4,c,8
314,314,0,074967a,1,1,4,1,1,0333,0422,0,1,1,0000,00e92cf0,00000000000000000000000000000000,03330433043304230423042204120411,0,"B_IDLE",0,0,0433,0,0,07241d9,acc4acc4,c,8
315,315,0,001ca05,3,1,3,0,0,0422,0422,0,1,1,0000,00e92cf0,00000000000000000000000000000000,03330433043304230423042204120411,0,"B_IDLE",0,0,0433,0,0,07241d9,acc4acc4,c,8
316,316,0,001ca05,3,1,3,0,0,0422,0433,0,1,1,0000,00e92cf0,00000000000000000000000000000000,03330433043304230423042204120411,0,"B_IDLE",0,0,0433,0,0,07241d9,acc4acc4,c,8
317,317,0,001ca05,3,1,1,0,0,0422,0433,0,1,1,0000,00e92cf0,00000000000000000000000000000000,03330433043304230423042204120411,0,"B_IDLE",0,0,0433,0,0,07241d9,acc4acc4,c,8
318,318,0,001ca05,3,1,0,0,0,0422,0433,0,1,1,0000,00e92cf0,00000000000000000000000000000000,03330433043304230423042204120411,0,"B_IDLE",0,0,0433,0,0,07241d9,acc4acc4,c,8
319,319,0,001ca05,3,1,0,0,0,0422,0433,0,1,1,0000,00e92cf0,00000000000000000000000000000000,03330433043304230423042204120411,0,"B_IDLE",0,0,0433,0,0,07241d9,acc4acc4,c,8
320,320,0,001ca05,3,1,0,0,0,0422,0433,0,1,1,0000,00e92cf0,00000000000000000000000000000000,03330433043304230423042204120411,0,"B_IDLE",0,0,0433,0,0,07241d9,acc4acc4,c,8
321,321,0,001ca05,3,1,0,0,0,0422,0433,0,1,1,0000,00e92cf0,00000000000000000000000000000000,03330433043304230423042204120411,0,"B_IDLE",0,0,0433,0,0,07241d9,acc4acc4,c,8
322,322,0,001ca05,3,1,0,0,0,0422,0433,0,1,1,0000,00e92cf0,00000000000000000000000000000000,03330433043304230423042204120411,0,"B_IDLE",0,0,0433,0,0,07241d9,acc4acc4,c,8
323,323,0,001ca05,3,1,0,0,0,0422,0433,0,1,1,0000,00e92cf0,00000000000000000000000000000000,03330433043304230423042204120411,0,"B_IDLE",0,0,0433,0,0,07241d9,acc4acc4,c,8
324,324,0,001ca05,3,1,0,0,0,0422,0433,0,1,1,0000,00e92cf0,00000000000000000000000000000000,03330433043304230423042204120411,0,"B_IDLE",0,0,0433,0,0,07241d9,acc4acc4,c,8
325,325,0,001ca05,3,1,0,0,0,0422,0433,0,1,1,0000,00e92cf0,00000000000000000000000000000000,03330433043304230423042204120411,0,"B_IDLE",0,0,0433,0,0,07241d9,acc4acc4,c,8
326,326,0,001ca05,3,1,0,0,0,0422,0433,0,1,1,0000,00e92cf0,00000000000000000000000000000000,03330433043304230423042204120411,0,"B_IDLE",0,0,0433,0,0,07241d9,acc4acc4,c,8
327,327,0,001ca05,3,1,0,0,0,0422,0433,0,1,1,0000,00e92cf0,00000000000000000000000000000000,03330433043304230423042204120411,0,"B_IDLE",0,0,0433,0,0,07241d9,acc4acc4,c,8
328,328,0,001ca05,3,1,0,0,0,0422,0433,0,1,1,0000,00e92cf0,00000000000000000000000000000000,03330433043304230423042204120411,0,"B_IDLE",0,0,0433,0,0,07241d9,acc4acc4,c,8
329,329,0,001ca05,3,1,0,0,0,0422,0433,0,1,1,0000,00e92cf0,00000000000000000000000000000000,03330433043304230423042204120411,0,"B_IDLE",0,0,0433,0,0,07241d9,acc4acc4,c,8
330,330,0,001ca05,3,1,0,0,0,0422,0433,0,1,1,0000,00e92cf0,00000000000000000000000000000000,03330433043304230423042204120411,0,"B_IDLE",0,0,0433,0,0,07241d9,acc4acc4,c,8
331,331,0,001ca05,3,1,0,0,0,0422,0433,0,1,1,0000,00e92cf0,00000000000000000000000000000000,03330433043304230423042204120411,0,"B_IDLE",0,0,0433,0,0,07241d9,acc4acc4,c,8
332,332,0,001ca05,3,1,0,0,0,0422,0433,0,1,1,0000,00e92cf0,00000000000000000000000000000000,03330433043304230423042204120411,0,"B_IDLE",0,0,0433,0,0,07241d9,acc4acc4,c,8
333,333,0,001ca05,3,1,0,0,0,0422,0433,0,1,1,0000,00e92cf0,00000000000000000000000000000000,03330433043304230423042204120411,0,"B_IDLE",0,0,0433,0,0,07241d9,acc4acc4,c,8
334,334,0,001ca05,3,1,0,0,0,0422,0433,0,1,1,0000,00e92cf0,00000000000000000000000000000000,03330433043304230423042204120411,0,"B_IDLE",0,0,0433,0,0,07241d9,acc4acc4,c,8
335,335,0,001ca05,3,1,0,0,0,0422,0433,0,1,1,0000,00e92cf0,00000000000000000000000000000000,03330433043304230423042204120411,0,"B_IDLE",0,0,0433,0,0,07241d9,acc4acc4,c,8
336,336,0,001ca05,3,1,0,0,0,0422,0433,0,1,1,0000,00e92cf0,00000000000000000000000000000000,03330433043304230423042204120411,0,"B_IDLE",0,0,0433,0,0,07241d9,acc4acc4,c,8
337,337,0,001ca05,3,1,0,0,0,0422,0433,0,1,1,0000,00e92cf0,00000000000000000000000000000000,03330433043304230423042204120411,0,"B_IDLE",0,0,0433,0,0,07241d9,acc4acc4,c,8
338,338,0,001ca05,3,1,0,0,0,0422,0433,0,1,1,0000,00e92cf0,00000000000000000000000000000000,03330433043304230423042204120411,0,"B_IDLE",0,0,0433,0,0,07241d9,acc4acc4,c,8
339,339,0,001ca05,3,1,0,0,0,0422,0433,0,1,1,0000,00e92cf0,00000000000000000000000000000000,03330433043304230423042204120411,0,"B_IDLE",0,0,0433,0,0,07241d9,acc4acc4,c,8
340,340,0,001ca05,3,1,0,0,0,0422,0433,0,1,1,0000,00e92cf0,00000000000000000000000000000000,03330433043304230423042204120411,0,"B_IDLE",0,0,0433,0,0,07241d9,acc4acc4,c,8
341,341,0,001ca05,3,1,0,0,0,0422,0433,0,1,1,0000,00e92cf0,00000000000000000000000000000000,03330433043304230423042204120411,0,"B_IDLE",0,0,0433,0,0,07241d9,acc4acc4,c,8
342,342,0,001ca05,3,1,0,0,0,0422,0433,0,1,1,0000,00e92cf0,00000000000000000000000000000000,03330433043304230423042204120411,0,"B_IDLE",0,0,0433,0,0,07241d9,acc4acc4,c,8
343,343,0,001ca05,3,1,0,0,0,0422,0433,0,1,1,0000,00e92cf0,00000000000000000000000000000000,03330433043304230423042204120411,0,"B_IDLE",0,0,0433,0,0,07241d9,acc4acc4,c,8
344,344,0,001ca05,3,1,0,0,0,0422,0433,0,1,1,0000,00e92cf0,00000000000000000000000000000000,03330433043304230423042204120411,0,"B_IDLE",0,0,0433,0,0,07241d9,acc4acc4,c,8
345,345,0,001ca05,3,1,0,0,0,0422,0433,0,1,1,0000,00e92cf0,00000000000000000000000000000000,03330433043304230423042204120411,0,"B_IDLE",0,0,0433,0,0,07241d9,acc4acc4,c,8
346,346,0,001ca05,3,1,0,0,0,0422,0433,0,1,1,0000,00e92cf0,00000000000000000000000000000000,03330433043304230423042204120411,0,"B_IDLE",0,0,0433,0,0,07241d9,acc4acc4,c,8
347,347,0,001ca05,3,1,0,0,0,0422,0433,0,1,1,0000,00e92cf0,00000000000000000000000000000000,03330433043304230423042204120411,0,"B_IDLE",0,0,0433,0,0,07241d9,acc4acc4,c,8
348,348,0,001ca05,3,1,0,0,0,0422,0433,0,1,1,0000,00e92cf0,00000000000000000000000000000000,03330433043304230423042204120411,0,"B_IDLE",0,0,0433,0,0,07241d9,acc4acc4,c,8
349,349,0,001ca05,3,1,0,0,0,0422,0433,0,1,1,0000,00e92cf0,00000000000000000000000000000000,03330433043304230423042204120411,0,"B_IDLE",0,0,0433,0,0,07241d9,acc4acc4,c,8
350,350,0,001ca05,3,1,0,0,0,0422,0433,0,1,1,0000,00e92cf0,00000000000000000000000000000000,03330433043304230423042204120411,0,"B_IDLE",0,0,0433,0,0,07241d9,acc4acc4,c,8
351,351,0,001ca05,3,1,0,0,0,0422,0433,0,1,1,0000,00e92cf0,00000000000000000000000000000000,03330433043304230423042204120411,0,"B_IDLE",0,0,0433,0,0,07241d9,acc4acc4,c,8
352,352,0,001ca05,3,1,0,0,0,0422,0433,0,1,1,0000,00e92cf0,00000000000000000000000000000000,03330433043304230423042204120411,0,"B_IDLE",0,0,0433,0,0,07241d9,acc4acc4,c,8
353,353,0,001ca05,3,1,0,0,0,0422,0433,0,1,1,0000,00e92cf0,00000000000000000000000000000000,03330433043304230423042204120411,0,"B_IDLE",0,0,0433,0,0,07241d9,acc4acc4,c,8
354,354,0,001ca05,3,1,0,0,0,0422,0433,0,1,1,0000,00e92cf0,00000000000000000000000000000000,03330433043304230423042204120411,0,"B_IDLE",0,0,0433,0,0,07241d9,acc4acc4,c,8
355,355,0,001ca05,3,1,0,0,0,0422,0433,0,1,1,0000,00e92cf0,00000000000000000000000000000000,03330433043304230423042204120411,0,"B_IDLE",0,0,0433,0,0,07241d9,acc4acc4,c,8
356,356,0,001ca05,3,1,0,0,0,0422,0433,0,1,1,0000,00e92cf0,00000000000000000000000000000000,03330433043304230423042204120411,0,"B_IDLE",0,0,0433,0,0,07241d9,acc4acc4,c,8
357,357,0,001ca05,3,1,0,0,0,0422,0433,0,1,1,0000,00e92cf0,00000000000000000000000000000000,03330433043304230423042204120411,0,"B_IDLE",0,0,0433,0,0,07241d9,acc4acc4,c,8
358,358,0,001ca05,3,1,0,0,0,0422,0433,0,1,1,0000,00e92cf0,00000000000000000000000000000000,03330433043304230423042204120411,0,"B_IDLE",0,0,0433,0,0,07241d9,acc4acc4,c,8
359,359,0,001ca05,3,1,0,0,0,0422,0433,0,1,1,0000,00e92cf0,00000000000000000000000000000000,03330433043304230423042204120411,0,"B_IDLE",0,0,0433,0,0,07241d9,acc4acc4,c,8
360,360,0,001ca05,3,1,0,0,0,0422,0433,0,1,1,0000,00e92cf0,00000000000000000000000000000000,03330433043304230423042204120411,0,"B_IDLE",0,0,0433,0,0,07241d9,acc4acc4,c,8
361,361,0,001ca05,3,1,0,0,0,0422,0433,0,1,1,0000,00e92cf0,00000000000000000000000000000000,03330433043304230423042204120411,0,"B_IDLE",0,0,0433,0,0,07241d9,acc4acc4,c,8
362,362,0,001ca05,3,1,0,0,0,0422,0433,0,1,1,0000,00e92cf0,00000000000000000000000000000000,03330433043304230423042204120411,0,"B_IDLE",0,0,0433,0,0,07241d9,acc4acc4,c,8
363,363,0,001ca05,3,1,0,0,0,0422,0433,0,1,1,0000,00e92cf0,00000000000000000000000000000000,03330433043304230423042204120411,0,"B_IDLE",0,0,0433,0,0,07241d9,acc4acc4,c,8
364,364,0,001ca05,3,1,0,0,0,0422,0433,0,1,1,0000,00e92cf0,00000000000000000000000000000000,03330433043304230423042204120411,0,"B_IDLE",0,0,0433,0,0,07241d9,acc4acc4,c,8
365,365,0,001ca05,3,1,0,0,0,0422,0433,0,1,1,0000,00e92cf0,00000000000000000000000000000000,03330433043304230423042204120411,0,"B_IDLE",0,0,0433,0,0,07241d9,acc4acc4,c,8
366,366,0,001ca05,3,1,0,0,0,0422,0433,0,1,1,0000,00e92cf0,00000000000000000000000000000000,03330433043304230423042204120411,0,"B_IDLE",0,0,0433,0,0,07241d9,acc4acc4,c,8
367,367,0,001ca05,3,1,0,0,0,0422,0433,0,1,1,0000,00e92cf0,00000000000000000000000000000000,03330433043304230423042204120411,0,"B_IDLE",0,0,0433,0,0,07241d9,acc4acc4,c,8
368,368,0,001ca05,3,1,0,0,0,0422,0433,0,1,1,0000,00e92cf0,00000000000000000000000000000000,03330433043304230423042204120411,0,"B_IDLE",0,0,0433,0,0,07241d9,acc4acc4,c,8
369,369,0,001ca05,3,1,0,0,0,0422,0433,0,1,1,0000,00e92cf0,00000000000000000000000000000000,03330433043304230423042204120411,0,"B_IDLE",0,0,0433,0,0,07241d9,acc4acc4,c,8
370,370,0,001ca05,3,1,0,0,0,0422,0433,0,1,1,0000,00e92cf0,00000000000000000000000000000000,03330433043304230423042204120411,0,"B_IDLE",0,0,0433,0,0,07241d9,acc4acc4,c,8
371,371,0,001ca05,3,1,0,0,0,0422,0433,0,1,1,0000,00e92cf0,00000000000000000000000000000000,03330433043304230423042204120411,0,"B_IDLE",0,0,0433,0,0,07241d9,acc4acc4,c,8
372,372,0,001ca05,3,1,0,0,0,0422,0433,0,1,1,0000,00e92cf0,00000000000000000000000000000000,03330433043304230423042204120411,0,"B_IDLE",0,0,0433,0,0,07241d9,acc4acc4,c,8
373,373,0,001ca05,3,1,0,0,0,0422,0433,0,1,1,0000,00e92cf0,00000000000000000000000000000000,03330433043304230423042204120411,0,"B_IDLE",0,0,0433,0,0,07241d9,acc4acc4,c,8
374,374,0,001ca05,3,1,0,0,0,0422,0433,0,1,1,0000,00e92cf0,00000000000000000000000000000000,03330433043304230423042204120411,0,"B_IDLE",0,0,0433,0,0,07241d9,acc4acc4,c,8
375,375,0,001ca05,3,1,0,0,0,0422,0433,0,1,1,0000,00e92cf0,00000000000000000000000000000000,03330433043304230423042204120411,0,"B_IDLE",0,0,0433,0,0,07241d9,acc4acc4,c,8
376,376,0,001ca05,3,1,0,0,0,0422,0433,0,1,1,0000,00e92cf0,00000000000000000000000000000000,03330433043304230423042204120411,0,"B_IDLE",0,0,0433,0,0,07241d9,acc4acc4,c,8
377,377,0,001ca05,3,1,0,0,0,0422,0433,0,1,1,0000,00e92cf0,00000000000000000000000000000000,03330433043304230423042204120411,0,"B_IDLE",0,0,0433,0,0,07241d9,acc4acc4,c,8
378,378,0,001ca05,3,1,0,0,0,0422,0433,0,1,1,0000,00e92cf0,00000000000000000000000000000000,03330433043304230423042204120411,0,"B_IDLE",0,0,0433,0,0,07241d9,acc4acc4,c,8
379,379,0,001ca05,3,1,0,0,0,0422,0433,0,1,1,0000,00e92cf0,00000000000000000000000000000000,03330433043304230423042204120411,0,"B_IDLE",0,0,0433,0,0,07241d9,acc4acc4,c,8
380,380,0,001ca05,3,1,0,0,0,0422,0433,0,1,1,0000,00e92cf0,00000000000000000000000000000000,03330433043304230423042204120411,0,"B_IDLE",0,0,0433,0,0,07241d9,acc4acc4,c,8
381,381,0,001ca05,3,1,0,0,0,0422,0433,0,1,1,0000,00e92cf0,00000000000000000000000000000000,03330433043304230423042204120411,0,"B_IDLE",0,0,0433,0,0,07241d9,acc4acc4,c,8
382,382,0,001ca05,3,1,0,0,0,0422,0433,0,1,1,0000,00e92cf0,00000000000000000000000000000000,03330433043304230423042204120411,0,"B_IDLE",0,0,0433,0,0,07241d9,acc4acc4,c,8
383,383,0,001ca05,3,1,0,0,0,0422,0433,0,1,1,0000,00e92cf0,00000000000000000000000000000000,03330433043304230423042204120411,0,"B_IDLE",0,0,0433,0,0,07241d9,acc4acc4,c,8
384,384,0,001ca05,3,1,0,0,0,0422,0433,0,1,1,0000,00e92cf0,00000000000000000000000000000000,03330433043304230423042204120411,0,"B_IDLE",0,0,0433,0,0,07241d9,acc4acc4,c,8
385,385,0,001ca05,3,1,0,0,0,0422,0433,0,1,1,0000,00e92cf0,00000000000000000000000000000000,03330433043304230423042204120411,0,"B_IDLE",0,0,0433,0,0,07241d9,acc4acc4,c,8
386,386,0,001ca05,3,1,0,0,0,0422,0433,0,1,1,0000,00e92cf0,00000000000000000000000000000000,03330433043304230423042204120411,0,"B_IDLE",0,0,0433,0,0,07241d9,acc4acc4,c,8
387,387,0,001ca05,3,1,0,0,0,0422,0433,0,1,1,0000,00e92cf0,00000000000000000000000000000000,03330433043304230423042204120411,0,"B_IDLE",0,0,0433,0,0,07241d9,acc4acc4,c,8
388,388,0,001ca05,3,1,0,0,0,0422,0433,0,1,1,0000,00e92cf0,00000000000000000000000000000000,03330433043304230423042204120411,0,"B_IDLE",0,0,0433,0,0,07241d9,acc4acc4,c,8
389,389,0,001ca05,3,1,0,0,0,0422,0433,0,1,1,0000,00e92cf0,00000000000000000000000000000000,03330433043304230423042204120411,0,"B_IDLE",0,0,0433,0,0,07241d9,acc4acc4,c,8
390,390,0,001ca05,3,1,0,0,0,0422,0433,0,1,1,0000,00e92cf0,00000000000000000000000000000000,03330433043304230423042204120411,0,"B_IDLE",0,0,0433,0,0,07241d9,acc4acc4,c,8
391,391,0,001ca05,3,1,0,0,0,0422,0433,0,1,1,0000,00e92cf0,00000000000000000000000000000000,03330433043304230423042204120411,0,"B_IDLE",0,0,0433,0,0,07241d9,acc4acc4,c,8
392,392,0,001ca05,3,1,0,0,0,0422,0433,0,1,1,0000,00e92cf0,00000000000000000000000000000000,03330433043304230423042204120411,0,"B_IDLE",0,0,0433,0,0,07241d9,acc4acc4,c,8
393,393,0,001ca05,3,1,0,0,0,0422,0433,0,1,1,0000,00e92cf0,00000000000000000000000000000000,03330433043304230423042204120411,0,"B_IDLE",0,0,0433,0,0,07241d9,acc4acc4,c,8
394,394,0,001ca05,3,1,0,0,0,0422,0433,0,1,1,0000,00e92cf0,00000000000000000000000000000000,03330433043304230423042204120411,0,"B_IDLE",0,0,0433,0,0,07241d9,acc4acc4,c,8
395,395,0,001ca05,3,1,0,0,0,0422,0433,0,1,1,0000,00e92cf0,00000000000000000000000000000000,03330433043304230423042204120411,0,"B_IDLE",0,0,0433,0,0,07241d9,acc4acc4,c,8
396,396,0,001ca05,3,1,0,0,0,0422,0433,0,1,1,0000,00e92cf0,00000000000000000000000000000000,03330433043304230423042204120411,0,"B_IDLE",0,0,0433,0,0,07241d9,acc4acc4,c,8
397,397,0,001ca05,3,1,0,0,0,0422,0433,0,1,1,0000,00e92cf0,00000000000000000000000000000000,03330433043304230423042204120411,0,"B_IDLE",0,0,0433,0,0,07241d9,acc4acc4,c,8
398,398,0,001ca05,3,1,0,0,0,0422,0433,0,1,1,0000,00e92cf0,00000000000000000000000000000000,03330433043304230423042204120411,0,"B_IDLE",0,0,0433,0,0,07241d9,acc4acc4,c,8
399,399,0,001ca05,3,1,0,0,0,0422,0433,0,1,1,0000,00e92cf0,00000000000000000000000000000000,03330433043304230423042204120411,0,"B_IDLE",0,0,0433,0,0,07241d9,acc4acc4,c,8
400,400,0,001ca05,3,1,0,0,0,0422,0433,0,1,1,0000,00e92cf0,00000000000000000000000000000000,03330433043304230423042204120411,0,"B_IDLE",0,0,0433,0,0,07241d9,acc4acc4,c,8
401,401,0,001ca05,3,1,0,0,0,0422,0433,0,1,1,0000,00e92cf0,00000000000000000000000000000000,03330433043304230423042204120411,0,"B_IDLE",0,0,0433,0,0,07241d9,acc4acc4,c,8
402,402,0,001ca05,3,1,0,0,0,0422,0433,0,1,1,0000,00e92cf0,00000000000000000000000000000000,03330433043304230423042204120411,0,"B_IDLE",0,0,0433,0,0,07241d9,acc4acc4,c,8
403,403,0,001ca05,3,1,0,0,0,0422,0433,0,1,1,0000,00e92cf0,00000000000000000000000000000000,03330433043304230423042204120411,0,"B_IDLE",0,0,0433,0,0,07241d9,acc4acc4,c,8
404,404,0,001ca05,3,1,0,0,0,0422,0433,0,1,1,0000,00e92cf0,00000000000000000000000000000000,03330433043304230423042204120411,0,"B_IDLE",0,0,0433,0,0,07241d9,acc4acc4,c,8
405,405,0,001ca05,3,1,0,0,0,0422,0433,0,1,1,0000,00e92cf0,00000000000000000000000000000000,03330433043304230423042204120411,0,"B_IDLE",0,0,0433,0,0,07241d9,acc4acc4,c,8
406,406,0,001ca05,3,1,0,0,0,0422,0433,0,1,1,0000,00e92cf0,00000000000000000000000000000000,03330433043304230423042204120411,0,"B_IDLE",0,0,0433,0,0,07241d9,acc4acc4,c,8
407,407,0,001ca05,3,1,0,0,0,0422,0433,0,1,1,0000,00e92cf0,00000000000000000000000000000000,03330433043304230423042204120411,0,"B_IDLE",0,0,0433,0,0,07241d9,acc4acc4,c,8
408,408,0,001ca05,3,1,0,0,0,0422,0433,0,1,1,0000,00e92cf0,00000000000000000000000000000000,03330433043304230423042204120411,0,"B_IDLE",0,0,0433,0,0,07241d9,acc4acc4,c,8
409,409,0,001ca05,3,1,0,0,0,0422,0433,0,1,1,0000,00e92cf0,00000000000000000000000000000000,03330433043304230423042204120411,0,"B_IDLE",0,0,0433,0,0,07241d9,acc4acc4,c,8
410,410,0,001ca05,3,1,0,0,0,0422,0433,0,1,1,0000,00e92cf0,00000000000000000000000000000000,03330433043304230423042204120411,0,"B_IDLE",0,0,0433,0,0,07241d9,acc4acc4,c,8
411,411,0,001ca05,3,1,0,0,0,0422,0433,0,1,1,0000,00e92cf0,00000000000000000000000000000000,03330433043304230423042204120411,0,"B_IDLE",0,0,0433,0,0,07241d9,acc4acc4,c,8
412,412,0,001ca05,3,1,0,0,0,0422,0433,0,1,1,0000,00e92cf0,00000000000000000000000000000000,03330433043304230423042204120411,0,"B_IDLE",0,0,0433,0,0,07241d9,acc4acc4,c,8
413,413,0,001ca05,3,1,0,0,0,0422,0433,0,1,1,0000,00e92cf0,00000000000000000000000000000000,03330433043304230423042204120411,0,"B_IDLE",0,0,0433,0,0,07241d9,acc4acc4,c,8
414,414,0,001ca05,3,1,0,0,0,0422,0433,0,1,1,0000,00e92cf0,00000000000000000000000000000000,03330433043304230423042204120411,0,"B_IDLE",0,0,0433,0,0,07241d9,acc4acc4,c,8
415,415,0,001ca05,3,1,0,0,0,0422,0433,0,1,1,0000,00e92cf0,00000000000000000000000000000000,03330433043304230423042204120411,0,"B_IDLE",0,0,0433,0,0,07241d9,acc4acc4,c,8
416,416,0,001ca05,3,1,0,0,0,0422,0433,0,1,1,0000,00e92cf0,00000000000000000000000000000000,03330433043304230423042204120411,0,"B_IDLE",0,0,0433,0,0,07241d9,acc4acc4,c,8
417,417,0,001ca05,3,1,0,0,0,0422,0433,0,1,1,0000,00e92cf0,00000000000000000000000000000000,03330433043304230423042204120411,0,"B_IDLE",0,0,0433,0,0,07241d9,acc4acc4,c,8
418,418,0,001ca05,3,1,0,0,0,0422,0433,0,1,1,0000,00e92cf0,00000000000000000000000000000000,03330433043304230423042204120411,0,"B_IDLE",0,0,0433,0,0,07241d9,acc4acc4,c,8
419,419,0,001ca05,3,1,0,0,0,0422,0433,0,1,1,0000,00e92cf0,00000000000000000000000000000000,03330433043304230423042204120411,0,"B_IDLE",0,0,0433,0,0,07241d9,acc4acc4,c,8
420,420,0,001ca05,3,1,0,0,0,0422,0433,0,1,1,0000,00e92cf0,00000000000000000000000000000000,03330433043304230423042204120411,0,"B_IDLE",0,0,0433,0,0,07241d9,acc4acc4,c,8
421,421,0,001ca05,3,1,0,0,0,0422,0433,0,1,1,0000,00e92cf0,00000000000000000000000000000000,03330433043304230423042204120411,0,"B_IDLE",0,0,0433,0,0,07241d9,acc4acc4,c,8
422,422,0,001ca05,3,1,0,0,0,0422,0433,0,1,1,0000,00e92cf0,00000000000000000000000000000000,03330433043304230423042204120411,0,"B_IDLE",0,0,0433,0,0,07241d9,acc4acc4,c,8
423,423,0,001ca05,3,1,0,0,0,0422,0433,0,1,1,0000,00e92cf0,00000000000000000000000000000000,03330433043304230423042204120411,0,"B_IDLE",0,0,0433,0,0,07241d9,acc4acc4,c,8
424,424,0,001ca05,3,1,0,0,0,0422,0433,0,1,1,0000,00e92cf0,00000000000000000000000000000000,03330433043304230423042204120411,0,"B_IDLE",0,0,0433,0,0,07241d9,acc4acc4,c,8
425,425,0,001ca05,3,1,0,0,0,0422,0433,0,1,1,0000,00e92cf0,00000000000000000000000000000000,03330433043304230423042204120411,0,"B_IDLE",0,0,0433,0,0,07241d9,acc4acc4,c,8
426,426,0,001ca05,3,1,0,0,0,0422,0433,0,1,1,0000,00e92cf0,00000000000000000000000000000000,03330433043304230423042204120411,0,"B_IDLE",0,0,0433,0,0,07241d9,acc4acc4,c,8
427,427,0,001ca05,3,1,0,0,0,0422,0433,0,1,1,0000,00e92cf0,00000000000000000000000000000000,03330433043304230423042204120411,0,"B_IDLE",0,0,0433,0,0,07241d9,acc4acc4,c,8
428,428,0,001ca05,3,1,0,0,0,0422,0433,0,1,1,0000,00e92cf0,00000000000000000000000000000000,03330433043304230423042204120411,0,"B_IDLE",0,0,0433,0,0,07241d9,acc4acc4,c,8
429,429,0,001ca05,3,1,0,0,0,0422,0433,0,1,1,0000,00e92cf0,00000000000000000000000000000000,03330433043304230423042204120411,0,"B_IDLE",0,0,0433,0,0,07241d9,acc4acc4,c,8
430,430,0,001ca05,3,1,0,0,0,0422,0433,0,1,1,0000,00e92cf0,00000000000000000000000000000000,03330433043304230423042204120411,0,"B_IDLE",0,0,0433,0,0,07241d9,acc4acc4,c,8
431,431,0,001ca05,3,1,0,0,0,0422,0433,0,1,1,0000,00e92cf0,00000000000000000000000000000000,03330433043304230423042204120411,0,"B_IDLE",0,0,0433,0,0,07241d9,acc4acc4,c,8
432,432,0,001ca05,3,1,0,0,0,0422,0433,0,1,1,0000,00e92cf0,00000000000000000000000000000000,03330433043304230423042204120411,0,"B_IDLE",0,0,0433,0,0,07241d9,acc4acc4,c,8
433,433,0,001ca05,3,1,0,0,0,0422,0433,0,1,1,0000,00e92cf0,00000000000000000000000000000000,03330433043304230423042204120411,0,"B_IDLE",0,0,0433,0,0,07241d9,acc4acc4,c,8
434,434,0,001ca05,3,1,0,0,0,0422,0433,0,1,1,0000,00e92cf0,00000000000000000000000000000000,03330433043304230423042204120411,0,"B_IDLE",0,0,0433,0,0,07241d9,acc4acc4,c,8
435,435,0,001ca05,3,1,0,0,0,0422,0433,0,1,1,0000,00e92cf0,00000000000000000000000000000000,03330433043304230423042204120411,0,"B_IDLE",0,0,0433,0,0,07241d9,acc4acc4,c,8
436,436,0,001ca05,3,1,0,0,0,0422,0433,0,1,1,0000,00e92cf0,00000000000000000000000000000000,03330433043304230423042204120411,0,"B_IDLE",0,0,0433,0,0,07241d9,acc4acc4,c,8
437,437,0,001ca05,3,1,0,0,0,0422,0433,0,1,1,0000,00e92cf0,00000000000000000000000000000000,03330433043304230423042204120411,0,"B_IDLE",0,0,0433,0,0,07241d9,acc4acc4,c,8
438,438,0,001ca05,3,1,0,0,0,0422,0433,0,1,1,0000,00e92cf0,00000000000000000000000000000000,03330433043304230423042204120411,0,"B_IDLE",0,0,0433,0,0,07241d9,acc4acc4,c,8
439,439,0,001ca05,3,1,0,0,0,0422,0433,0,1,1,0000,00e92cf0,00000000000000000000000000000000,03330433043304230423042204120411,0,"B_IDLE",0,0,0433,0,0,07241d9,acc4acc4,c,8
440,440,0,001ca05,3,1,0,0,0,0422,0433,0,1,1,0000,00e92cf0,00000000000000000000000000000000,03330433043304230423042204120411,0,"B_IDLE",0,0,0433,0,0,07241d9,acc4acc4,c,8
441,441,0,001ca05,3,1,0,0,0,0422,0433,0,1,1,0000,00e92cf0,00000000000000000000000000000000,03330433043304230423042204120411,0,"B_IDLE",0,0,0433,0,0,07241d9,acc4acc4,c,8
442,442,0,001ca05,3,1,4,0,0,0422,0433,0,1,1,0000,00e92cf0,00000000000000000000000000000000,03330433043304230423042204120411,0,"B_IDLE",0,0,0433,0,0,07241d9,acc4acc4,c,8
443,443,0,001ca05,1,1,3,1,1,0422,0433,0,1,1,0000,00e92cf0,00000000000000000000000000000000,03330433043304230423042204120411,0,"B_IDLE",0,0,0433,0,0,07241d9,acc4acc4,c,8
444,444,0,001ca05,1,1,3,1,1,0422,0433,0,1,1,0000,00e92cf0,00000000000000000000000000000000,03330433043304230423042204120411,0,"B_IDLE",0,0,0433,0,0,07241d9,acc4acc4,c,8
445,445,0,001ca05,1,1,1,1,1,0422,0433,0,1,1,0000,00e92cf0,00000000000000000000000000000000,03330433043304230423042204120411,0,"B_IDLE",0,0,0433,0,0,07241d9,acc4acc4,c,8
446,446,0,001ca05,1,1,4,1,1,0422,0433,0,1,1,0000,00e92cf0,00000000000000000000000000000000,03330433043304230423042204120411,0,"B_IDLE",0,0,0433,0,0,07241d9,acc4acc4,c,8
447,447,0,001ca05,1,1,3,1,1,0422,0433,0,1,1,0000,00e92cf0,00000000000000000000000000000000,03330433043304230423042204120411,0,"B_IDLE",0,0,0433,0,0,07241d9,acc4acc4,c,8
448,448,0,001ca05,1,1,3,1,1,0422,0433,0,1,1,0000,00e92cf0,00000000000000000000000000000000,03330433043304230423042204120411,0,"B_IDLE",0,0,0433,0,0,07241d9,acc4acc4,c,8
449,449,0,001ca05,1,1,1,1,1,0422,0433,0,1,1,0000,00e92cf0,00000000000000000000000000000000,03330433043304230423042204120411,0,"B_IDLE",0,0,0433,0,0,07241d9,acc4acc4,c,8
450,450,0,001ca05,1,1,4,1,1,0422,0433,0,1,1,0000,00e92cf0,00000000000000000000000000000000,03330433043304230423042204120411,0,"B_IDLE",0,0,0433,0,0,07241d9,acc4acc4,c,8
451,451,0,001ca05,1,1,3,1,1,0422,0433,0,1,1,0000,00e92cf0,00000000000000000000000000000000,03330433043304230423042204120411,0,"B_IDLE",0,0,0433,0,0,07241d9,acc4acc4,c,8
452,452,0,001ca05,1,1,3,1,1,0422,0433,0,1,1,0000,00e92cf0,00000000000000000000000000000000,03330433043304230423042204120411,0,"B_IDLE",0,0,0433,0,0,07241d9,acc4acc4,c,8
453,453,0,001ca05,1,1,1,1,1,0422,0433,0,1,1,0000,00e92cf0,00000000000000000000000000000000,03330433043304230423042204120411,0,"B_IDLE",0,0,0433,0,0,07241d9,acc4acc4,c,8
454,454,0,001ca05,1,1,4,1,1,0422,0433,0,1,1,0000,00e92cf0,00000000000000000000000000000000,03330433043304230423042204120411,0,"B_IDLE",0,0,0433,0,0,07241d9,acc4acc4,c,8
455,455,0,001ca05,1,1,3,1,1,0422,0433,0,1,1,0000,00e92cf0,00000000000000000000000000000000,03330433043304230423042204120411,0,"B_IDLE",0,0,0433,0,0,07241d9,acc4acc4,c,8
456,456,0,001ca05,1,1,3,1,1,0422,0433,0,1,1,0000,00e92cf0,00000000000000000000000000000000,03330433043304230423042204120411,0,"B_IDLE",0,0,0433,0,0,07241d9,acc4acc4,c,8
457,457,0,001ca05,1,1,1,1,1,0422,0433,0,1,1,0000,00e92cf0,00000000000000000000000000000000,03330433043304230423042204120411,0,"B_IDLE",0,0,0433,0,0,07241d9,acc4acc4,c,8
458,458,0,001ca05,1,1,4,1,1,0422,0433,0,1,1,0000,00e92cf0,00000000000000000000000000000000,03330433043304230423042204120411,0,"B_IDLE",0,0,0433,0,0,07241d9,acc4acc4,c,8
459,459,0,001ca05,1,1,3,1,1,0422,0433,0,1,1,0000,00e92cf0,00000000000000000000000000000000,03330433043304230423042204120411,0,"B_IDLE",0,0,0433,0,0,07241d9,acc4acc4,c,8
460,460,0,001ca05,1,1,3,1,1,0422,0433,0,1,1,0000,00e92cf0,00000000000000000000000000000000,03330433043304230423042204120411,0,"B_IDLE",0,0,0433,0,0,07241d9,acc4acc4,c,8
461,461,0,001ca05,1,1,1,1,1,0422,0433,0,1,1,0000,00e92cf0,00000000000000000000000000000000,03330433043304230423042204120411,0,"B_IDLE",0,0,0433,0,0,07241d9,acc4acc4,c,8
462,462,0,001ca05,1,1,4,1,1,0422,0433,0,1,1,0000,00e92cf0,00000000000000000000000000000000,03330433043304230423042204120411,0,"B_IDLE",0,0,0433,0,0,07241d9,acc4acc4,c,8
463,463,0,001ca05,1,1,3,1,1,0422,0433,0,1,1,0000,00e92cf0,00000000000000000000000000000000,03330433043304230423042204120411,0,"B_IDLE",0,0,0433,0,0,07241d9,acc4acc4,c,8
464,464,0,001ca05,1,1,3,1,1,0422,0433,0,1,1,0000,00e92cf0,00000000000000000000000000000000,03330433043304230423042204120411,0,"B_IDLE",0,0,0433,0,0,07241d9,acc4acc4,c,8
465,465,0,001ca05,1,1,1,1,1,0422,0433,0,1,1,0000,00e92cf0,00000000000000000000000000000000,03330433043304230423042204120411,0,"B_IDLE",0,0,0433,0,0,07241d9,acc4acc4,c,8
466,466,0,001ca05,1,1,4,1,1,0422,0433,0,1,1,0000,00e92cf0,00000000000000000000000000000000,03330433043304230423042204120411,0,"B_IDLE",0,0,0433,0,0,07241d9,acc4acc4,c,8
467,467,0,001ca05,1,1,3,1,1,0422,0433,0,1,1,0000,00e92cf0,00000000000000000000000000000000,03330433043304230423042204120411,0,"B_IDLE",0,0,0433,0,0,07241d9,acc4acc4,c,8
468,468,0,001ca05,1,1,3,1,1,0422,0433,0,1,1,0000,00e92cf0,00000000000000000000000000000000,03330433043304230423042204120411,0,"B_IDLE",0,0,0433,0,0,07241d9,acc4acc4,c,8
469,469,0,001ca05,1,1,1,1,1,0422,0433,0,1,1,0000,00e92cf0,00000000000000000000000000000000,03330433043304230423042204120411,0,"B_IDLE",0,0,0433,0,0,07241d9,acc4acc4,c,8
470,470,0,001ca05,1,1,4,1,1,0422,0433,0,1,1,0000,00e92cf0,00000000000000000000000000000000,03330433043304230423042204120411,0,"B_IDLE",0,0,0433,0,0,07241d9,acc4acc4,c,8
471,471,0,001ca05,1,1,3,1,1,0422,0433,0,1,1,0000,00e92cf0,00000000000000000000000000000000,03330433043304230423042204120411,0,"B_IDLE",0,0,0433,0,0,07241d9,acc4acc4,c,8
472,472,0,001ca05,1,1,3,1,1,0422,0433,0,1,1,0000,00e92cf0,00000000000000000000000000000000,03330433043304230423042204120411,0,"B_IDLE",0,0,0433,0,0,07241d9,acc4acc4,c,8
473,473,0,001ca05,1,1,1,1,1,0422,0433,0,1,1,0000,00e92cf0,00000000000000000000000000000000,03330433043304230423042204120411,0,"B_IDLE",0,0,0433,0,0,07241d9,acc4acc4,c,8
474,474,0,001ca05,1,1,4,1,1,0422,0433,0,1,1,0000,00e92cf0,00000000000000000000000000000000,03330433043304230423042204120411,0,"B_IDLE",0,0,0433,0,0,07241d9,acc4acc4,c,8
475,475,0,001ca05,1,1,3,1,1,0422,0433,0,1,1,0000,00e92cf0,00000000000000000000000000000000,03330433043304230423042204120411,0,"B_IDLE",0,0,0433,0,0,07241d9,acc4acc4,c,8
476,476,0,001ca05,1,1,3,1,1,0422,0433,0,1,1,0000,00e92cf0,00000000000000000000000000000000,03330433043304230423042204120411,0,"B_IDLE",0,0,0433,0,0,07241d9,acc4acc4,c,8
477,477,0,001ca05,1,1,1,1,1,0422,0433,0,1,1,0000,00e92cf0,00000000000000000000000000000000,03330433043304230423042204120411,0,"B_IDLE",0,0,0433,0,0,07241d9,acc4acc4,c,8
478,478,0,001ca05,1,1,4,1,1,0422,0433,0,1,1,0000,00e92cf0,00000000000000000000000000000000,03330433043304230423042204120411,0,"B_IDLE",0,0,0433,0,0,07241d9,acc4acc4,c,8
479,479,0,001ca05,1,1,3,1,1,0422,0433,0,1,1,0000,00e92cf0,00000000000000000000000000000000,03330433043304230423042204120411,0,"B_IDLE",0,0,0433,0,0,07241d9,acc4acc4,c,8
480,480,0,001ca05,1,1,3,1,1,0422,0433,0,1,1,0000,00e92cf0,00000000000000000000000000000000,03330433043304230423042204120411,0,"B_IDLE",0,0,0433,0,0,07241d9,acc4acc4,c,8
481,481,0,001ca05,1,1,1,1,1,0422,0433,0,1,1,0000,00e92cf0,00000000000000000000000000000000,03330433043304230423042204120411,0,"B_IDLE",0,0,0433,0,0,07241d9,acc4acc4,c,8
482,482,0,001ca05,1,1,4,1,1,0422,0433,0,1,1,0000,00e92cf0,00000000000000000000000000000000,03330433043304230423042204120411,0,"B_IDLE",0,0,0433,0,0,07241d9,acc4acc4,c,8
483,483,0,001ca05,1,1,3,1,1,0422,0433,0,1,1,0000,00e92cf0,00000000000000000000000000000000,03330433043304230423042204120411,0,"B_IDLE",0,0,0433,0,0,07241d9,acc4acc4,c,8
484,484,0,001ca05,1,1,3,1,1,0422,0433,0,1,1,0000,00e92cf0,00000000000000000000000000000000,03330433043304230423042204120411,0,"B_IDLE",0,0,0433,0,0,07241d9,acc4acc4,c,8
485,485,0,001ca05,1,1,1,1,1,0422,0433,0,1,1,0000,00e92cf0,00000000000000000000000000000000,03330433043304230423042204120411,0,"B_IDLE",0,0,0433,0,0,07241d9,acc4acc4,c,8
486,486,0,001ca05,1,1,4,1,1,0422,0433,0,1,1,0000,00e92cf0,00000000000000000000000000000000,03330433043304230423042204120411,0,"B_IDLE",0,0,0433,0,0,07241d9,acc4acc4,c,8
487,487,0,001ca05,1,1,3,1,1,0422,0433,0,1,1,0000,00e92cf0,00000000000000000000000000000000,03330433043304230423042204120411,0,"B_IDLE",0,0,0433,0,0,07241d9,acc4acc4,c,8
488,488,0,001ca05,1,1,3,1,1,0422,0433,0,1,1,0000,00e92cf0,00000000000000000000000000000000,03330433043304230423042204120411,0,"B_IDLE",0,0,0433,0,0,07241d9,acc4acc4,c,8
489,489,0,001ca05,1,1,1,1,1,0422,0433,0,1,1,0000,00e92cf0,00000000000000000000000000000000,03330433043304230423042204120411,0,"B_IDLE",0,0,0433,0,0,07241d9,acc4acc4,c,8
490,490,0,001ca05,1,1,4,1,1,0422,0433,0,1,1,0000,00e92cf0,00000000000000000000000000000000,03330433043304230423042204120411,0,"B_IDLE",0,0,0433,0,0,07241d9,acc4acc4,c,8
491,491,0,001ca05,1,1,3,1,1,0422,0433,0,1,1,0000,00e92cf0,00000000000000000000000000000000,03330433043304230423042204120411,0,"B_IDLE",0,0,0433,0,0,07241d9,acc4acc4,c,8
492,492,0,001ca05,1,1,3,1,1,0422,0433,0,1,1,0000,00e92cf0,00000000000000000000000000000000,03330433043304230423042204120411,0,"B_IDLE",0,0,0433,0,0,07241d9,acc4acc4,c,8
493,493,0,001ca05,1,1,1,1,1,0422,0433,0,1,1,0000,00e92cf0,00000000000000000000000000000000,03330433043304230423042204120411,0,"B_IDLE",0,0,0433,0,0,07241d9,acc4acc4,c,8
494,494,0,001ca05,1,1,4,1,1,0422,0433,0,1,1,0000,00e92cf0,00000000000000000000000000000000,03330433043304230423042204120411,0,"B_IDLE",0,0,0433,0,0,07241d9,acc4acc4,c,8
495,495,0,001ca05,1,1,3,1,1,0422,0433,0,1,1,0000,00e92cf0,00000000000000000000000000000000,03330433043304230423042204120411,0,"B_IDLE",0,0,0433,0,0,07241d9,acc4acc4,c,8
496,496,0,001ca05,1,1,3,1,1,0422,0433,0,1,1,0000,00e92cf0,00000000000000000000000000000000,03330433043304230423042204120411,0,"B_IDLE",0,0,0433,0,0,07241d9,acc4acc4,c,8
497,497,0,001ca05,1,1,1,1,1,0422,0433,0,1,1,0000,00e92cf0,00000000000000000000000000000000,03330433043304230423042204120411,0,"B_IDLE",0,0,0433,0,0,07241d9,acc4acc4,c,8
498,498,0,001ca05,1,1,4,1,1,0422,0433,0,1,1,0000,00e92cf0,00000000000000000000000000000000,03330433043304230423042204120411,0,"B_IDLE",0,0,0433,0,0,07241d9,acc4acc4,c,8
499,499,0,001ca05,1,1,3,1,1,0422,0433,0,1,1,0000,00e92cf0,00000000000000000000000000000000,03330433043304230423042204120411,0,"B_IDLE",0,0,0433,0,0,07241d9,acc4acc4,c,8
500,500,0,001ca05,1,1,3,1,1,0422,0433,0,1,1,0000,00e92cf0,00000000000000000000000000000000,03330433043304230423042204120411,0,"B_IDLE",0,0,0433,0,0,07241d9,acc4acc4,c,8
501,501,0,001ca05,1,1,1,1,1,0422,0433,0,1,1,0000,00e92cf0,00000000000000000000000000000000,03330433043304230423042204120411,0,"B_IDLE",0,0,0433,0,0,07241d9,acc4acc4,c,8
502,502,0,001ca05,1,1,4,1,1,0422,0433,0,1,1,0000,00e92cf0,00000000000000000000000000000000,03330433043304230423042204120411,0,"B_IDLE",0,0,0433,0,0,07241d9,acc4acc4,c,8
503,503,0,001ca05,1,1,3,1,1,0422,0433,0,1,1,0000,00e92cf0,00000000000000000000000000000000,03330433043304230423042204120411,0,"B_IDLE",0,0,0433,0,0,07241d9,acc4acc4,c,8
504,504,0,001ca05,1,1,3,1,1,0422,0433,0,1,1,0000,00e92cf0,00000000000000000000000000000000,03330433043304230423042204120411,0,"B_IDLE",0,0,0433,0,0,07241d9,acc4acc4,c,8
505,505,0,001ca05,1,1,1,1,1,0422,0433,0,1,1,0000,00e92cf0,00000000000000000000000000000000,03330433043304230423042204120411,0,"B_IDLE",0,0,0433,0,0,07241d9,acc4acc4,c,8
506,506,0,001ca05,1,1,4,1,1,0422,0433,0,1,1,0000,00e92cf0,00000000000000000000000000000000,03330433043304230423042204120411,0,"B_IDLE",0,0,0433,0,0,07241d9,acc4acc4,c,8
507,507,0,001ca05,1,1,3,1,1,0422,0433,0,1,1,0000,00e92cf0,00000000000000000000000000000000,03330433043304230423042204120411,0,"B_IDLE",0,0,0433,0,0,07241d9,acc4acc4,c,8
508,508,0,001ca05,1,1,3,1,1,0422,0433,0,1,1,0000,00e92cf0,00000000000000000000000000000000,03330433043304230423042204120411,0,"B_IDLE",0,0,0433,0,0,07241d9,acc4acc4,c,8
509,509,0,001ca05,1,1,1,1,1,0422,0433,0,1,1,0000,00e92cf0,00000000000000000000000000000000,03330433043304230423042204120411,0,"B_IDLE",0,0,0433,0,0,07241d9,acc4acc4,c,8
510,510,0,001ca05,1,1,4,1,1,0422,0433,0,1,1,0000,00e92cf0,00000000000000000000000000000000,03330433043304230423042204120411,0,"B_IDLE",0,0,0433,0,0,07241d9,acc4acc4,c,8
511,511,0,001ca05,1,1,3,1,1,0422,0433,0,1,1,0000,00e92cf0,00000000000000000000000000000000,03330433043304230423042204120411,0,"B_IDLE",0,0,0433,0,0,07241d9,acc4acc4,c,8
512,512,0,001ca05,1,1,3,1,1,0422,0433,0,1,1,0000,00e92cf0,00000000000000000000000000000000,03330433043304230423042204120411,0,"B_IDLE",0,0,0433,0,0,07241d9,acc4acc4,c,8
513,513,0,001ca05,1,1,1,1,1,0422,0433,0,1,1,0000,00e92cf0,00000000000000000000000000000000,03330433043304230423042204120411,0,"B_IDLE",0,0,0433,0,0,07241d9,acc4acc4,c,8
514,514,0,001ca05,1,1,4,1,1,0422,0433,0,1,1,0000,00e92cf0,00000000000000000000000000000000,03330433043304230423042204120411,0,"B_IDLE",0,0,0433,0,0,07241d9,acc4acc4,c,8
515,515,0,001ca05,1,1,3,1,1,0422,0433,0,1,1,0000,00e92cf0,00000000000000000000000000000000,03330433043304230423042204120411,0,"B_IDLE",0,0,0433,0,0,07241d9,acc4acc4,c,8
516,516,0,001ca05,1,1,3,1,1,0422,0433,0,1,1,0000,00e92cf0,00000000000000000000000000000000,03330433043304230423042204120411,0,"B_IDLE",0,0,0433,0,0,07241d9,acc4acc4,c,8
517,517,0,001ca05,1,1,1,1,1,0422,0433,0,1,1,0000,00e92cf0,00000000000000000000000000000000,03330433043304230423042204120411,0,"B_IDLE",0,0,0433,0,0,07241d9,acc4acc4,c,8
518,518,0,001ca05,1,1,4,1,1,0422,0433,0,1,1,0000,00e92cf0,00000000000000000000000000000000,03330433043304230423042204120411,0,"B_IDLE",0,0,0433,0,0,07241d9,acc4acc4,c,8
519,519,0,001ca05,1,1,3,1,1,0422,0433,0,1,1,0000,00e92cf0,00000000000000000000000000000000,03330433043304230423042204120411,0,"B_IDLE",0,0,0433,0,0,07241d9,acc4acc4,c,8
520,520,0,001ca05,1,1,3,1,1,0422,0433,0,1,1,0000,00e92cf0,00000000000000000000000000000000,03330433043304230423042204120411,0,"B_IDLE",0,0,0433,0,0,07241d9,acc4acc4,c,8
521,521,0,001ca05,1,1,1,1,1,0422,0433,0,1,1,0000,00e92cf0,00000000000000000000000000000000,03330433043304230423042204120411,0,"B_IDLE",0,0,0433,0,0,07241d9,acc4acc4,c,8
522,522,0,001ca05,1,1,4,1,1,0422,0433,0,1,1,0000,00e92cf0,00000000000000000000000000000000,03330433043304230423042204120411,0,"B_IDLE",0,0,0433,0,0,07241d9,acc4acc4,c,8
523,523,0,001ca05,1,1,3,1,1,0422,0433,0,1,1,0000,00e92cf0,00000000000000000000000000000000,03330433043304230423042204120411,0,"B_IDLE",0,0,0433,0,0,07241d9,acc4acc4,c,8
524,524,0,001ca05,1,1,3,1,1,0422,0433,0,1,1,0000,00e92cf0,00000000000000000000000000000000,03330433043304230423042204120411,0,"B_IDLE",0,0,0433,0,0,07241d9,acc4acc4,c,8
525,525,0,001ca05,1,1,1,1,1,0422,0433,0,1,1,0000,00e92cf0,00000000000000000000000000000000,03330433043304230423042204120411,0,"B_IDLE",0,0,0433,0,0,07241d9,acc4acc4,c,8
526,526,0,001ca05,1,1,4,1,1,0422,0433,0,1,1,0000,00e92cf0,00000000000000000000000000000000,03330433043304230423042204120411,0,"B_IDLE",0,0,0433,0,0,07241d9,acc4acc4,c,8
527,527,0,001ca05,1,1,3,1,1,0422,0433,0,1,1,0000,00e92cf0,00000000000000000000000000000000,03330433043304230423042204120411,0,"B_IDLE",0,0,0433,0,0,07241d9,acc4acc4,c,8
528,528,0,001ca05,1,1,3,1,1,0422,0433,0,1,1,0000,00e92cf0,00000000000000000000000000000000,03330433043304230423042204120411,0,"B_IDLE",0,0,0433,0,0,07241d9,acc4acc4,c,8
529,529,0,001ca05,1,1,1,1,1,0422,0433,0,1,1,0000,00e92cf0,00000000000000000000000000000000,03330433043304230423042204120411,0,"B_IDLE",0,0,0433,0,0,07241d9,acc4acc4,c,8
530,530,0,001ca05,1,1,4,1,1,0422,0433,0,1,1,0000,00e92cf0,00000000000000000000000000000000,03330433043304230423042204120411,0,"B_IDLE",0,0,0433,0,0,07241d9,acc4acc4,c,8
531,531,0,001ca05,1,1,3,1,1,0422,0433,0,1,1,0000,00e92cf0,00000000000000000000000000000000,03330433043304230423042204120411,0,"B_IDLE",0,0,0433,0,0,07241d9,acc4acc4,c,8
532,532,0,001ca05,1,1,3,1,1,0422,0433,0,1,1,0000,00e92cf0,00000000000000000000000000000000,03330433043304230423042204120411,0,"B_IDLE",0,0,0433,0,0,07241d9,acc4acc4,c,8
533,533,0,001ca05,1,1,1,1,1,0422,0433,0,1,1,0000,00e92cf0,00000000000000000000000000000000,03330433043304230423042204120411,0,"B_IDLE",0,0,0433,0,0,07241d9,acc4acc4,c,8
534,534,0,001ca05,1,1,4,1,1,0422,0433,0,1,1,0000,00e92cf0,00000000000000000000000000000000,03330433043304230423042204120411,0,"B_IDLE",0,0,0433,0,0,07241d9,acc4acc4,c,8
535,535,0,001ca05,1,1,3,1,1,0422,0433,0,1,1,0000,00e92cf0,00000000000000000000000000000000,03330433043304230423042204120411,0,"B_IDLE",0,0,0433,0,0,07241d9,acc4acc4,c,8
536,536,0,001ca05,1,1,3,1,1,0422,0433,0,1,1,0000,00e92cf0,00000000000000000000000000000000,03330433043304230423042204120411,0,"B_IDLE",0,0,0433,0,0,07241d9,acc4acc4,c,8
537,537,0,001ca05,1,1,1,1,1,0422,0433,0,1,1,0000,00e92cf0,00000000000000000000000000000000,03330433043304230423042204120411,0,"B_IDLE",0,0,0433,0,0,07241d9,acc4acc4,c,8
538,538,0,001ca05,1,1,4,1,1,0422,0433,0,1,1,0000,00e92cf0,00000000000000000000000000000000,03330433043304230423042204120411,0,"B_IDLE",0,0,0433,0,0,07241d9,acc4acc4,c,8
539,539,0,001ca05,1,1,3,1,1,0422,0433,0,1,1,0000,00e92cf0,00000000000000000000000000000000,03330433043304230423042204120411,0,"B_IDLE",0,0,0433,0,0,07241d9,acc4acc4,c,8
540,540,0,001ca05,1,1,3,1,1,0422,0433,0,1,1,0000,00e92cf0,00000000000000000000000000000000,03330433043304230423042204120411,0,"B_IDLE",0,0,0433,0,0,07241d9,acc4acc4,c,8
541,541,0,001ca05,1,1,1,1,1,0422,0433,0,1,1,0000,00e92cf0,00000000000000000000000000000000,03330433043304230423042204120411,0,"B_IDLE",0,0,0433,0,0,07241d9,acc4acc4,c,8
542,542,0,001ca05,1,1,4,1,1,0422,0433,0,1,1,0000,00e92cf0,00000000000000000000000000000000,03330433043304230423042204120411,0,"B_IDLE",0,0,0433,0,0,07241d9,acc4acc4,c,8
543,543,0,001ca05,1,1,3,1,1,0422,0433,0,1,1,0000,00e92cf0,00000000000000000000000000000000,03330433043304230423042204120411,0,"B_IDLE",0,0,0433,0,0,07241d9,acc4acc4,c,8
544,544,0,001ca05,1,1,3,1,1,0422,0433,0,1,1,0000,00e92cf0,00000000000000000000000000000000,03330433043304230423042204120411,0,"B_IDLE",0,0,0433,0,0,07241d9,acc4acc4,c,8
545,545,0,001ca05,1,1,1,1,1,0422,0433,0,1,1,0000,00e92cf0,00000000000000000000000000000000,03330433043304230423042204120411,0,"B_IDLE",0,0,0433,0,0,07241d9,acc4acc4,c,8
546,546,0,001ca05,1,1,4,1,1,0422,0433,0,1,1,0000,00e92cf0,00000000000000000000000000000000,03330433043304230423042204120411,0,"B_IDLE",0,0,0433,0,0,07241d9,acc4acc4,c,8
547,547,0,001ca05,1,1,3,1,1,0422,0433,0,1,1,0000,00e92cf0,00000000000000000000000000000000,03330433043304230423042204120411,0,"B_IDLE",0,0,0433,0,0,07241d9,acc4acc4,c,8
548,548,0,001ca05,1,1,3,1,1,0422,0433,0,1,1,0000,00e92cf0,00000000000000000000000000000000,03330433043304230423042204120411,0,"B_IDLE",0,0,0433,0,0,07241d9,acc4acc4,c,8
549,549,0,001ca05,1,1,1,1,1,0422,0433,0,1,1,0000,00e92cf0,00000000000000000000000000000000,03330433043304230423042204120411,0,"B_IDLE",0,0,0433,0,0,07241d9,acc4acc4,c,8
550,550,0,001ca05,1,1,4,1,1,0422,0433,0,1,1,0000,00e92cf0,00000000000000000000000000000000,03330433043304230423042204120411,0,"B_IDLE",0,0,0433,0,0,07241d9,acc4acc4,c,8
551,551,0,001ca05,1,1,3,1,1,0422,0433,0,1,1,0000,00e92cf0,00000000000000000000000000000000,03330433043304230423042204120411,0,"B_IDLE",0,0,0433,0,0,07241d9,acc4acc4,c,8
552,552,0,001ca05,1,1,3,1,1,0422,0433,0,1,1,0000,00e92cf0,00000000000000000000000000000000,03330433043304230423042204120411,0,"B_IDLE",0,0,0433,0,0,07241d9,acc4acc4,c,8
553,553,0,001ca05,1,1,1,1,1,0422,0433,0,1,1,0000,00e92cf0,00000000000000000000000000000000,03330433043304230423042204120411,0,"B_IDLE",0,0,0433,0,0,07241d9,acc4acc4,c,8
554,554,0,001ca05,1,1,4,1,1,0422,0433,0,1,1,0000,00e92cf0,00000000000000000000000000000000,03330433043304230423042204120411,0,"B_IDLE",0,0,0433,0,0,07241d9,acc4acc4,c,8
555,555,0,001ca05,1,1,3,1,1,0422,0433,0,1,1,0000,00e92cf0,00000000000000000000000000000000,03330433043304230423042204120411,0,"B_IDLE",0,0,0433,0,0,07241d9,acc4acc4,c,8
556,556,0,001ca05,1,1,3,1,1,0422,0433,0,1,1,0000,00e92cf0,00000000000000000000000000000000,03330433043304230423042204120411,0,"B_IDLE",0,0,0433,0,0,07241d9,acc4acc4,c,8
557,557,0,001ca05,1,1,1,1,1,0422,0433,0,1,1,0000,00e92cf0,00000000000000000000000000000000,03330433043304230423042204120411,0,"B_IDLE",0,0,0433,0,0,07241d9,acc4acc4,c,8
558,558,0,001ca05,1,1,4,1,1,0422,0433,0,1,1,0000,00e92cf0,00000000000000000000000000000000,03330433043304230423042204120411,0,"B_IDLE",0,0,0433,0,0,07241d9,acc4acc4,c,8
559,559,0,001ca05,1,1,3,1,1,0422,0433,0,1,1,0000,00e92cf0,00000000000000000000000000000000,03330433043304230423042204120411,0,"B_IDLE",0,0,0433,0,0,07241d9,acc4acc4,c,8
560,560,0,001ca05,1,1,3,1,1,0422,0433,0,1,1,0000,00e92cf0,00000000000000000000000000000000,03330433043304230423042204120411,0,"B_IDLE",0,0,0433,0,0,07241d9,acc4acc4,c,8
561,561,0,001ca05,1,1,1,1,1,0422,0433,0,1,1,0000,00e92cf0,00000000000000000000000000000000,03330433043304230423042204120411,0,"B_IDLE",0,0,0433,0,0,07241d9,acc4acc4,c,8
562,562,0,001ca05,1,1,4,1,1,0422,0433,0,1,1,0000,00e92cf0,00000000000000000000000000000000,03330433043304230423042204120411,0,"B_IDLE",0,0,0433,0,0,07241d9,acc4acc4,c,8
563,563,0,001ca05,1,1,3,1,1,0422,0433,0,1,1,0000,00e92cf0,00000000000000000000000000000000,03330433043304230423042204120411,0,"B_IDLE",0,0,0433,0,0,07241d9,acc4acc4,c,8
564,564,0,001ca05,1,1,3,1,1,0422,0433,0,1,1,0000,00e92cf0,00000000000000000000000000000000,03330433043304230423042204120411,0,"B_IDLE",0,0,0433,0,0,07241d9,acc4acc4,c,8
565,565,0,001ca05,1,1,1,1,1,0422,0433,0,1,1,0000,00e92cf0,00000000000000000000000000000000,03330433043304230423042204120411,0,"B_IDLE",0,0,0433,0,0,07241d9,acc4acc4,c,8
566,566,0,001ca05,1,1,4,1,1,0422,0433,0,1,1,0000,00e92cf0,00000000000000000000000000000000,03330433043304230423042204120411,0,"B_IDLE",0,0,0433,0,0,07241d9,acc4acc4,c,8
567,567,0,07496c6,2,1,3,0,0,0422,0433,0,1,1,0000,00e92cf0,00000000000000000000000000000000,03330433043304230423042204120411,0,"B_IDLE",0,0,0433,0,0,07241d9,acc4acc4,c,8
568,568,0,07496c6,2,1,3,0,0,0422,0433,0,1,1,0000,00e92cf0,00000000000000000000000000000000,03330433043304230423042204120411,0,"B_IDLE",0,0,0433,0,0,07241d9,acc4acc4,c,8
569,569,0,07496c6,2,1,1,0,0,0422,0433,0,1,1,0000,00e92cf0,00000000000000000000000000000000,03330433043304230423042204120411,0,"B_IDLE",0,0,0433,0,0,07241d9,acc4acc4,c,8
570,570,0,07496c6,2,0,0,0,0,0422,0433,0,1,1,0000,00e92cf0,00000000000000000000000000000000,03330433043304230423042204120411,0,"B_IDLE",0,0,0433,0,0,07241d9,acc4acc4,c,8
571,571,0,07496c6,2,0,0,0,0,0422,0433,0,1,1,0000,00e92cf0,00000000000000000000000000000000,03330433043304230423042204120411,0,"B_IDLE",0,0,0433,0,0,07241d9,acc4acc4,c,8
572,572,0,07496c6,2,0,0,0,0,0422,0433,0,1,1,0000,00e92cf0,00000000000000000000000000000000,03330433043304230423042204120411,0,"B_IDLE",0,0,0433,0,0,07241d9,acc4acc4,c,8
573,573,0,07496c6,2,0,0,0,0,0422,0333,1,1,1,0000,00e92cf0,00000000000000000000000000000000,03330433043304230423042204120411,0,"B_IDLE",0,0,0433,0,0,07241d9,acc4acc4,c,8
574,574,0,07496c6,2,0,4,0,0,0422,0333,1,1,1,0000,00e92cf0,00000000000000000000000000000000,03330433043304230423042204120411,0,"B_IDLE",0,0,0433,0,0,07241d9,acc4acc4,c,8
575,575,0,07496c6,1,1,3,1,1,0422,0333,1,1,1,0000,00e92cf0,00000000000000000000000000000000,03330433043304230423042204120411,0,"B_IDLE",0,0,0433,0,0,07241d9,acc4acc4,c,8
576,576,0,07496c6,1,1,3,1,1,0422,0333,0,1,1,0000,00e92cf0,00000000000000000000000000000000,03330433043304230423042204120411,0,"B_IDLE",0,0,0433,0,0,07241d9,acc4acc4,c,8
577,577,0,07496c6,1,1,1,1,1,0422,0333,0,1,1,0000,00e92cf0,00000000000000000000000000000000,03330433043304230423042204120411,0,"B_IDLE",0,0,0433,0,0,07241d9,acc4acc4,c,8
578,578,0,07496c6,1,1,4,1,1,0422,0333,0,1,1,0000,00e92cf0,00000000000000000000000000000000,03330433043304230423042204120411,0,"B_IDLE",0,0,0433,0,0,07241d9,acc4acc4,c,8
579,579,0,07496c6,1,1,3,1,1,0422,0333,0,1,1,0000,00e92cf0,00000000000000000000000000000000,03330433043304230423042204120411,0,"B_IDLE",0,0,0433,0,0,07241d9,acc4acc4,c,8
580,580,0,07496c6,1,1,3,1,1,0422,0333,0,1,1,0000,00e92cf0,00000000000000000000000000000000,03330433043304230423042204120411,0,"B_IDLE",0,0,0433,0,0,07241d9,acc4acc4,c,8
581,581,0,07496c6,1,1,1,1,1,0422,0333,0,1,1,0000,00e92cf0,00000000000000000000000000000000,03330433043304230423042204120411,0,"B_IDLE",0,0,0433,0,0,07241d9,acc4acc4,c,8
582,582,0,07496c6,1,1,4,1,1,0422,0333,0,1,1,0000,00e92cf0,00000000000000000000000000000000,03330433043304230423042204120411,0,"B_IDLE",0,0,0433,0,0,07241d9,acc4acc4,c,8
583,583,0,07496c6,1,1,3,1,1,0422,0333,0,1,1,0000,00e92cf0,00000000000000000000000000000000,03330433043304230423042204120411,0,"B_IDLE",0,0,0433,0,0,07241d9,acc4acc4,c,8
584,584,0,07496c6,1,1,3,1,1,0422,0333,0,1,1,0000,00e92cf0,00000000000000000000000000000000,03330433043304230423042204120411,0,"B_IDLE",0,0,0433,0,0,07241d9,acc4acc4,c,8
585,585,0,07496c6,1,1,1,1,1,0422,0333,0,1,1,0000,00e92cf0,00000000000000000000000000000000,03330433043304230423042204120411,0,"B_IDLE",0,0,0433,0,0,07241d9,acc4acc4,c,8
586,586,0,07496c6,1,1,4,1,1,0422,0333,0,1,1,0000,00e92cf0,00000000000000000000000000000000,03330433043304230423042204120411,0,"B_IDLE",0,0,0433,0,0,07241d9,acc4acc4,c,8
587,587,0,07496c6,1,1,3,1,1,0422,0333,0,1,1,0000,00e92cf0,00000000000000000000000000000000,03330433043304230423042204120411,0,"B_IDLE",0,0,0433,0,0,07241d9,acc4acc4,c,8
588,588,0,07496c6,1,1,3,1,1,0422,0333,0,1,1,0000,00e92cf0,00000000000000000000000000000000,03330433043304230423042204120411,0,"B_IDLE",0,0,0433,0,0,07241d9,acc4acc4,c,8
589,589,0,07496c6,1,1,1,1,1,0422,0333,0,1,1,0000,00e92cf0,00000000000000000000000000000000,03330433043304230423042204120411,0,"B_IDLE",0,0,0433,0,0,07241d9,acc4acc4,c,8
590,590,0,07496c6,1,1,4,1,1,0422,0333,0,1,1,0000,00e92cf0,00000000000000000000000000000000,03330433043304230423042204120411,0,"B_IDLE",0,0,0433,0,0,07241d9,acc4acc4,c,8
591,591,0,07496c6,1,1,3,1,1,0422,0333,0,1,1,0000,00e92cf0,00000000000000000000000000000000,03330433043304230423042204120411,0,"B_IDLE",0,0,0433,0,0,07241d9,acc4acc4,c,8
592,592,0,07496c6,1,1,3,1,1,0422,0333,0,1,1,0000,00e92cf0,00000000000000000000000000000000,03330433043304230423042204120411,0,"B_IDLE",0,0,0433,0,0,07241d9,acc4acc4,c,8
593,593,0,07496c6,1,1,1,1,1,0422,0333,0,1,1,0000,00e92cf0,00000000000000000000000000000000,03330433043304230423042204120411,0,"B_IDLE",0,0,0433,0,0,07241d9,acc4acc4,c,8
594,594,0,07496c6,1,1,4,1,1,0422,0333,0,1,1,0000,00e92cf0,00000000000000000000000000000000,03330433043304230423042204120411,0,"B_IDLE",0,0,0433,0,0,07241d9,acc4acc4,c,8
595,595,0,07496c6,1,1,3,1,1,0422,0333,0,1,1,0000,00e92cf0,00000000000000000000000000000000,03330433043304230423042204120411,0,"B_IDLE",0,0,0433,0,0,07241d9,acc4acc4,c,8
596,596,0,07496c6,1,1,3,1,1,0422,0333,0,1,1,0000,00e92cf0,00000000000000000000000000000000,03330433043304230423042204120411,0,"B_IDLE",0,0,0433,0,0,07241d9,acc4acc4,c,8
597,597,0,07496c6,1,1,1,1,1,0422,0333,0,1,1,0000,00e92cf0,00000000000000000000000000000000,03330433043304230423042204120411,0,"B_IDLE",0,0,0433,0,0,07241d9,acc4acc4,c,8
598,598,0,07496c6,1,1,4,1,1,0422,0333,0,1,1,0000,00e92cf0,00000000000000000000000000000000,03330433043304230423042204120411,0,"B_IDLE",0,0,0433,0,0,07241d9,acc4acc4,c,8
599,599,0,07496c6,1,1,3,1,1,0422,0333,0,1,1,0000,00e92cf0,00000000000000000000000000000000,03330433043304230423042204120411,0,"B_IDLE",0,0,0433,0,0,07241d9,acc4acc4,c,8
600,600,0,07496c6,1,1,3,1,1,0422,0333,0,1,1,0000,00e92cf0,00000000000000000000000000000000,03330433043304230423042204120411,0,"B_IDLE",0,0,0433,0,0,07241d9,acc4acc4,c,8
601,601,0,07496c6,1,1,1,1,1,0422,0333,0,1,1,0000,00e92cf0,00000000000000000000000000000000,03330433043304230423042204120411,0,"B_IDLE",0,0,0433,0,0,07241d9,acc4acc4,c,8
602,602,0,07496c6,1,1,4,1,1,0422,0333,0,1,1,0000,00e92cf0,00000000000000000000000000000000,03330433043304230423042204120411,0,"B_IDLE",0,0,0433,0,0,07241d9,acc4acc4,c,8
603,603,0,07496c6,1,1,3,1,1,0422,0333,0,1,1,0000,00e92cf0,00000000000000000000000000000000,03330433043304230423042204120411,0,"B_IDLE",0,0,0433,0,0,07241d9,acc4acc4,c,8
604,604,0,07496c6,1,1,3,1,1,0422,0333,0,1,1,0000,00e92cf0,00000000000000000000000000000000,03330433043304230423042204120411,0,"B_IDLE",0,0,0433,0,0,07241d9,acc4acc4,c,8
605,605,0,07496c6,1,1,1,1,1,0422,0333,0,1,1,0000,00e92cf0,00000000000000000000000000000000,03330433043304230423042204120411,0,"B_IDLE",0,0,0433,0,0,07241d9,acc4acc4,c,8
606,606,0,07496c6,1,1,4,1,1,0422,0333,0,1,1,0000,00e92cf0,00000000000000000000000000000000,03330433043304230423042204120411,0,"B_IDLE",0,0,0433,0,0,07241d9,acc4acc4,c,8
607,607,0,07496c6,1,1,3,1,1,0422,0333,0,1,1,0000,00e92cf0,00000000000000000000000000000000,03330433043304230423042204120411,0,"B_IDLE",0,0,0433,0,0,07241d9,acc4acc4,c,8
608,608,0,07496c6,1,1,3,1,1,0422,0333,0,1,1,0000,00e92cf0,00000000000000000000000000000000,03330433043304230423042204120411,0,"B_IDLE",0,0,0433,0,0,07241d9,acc4acc4,c,8
609,609,0,07496c6,1,1,1,1,1,0422,0333,0,1,1,0000,00e92cf0,00000000000000000000000000000000,03330433043304230423042204120411,0,"B_IDLE",0,0,0433,0,0,07241d9,acc4acc4,c,8
610,610,0,07496c6,1,1,4,1,1,0422,0333,0,1,1,0000,00e92cf0,00000000000000000000000000000000,03330433043304230423042204120411,0,"B_IDLE",0,0,0433,0,0,07241d9,acc4acc4,c,8
611,611,0,07496c6,1,1,3,1,1,0422,0333,0,1,1,0000,00e92cf0,00000000000000000000000000000000,03330433043304230423042204120411,0,"B_IDLE",0,0,0433,0,0,07241d9,acc4acc4,c,8
612,612,0,07496c6,1,1,3,1,1,0422,0333,0,1,1,0000,00e92cf0,00000000000000000000000000000000,03330433043304230423042204120411,0,"B_IDLE",0,0,0433,0,0,07241d9,acc4acc4,c,8
613,613,0,07496c6,1,1,1,1,1,0422,0333,0,1,1,0000,00e92cf0,00000000000000000000000000000000,03330433043304230423042204120411,0,"B_IDLE",0,0,0433,0,0,07241d9,acc4acc4,c,8
614,614,0,07496c6,1,1,4,1,1,0422,0333,0,1,1,0000,00e92cf0,00000000000000000000000000000000,03330433043304230423042204120411,0,"B_IDLE",0,0,0433,0,0,07241d9,acc4acc4,c,8
615,615,0,07496c6,1,1,3,1,1,0422,0333,0,1,1,0000,00e92cf0,00000000000000000000000000000000,03330433043304230423042204120411,0,"B_IDLE",0,0,0433,0,0,07241d9,acc4acc4,c,8
616,616,0,07496c6,1,1,3,1,1,0422,0333,0,1,1,0000,00e92cf0,00000000000000000000000000000000,03330433043304230423042204120411,0,"B_IDLE",0,0,0433,0,0,07241d9,acc4acc4,c,8
617,617,0,07496c6,1,1,1,1,1,0422,0333,0,1,1,0000,00e92cf0,00000000000000000000000000000000,03330433043304230423042204120411,0,"B_IDLE",0,0,0433,0,0,07241d9,acc4acc4,c,8
618,618,0,07496c6,1,1,4,1,1,0422,0333,0,1,1,0000,00e92cf0,00000000000000000000000000000000,03330433043304230423042204120411,0,"B_IDLE",0,0,0433,0,0,07241d9,acc4acc4,c,8
619,619,0,001cb25,3,1,3,0,0,0333,0333,0,1,1,0000,00e92cf0,00000000000000000000000000000000,03330433043304230423042204120411,0,"B_IDLE",0,0,0433,0,0,07241d9,acc4acc4,c,8
620,620,0,001cb25,3,1,3,0,0,0333,0322,0,1,1,0000,00e92cf0,00000000000000000000000000000000,03330433043304230423042204120411,0,"B_IDLE",0,0,0433,0,0,07241d9,acc4acc4,c,8
621,621,0,001cb25,3,1,1,0,0,0333,0322,0,1,1,0000,00e92cf0,00000000000000000000000000000000,03330433043304230423042204120411,0,"B_IDLE",0,0,0433,0,0,07241d9,acc4acc4,c,8
622,622,0,001cb25,3,1,0,0,0,0333,0322,0,1,1,0000,00e92cf0,00000000000000000000000000000000,03330433043304230423042204120411,0,"B_IDLE",0,0,0433,0,0,07241d9,acc4acc4,c,8
623,623,0,001cb25,3,1,0,0,0,0333,0322,0,1,1,0000,00e92cf0,00000000000000000000000000000000,03330433043304230423042204120411,0,"B_IDLE",0,0,0433,0,0,07241d9,acc4acc4,c,8
624,624,0,001cb25,3,1,0,0,0,0333,0322,0,1,1,0000,00e92cf0,00000000000000000000000000000000,03330433043304230423042204120411,0,"B_IDLE",0,0,0433,0,0,07241d9,acc4acc4,c,8
625,625,0,001cb25,3,1,0,0,0,0333,0322,0,1,1,0000,00e92cf0,00000000000000000000000000000000,03330433043304230423042204120411,0,"B_IDLE",0,0,0433,0,0,07241d9,acc4acc4,c,8
626,626,0,001cb25,3,1,0,0,0,0333,0322,0,1,1,0000,00e92cf0,00000000000000000000000000000000,03330433043304230423042204120411,0,"B_IDLE",0,0,0433,0,0,07241d9,acc4acc4,c,8
627,627,0,001cb25,3,1,0,0,0,0333,0322,0,1,1,0000,00e92cf0,00000000000000000000000000000000,03330433043304230423042204120411,0,"B_IDLE",0,0,0433,0,0,07241d9,acc4acc4,c,8
628,628,0,001cb25,3,1,0,0,0,0333,0322,0,1,1,0000,00e92cf0,00000000000000000000000000000000,03330433043304230423042204120411,0,"B_IDLE",0,0,0433,0,0,07241d9,acc4acc4,c,8
629,629,0,001cb25,3,1,0,0,0,0333,0322,0,1,1,0000,00e92cf0,00000000000000000000000000000000,03330433043304230423042204120411,0,"B_IDLE",0,0,0433,0,0,07241d9,acc4acc4,c,8
630,630,0,001cb25,3,1,0,0,0,0333,0322,0,1,1,0000,00e92cf0,00000000000000000000000000000000,03330433043304230423042204120411,0,"B_IDLE",0,0,0433,0,0,07241d9,acc4acc4,c,8
631,631,0,001cb25,3,1,0,0,0,0333,0322,0,1,1,0000,00e92cf0,00000000000000000000000000000000,03330433043304230423042204120411,0,"B_IDLE",0,0,0433,0,0,07241d9,acc4acc4,c,8
632,632,0,001cb25,3,1,0,0,0,0333,0322,0,1,1,0000,00e92cf0,00000000000000000000000000000000,03330433043304230423042204120411,0,"B_IDLE",0,0,0433,0,0,07241d9,acc4acc4,c,8
633,633,0,001cb25,3,1,0,0,0,0333,0322,0,1,1,0000,00e92cf0,00000000000000000000000000000000,03330433043304230423042204120411,0,"B_IDLE",0,0,0433,0,0,07241d9,acc4acc4,c,8
634,634,0,001cb25,3,1,0,0,0,0333,0322,0,1,1,0000,00e92cf0,00000000000000000000000000000000,03330433043304230423042204120411,0,"B_IDLE",0,0,0433,0,0,07241d9,acc4acc4,c,8
635,635,0,001cb25,3,1,0,0,0,0333,0322,0,1,1,0000,00e92cf0,00000000000000000000000000000000,03330433043304230423042204120411,0,"B_IDLE",0,0,0433,0,0,07241d9,acc4acc4,c,8
636,636,0,001cb25,3,1,0,0,0,0333,0322,0,1,1,0000,00e92cf0,00000000000000000000000000000000,03330433043304230423042204120411,0,"B_IDLE",0,0,0433,0,0,07241d9,acc4acc4,c,8
637,637,0,001cb25,3,1,0,0,0,0333,0322,0,1,1,0000,00e92cf0,00000000000000000000000000000000,03330433043304230423042204120411,0,"B_IDLE",0,0,0433,0,0,07241d9,acc4acc4,c,8
638,638,0,001cb25,3,1,0,0,0,0333,0322,0,1,1,0000,00e92cf0,00000000000000000000000000000000,03330433043304230423042204120411,0,"B_IDLE",0,0,0433,0,0,07241d9,acc4acc4,c,8
639,639,0,001cb25,3,1,0,0,0,0333,0322,0,1,1,0000,00e92cf0,00000000000000000000000000000000,03330433043304230423042204120411,0,"B_IDLE",0,0,0433,0,0,07241d9,acc4acc4,c,8
640,640,0,001cb25,3,1,0,0,0,0333,0322,0,1,1,0000,00e92cf0,00000000000000000000000000000000,03330433043304230423042204120411,0,"B_IDLE",0,0,0433,0,0,07241d9,acc4acc4,c,8
641,641,0,001cb25,3,1,0,0,0,0333,0322,0,1,1,0000,00e92cf0,00000000000000000000000000000000,03330433043304230423042204120411,0,"B_IDLE",0,0,0433,0,0,07241d9,acc4acc4,c,8
642,642,0,001cb25,3,1,0,0,0,0333,0322,0,1,1,0000,00e92cf0,00000000000000000000000000000000,03330433043304230423042204120411,0,"B_IDLE",0,0,0433,0,0,07241d9,acc4acc4,c,8
643,643,0,001cb25,3,1,0,0,0,0333,0322,0,1,1,0000,00e92cf0,00000000000000000000000000000000,03330433043304230423042204120411,0,"B_IDLE",0,0,0433,0,0,07241d9,acc4acc4,c,8
644,644,0,001cb25,3,1,0,0,0,0333,0322,0,1,1,0000,00e92cf0,00000000000000000000000000000000,03330433043304230423042204120411,0,"B_IDLE",0,0,0433,0,0,07241d9,acc4acc4,c,8
645,645,0,001cb25,3,1,0,0,0,0333,0322,0,1,1,0000,00e92cf0,00000000000000000000000000000000,03330433043304230423042204120411,0,"B_IDLE",0,0,0433,0,0,07241d9,acc4acc4,c,8
646,646,0,001cb25,3,1,0,0,0,0333,0322,0,1,1,0000,00e92cf0,00000000000000000000000000000000,03330433043304230423042204120411,0,"B_IDLE",0,0,0433,0,0,07241d9,acc4acc4,c,8
647,647,0,001cb25,3,1,0,0,0,0333,0322,0,1,1,0000,00e92cf0,00000000000000000000000000000000,03330433043304230423042204120411,0,"B_IDLE",0,0,0433,0,0,07241d9,acc4acc4,c,8
648,648,0,001cb25,3,1,0,0,0,0333,0322,0,1,1,0000,00e92cf0,00000000000000000000000000000000,03330433043304230423042204120411,0,"B_IDLE",0,0,0433,0,0,07241d9,acc4acc4,c,8
649,649,0,001cb25,3,1,0,0,0,0333,0322,0,1,1,0000,00e92cf0,00000000000000000000000000000000,03330433043304230423042204120411,0,"B_IDLE",0,0,0433,0,0,07241d9,acc4acc4,c,8
650,650,0,001cb25,3,1,0,0,0,0333,0322,0,1,1,0000,00e92cf0,00000000000000000000000000000000,03330433043304230423042204120411,0,"B_IDLE",0,0,0433,0,0,07241d9,acc4acc4,c,8
651,651,0,001cb25,3,1,0,0,0,0333,0322,0,1,1,0000,00e92cf0,00000000000000000000000000000000,03330433043304230423042204120411,0,"B_IDLE",0,0,0433,0,0,07241d9,acc4acc4,c,8
652,652,0,001cb25,3,1,0,0,0,0333,0322,0,1,1,0000,00e92cf0,00000000000000000000000000000000,03330433043304230423042204120411,0,"B_IDLE",0,0,0433,0,0,07241d9,acc4acc4,c,8
653,653,0,001cb25,3,1,0,0,0,0333,0322,0,1,1,0000,00e92cf0,00000000000000000000000000000000,03330433043304230423042204120411,0,"B_IDLE",0,0,0433,0,0,07241d9,acc4acc4,c,8
654,654,0,001cb25,3,1,0,0,0,0333,0322,0,1,1,0000,00e92cf0,00000000000000000000000000000000,03330433043304230423042204120411,0,"B_IDLE",0,0,0433,0,0,07241d9,acc4acc4,c,8
655,655,0,001cb25,3,1,0,0,0,0333,0322,0,1,1,0000,00e92cf0,00000000000000000000000000000000,03330433043304230423042204120411,0,"B_IDLE",0,0,0433,0,0,07241d9,acc4acc4,c,8
656,656,0,001cb25,3,1,0,0,0,0333,0322,0,1,1,0000,00e92cf0,00000000000000000000000000000000,03330433043304230423042204120411,0,"B_IDLE",0,0,0433,0,0,07241d9,acc4acc4,c,8
657,657,0,001cb25,3,1,0,0,0,0333,0322,0,1,1,0000,00e92cf0,00000000000000000000000000000000,03330433043304230423042204120411,0,"B_IDLE",0,0,0433,0,0,07241d9,acc4acc4,c,8
658,658,0,001cb25,3,1,0,0,0,0333,0322,0,1,1,0000,00e92cf0,00000000000000000000000000000000,03330433043304230423042204120411,0,"B_IDLE",0,0,0433,0,0,07241d9,acc4acc4,c,8
659,659,0,001cb25,3,1,0,0,0,0333,0322,0,1,1,0000,00e92cf0,00000000000000000000000000000000,03330433043304230423042204120411,0,"B_IDLE",0,0,0433,0,0,07241d9,acc4acc4,c,8
660,660,0,001cb25,3,1,0,0,0,0333,0322,0,1,1,0000,00e92cf0,00000000000000000000000000000000,03330433043304230423042204120411,0,"B_IDLE",0,0,0433,0,0,07241d9,acc4acc4,c,8
661,661,0,001cb25,3,1,0,0,0,0333,0322,0,1,1,0000,00e92cf0,00000000000000000000000000000000,03330433043304230423042204120411,0,"B_IDLE",0,0,0433,0,0,07241d9,acc4acc4,c,8
662,662,0,001cb25,3,1,0,0,0,0333,0322,0,1,1,0000,00e92cf0,00000000000000000000000000000000,03330433043304230423042204120411,0,"B_IDLE",0,0,0433,0,0,07241d9,acc4acc4,c,8
663,663,0,001cb25,3,1,0,0,0,0333,0322,0,1,1,0000,00e92cf0,00000000000000000000000000000000,03330433043304230423042204120411,0,"B_IDLE",0,0,0433,0,0,07241d9,acc4acc4,c,8
664,664,0,001cb25,3,1,0,0,0,0333,0322,0,1,1,0000,00e92cf0,00000000000000000000000000000000,03330433043304230423042204120411,0,"B_IDLE",0,0,0433,0,0,07241d9,acc4acc4,c,8
665,665,0,001cb25,3,1,0,0,0,0333,0322,0,1,1,0000,00e92cf0,00000000000000000000000000000000,03330433043304230423042204120411,0,"B_IDLE",0,0,0433,0,0,07241d9,acc4acc4,c,8
666,666,0,001cb25,3,1,0,0,0,0333,0322,0,1,1,0000,00e92cf0,00000000000000000000000000000000,03330433043304230423042204120411,0,"B_IDLE",0,0,0433,0,0,07241d9,acc4acc4,c,8
667,667,0,001cb25,3,1,0,0,0,0333,0322,0,1,1,0000,00e92cf0,00000000000000000000000000000000,03330433043304230423042204120411,0,"B_IDLE",0,0,0433,0,0,07241d9,acc4acc4,c,8
668,668,0,001cb25,3,1,0,0,0,0333,0322,0,1,1,0000,00e92cf0,00000000000000000000000000000000,03330433043304230423042204120411,0,"B_IDLE",0,0,0433,0,0,07241d9,acc4acc4,c,8
669,669,0,001cb25,3,1,0,0,0,0333,0322,0,1,1,0000,00e92cf0,00000000000000000000000000000000,03330433043304230423042204120411,0,"B_IDLE",0,0,0433,0,0,07241d9,acc4acc4,c,8
670,670,0,001cb25,3,1,0,0,0,0333,0322,0,1,1,0000,00e92cf0,00000000000000000000000000000000,03330433043304230423042204120411,0,"B_IDLE",0,0,0433,0,0,07241d9,acc4acc4,c,8
671,671,0,001cb25,3,1,0,0,0,0333,0322,0,1,1,0000,00e92cf0,00000000000000000000000000000000,03330433043304230423042204120411,0,"B_IDLE",0,0,0433,0,0,07241d9,acc4acc4,c,8
672,672,0,001cb25,3,1,0,0,0,0333,0322,0,1,1,0000,00e92cf0,00000000000000000000000000000000,03330433043304230423042204120411,0,"B_IDLE",0,0,0433,0,0,07241d9,acc4acc4,c,8
673,673,0,001cb25,3,1,0,0,0,0333,0322,0,1,1,0000,00e92cf0,00000000000000000000000000000000,03330433043304230423042204120411,0,"B_IDLE",0,0,0433,0,0,07241d9,acc4acc4,c,8
674,674,0,001cb25,3,1,0,0,0,0333,0322,0,1,1,0000,00e92cf0,00000000000000000000000000000000,03330433043304230423042204120411,0,"B_IDLE",0,0,0433,0,0,07241d9,acc4acc4,c,8
675,675,0,001cb25,3,1,0,0,0,0333,0322,0,1,1,0000,00e92cf0,00000000000000000000000000000000,03330433043304230423042204120411,0,"B_IDLE",0,0,0433,0,0,07241d9,acc4acc4,c,8
676,676,0,001cb25,3,1,0,0,0,0333,0322,0,1,1,0000,00e92cf0,00000000000000000000000000000000,03330433043304230423042204120411,0,"B_IDLE",0,0,0433,0,0,07241d9,acc4acc4,c,8
677,677,0,001cb25,3,1,0,0,0,0333,0322,0,1,1,0000,00e92cf0,00000000000000000000000000000000,03330433043304230423042204120411,0,"B_IDLE",0,0,0433,0,0,07241d9,acc4acc4,c,8
678,678,0,001cb25,3,1,0,0,0,0333,0322,0,1,1,0000,00e92cf0,00000000000000000000000000000000,03330433043304230423042204120411,0,"B_IDLE",0,0,0433,0,0,07241d9,acc4acc4,c,8
679,679,0,001cb25,3,1,0,0,0,0333,0322,0,1,1,0000,00e92cf0,00000000000000000000000000000000,03330433043304230423042204120411,0,"B_IDLE",0,0,0433,0,0,07241d9,acc4acc4,c,8
680,680,0,001cb25,3,1,0,0,0,0333,0322,0,1,1,0000,00e92cf0,00000000000000000000000000000000,03330433043304230423042204120411,0,"B_IDLE",0,0,0433,0,0,07241d9,acc4acc4,c,8
681,681,0,001cb25,3,1,0,0,0,0333,0322,0,1,1,0000,00e92cf0,00000000000000000000000000000000,03330433043304230423042204120411,0,"B_IDLE",0,0,0433,0,0,07241d9,acc4acc4,c,8
682,682,0,001cb25,3,1,0,0,0,0333,0322,0,1,1,0000,00e92cf0,00000000000000000000000000000000,03330433043304230423042204120411,0,"B_IDLE",0,0,0433,0,0,07241d9,acc4acc4,c,8
683,683,0,001cb25,3,1,0,0,0,0333,0322,0,1,1,0000,00e92cf0,00000000000000000000000000000000,03330433043304230423042204120411,0,"B_IDLE",0,0,0433,0,0,07241d9,acc4acc4,c,8
684,684,0,001cb25,3,1,0,0,0,0333,0322,0,1,1,0000,00e92cf0,00000000000000000000000000000000,03330433043304230423042204120411,0,"B_IDLE",0,0,0433,0,0,07241d9,acc4acc4,c,8
685,685,0,001cb25,3,1,0,0,0,0333,0322,0,1,1,0000,00e92cf0,00000000000000000000000000000000,03330433043304230423042204120411,0,"B_IDLE",0,0,0433,0,0,07241d9,acc4acc4,c,8
686,686,0,001cb25,3,1,0,0,0,0333,0322,0,1,1,0000,00e92cf0,00000000000000000000000000000000,03330433043304230423042204120411,0,"B_IDLE",0,0,0433,0,0,07241d9,acc4acc4,c,8
687,687,0,001cb25,3,1,0,0,0,0333,0322,0,1,1,0000,00e92cf0,00000000000000000000000000000000,03330433043304230423042204120411,0,"B_IDLE",0,0,0433,0,0,07241d9,acc4acc4,c,8
688,688,0,001cb25,3,1,0,0,0,0333,0322,0,1,1,0000,00e92cf0,00000000000000000000000000000000,03330433043304230423042204120411,0,"B_IDLE",0,0,0433,0,0,07241d9,acc4acc4,c,8
689,689,0,001cb25,3,1,0,0,0,0333,0322,0,1,1,0000,00e92cf0,00000000000000000000000000000000,03330433043304230423042204120411,0,"B_IDLE",0,0,0433,0,0,07241d9,acc4acc4,c,8
690,690,0,001cb25,3,1,0,0,0,0333,0322,0,1,1,0000,00e92cf0,00000000000000000000000000000000,03330433043304230423042204120411,0,"B_IDLE",0,0,0433,0,0,07241d9,acc4acc4,c,8
691,691,0,001cb25,3,1,0,0,0,0333,0322,0,1,1,0000,00e92cf0,00000000000000000000000000000000,03330433043304230423042204120411,0,"B_IDLE",0,0,0433,0,0,07241d9,acc4acc4,c,8
692,692,0,001cb25,3,1,0,0,0,0333,0322,0,1,1,0000,00e92cf0,00000000000000000000000000000000,03330433043304230423042204120411,0,"B_IDLE",0,0,0433,0,0,07241d9,acc4acc4,c,8
693,693,0,001cb25,3,1,0,0,0,0333,0322,0,1,1,0000,00e92cf0,00000000000000000000000000000000,03330433043304230423042204120411,0,"B_IDLE",0,0,0433,0,0,07241d9,acc4acc4,c,8
694,694,0,001cb25,3,1,0,0,0,0333,0322,0,1,1,0000,00e92cf0,00000000000000000000000000000000,03330433043304230423042204120411,0,"B_IDLE",0,0,0433,0,0,07241d9,acc4acc4,c,8
695,695,0,001cb25,3,1,0,0,0,0333,0322,0,1,1,0000,00e92cf0,00000000000000000000000000000000,03330433043304230423042204120411,0,"B_IDLE",0,0,0433,0,0,07241d9,acc4acc4,c,8
696,696,0,001cb25,3,1,0,0,0,0333,0322,0,1,1,0000,00e92cf0,00000000000000000000000000000000,03330433043304230423042204120411,0,"B_IDLE",0,0,0433,0,0,07241d9,acc4acc4,c,8
697,697,0,001cb25,3,1,0,0,0,0333,0322,0,1,1,0000,00e92cf0,00000000000000000000000000000000,03330433043304230423042204120411,0,"B_IDLE",0,0,0433,0,0,07241d9,acc4acc4,c,8
698,698,0,001cb25,3,1,4,0,0,0333,0322,0,1,1,0000,00e92cf0,00000000000000000000000000000000,03330433043304230423042204120411,0,"B_IDLE",0,0,0433,0,0,07241d9,acc4acc4,c,8
699,699,0,001cb25,1,1,3,1,1,0333,0322,0,1,1,0000,00e92cf0,00000000000000000000000000000000,03330433043304230423042204120411,0,"B_IDLE",0,0,0433,0,0,07241d9,acc4acc4,c,8
700,700,0,001cb25,1,1,3,1,1,0333,0322,0,1,1,0000,00e92cf0,00000000000000000000000000000000,03330433043304230423042204120411,0,"B_IDLE",0,0,0433,0,0,07241d9,acc4acc4,c,8
701,701,0,001cb25,1,1,1,1,1,0333,0322,0,1,1,0000,00e92cf0,00000000000000000000000000000000,03330433043304230423042204120411,0,"B_IDLE",0,0,0433,0,0,07241d9,acc4acc4,c,8
702,702,0,001cb25,1,1,4,1,1,0333,0322,0,1,1,0000,00e92cf0,00000000000000000000000000000000,03330433043304230423042204120411,0,"B_IDLE",0,0,0433,0,0,07241d9,acc4acc4,c,8
703,703,0,001cb25,1,1,3,1,1,0333,0322,0,1,1,0000,00e92cf0,00000000000000000000000000000000,03330433043304230423042204120411,0,"B_IDLE",0,0,0433,0,0,07241d9,acc4acc4,c,8
704,704,0,001cb25,1,1,3,1,1,0333,0322,0,1,1,0000,00e92cf0,00000000000000000000000000000000,03330433043304230423042204120411,0,"B_IDLE",0,0,0433,0,0,07241d9,acc4acc4,c,8
705,705,0,001cb25,1,1,1,1,1,0333,0322,0,1,1,0000,00e92cf0,00000000000000000000000000000000,03330433043304230423042204120411,0,"B_IDLE",0,0,0433,0,0,07241d9,acc4acc4,c,8
706,706,0,001cb25,1,1,4,1,1,0333,0322,0,1,1,0000,00e92cf0,00000000000000000000000000000000,03330433043304230423042204120411,0,"B_IDLE",0,0,0433,0,0,07241d9,acc4acc4,c,8
707,707,0,001cb25,1,1,3,1,1,0333,0322,0,1,1,0000,00e92cf0,00000000000000000000000000000000,03330433043304230423042204120411,0,"B_IDLE",0,0,0433,0,0,07241d9,acc4acc4,c,8
708,708,0,001cb25,1,1,3,1,1,0333,0322,0,1,1,0000,00e92cf0,00000000000000000000000000000000,03330433043304230423042204120411,0,"B_IDLE",0,0,0433,0,0,07241d9,acc4acc4,c,8
709,709,0,001cb25,1,1,1,1,1,0333,0322,0,1,1,0000,00e92cf0,00000000000000000000000000000000,03330433043304230423042204120411,0,"B_IDLE",0,0,0433,0,0,07241d9,acc4acc4,c,8
710,710,0,001cb25,1,1,4,1,1,0333,0322,0,1,1,0000,00e92cf0,00000000000000000000000000000000,03330433043304230423042204120411,0,"B_IDLE",0,0,0433,0,0,07241d9,acc4acc4,c,8
711,711,0,001cb25,1,1,3,1,1,0333,0322,0,1,1,0000,00e92cf0,00000000000000000000000000000000,03330433043304230423042204120411,0,"B_IDLE",0,0,0433,0,0,07241d9,acc4acc4,c,8
712,712,0,001cb25,1,1,3,1,1,0333,0322,0,1,1,0000,00e92cf0,00000000000000000000000000000000,03330433043304230423042204120411,0,"B_IDLE",0,0,0433,0,0,07241d9,acc4acc4,c,8
713,713,0,001cb25,1,1,1,1,1,0333,0322,0,1,1,0000,00e92cf0,00000000000000000000000000000000,03330433043304230423042204120411,0,"B_IDLE",0,0,0433,0,0,07241d9,acc4acc4,c,8
714,714,0,001cb25,1,1,4,1,1,0333,0322,0,1,1,0000,00e92cf0,00000000000000000000000000000000,03330433043304230423042204120411,0,"B_IDLE",0,0,0433,0,0,07241d9,acc4acc4,c,8
715,715,0,001cb25,1,1,3,1,1,0333,0322,0,1,1,0000,00e92cf0,00000000000000000000000000000000,03330433043304230423042204120411,0,"B_IDLE",0,0,0433,0,0,07241d9,acc4acc4,c,8
716,716,0,001cb25,1,1,3,1,1,0333,0322,0,1,1,0000,00e92cf0,00000000000000000000000000000000,03330433043304230423042204120411,0,"B_IDLE",0,0,0433,0,0,07241d9,acc4acc4,c,8
717,717,0,001cb25,1,1,1,1,1,0333,0322,0,1,1,0000,00e92cf0,00000000000000000000000000000000,03330433043304230423042204120411,0,"B_IDLE",0,0,0433,0,0,07241d9,acc4acc4,c,8
718,718,0,001cb25,1,1,4,1,1,0333,0322,0,1,1,0000,00e92cf0,00000000000000000000000000000000,03330433043304230423042204120411,0,"B_IDLE",0,0,0433,0,0,07241d9,acc4acc4,c,8
719,719,0,001cb25,1,1,3,1,1,0333,0322,0,1,1,0000,00e92cf0,00000000000000000000000000000000,03330433043304230423042204120411,0,"B_IDLE",0,0,0433,0,0,07241d9,acc4acc4,c,8
720,720,0,001cb25,1,1,3,1,1,0333,0322,0,1,1,0000,00e92cf0,00000000000000000000000000000000,03330433043304230423042204120411,0,"B_IDLE",0,0,0433,0,0,07241d9,acc4acc4,c,8
721,721,0,001cb25,1,1,1,1,1,0333,0322,0,1,1,0000,00e92cf0,00000000000000000000000000000000,03330433043304230423042204120411,0,"B_IDLE",0,0,0433,0,0,07241d9,acc4acc4,c,8
722,722,0,001cb25,1,1,4,1,1,0333,0322,0,1,1,0000,00e92cf0,00000000000000000000000000000000,03330433043304230423042204120411,0,"B_IDLE",0,0,0433,0,0,07241d9,acc4acc4,c,8
723,723,0,001cb25,1,1,3,1,1,0333,0322,0,1,1,0000,00e92cf0,00000000000000000000000000000000,03330433043304230423042204120411,0,"B_IDLE",0,0,0433,0,0,07241d9,acc4acc4,c,8
724,724,0,001cb25,1,1,3,1,1,0333,0322,0,1,1,0000,00e92cf0,00000000000000000000000000000000,03330433043304230423042204120411,0,"B_IDLE",0,0,0433,0,0,07241d9,acc4acc4,c,8
725,725,0,001cb25,1,1,1,1,1,0333,0322,0,1,1,0000,00e92cf0,00000000000000000000000000000000,03330433043304230423042204120411,0,"B_IDLE",0,0,0433,0,0,07241d9,acc4acc4,c,8
726,726,0,001cb25,1,1,4,1,1,0333,0322,0,1,1,0000,00e92cf0,00000000000000000000000000000000,03330433043304230423042204120411,0,"B_IDLE",0,0,0433,0,0,07241d9,acc4acc4,c,8
727,727,0,001cb25,1,1,3,1,1,0333,0322,0,1,1,0000,00e92cf0,00000000000000000000000000000000,03330433043304230423042204120411,0,"B_IDLE",0,0,0433,0,0,07241d9,acc4acc4,c,8
728,728,0,001cb25,1,1,3,1,1,0333,0322,0,1,1,0000,00e92cf0,00000000000000000000000000000000,03330433043304230423042204120411,0,"B_IDLE",0,0,0433,0,0,07241d9,acc4acc4,c,8
729,729,0,001cb25,1,1,1,1,1,0333,0322,0,1,1,0000,00e92cf0,00000000000000000000000000000000,03330433043304230423042204120411,0,"B_IDLE",0,0,0433,0,0,07241d9,acc4acc4,c,8
730,730,0,001cb25,1,1,4,1,1,0333,0322,0,1,1,0000,00e92cf0,00000000000000000000000000000000,03330433043304230423042204120411,0,"B_IDLE",0,0,0433,0,0,07241d9,acc4acc4,c,8
731,731,0,001cb25,1,1,3,1,1,0333,0322,0,1,1,0000,00e92cf0,00000000000000000000000000000000,03330433043304230423042204120411,0,"B_IDLE",0,0,0433,0,0,07241d9,acc4acc4,c,8
732,732,0,001cb25,1,1,3,1,1,0333,0322,0,1,1,0000,00e92cf0,00000000000000000000000000000000,03330433043304230423042204120411,0,"B_IDLE",0,0,0433,0,0,07241d9,acc4acc4,c,8
733,733,0,001cb25,1,1,1,1,1,0333,0322,0,1,1,0000,00e92cf0,00000000000000000000000000000000,03330433043304230423042204120411,0,"B_IDLE",0,0,0433,0,0,07241d9,acc4acc4,c,8
734,734,0,001cb25,1,1,4,1,1,0333,0322,0,1,1,0000,00e92cf0,00000000000000000000000000000000,03330433043304230423042204120411,0,"B_IDLE",0,0,0433,0,0,07241d9,acc4acc4,c,8
735,735,0,001cb25,1,1,3,1,1,0333,0322,0,1,1,0000,00e92cf0,00000000000000000000000000000000,03330433043304230423042204120411,0,"B_IDLE",0,0,0433,0,0,07241d9,acc4acc4,c,8
736,736,0,001cb25,1,1,3,1,1,0333,0322,0,1,1,0000,00e92cf0,00000000000000000000000000000000,03330433043304230423042204120411,0,"B_IDLE",0,0,0433,0,0,07241d9,acc4acc4,c,8
737,737,0,001cb25,1,1,1,1,1,0333,0322,0,1,1,0000,00e92cf0,00000000000000000000000000000000,03330433043304230423042204120411,0,"B_IDLE",0,0,0433,0,0,07241d9,acc4acc4,c,8
738,738,0,001cb25,1,1,4,1,1,0333,0322,0,1,1,0000,00e92cf0,00000000000000000000000000000000,03330433043304230423042204120411,0,"B_IDLE",0,0,0433,0,0,07241d9,acc4acc4,c,8
739,739,0,001cb25,1,1,3,1,1,0333,0322,0,1,1,0000,00e92cf0,00000000000000000000000000000000,03330433043304230423042204120411,0,"B_IDLE",0,0,0433,0,0,07241d9,acc4acc4,c,8
740,740,0,001cb25,1,1,3,1,1,0333,0322,0,1,1,0000,00e92cf0,00000000000000000000000000000000,03330433043304230423042204120411,0,"B_IDLE",0,0,0433,0,0,07241d9,acc4acc4,c,8
741,741,0,001cb25,1,1,1,1,1,0333,0322,0,1,1,0000,00e92cf0,00000000000000000000000000000000,03330433043304230423042204120411,0,"B_IDLE",0,0,0433,0,0,07241d9,acc4acc4,c,8
742,742,0,001cb25,1,1,4,1,1,0333,0322,0,1,1,0000,00e92cf0,00000000000000000000000000000000,03330433043304230423042204120411,0,"B_IDLE",0,0,0433,0,0,07241d9,acc4acc4,c,8
743,743,0,001cb25,1,1,3,1,1,0333,0322,0,1,1,0000,00e92cf0,00000000000000000000000000000000,03330433043304230423042204120411,0,"B_IDLE",0,0,0433,0,0,07241d9,acc4acc4,c,8
744,744,0,001cb25,1,1,3,1,1,0333,0322,0,1,1,0000,00e92cf0,00000000000000000000000000000000,03330433043304230423042204120411,0,"B_IDLE",0,0,0433,0,0,07241d9,acc4acc4,c,8
745,745,0,001cb25,1,1,1,1,1,0333,0322,0,1,1,0000,00e92cf0,00000000000000000000000000000000,03330433043304230423042204120411,0,"B_IDLE",0,0,0433,0,0,07241d9,acc4acc4,c,8
746,746,0,001cb25,1,1,4,1,1,0333,0322,0,1,1,0000,00e92cf0,00000000000000000000000000000000,03330433043304230423042204120411,0,"B_IDLE",0,0,0433,0,0,07241d9,acc4acc4,c,8
747,747,0,001cb25,1,1,3,1,1,0333,0322,0,1,1,0000,00e92cf0,00000000000000000000000000000000,03330433043304230423042204120411,0,"B_IDLE",0,0,0433,0,0,07241d9,acc4acc4,c,8
748,748,0,001cb25,1,1,3,1,1,0333,0322,0,1,1,0000,00e92cf0,00000000000000000000000000000000,03330433043304230423042204120411,0,"B_IDLE",0,0,0433,0,0,07241d9,acc4acc4,c,8
749,749,0,001cb25,1,1,1,1,1,0333,0322,0,1,1,0000,00e92cf0,00000000000000000000000000000000,03330433043304230423042204120411,0,"B_IDLE",0,0,0433,0,0,07241d9,acc4acc4,c,8
750,750,0,001cb25,1,1,4,1,1,0333,0322,0,1,1,0000,00e92cf0,00000000000000000000000000000000,03330433043304230423042204120411,0,"B_IDLE",0,0,0433,0,0,07241d9,acc4acc4,c,8
751,751,0,001cb25,1,1,3,1,1,0333,0322,0,1,1,0000,00e92cf0,00000000000000000000000000000000,03330433043304230423042204120411,0,"B_IDLE",0,0,0433,0,0,07241d9,acc4acc4,c,8
752,752,0,001cb25,1,1,3,1,1,0333,0322,0,1,1,0000,00e92cf0,00000000000000000000000000000000,03330433043304230423042204120411,0,"B_IDLE",0,0,0433,0,0,07241d9,acc4acc4,c,8
753,753,0,001cb25,1,1,1,1,1,0333,0322,0,1,1,0000,00e92cf0,00000000000000000000000000000000,03330433043304230423042204120411,0,"B_IDLE",0,0,0433,0,0,07241d9,acc4acc4,c,8
754,754,0,001cb25,1,1,4,1,1,0333,0322,0,1,1,0000,00e92cf0,00000000000000000000000000000000,03330433043304230423042204120411,0,"B_IDLE",0,0,0433,0,0,07241d9,acc4acc4,c,8
755,755,0,001cb25,1,1,3,1,1,0333,0322,0,1,1,0000,00e92cf0,00000000000000000000000000000000,03330433043304230423042204120411,0,"B_IDLE",0,0,0433,0,0,07241d9,acc4acc4,c,8
756,756,0,001cb25,1,1,3,1,1,0333,0322,0,1,1,0000,00e92cf0,00000000000000000000000000000000,03330433043304230423042204120411,0,"B_IDLE",0,0,0433,0,0,07241d9,acc4acc4,c,8
757,757,0,001cb25,1,1,1,1,1,0333,0322,0,1,1,0000,00e92cf0,00000000000000000000000000000000,03330433043304230423042204120411,0,"B_IDLE",0,0,0433,0,0,07241d9,acc4acc4,c,8
758,758,0,001cb25,1,1,4,1,1,0333,0322,0,1,1,0000,00e92cf0,00000000000000000000000000000000,03330433043304230423042204120411,0,"B_IDLE",0,0,0433,0,0,07241d9,acc4acc4,c,8
759,759,0,001cb25,1,1,3,1,1,0333,0322,0,1,1,0000,00e92cf0,00000000000000000000000000000000,03330433043304230423042204120411,0,"B_IDLE",0,0,0433,0,0,07241d9,acc4acc4,c,8
760,760,0,001cb25,1,1,3,1,1,0333,0322,0,1,1,0000,00e92cf0,00000000000000000000000000000000,03330433043304230423042204120411,0,"B_IDLE",0,0,0433,0,0,07241d9,acc4acc4,c,8
761,761,0,001cb25,1,1,1,1,1,0333,0322,0,1,1,0000,00e92cf0,00000000000000000000000000000000,03330433043304230423042204120411,0,"B_IDLE",0,0,0433,0,0,07241d9,acc4acc4,c,8
762,762,0,001cb25,1,1,4,1,1,0333,0322,0,1,1,0000,00e92cf0,00000000000000000000000000000000,03330433043304230423042204120411,0,"B_IDLE",0,0,0433,0,0,07241d9,acc4acc4,c,8
763,763,0,074967a,2,1,3,0,0,0333,0322,0,1,1,0000,00e92cf0,00000000000000000000000000000000,03330433043304230423042204120411,0,"B_IDLE",0,0,0433,0,0,07241d9,acc4acc4,c,8
764,764,0,074967a,2,1,3,0,0,0333,0322,0,1,1,0000,00e92cf0,00000000000000000000000000000000,03330433043304230423042204120411,0,"B_IDLE",0,0,0433,0,0,07241d9,acc4acc4,c,8
765,765,0,074967a,2,1,1,0,0,0333,0322,0,1,1,0000,00e92cf0,00000000000000000000000000000000,03330433043304230423042204120411,0,"B_IDLE",0,0,0433,0,0,07241d9,acc4acc4,c,8
766,766,0,074967a,2,0,0,0,0,0333,0322,0,1,1,0000,00e92cf0,00000000000000000000000000000000,03330433043304230423042204120411,0,"B_IDLE",0,0,0433,0,0,07241d9,acc4acc4,c,8
767,767,0,074967a,2,0,0,0,0,0333,0322,0,1,1,0000,00e92cf0,00000000000000000000000000000000,03330433043304230423042204120411,0,"B_IDLE",0,0,0433,0,0,07241d9,acc4acc4,c,8
768,768,0,074967a,2,0,0,0,0,0333,0322,0,1,1,0000,00e92cf0,00000000000000000000000000000000,03330433043304230423042204120411,0,"B_IDLE",0,0,0433,0,0,07241d9,acc4acc4,c,8
769,769,0,074967a,2,0,0,0,0,0333,0422,1,1,1,0000,00e92cf0,00000000000000000000000000000000,03330433043304230423042204120411,0,"B_IDLE",0,0,0433,0,0,07241d9,acc4acc4,c,8
770,770,0,074967a,2,0,4,0,0,0333,0422,1,1,1,0000,00e92cf0,00000000000000000000000000000000,03330433043304230423042204120411,0,"B_IDLE",0,0,0433,0,0,07241d9,acc4acc4,c,8
771,771,0,074967a,1,1,3,1,1,0333,0422,1,1,1,0000,00e92cf0,00000000000000000000000000000000,03330433043304230423042204120411,0,"B_IDLE",0,0,0433,0,0,07241d9,acc4acc4,c,8
772,772,0,074967a,1,1,3,1,1,0333,0422,0,1,1,0000,00e92cf0,00000000000000000000000000000000,03330433043304230423042204120411,0,"B_IDLE",0,0,0433,0,0,07241d9,acc4acc4,c,8
773,773,0,074967a,1,1,1,1,1,0333,0422,0,1,1,0000,00e92cf0,00000000000000000000000000000000,03330433043304230423042204120411,0,"B_IDLE",0,0,0433,0,0,07241d9,acc4acc4,c,8
774,774,0,074967a,1,1,4,1,1,0333,0422,0,1,1,0000,00e92cf0,00000000000000000000000000000000,03330433043304230423042204120411,0,"B_IDLE",0,0,0433,0,0,07241d9,acc4acc4,c,8
775,775,0,074967a,1,1,3,1,1,0333,0422,0,1,1,0000,00e92cf0,00000000000000000000000000000000,03330433043304230423042204120411,0,"B_IDLE",0,0,0433,0,0,07241d9,acc4acc4,c,8
776,776,0,074967a,1,1,3,1,1,0333,0422,0,1,1,0000,00e92cf0,00000000000000000000000000000000,03330433043304230423042204120411,0,"B_IDLE",0,0,0433,0,0,07241d9,acc4acc4,c,8
777,777,0,074967a,1,1,1,1,1,0333,0422,0,1,1,0000,00e92cf0,00000000000000000000000000000000,03330433043304230423042204120411,0,"B_IDLE",0,0,0433,0,0,07241d9,acc4acc4,c,8
778,778,0,074967a,1,1,4,1,1,0333,0422,0,1,1,0000,00e92cf0,00000000000000000000000000000000,03330433043304230423042204120411,0,"B_IDLE",0,0,0433,0,0,07241d9,acc4acc4,c,8
779,779,0,074967a,1,1,3,1,1,0333,0422,0,1,1,0000,00e92cf0,00000000000000000000000000000000,03330433043304230423042204120411,0,"B_IDLE",0,0,0433,0,0,07241d9,acc4acc4,c,8
780,780,0,074967a,1,1,3,1,1,0333,0422,0,1,1,0000,00e92cf0,00000000000000000000000000000000,03330433043304230423042204120411,0,"B_IDLE",0,0,0433,0,0,07241d9,acc4acc4,c,8
781,781,0,074967a,1,1,1,1,1,0333,0422,0,1,1,0000,00e92cf0,00000000000000000000000000000000,03330433043304230423042204120411,0,"B_IDLE",0,0,0433,0,0,07241d9,acc4acc4,c,8
782,782,0,074967a,1,1,4,1,1,0333,0422,0,1,1,0000,00e92cf0,00000000000000000000000000000000,03330433043304230423042204120411,0,"B_IDLE",0,0,0433,0,0,07241d9,acc4acc4,c,8
783,783,0,074967a,1,1,3,1,1,0333,0422,0,1,1,0000,00e92cf0,00000000000000000000000000000000,03330433043304230423042204120411,0,"B_IDLE",0,0,0433,0,0,07241d9,acc4acc4,c,8
784,784,0,074967a,1,1,3,1,1,0333,0422,0,1,1,0000,00e92cf0,00000000000000000000000000000000,03330433043304230423042204120411,0,"B_IDLE",0,0,0433,0,0,07241d9,acc4acc4,c,8
785,785,0,074967a,1,1,1,1,1,0333,0422,0,1,1,0000,00e92cf0,00000000000000000000000000000000,03330433043304230423042204120411,0,"B_IDLE",0,0,0433,0,0,07241d9,acc4acc4,c,8
786,786,0,074967a,1,1,4,1,1,0333,0422,0,1,1,0000,00e92cf0,00000000000000000000000000000000,03330433043304230423042204120411,0,"B_IDLE",0,0,0433,0,0,07241d9,acc4acc4,c,8
787,787,0,074967a,1,1,3,1,1,0333,0422,0,1,1,0000,00e92cf0,00000000000000000000000000000000,03330433043304230423042204120411,0,"B_IDLE",0,0,0433,0,0,07241d9,acc4acc4,c,8
788,788,0,074967a,1,1,3,1,1,0333,0422,0,1,1,0000,00e92cf0,00000000000000000000000000000000,03330433043304230423042204120411,0,"B_IDLE",0,0,0433,0,0,07241d9,acc4acc4,c,8
789,789,0,074967a,1,1,1,1,1,0333,0422,0,1,1,0000,00e92cf0,00000000000000000000000000000000,03330433043304230423042204120411,0,"B_IDLE",0,0,0433,0,0,07241d9,acc4acc4,c,8
790,790,0,074967a,1,1,4,1,1,0333,0422,0,1,1,0000,00e92cf0,00000000000000000000000000000000,03330433043304230423042204120411,0,"B_IDLE",0,0,0433,0,0,07241d9,acc4acc4,c,8
791,791,0,074967a,1,1,3,1,1,0333,0422,0,1,1,0000,00e92cf0,00000000000000000000000000000000,03330433043304230423042204120411,0,"B_IDLE",0,0,0433,0,0,07241d9,acc4acc4,c,8
792,792,0,074967a,1,1,3,1,1,0333,0422,0,1,1,0000,00e92cf0,00000000000000000000000000000000,03330433043304230423042204120411,0,"B_IDLE",0,0,0433,0,0,07241d9,acc4acc4,c,8
793,793,0,074967a,1,1,1,1,1,0333,0422,0,1,1,0000,00e92cf0,00000000000000000000000000000000,03330433043304230423042204120411,0,"B_IDLE",0,0,0433,0,0,07241d9,acc4acc4,c,8
794,794,0,074967a,1,1,4,1,1,0333,0422,0,1,1,0000,00e92cf0,00000000000000000000000000000000,03330433043304230423042204120411,0,"B_IDLE",0,0,0433,0,0,07241d9,acc4acc4,c,8
795,795,0,074967a,1,1,3,1,1,0333,0422,0,1,1,0000,00e92cf0,00000000000000000000000000000000,03330433043304230423042204120411,0,"B_IDLE",0,0,0433,0,0,07241d9,acc4acc4,c,8
796,796,0,074967a,1,1,3,1,1,0333,0422,0,1,1,0000,00e92cf0,00000000000000000000000000000000,03330433043304230423042204120411,0,"B_IDLE",0,0,0433,0,0,07241d9,acc4acc4,c,8
797,797,0,074967a,1,1,1,1,1,0333,0422,0,1,1,0000,00e92cf0,00000000000000000000000000000000,03330433043304230423042204120411,0,"B_IDLE",0,0,0433,0,0,07241d9,acc4acc4,c,8
798,798,0,074967a,1,1,4,1,1,0333,0422,0,1,1,0000,00e92cf0,00000000000000000000000000000000,03330433043304230423042204120411,0,"B_IDLE",0,0,0433,0,0,07241d9,acc4acc4,c,8
799,799,0,074967a,1,1,3,1,1,0333,0422,0,1,1,0000,00e92cf0,00000000000000000000000000000000,03330433043304230423042204120411,0,"B_IDLE",0,0,0433,0,0,07241d9,acc4acc4,c,8
800,800,0,074967a,1,1,3,1,1,0333,0422,0,1,1,0000,00e92cf0,00000000000000000000000000000000,03330433043304230423042204120411,0,"B_IDLE",0,0,0433,0,0,07241d9,acc4acc4,c,8
801,801,0,074967a,1,1,1,1,1,0333,0422,0,1,1,0000,00e92cf0,00000000000000000000000000000000,03330433043304230423042204120411,0,"B_IDLE",0,0,0433,0,0,07241d9,acc4acc4,c,8
802,802,0,074967a,1,1,4,1,1,0333,0422,0,1,1,0000,00e92cf0,00000000000000000000000000000000,03330433043304230423042204120411,0,"B_IDLE",0,0,0433,0,0,07241d9,acc4acc4,c,8
803,803,0,074967a,1,1,3,1,1,0333,0422,0,1,1,0000,00e92cf0,00000000000000000000000000000000,03330433043304230423042204120411,0,"B_IDLE",0,0,0433,0,0,07241d9,acc4acc4,c,8
804,804,0,074967a,1,1,3,1,1,0333,0422,0,1,1,0000,00e92cf0,00000000000000000000000000000000,03330433043304230423042204120411,0,"B_IDLE",0,0,0433,0,0,07241d9,acc4acc4,c,8
805,805,0,074967a,1,1,1,1,1,0333,0422,0,1,1,0000,00e92cf0,00000000000000000000000000000000,03330433043304230423042204120411,0,"B_IDLE",0,0,0433,0,0,07241d9,acc4acc4,c,8
806,806,0,074967a,1,1,4,1,1,0333,0422,0,1,1,0000,00e92cf0,00000000000000000000000000000000,03330433043304230423042204120411,0,"B_IDLE",0,0,0433,0,0,07241d9,acc4acc4,c,8
807,807,0,074967a,1,1,3,1,1,0333,0422,0,1,1,0000,00e92cf0,00000000000000000000000000000000,03330433043304230423042204120411,0,"B_IDLE",0,0,0433,0,0,07241d9,acc4acc4,c,8
808,808,0,074967a,1,1,3,1,1,0333,0422,0,1,1,0000,00e92cf0,00000000000000000000000000000000,03330433043304230423042204120411,0,"B_IDLE",0,0,0433,0,0,07241d9,acc4acc4,c,8
809,809,0,074967a,1,1,1,1,1,0333,0422,0,1,1,0000,00e92cf0,00000000000000000000000000000000,03330433043304230423042204120411,0,"B_IDLE",0,0,0433,0,0,07241d9,acc4acc4,c,8
810,810,0,074967a,1,1,4,1,1,0333,0422,0,1,1,0000,00e92cf0,00000000000000000000000000000000,03330433043304230423042204120411,0,"B_IDLE",0,0,0433,0,0,07241d9,acc4acc4,c,8
811,811,0,074967a,1,1,3,1,1,0333,0422,0,1,1,0000,00e92cf0,00000000000000000000000000000000,03330433043304230423042204120411,0,"B_IDLE",0,0,0433,0,0,07241d9,acc4acc4,c,8
812,812,0,074967a,1,1,3,1,1,0333,0422,0,1,1,0000,00e92cf0,00000000000000000000000000000000,03330433043304230423042204120411,0,"B_IDLE",0,0,0433,0,0,07241d9,acc4acc4,c,8
813,813,0,074967a,1,1,1,1,1,0333,0422,0,1,1,0000,00e92cf0,00000000000000000000000000000000,03330433043304230423042204120411,0,"B_IDLE",0,0,0433,0,0,07241d9,acc4acc4,c,8
814,814,0,074967a,1,1,4,1,1,0333,0422,0,1,1,0000,00e92cf0,00000000000000000000000000000000,03330433043304230423042204120411,0,"B_IDLE",0,0,0433,0,0,07241d9,acc4acc4,c,8
815,815,0,001ca03,3,1,3,0,0,0422,0422,0,1,1,0000,00e92cf0,00000000000000000000000000000000,03330433043304230423042204120411,0,"B_IDLE",0,0,0433,0,0,07241d9,acc4acc4,c,8
816,816,0,001ca03,3,1,3,0,0,0422,0423,0,1,1,0000,00e92cf0,00000000000000000000000000000000,03330433043304230423042204120411,0,"B_IDLE",0,0,0433,0,0,07241d9,acc4acc4,c,8
817,817,0,001ca03,3,1,1,0,0,0422,0423,0,1,1,0000,00e92cf0,00000000000000000000000000000000,03330433043304230423042204120411,0,"B_IDLE",0,0,0433,0,0,07241d9,acc4acc4,c,8
818,818,0,001ca03,3,1,0,0,0,0422,0423,0,1,1,0000,00e92cf0,00000000000000000000000000000000,03330433043304230423042204120411,0,"B_IDLE",0,0,0433,0,0,07241d9,acc4acc4,c,8
819,819,0,001ca03,3,1,0,0,0,0422,0423,0,1,1,0000,00e92cf0,00000000000000000000000000000000,03330433043304230423042204120411,0,"B_IDLE",0,0,0433,0,0,07241d9,acc4acc4,c,8
820,820,0,001ca03,3,1,0,0,0,0422,0423,0,1,1,0000,00e92cf0,00000000000000000000000000000000,03330433043304230423042204120411,0,"B_IDLE",0,0,0433,0,0,07241d9,acc4acc4,c,8
821,821,0,001ca03,3,1,0,0,0,0422,0423,0,1,1,0000,00e92cf0,00000000000000000000000000000000,03330433043304230423042204120411,0,"B_IDLE",0,0,0433,0,0,07241d9,acc4acc4,c,8
822,822,0,001ca03,3,1,0,0,0,0422,0423,0,1,1,0000,00e92cf0,00000000000000000000000000000000,03330433043304230423042204120411,0,"B_IDLE",0,0,0433,0,0,07241d9,acc4acc4,c,8
823,823,0,001ca03,3,1,0,0,0,0422,0423,0,1,1,0000,00e92cf0,00000000000000000000000000000000,03330433043304230423042204120411,0,"B_IDLE",0,0,0433,0,0,07241d9,acc4acc4,c,8
824,824,0,001ca03,3,1,0,0,0,0422,0423,0,1,1,0000,00e92cf0,00000000000000000000000000000000,03330433043304230423042204120411,0,"B_IDLE",0,0,0433,0,0,07241d9,acc4acc4,c,8
825,825,0,001ca03,3,1,0,0,0,0422,0423,0,1,1,0000,00e92cf0,00000000000000000000000000000000,03330433043304230423042204120411,0,"B_IDLE",0,0,0433,0,0,07241d9,acc4acc4,c,8
826,826,0,001ca03,3,1,0,0,0,0422,0423,0,1,1,0000,00e92cf0,00000000000000000000000000000000,03330433043304230423042204120411,0,"B_IDLE",0,0,0433,0,0,07241d9,acc4acc4,c,8
827,827,0,001ca03,3,1,0,0,0,0422,0423,0,1,1,0000,00e92cf0,00000000000000000000000000000000,03330433043304230423042204120411,0,"B_IDLE",0,0,0433,0,0,07241d9,acc4acc4,c,8
828,828,0,001ca03,3,1,0,0,0,0422,0423,0,1,1,0000,00e92cf0,00000000000000000000000000000000,03330433043304230423042204120411,0,"B_IDLE",0,0,0433,0,0,07241d9,acc4acc4,c,8
829,829,0,001ca03,3,1,0,0,0,0422,0423,0,1,1,0000,00e92cf0,00000000000000000000000000000000,03330433043304230423042204120411,0,"B_IDLE",0,0,0433,0,0,07241d9,acc4acc4,c,8
830,830,0,001ca03,3,1,0,0,0,0422,0423,0,1,1,0000,00e92cf0,00000000000000000000000000000000,03330433043304230423042204120411,0,"B_IDLE",0,0,0433,0,0,07241d9,acc4acc4,c,8
831,831,0,001ca03,3,1,0,0,0,0422,0423,0,1,1,0000,00e92cf0,00000000000000000000000000000000,03330433043304230423042204120411,0,"B_IDLE",0,0,0433,0,0,07241d9,acc4acc4,c,8
832,832,0,001ca03,3,1,0,0,0,0422,0423,0,1,1,0000,00e92cf0,00000000000000000000000000000000,03330433043304230423042204120411,0,"B_IDLE",0,0,0433,0,0,07241d9,acc4acc4,c,8
833,833,0,001ca03,3,1,0,0,0,0422,0423,0,1,1,0000,00e92cf0,00000000000000000000000000000000,03330433043304230423042204120411,0,"B_IDLE",0,0,0433,0,0,07241d9,acc4acc4,c,8
834,834,0,001ca03,3,1,0,0,0,0422,0423,0,1,1,0000,00e92cf0,00000000000000000000000000000000,03330433043304230423042204120411,0,"B_IDLE",0,0,0433,0,0,07241d9,acc4acc4,c,8
835,835,0,001ca03,3,1,0,0,0,0422,0423,0,1,1,0000,00e92cf0,00000000000000000000000000000000,03330433043304230423042204120411,0,"B_IDLE",0,0,0433,0,0,07241d9,acc4acc4,c,8
836,836,0,001ca03,3,1,0,0,0,0422,0423,0,1,1,0000,00e92cf0,00000000000000000000000000000000,03330433043304230423042204120411,0,"B_IDLE",0,0,0433,0,0,07241d9,acc4acc4,c,8
837,837,0,001ca03,3,1,0,0,0,0422,0423,0,1,1,0000,00e92cf0,00000000000000000000000000000000,03330433043304230423042204120411,0,"B_IDLE",0,0,0433,0,0,07241d9,acc4acc4,c,8
838,838,0,001ca03,3,1,0,0,0,0422,0423,0,1,1,0000,00e92cf0,00000000000000000000000000000000,03330433043304230423042204120411,0,"B_IDLE",0,0,0433,0,0,07241d9,acc4acc4,c,8
839,839,0,001ca03,3,1,0,0,0,0422,0423,0,1,1,0000,00e92cf0,00000000000000000000000000000000,03330433043304230423042204120411,0,"B_IDLE",0,0,0433,0,0,07241d9,acc4acc4,c,8
840,840,0,001ca03,3,1,0,0,0,0422,0423,0,1,1,0000,00e92cf0,00000000000000000000000000000000,03330433043304230423042204120411,0,"B_IDLE",0,0,0433,0,0,07241d9,acc4acc4,c,8
841,841,0,001ca03,3,1,0,0,0,0422,0423,0,1,1,0000,00e92cf0,00000000000000000000000000000000,03330433043304230423042204120411,0,"B_IDLE",0,0,0433,0,0,07241d9,acc4acc4,c,8
842,842,0,001ca03,3,1,0,0,0,0422,0423,0,1,1,0000,00e92cf0,00000000000000000000000000000000,03330433043304230423042204120411,0,"B_IDLE",0,0,0433,0,0,07241d9,acc4acc4,c,8
843,843,0,001ca03,3,1,0,0,0,0422,0423,0,1,1,0000,00e92cf0,00000000000000000000000000000000,03330433043304230423042204120411,0,"B_IDLE",0,0,0433,0,0,07241d9,acc4acc4,c,8
844,844,0,001ca03,3,1,0,0,0,0422,0423,0,1,1,0000,00e92cf0,00000000000000000000000000000000,03330433043304230423042204120411,0,"B_IDLE",0,0,0433,0,0,07241d9,acc4acc4,c,8
845,845,0,001ca03,3,1,0,0,0,0422,0423,0,1,1,0000,00e92cf0,00000000000000000000000000000000,03330433043304230423042204120411,0,"B_IDLE",0,0,0433,0,0,07241d9,acc4acc4,c,8
846,846,0,001ca03,3,1,0,0,0,0422,0423,0,1,1,0000,00e92cf0,00000000000000000000000000000000,03330433043304230423042204120411,0,"B_IDLE",0,0,0433,0,0,07241d9,acc4acc4,c,8
847,847,0,001ca03,3,1,0,0,0,0422,0423,0,1,1,0000,00e92cf0,00000000000000000000000000000000,03330433043304230423042204120411,0,"B_IDLE",0,0,0433,0,0,07241d9,acc4acc4,c,8
848,848,0,001ca03,3,1,0,0,0,0422,0423,0,1,1,0000,00e92cf0,00000000000000000000000000000000,03330433043304230423042204120411,0,"B_IDLE",0,0,0433,0,0,07241d9,acc4acc4,c,8
849,849,0,001ca03,3,1,0,0,0,0422,0423,0,1,1,0000,00e92cf0,00000000000000000000000000000000,03330433043304230423042204120411,0,"B_IDLE",0,0,0433,0,0,07241d9,acc4acc4,c,8
850,850,0,001ca03,3,1,0,0,0,0422,0423,0,1,1,0000,00e92cf0,00000000000000000000000000000000,03330433043304230423042204120411,0,"B_IDLE",0,0,0433,0,0,07241d9,acc4acc4,c,8
851,851,0,001ca03,3,1,0,0,0,0422,0423,0,1,1,0000,00e92cf0,00000000000000000000000000000000,03330433043304230423042204120411,0,"B_IDLE",0,0,0433,0,0,07241d9,acc4acc4,c,8
852,852,0,001ca03,3,1,0,0,0,0422,0423,0,1,1,0000,00e92cf0,00000000000000000000000000000000,03330433043304230423042204120411,0,"B_IDLE",0,0,0433,0,0,07241d9,acc4acc4,c,8
853,853,0,001ca03,3,1,0,0,0,0422,0423,0,1,1,0000,00e92cf0,00000000000000000000000000000000,03330433043304230423042204120411,0,"B_IDLE",0,0,0433,0,0,07241d9,acc4acc4,c,8
854,854,0,001ca03,3,1,0,0,0,0422,0423,0,1,1,0000,00e92cf0,00000000000000000000000000000000,03330433043304230423042204120411,0,"B_IDLE",0,0,0433,0,0,07241d9,acc4acc4,c,8
855,855,0,001ca03,3,1,0,0,0,0422,0423,0,1,1,0000,00e92cf0,00000000000000000000000000000000,03330433043304230423042204120411,0,"B_IDLE",0,0,0433,0,0,07241d9,acc4acc4,c,8
856,856,0,001ca03,3,1,0,0,0,0422,0423,0,1,1,0000,00e92cf0,00000000000000000000000000000000,03330433043304230423042204120411,0,"B_IDLE",0,0,0433,0,0,07241d9,acc4acc4,c,8
857,857,0,001ca03,3,1,0,0,0,0422,0423,0,1,1,0000,00e92cf0,00000000000000000000000000000000,03330433043304230423042204120411,0,"B_IDLE",0,0,0433,0,0,07241d9,acc4acc4,c,8
858,858,0,001ca03,3,1,0,0,0,0422,0423,0,1,1,0000,00e92cf0,00000000000000000000000000000000,03330433043304230423042204120411,0,"B_IDLE",0,0,0433,0,0,07241d9,acc4acc4,c,8
859,859,0,001ca03,3,1,0,0,0,0422,0423,0,1,1,0000,00e92cf0,00000000000000000000000000000000,03330433043304230423042204120411,0,"B_IDLE",0,0,0433,0,0,07241d9,acc4acc4,c,8
860,860,0,001ca03,3,1,0,0,0,0422,0423,0,1,1,0000,00e92cf0,00000000000000000000000000000000,03330433043304230423042204120411,0,"B_IDLE",0,0,0433,0,0,07241d9,acc4acc4,c,8
861,861,0,001ca03,3,1,0,0,0,0422,0423,0,1,1,0000,00e92cf0,00000000000000000000000000000000,03330433043304230423042204120411,0,"B_IDLE",0,0,0433,0,0,07241d9,acc4acc4,c,8
862,862,0,001ca03,3,1,0,0,0,0422,0423,0,1,1,0000,00e92cf0,00000000000000000000000000000000,03330433043304230423042204120411,0,"B_IDLE",0,0,0433,0,0,07241d9,acc4acc4,c,8
863,863,0,001ca03,3,1,0,0,0,0422,0423,0,1,1,0000,00e92cf0,00000000000000000000000000000000,03330433043304230423042204120411,0,"B_IDLE",0,0,0433,0,0,07241d9,acc4acc4,c,8
864,864,0,001ca03,3,1,0,0,0,0422,0423,0,1,1,0000,00e92cf0,00000000000000000000000000000000,03330433043304230423042204120411,0,"B_IDLE",0,0,0433,0,0,07241d9,acc4acc4,c,8
865,865,0,001ca03,3,1,0,0,0,0422,0423,0,1,1,0000,00e92cf0,00000000000000000000000000000000,03330433043304230423042204120411,0,"B_IDLE",0,0,0433,0,0,07241d9,acc4acc4,c,8
866,866,0,001ca03,3,1,0,0,0,0422,0423,0,1,1,0000,00e92cf0,00000000000000000000000000000000,03330433043304230423042204120411,0,"B_IDLE",0,0,0433,0,0,07241d9,acc4acc4,c,8
867,867,0,001ca03,3,1,0,0,0,0422,0423,0,1,1,0000,00e92cf0,00000000000000000000000000000000,03330433043304230423042204120411,0,"B_IDLE",0,0,0433,0,0,07241d9,acc4acc4,c,8
868,868,0,001ca03,3,1,0,0,0,0422,0423,0,1,1,0000,00e92cf0,00000000000000000000000000000000,03330433043304230423042204120411,0,"B_IDLE",0,0,0433,0,0,07241d9,acc4acc4,c,8
869,869,0,001ca03,3,1,0,0,0,0422,0423,0,1,1,0000,00e92cf0,00000000000000000000000000000000,03330433043304230423042204120411,0,"B_IDLE",0,0,0433,0,0,07241d9,acc4acc4,c,8
870,870,0,001ca03,3,1,0,0,0,0422,0423,0,1,1,0000,00e92cf0,00000000000000000000000000000000,03330433043304230423042204120411,0,"B_IDLE",0,0,0433,0,0,07241d9,acc4acc4,c,8
871,871,0,001ca03,3,1,0,0,0,0422,0423,0,1,1,0000,00e92cf0,00000000000000000000000000000000,03330433043304230423042204120411,0,"B_IDLE",0,0,0433,0,0,07241d9,acc4acc4,c,8
872,872,0,001ca03,3,1,0,0,0,0422,0423,0,1,1,0000,00e92cf0,00000000000000000000000000000000,03330433043304230423042204120411,0,"B_IDLE",0,0,0433,0,0,07241d9,acc4acc4,c,8
873,873,0,001ca03,3,1,0,0,0,0422,0423,0,1,1,0000,00e92cf0,00000000000000000000000000000000,03330433043304230423042204120411,0,"B_IDLE",0,0,0433,0,0,07241d9,acc4acc4,c,8
874,874,0,001ca03,3,1,0,0,0,0422,0423,0,1,1,0000,00e92cf0,00000000000000000000000000000000,03330433043304230423042204120411,0,"B_IDLE",0,0,0433,0,0,07241d9,acc4acc4,c,8
875,875,0,001ca03,3,1,0,0,0,0422,0423,0,1,1,0000,00e92cf0,00000000000000000000000000000000,03330433043304230423042204120411,0,"B_IDLE",0,0,0433,0,0,07241d9,acc4acc4,c,8
876,876,0,001ca03,3,1,0,0,0,0422,0423,0,1,1,0000,00e92cf0,00000000000000000000000000000000,03330433043304230423042204120411,0,"B_IDLE",0,0,0433,0,0,07241d9,acc4acc4,c,8
877,877,0,001ca03,3,1,0,0,0,0422,0423,0,1,1,0000,00e92cf0,00000000000000000000000000000000,03330433043304230423042204120411,0,"B_IDLE",0,0,0433,0,0,07241d9,acc4acc4,c,8
878,878,0,001ca03,3,1,0,0,0,0422,0423,0,1,1,0000,00e92cf0,00000000000000000000000000000000,03330433043304230423042204120411,0,"B_IDLE",0,0,0433,0,0,07241d9,acc4acc4,c,8
879,879,0,001ca03,3,1,0,0,0,0422,0423,0,1,1,0000,00e92cf0,00000000000000000000000000000000,03330433043304230423042204120411,0,"B_IDLE",0,0,0433,0,0,07241d9,acc4acc4,c,8
880,880,0,001ca03,3,1,0,0,0,0422,0423,0,1,1,0000,00e92cf0,00000000000000000000000000000000,03330433043304230423042204120411,0,"B_IDLE",0,0,0433,0,0,07241d9,acc4acc4,c,8
881,881,0,001ca03,3,1,0,0,0,0422,0423,0,1,1,0000,00e92cf0,00000000000000000000000000000000,03330433043304230423042204120411,0,"B_IDLE",0,0,0433,0,0,07241d9,acc4acc4,c,8
882,882,0,001ca03,3,1,0,0,0,0422,0423,0,1,1,0000,00e92cf0,00000000000000000000000000000000,03330433043304230423042204120411,0,"B_IDLE",0,0,0433,0,0,07241d9,acc4acc4,c,8
883,883,0,001ca03,3,1,0,0,0,0422,0423,0,1,1,0000,00e92cf0,00000000000000000000000000000000,03330433043304230423042204120411,0,"B_IDLE",0,0,0433,0,0,07241d9,acc4acc4,c,8
884,884,0,001ca03,3,1,0,0,0,0422,0423,0,1,1,0000,00e92cf0,00000000000000000000000000000000,03330433043304230423042204120411,0,"B_IDLE",0,0,0433,0,0,07241d9,acc4acc4,c,8
885,885,0,001ca03,3,1,0,0,0,0422,0423,0,1,1,0000,00e92cf0,00000000000000000000000000000000,03330433043304230423042204120411,0,"B_IDLE",0,0,0433,0,0,07241d9,acc4acc4,c,8
886,886,0,001ca03,3,1,0,0,0,0422,0423,0,1,1,0000,00e92cf0,00000000000000000000000000000000,03330433043304230423042204120411,0,"B_IDLE",0,0,0433,0,0,07241d9,acc4acc4,c,8
887,887,0,001ca03,3,1,0,0,0,0422,0423,0,1,1,0000,00e92cf0,00000000000000000000000000000000,03330433043304230423042204120411,0,"B_IDLE",0,0,0433,0,0,07241d9,acc4acc4,c,8
888,888,0,001ca03,3,1,0,0,0,0422,0423,0,1,1,0000,00e92cf0,00000000000000000000000000000000,03330433043304230423042204120411,0,"B_IDLE",0,0,0433,0,0,07241d9,acc4acc4,c,8
889,889,0,001ca03,3,1,0,0,0,0422,0423,0,1,1,0000,00e92cf0,00000000000000000000000000000000,03330433043304230423042204120411,0,"B_IDLE",0,0,0433,0,0,07241d9,acc4acc4,c,8
890,890,0,001ca03,3,1,0,0,0,0422,0423,0,1,1,0000,00e92cf0,00000000000000000000000000000000,03330433043304230423042204120411,0,"B_IDLE",0,0,0433,0,0,07241d9,acc4acc4,c,8
891,891,0,001ca03,3,1,0,0,0,0422,0423,0,1,1,0000,00e92cf0,00000000000000000000000000000000,03330433043304230423042204120411,0,"B_IDLE",0,0,0433,0,0,07241d9,acc4acc4,c,8
892,892,0,001ca03,3,1,0,0,0,0422,0423,0,1,1,0000,00e92cf0,00000000000000000000000000000000,03330433043304230423042204120411,0,"B_IDLE",0,0,0433,0,0,07241d9,acc4acc4,c,8
893,893,0,001ca03,3,1,0,0,0,0422,0423,0,1,1,0000,00e92cf0,00000000000000000000000000000000,03330433043304230423042204120411,0,"B_IDLE",0,0,0433,0,0,07241d9,acc4acc4,c,8
894,894,0,001ca03,3,1,0,0,0,0422,0423,0,1,1,0000,00e92cf0,00000000000000000000000000000000,03330433043304230423042204120411,0,"B_IDLE",0,0,0433,0,0,07241d9,acc4acc4,c,8
895,895,0,001ca03,3,1,0,0,0,0422,0423,0,1,1,0000,00e92cf0,00000000000000000000000000000000,03330433043304230423042204120411,0,"B_IDLE",0,0,0433,0,0,07241d9,acc4acc4,c,8
896,896,0,001ca03,3,1,0,0,0,0422,0423,0,1,1,0000,00e92cf0,00000000000000000000000000000000,03330433043304230423042204120411,0,"B_IDLE",0,0,0433,0,0,07241d9,acc4acc4,c,8
897,897,0,001ca03,3,1,0,0,0,0422,0423,0,1,1,0000,00e92cf0,00000000000000000000000000000000,03330433043304230423042204120411,0,"B_IDLE",0,0,0433,0,0,07241d9,acc4acc4,c,8
898,898,0,001ca03,3,1,0,0,0,0422,0423,0,1,1,0000,00e92cf0,00000000000000000000000000000000,03330433043304230423042204120411,0,"B_IDLE",0,0,0433,0,0,07241d9,acc4acc4,c,8
899,899,0,001ca03,3,1,0,0,0,0422,0423,0,1,1,0000,00e92cf0,00000000000000000000000000000000,03330433043304230423042204120411,0,"B_IDLE",0,0,0433,0,0,07241d9,acc4acc4,c,8
900,900,0,001ca03,3,1,0,0,0,0422,0423,0,1,1,0000,00e92cf0,00000000000000000000000000000000,03330433043304230423042204120411,0,"B_IDLE",0,0,0433,0,0,07241d9,acc4acc4,c,8
901,901,0,001ca03,3,1,0,0,0,0422,0423,0,1,1,0000,00e92cf0,00000000000000000000000000000000,03330433043304230423042204120411,0,"B_IDLE",0,0,0433,0,0,07241d9,acc4acc4,c,8
902,902,0,001ca03,3,1,0,0,0,0422,0423,0,1,1,0000,00e92cf0,00000000000000000000000000000000,03330433043304230423042204120411,0,"B_IDLE",0,0,0433,0,0,07241d9,acc4acc4,c,8
903,903,0,001ca03,3,1,0,0,0,0422,0423,0,1,1,0000,00e92cf0,00000000000000000000000000000000,03330433043304230423042204120411,0,"B_IDLE",0,0,0433,0,0,07241d9,acc4acc4,c,8
904,904,0,001ca03,3,1,0,0,0,0422,0423,0,1,1,0000,00e92cf0,00000000000000000000000000000000,03330433043304230423042204120411,0,"B_IDLE",0,0,0433,0,0,07241d9,acc4acc4,c,8
905,905,0,001ca03,3,1,0,0,0,0422,0423,0,1,1,0000,00e92cf0,00000000000000000000000000000000,03330433043304230423042204120411,0,"B_IDLE",0,0,0433,0,0,07241d9,acc4acc4,c,8
906,906,0,001ca03,3,1,0,0,0,0422,0423,0,1,1,0000,00e92cf0,00000000000000000000000000000000,03330433043304230423042204120411,0,"B_IDLE",0,0,0433,0,0,07241d9,acc4acc4,c,8
907,907,0,001ca03,3,1,0,0,0,0422,0423,0,1,1,0000,00e92cf0,00000000000000000000000000000000,03330433043304230423042204120411,0,"B_IDLE",0,0,0433,0,0,07241d9,acc4acc4,c,8
908,908,0,001ca03,3,1,0,0,0,0422,0423,0,1,1,0000,00e92cf0,00000000000000000000000000000000,03330433043304230423042204120411,0,"B_IDLE",0,0,0433,0,0,07241d9,acc4acc4,c,8
909,909,0,001ca03,3,1,0,0,0,0422,0423,0,1,1,0000,00e92cf0,00000000000000000000000000000000,03330433043304230423042204120411,0,"B_IDLE",0,0,0433,0,0,07241d9,acc4acc4,c,8
910,910,0,001ca03,3,1,0,0,0,0422,0423,0,1,1,0000,00e92cf0,00000000000000000000000000000000,03330433043304230423042204120411,0,"B_IDLE",0,0,0433,0,0,07241d9,acc4acc4,c,8
911,911,0,001ca03,3,1,0,0,0,0422,0423,0,1,1,0000,00e92cf0,00000000000000000000000000000000,03330433043304230423042204120411,0,"B_IDLE",0,0,0433,0,0,07241d9,acc4acc4,c,8
912,912,0,001ca03,3,1,0,0,0,0422,0423,0,1,1,0000,00e92cf0,00000000000000000000000000000000,03330433043304230423042204120411,0,"B_IDLE",0,0,0433,0,0,07241d9,acc4acc4,c,8
913,913,0,001ca03,3,1,0,0,0,0422,0423,0,1,1,0000,00e92cf0,00000000000000000000000000000000,03330433043304230423042204120411,0,"B_IDLE",0,0,0433,0,0,07241d9,acc4acc4,c,8
914,914,0,001ca03,3,1,0,0,0,0422,0423,0,1,1,0000,00e92cf0,00000000000000000000000000000000,03330433043304230423042204120411,0,"B_IDLE",0,0,0433,0,0,07241d9,acc4acc4,c,8
915,915,0,001ca03,3,1,0,0,0,0422,0423,0,1,1,0000,00e92cf0,00000000000000000000000000000000,03330433043304230423042204120411,0,"B_IDLE",0,0,0433,0,0,07241d9,acc4acc4,c,8
916,916,0,001ca03,3,1,0,0,0,0422,0423,0,1,1,0000,00e92cf0,00000000000000000000000000000000,03330433043304230423042204120411,0,"B_IDLE",0,0,0433,0,0,07241d9,acc4acc4,c,8
917,917,0,001ca03,3,1,0,0,0,0422,0423,0,1,1,0000,00e92cf0,00000000000000000000000000000000,03330433043304230423042204120411,0,"B_IDLE",0,0,0433,0,0,07241d9,acc4acc4,c,8
918,918,0,001ca03,3,1,0,0,0,0422,0423,0,1,1,0000,00e92cf0,00000000000000000000000000000000,03330433043304230423042204120411,0,"B_IDLE",0,0,0433,0,0,07241d9,acc4acc4,c,8
919,919,0,001ca03,3,1,0,0,0,0422,0423,0,1,1,0000,00e92cf0,00000000000000000000000000000000,03330433043304230423042204120411,0,"B_IDLE",0,0,0433,0,0,07241d9,acc4acc4,c,8
920,920,0,001ca03,3,1,0,0,0,0422,0423,0,1,1,0000,00e92cf0,00000000000000000000000000000000,03330433043304230423042204120411,0,"B_IDLE",0,0,0433,0,0,07241d9,acc4acc4,c,8
921,921,0,001ca03,3,1,0,0,0,0422,0423,0,1,1,0000,00e92cf0,00000000000000000000000000000000,03330433043304230423042204120411,0,"B_IDLE",0,0,0433,0,0,07241d9,acc4acc4,c,8
922,922,0,001ca03,3,1,0,0,0,0422,0423,0,1,1,0000,00e92cf0,00000000000000000000000000000000,03330433043304230423042204120411,0,"B_IDLE",0,0,0433,0,0,07241d9,acc4acc4,c,8
923,923,0,001ca03,3,1,0,0,0,0422,0423,0,1,1,0000,00e92cf0,00000000000000000000000000000000,03330433043304230423042204120411,0,"B_IDLE",0,0,0433,0,0,07241d9,acc4acc4,c,8
924,924,0,001ca03,3,1,0,0,0,0422,0423,0,1,1,0000,00e92cf0,00000000000000000000000000000000,03330433043304230423042204120411,0,"B_IDLE",0,0,0433,0,0,07241d9,acc4acc4,c,8
925,925,0,001ca03,3,1,0,0,0,0422,0423,0,1,1,0000,00e92cf0,00000000000000000000000000000000,03330433043304230423042204120411,0,"B_IDLE",0,0,0433,0,0,07241d9,acc4acc4,c,8
926,926,0,001ca03,3,1,0,0,0,0422,0423,0,1,1,0000,00e92cf0,00000000000000000000000000000000,03330433043304230423042204120411,0,"B_IDLE",0,0,0433,0,0,07241d9,acc4acc4,c,8
927,927,0,001ca03,3,1,0,0,0,0422,0423,0,1,1,0000,00e92cf0,00000000000000000000000000000000,03330433043304230423042204120411,0,"B_IDLE",0,0,0433,0,0,07241d9,acc4acc4,c,8
928,928,0,001ca03,3,1,0,0,0,0422,0423,0,1,1,0000,00e92cf0,00000000000000000000000000000000,03330433043304230423042204120411,0,"B_IDLE",0,0,0433,0,0,07241d9,acc4acc4,c,8
929,929,0,001ca03,3,1,0,0,0,0422,0423,0,1,1,0000,00e92cf0,00000000000000000000000000000000,03330433043304230423042204120411,0,"B_IDLE",0,0,0433,0,0,07241d9,acc4acc4,c,8
930,930,0,001ca03,3,1,0,0,0,0422,0423,0,1,1,0000,00e92cf0,00000000000000000000000000000000,03330433043304230423042204120411,0,"B_IDLE",0,0,0433,0,0,07241d9,acc4acc4,c,8
931,931,0,001ca03,3,1,0,0,0,0422,0423,0,1,1,0000,00e92cf0,00000000000000000000000000000000,03330433043304230423042204120411,0,"B_IDLE",0,0,0433,0,0,07241d9,acc4acc4,c,8
932,932,0,001ca03,3,1,0,0,0,0422,0423,0,1,1,0000,00e92cf0,00000000000000000000000000000000,03330433043304230423042204120411,0,"B_IDLE",0,0,0433,0,0,07241d9,acc4acc4,c,8
933,933,0,001ca03,3,1,0,0,0,0422,0423,0,1,1,0000,00e92cf0,00000000000000000000000000000000,03330433043304230423042204120411,0,"B_IDLE",0,0,0433,0,0,07241d9,acc4acc4,c,8
934,934,0,001ca03,3,1,0,0,0,0422,0423,0,1,1,0000,00e92cf0,00000000000000000000000000000000,03330433043304230423042204120411,0,"B_IDLE",0,0,0433,0,0,07241d9,acc4acc4,c,8
935,935,0,001ca03,3,1,0,0,0,0422,0423,0,1,1,0000,00e92cf0,00000000000000000000000000000000,03330433043304230423042204120411,0,"B_IDLE",0,0,0433,0,0,07241d9,acc4acc4,c,8
936,936,0,001ca03,3,1,0,0,0,0422,0423,0,1,1,0000,00e92cf0,00000000000000000000000000000000,03330433043304230423042204120411,0,"B_IDLE",0,0,0433,0,0,07241d9,acc4acc4,c,8
937,937,0,001ca03,3,1,0,0,0,0422,0423,0,1,1,0000,00e92cf0,00000000000000000000000000000000,03330433043304230423042204120411,0,"B_IDLE",0,0,0433,0,0,07241d9,acc4acc4,c,8
938,938,0,001ca03,3,1,0,0,0,0422,0423,0,1,1,0000,00e92cf0,00000000000000000000000000000000,03330433043304230423042204120411,0,"B_IDLE",0,0,0433,0,0,07241d9,acc4acc4,c,8
939,939,0,001ca03,3,1,0,0,0,0422,0423,0,1,1,0000,00e92cf0,00000000000000000000000000000000,03330433043304230423042204120411,0,"B_IDLE",0,0,0433,0,0,07241d9,acc4acc4,c,8
940,940,0,001ca03,3,1,0,0,0,0422,0423,0,1,1,0000,00e92cf0,00000000000000000000000000000000,03330433043304230423042204120411,0,"B_IDLE",0,0,0433,0,0,07241d9,acc4acc4,c,8
941,941,0,001ca03,3,1,0,0,0,0422,0423,0,1,1,0000,00e92cf0,00000000000000000000000000000000,03330433043304230423042204120411,0,"B_IDLE",0,0,0433,0,0,07241d9,acc4acc4,c,8
942,942,0,001ca03,3,1,0,0,0,0422,0423,0,1,1,0000,00e92cf0,00000000000000000000000000000000,03330433043304230423042204120411,0,"B_IDLE",0,0,0433,0,0,07241d9,acc4acc4,c,8
943,943,0,001ca03,3,1,0,0,0,0422,0423,0,1,1,0000,00e92cf0,00000000000000000000000000000000,03330433043304230423042204120411,0,"B_IDLE",0,0,0433,0,0,07241d9,acc4acc4,c,8
944,944,0,001ca03,3,1,0,0,0,0422,0423,0,1,1,0000,00e92cf0,00000000000000000000000000000000,03330433043304230423042204120411,0,"B_IDLE",0,0,0433,0,0,07241d9,acc4acc4,c,8
945,945,0,001ca03,3,1,0,0,0,0422,0423,0,1,1,0000,00e92cf0,00000000000000000000000000000000,03330433043304230423042204120411,0,"B_IDLE",0,0,0433,0,0,07241d9,acc4acc4,c,8
946,946,0,001ca03,3,1,0,0,0,0422,0423,0,1,1,0000,00e92cf0,00000000000000000000000000000000,03330433043304230423042204120411,0,"B_IDLE",0,0,0433,0,0,07241d9,acc4acc4,c,8
947,947,0,001ca03,3,1,0,0,0,0422,0423,0,1,1,0000,00e92cf0,00000000000000000000000000000000,03330433043304230423042204120411,0,"B_IDLE",0,0,0433,0,0,07241d9,acc4acc4,c,8
948,948,0,001ca03,3,1,0,0,0,0422,0423,0,1,1,0000,00e92cf0,00000000000000000000000000000000,03330433043304230423042204120411,0,"B_IDLE",0,0,0433,0,0,07241d9,acc4acc4,c,8
949,949,0,001ca03,3,1,0,0,0,0422,0423,0,1,1,0000,00e92cf0,00000000000000000000000000000000,03330433043304230423042204120411,0,"B_IDLE",0,0,0433,0,0,07241d9,acc4acc4,c,8
950,950,0,001ca03,3,1,0,0,0,0422,0423,0,1,1,0000,00e92cf0,00000000000000000000000000000000,03330433043304230423042204120411,0,"B_IDLE",0,0,0433,0,0,07241d9,acc4acc4,c,8
951,951,0,001ca03,3,1,0,0,0,0422,0423,0,1,1,0000,00e92cf0,00000000000000000000000000000000,03330433043304230423042204120411,0,"B_IDLE",0,0,0433,0,0,07241d9,acc4acc4,c,8
952,952,0,001ca03,3,1,0,0,0,0422,0423,0,1,1,0000,00e92cf0,00000000000000000000000000000000,03330433043304230423042204120411,0,"B_IDLE",0,0,0433,0,0,07241d9,acc4acc4,c,8
953,953,0,001ca03,3,1,0,0,0,0422,0423,0,1,1,0000,00e92cf0,00000000000000000000000000000000,03330433043304230423042204120411,0,"B_IDLE",0,0,0433,0,0,07241d9,acc4acc4,c,8
954,954,0,001ca03,3,1,4,0,0,0422,0423,0,1,1,0000,00e92cf0,00000000000000000000000000000000,03330433043304230423042204120411,0,"B_IDLE",0,0,0433,0,0,07241d9,acc4acc4,c,8
955,955,0,001ca03,1,1,3,1,1,0422,0423,0,1,1,0000,00e92cf0,00000000000000000000000000000000,03330433043304230423042204120411,0,"B_IDLE",0,0,0433,0,0,07241d9,acc4acc4,c,8
956,956,0,001ca03,1,1,3,1,1,0422,0423,0,1,1,0000,00e92cf0,00000000000000000000000000000000,03330433043304230423042204120411,0,"B_IDLE",0,0,0433,0,0,07241d9,acc4acc4,c,8
957,957,0,001ca03,1,1,1,1,1,0422,0423,0,1,1,0000,00e92cf0,00000000000000000000000000000000,03330433043304230423042204120411,0,"B_IDLE",0,0,0433,0,0,07241d9,acc4acc4,c,8
958,958,0,001ca03,1,1,4,1,1,0422,0423,0,1,1,0000,00e92cf0,00000000000000000000000000000000,03330433043304230423042204120411,0,"B_IDLE",0,0,0433,0,0,07241d9,acc4acc4,c,8
959,959,0,001ca03,1,1,3,1,1,0422,0423,0,1,1,0000,00e92cf0,00000000000000000000000000000000,03330433043304230423042204120411,0,"B_IDLE",0,0,0433,0,0,07241d9,acc4acc4,c,8
960,960,0,001ca03,1,1,3,1,1,0422,0423,0,1,1,0000,00e92cf0,00000000000000000000000000000000,03330433043304230423042204120411,0,"B_IDLE",0,0,0433,0,0,07241d9,acc4acc4,c,8
961,961,0,001ca03,1,1,1,1,1,0422,0423,0,1,1,0000,00e92cf0,00000000000000000000000000000000,03330433043304230423042204120411,0,"B_IDLE",0,0,0433,0,0,07241d9,acc4acc4,c,8
962,962,0,001ca03,1,1,4,1,1,0422,0423,0,1,1,0000,00e92cf0,00000000000000000000000000000000,03330433043304230423042204120411,0,"B_IDLE",0,0,0433,0,0,07241d9,acc4acc4,c,8
963,963,0,001ca03,1,1,3,1,1,0422,0423,0,1,1,0000,00e92cf0,00000000000000000000000000000000,03330433043304230423042204120411,0,"B_IDLE",0,0,0433,0,0,07241d9,acc4acc4,c,8
964,964,0,001ca03,1,1,3,1,1,0422,0423,0,1,1,0000,00e92cf0,00000000000000000000000000000000,03330433043304230423042204120411,0,"B_IDLE",0,0,0433,0,0,07241d9,acc4acc4,c,8
965,965,0,001ca03,1,1,1,1,1,0422,0423,0,1,1,0000,00e92cf0,00000000000000000000000000000000,03330433043304230423042204120411,0,"B_IDLE",0,0,0433,0,0,07241d9,acc4acc4,c,8
966,966,0,001ca03,1,1,4,1,1,0422,0423,0,1,1,0000,00e92cf0,00000000000000000000000000000000,03330433043304230423042204120411,0,"B_IDLE",0,0,0433,0,0,07241d9,acc4acc4,c,8
967,967,0,001ca03,1,1,3,1,1,0422,0423,0,1,1,0000,00e92cf0,00000000000000000000000000000000,03330433043304230423042204120411,0,"B_IDLE",0,0,0433,0,0,07241d9,acc4acc4,c,8
968,968,0,001ca03,1,1,3,1,1,0422,0423,0,1,1,0000,00e92cf0,00000000000000000000000000000000,03330433043304230423042204120411,0,"B_IDLE",0,0,0433,0,0,07241d9,acc4acc4,c,8
969,969,0,001ca03,1,1,1,1,1,0422,0423,0,1,1,0000,00e92cf0,00000000000000000000000000000000,03330433043304230423042204120411,0,"B_IDLE",0,0,0433,0,0,07241d9,acc4acc4,c,8
970,970,0,001ca03,1,1,4,1,1,0422,0423,0,1,1,0000,00e92cf0,00000000000000000000000000000000,03330433043304230423042204120411,0,"B_IDLE",0,0,0433,0,0,07241d9,acc4acc4,c,8
971,971,0,001ca03,1,1,3,1,1,0422,0423,0,1,1,0000,00e92cf0,00000000000000000000000000000000,03330433043304230423042204120411,0,"B_IDLE",0,0,0433,0,0,07241d9,acc4acc4,c,8
972,972,0,001ca03,1,1,3,1,1,0422,0423,0,1,1,0000,00e92cf0,00000000000000000000000000000000,03330433043304230423042204120411,0,"B_IDLE",0,0,0433,0,0,07241d9,acc4acc4,c,8
973,973,0,001ca03,1,1,1,1,1,0422,0423,0,1,1,0000,00e92cf0,00000000000000000000000000000000,03330433043304230423042204120411,0,"B_IDLE",0,0,0433,0,0,07241d9,acc4acc4,c,8
974,974,0,001ca03,1,1,4,1,1,0422,0423,0,1,1,0000,00e92cf0,00000000000000000000000000000000,03330433043304230423042204120411,0,"B_IDLE",0,0,0433,0,0,07241d9,acc4acc4,c,8
975,975,0,001ca03,1,1,3,1,1,0422,0423,0,1,1,0000,00e92cf0,00000000000000000000000000000000,03330433043304230423042204120411,0,"B_IDLE",0,0,0433,0,0,07241d9,acc4acc4,c,8
976,976,0,001ca03,1,1,3,1,1,0422,0423,0,1,1,0000,00e92cf0,00000000000000000000000000000000,03330433043304230423042204120411,0,"B_IDLE",0,0,0433,0,0,07241d9,acc4acc4,c,8
977,977,0,001ca03,1,1,1,1,1,0422,0423,0,1,1,0000,00e92cf0,00000000000000000000000000000000,03330433043304230423042204120411,0,"B_IDLE",0,0,0433,0,0,07241d9,acc4acc4,c,8
978,978,0,001ca03,1,1,4,1,1,0422,0423,0,1,1,0000,00e92cf0,00000000000000000000000000000000,03330433043304230423042204120411,0,"B_IDLE",0,0,0433,0,0,07241d9,acc4acc4,c,8
979,979,0,001ca03,1,1,3,1,1,0422,0423,0,1,1,0000,00e92cf0,00000000000000000000000000000000,03330433043304230423042204120411,0,"B_IDLE",0,0,0433,0,0,07241d9,acc4acc4,c,8
980,980,0,001ca03,1,1,3,1,1,0422,0423,0,1,1,0000,00e92cf0,00000000000000000000000000000000,03330433043304230423042204120411,0,"B_IDLE",0,0,0433,0,0,07241d9,acc4acc4,c,8
981,981,0,001ca03,1,1,1,1,1,0422,0423,0,1,1,0000,00e92cf0,00000000000000000000000000000000,03330433043304230423042204120411,0,"B_IDLE",0,0,0433,0,0,07241d9,acc4acc4,c,8
982,982,0,001ca03,1,1,4,1,1,0422,0423,0,1,1,0000,00e92cf0,00000000000000000000000000000000,03330433043304230423042204120411,0,"B_IDLE",0,0,0433,0,0,07241d9,acc4acc4,c,8
983,983,0,001ca03,1,1,3,1,1,0422,0423,0,1,1,0000,00e92cf0,00000000000000000000000000000000,03330433043304230423042204120411,0,"B_IDLE",0,0,0433,0,0,07241d9,acc4acc4,c,8
984,984,0,001ca03,1,1,3,1,1,0422,0423,0,1,1,0000,00e92cf0,00000000000000000000000000000000,03330433043304230423042204120411,0,"B_IDLE",0,0,0433,0,0,07241d9,acc4acc4,c,8
985,985,0,001ca03,1,1,1,1,1,0422,0423,0,1,1,0000,00e92cf0,00000000000000000000000000000000,03330433043304230423042204120411,0,"B_IDLE",0,0,0433,0,0,07241d9,acc4acc4,c,8
986,986,0,001ca03,1,1,4,1,1,0422,0423,0,1,1,0000,00e92cf0,00000000000000000000000000000000,03330433043304230423042204120411,0,"B_IDLE",0,0,0433,0,0,07241d9,acc4acc4,c,8
987,987,0,001ca03,1,1,3,1,1,0422,0423,0,1,1,0000,00e92cf0,00000000000000000000000000000000,03330433043304230423042204120411,0,"B_IDLE",0,0,0433,0,0,07241d9,acc4acc4,c,8
988,988,0,001ca03,1,1,3,1,1,0422,0423,0,1,1,0000,00e92cf0,00000000000000000000000000000000,03330433043304230423042204120411,0,"B_IDLE",0,0,0433,0,0,07241d9,acc4acc4,c,8
989,989,0,001ca03,1,1,1,1,1,0422,0423,0,1,1,0000,00e92cf0,00000000000000000000000000000000,03330433043304230423042204120411,0,"B_IDLE",0,0,0433,0,0,07241d9,acc4acc4,c,8
990,990,0,001ca03,1,1,4,1,1,0422,0423,0,1,1,0000,00e92cf0,00000000000000000000000000000000,03330433043304230423042204120411,0,"B_IDLE",0,0,0433,0,0,07241d9,acc4acc4,c,8
991,991,0,001ca03,1,1,3,1,1,0422,0423,0,1,1,0000,00e92cf0,00000000000000000000000000000000,03330433043304230423042204120411,0,"B_IDLE",0,0,0433,0,0,07241d9,acc4acc4,c,8
992,992,0,001ca03,1,1,3,1,1,0422,0423,0,1,1,0000,00e92cf0,00000000000000000000000000000000,03330433043304230423042204120411,0,"B_IDLE",0,0,0433,0,0,07241d9,acc4acc4,c,8
993,993,0,001ca03,1,1,1,1,1,0422,0423,0,1,1,0000,00e92cf0,00000000000000000000000000000000,03330433043304230423042204120411,0,"B_IDLE",0,0,0433,0,0,07241d9,acc4acc4,c,8
994,994,0,001ca03,1,1,4,1,1,0422,0423,0,1,1,0000,00e92cf0,00000000000000000000000000000000,03330433043304230423042204120411,0,"B_IDLE",0,0,0433,0,0,07241d9,acc4acc4,c,8
995,995,0,001ca03,1,1,3,1,1,0422,0423,0,1,1,0000,00e92cf0,00000000000000000000000000000000,03330433043304230423042204120411,0,"B_IDLE",0,0,0433,0,0,07241d9,acc4acc4,c,8
996,996,0,001ca03,1,1,3,1,1,0422,0423,0,1,1,0000,00e92cf0,00000000000000000000000000000000,03330433043304230423042204120411,0,"B_IDLE",0,0,0433,0,0,07241d9,acc4acc4,c,8
997,997,0,001ca03,1,1,1,1,1,0422,0423,0,1,1,0000,00e92cf0,00000000000000000000000000000000,03330433043304230423042204120411,0,"B_IDLE",0,0,0433,0,0,07241d9,acc4acc4,c,8
998,998,0,001ca03,1,1,4,1,1,0422,0423,0,1,1,0000,00e92cf0,00000000000000000000000000000000,03330433043304230423042204120411,0,"B_IDLE",0,0,0433,0,0,07241d9,acc4acc4,c,8
999,999,0,001ca03,1,1,3,1,1,0422,0423,0,1,1,0000,00e92cf0,00000000000000000000000000000000,03330433043304230423042204120411,0,"B_IDLE",0,0,0433,0,0,07241d9,acc4acc4,c,8
1000,1000,0,001ca03,1,1,3,1,1,0422,0423,0,1,1,0000,00e92cf0,00000000000000000000000000000000,03330433043304230423042204120411,0,"B_IDLE",0,0,0433,0,0,07241d9,acc4acc4,c,8
1001,1001,0,001ca03,1,1,1,1,1,0422,0423,0,1,1,0000,00e92cf0,00000000000000000000000000000000,03330433043304230423042204120411,0,"B_IDLE",0,0,0433,0,0,07241d9,acc4acc4,c,8
1002,1002,0,001ca03,1,1,4,1,1,0422,0423,0,1,1,0000,00e92cf0,00000000000000000000000000000000,03330433043304230423042204120411,0,"B_IDLE",0,0,0433,0,0,07241d9,acc4acc4,c,8
1003,1003,0,001ca03,1,1,3,1,1,0422,0423,0,1,1,0000,00e92cf0,00000000000000000000000000000000,03330433043304230423042204120411,0,"B_IDLE",0,0,0433,0,0,07241d9,acc4acc4,c,8
1004,1004,0,001ca03,1,1,3,1,1,0422,0423,0,1,1,0000,00e92cf0,00000000000000000000000000000000,03330433043304230423042204120411,0,"B_IDLE",0,0,0433,0,0,07241d9,acc4acc4,c,8
1005,1005,0,001ca03,1,1,1,1,1,0422,0423,0,1,1,0000,00e92cf0,00000000000000000000000000000000,03330433043304230423042204120411,0,"B_IDLE",0,0,0433,0,0,07241d9,acc4acc4,c,8
1006,1006,0,001ca03,1,1,4,1,1,0422,0423,0,1,1,0000,00e92cf0,00000000000000000000000000000000,03330433043304230423042204120411,0,"B_IDLE",0,0,0433,0,0,07241d9,acc4acc4,c,8
1007,1007,0,001ca03,1,1,3,1,1,0422,0423,0,1,1,0000,00e92cf0,00000000000000000000000000000000,03330433043304230423042204120411,0,"B_IDLE",0,0,0433,0,0,07241d9,acc4acc4,c,8
1008,1008,0,001ca03,1,1,3,1,1,0422,0423,0,1,1,0000,00e92cf0,00000000000000000000000000000000,03330433043304230423042204120411,0,"B_IDLE",0,0,0433,0,0,07241d9,acc4acc4,c,8
1009,1009,0,001ca03,1,1,1,1,1,0422,0423,0,1,1,0000,00e92cf0,00000000000000000000000000000000,03330433043304230423042204120411,0,"B_IDLE",0,0,0433,0,0,07241d9,acc4acc4,c,8
1010,1010,0,001ca03,1,1,4,1,1,0422,0423,0,1,1,0000,00e92cf0,00000000000000000000000000000000,03330433043304230423042204120411,0,"B_IDLE",0,0,0433,0,0,07241d9,acc4acc4,c,8
1011,1011,0,001ca03,1,1,3,1,1,0422,0423,0,1,1,0000,00e92cf0,00000000000000000000000000000000,03330433043304230423042204120411,0,"B_IDLE",0,0,0433,0,0,07241d9,acc4acc4,c,8
1012,1012,0,001ca03,1,1,3,1,1,0422,0423,0,1,1,0000,00e92cf0,00000000000000000000000000000000,03330433043304230423042204120411,0,"B_IDLE",0,0,0433,0,0,07241d9,acc4acc4,c,8
1013,1013,0,001ca03,1,1,1,1,1,0422,0423,0,1,1,0000,00e92cf0,00000000000000000000000000000000,03330433043304230423042204120411,0,"B_IDLE",0,0,0433,0,0,07241d9,acc4acc4,c,8
1014,1014,0,001ca03,1,1,4,1,1,0422,0423,0,1,1,0000,00e92cf0,00000000000000000000000000000000,03330433043304230423042204120411,0,"B_IDLE",0,0,0433,0,0,07241d9,acc4acc4,c,8
1015,1015,0,001ca03,1,1,3,1,1,0422,0423,0,1,1,0000,00e92cf0,00000000000000000000000000000000,03330433043304230423042204120411,0,"B_IDLE",0,0,0433,0,0,07241d9,acc4acc4,c,8
1016,1016,0,001ca03,1,1,3,1,1,0422,0423,0,1,1,0000,00e92cf0,00000000000000000000000000000000,03330433043304230423042204120411,0,"B_IDLE",0,0,0433,0,0,07241d9,acc4acc4,c,8
1017,1017,0,001ca03,1,1,1,1,1,0422,0423,0,1,1,0000,00e92cf0,00000000000000000000000000000000,03330433043304230423042204120411,0,"B_IDLE",0,0,0433,0,0,07241d9,acc4acc4,c,8
1018,1018,0,001ca03,1,1,4,1,1,0422,0423,0,1,1,0000,00e92cf0,00000000000000000000000000000000,03330433043304230423042204120411,0,"B_IDLE",0,0,0433,0,0,07241d9,acc4acc4,c,8
1019,1019,0,001ca03,1,1,3,1,1,0422,0423,0,1,1,0000,00e92cf0,00000000000000000000000000000000,03330433043304230423042204120411,0,"B_IDLE",0,0,0433,0,0,07241d9,acc4acc4,c,8
1020,1020,0,001ca03,1,1,3,1,1,0422,0423,0,1,1,0000,00e92cf0,00000000000000000000000000000000,03330433043304230423042204120411,0,"B_IDLE",0,0,0433,0,0,07241d9,acc4acc4,c,8
1021,1021,0,001ca03,1,1,1,1,1,0422,0423,0,1,1,0000,00e92cf0,00000000000000000000000000000000,03330433043304230423042204120411,0,"B_IDLE",0,0,0433,0,0,07241d9,acc4acc4,c,8
1022,1022,0,001ca03,1,1,4,1,1,0422,0423,0,1,1,0000,00e92cf0,00000000000000000000000000000000,03330433043304230423042204120411,0,"B_IDLE",0,0,0433,0,0,07241d9,acc4acc4,c,8
1023,1023,0,001ca03,1,1,3,1,1,0422,0423,0,1,1,0000,00e92cf0,00000000000000000000000000000000,03330433043304230423042204120411,0,"B_IDLE",0,0,0433,0,0,07241d9,acc4acc4,c,8
1024,1024,0,001ca03,1,1,3,1,1,0422,0423,0,1,1,0000,00e92cf0,00000000000000000000000000000000,03330433043304230423042204120411,0,"B_IDLE",0,0,0433,0,0,07241d9,acc4acc4,c,8
1025,1025,0,001ca03,1,1,1,1,1,0422,0423,0,1,1,0000,00e92cf0,00000000000000000000000000000000,03330433043304230423042204120411,0,"B_IDLE",0,0,0433,0,0,07241d9,acc4acc4,c,8
1026,1026,0,001ca03,1,1,4,1,1,0422,0423,0,1,1,0000,00e92cf0,00000000000000000000000000000000,03330433043304230423042204120411,0,"B_IDLE",0,0,0433,0,0,07241d9,acc4acc4,c,8
1027,1027,0,001ca03,1,1,3,1,1,0422,0423,0,1,1,0000,00e92cf0,00000000000000000000000000000000,03330433043304230423042204120411,0,"B_IDLE",0,0,0433,0,0,07241d9,acc4acc4,c,8
1028,1028,0,001ca03,1,1,3,1,1,0422,0423,0,1,1,0000,00e92cf0,00000000000000000000000000000000,03330433043304230423042204120411,0,"B_IDLE",0,0,0433,0,0,07241d9,acc4acc4,c,8
1029,1029,0,001ca03,1,1,1,1,1,0422,0423,0,1,1,0000,00e92cf0,00000000000000000000000000000000,03330433043304230423042204120411,0,"B_IDLE",0,0,0433,0,0,07241d9,acc4acc4,c,8
1030,1030,0,001ca03,1,1,4,1,1,0422,0423,0,1,1,0000,00e92cf0,00000000000000000000000000000000,03330433043304230423042204120411,0,"B_IDLE",0,0,0433,0,0,07241d9,acc4acc4,c,8
1031,1031,0,001ca03,1,1,3,1,1,0422,0423,0,1,1,0000,00e92cf0,00000000000000000000000000000000,03330433043304230423042204120411,0,"B_IDLE",0,0,0433,0,0,07241d9,acc4acc4,c,8
1032,1032,0,001ca03,1,1,3,1,1,0422,0423,0,1,1,0000,00e92cf0,00000000000000000000000000000000,03330433043304230423042204120411,0,"B_IDLE",0,0,0433,0,0,07241d9,acc4acc4,c,8
1033,1033,0,001ca03,1,1,1,1,1,0422,0423,0,1,1,0000,00e92cf0,00000000000000000000000000000000,03330433043304230423042204120411,0,"B_IDLE",0,0,0433,0,0,07241d9,acc4acc4,c,8
1034,1034,0,001ca03,1,1,4,1,1,0422,0423,0,1,1,0000,00e92cf0,00000000000000000000000000000000,03330433043304230423042204120411,0,"B_IDLE",0,0,0433,0,0,07241d9,acc4acc4,c,8
1035,1035,0,001ca03,1,1,3,1,1,0422,0423,0,1,1,0000,00e92cf0,00000000000000000000000000000000,03330433043304230423042204120411,0,"B_IDLE",0,0,0433,0,0,07241d9,acc4acc4,c,8
1036,1036,0,001ca03,1,1,3,1,1,0422,0423,0,1,1,0000,00e92cf0,00000000000000000000000000000000,03330433043304230423042204120411,0,"B_IDLE",0,0,0433,0,0,07241d9,acc4acc4,c,8
1037,1037,0,001ca03,1,1,1,1,1,0422,0423,0,1,1,0000,00e92cf0,00000000000000000000000000000000,03330433043304230423042204120411,0,"B_IDLE",0,0,0433,0,0,07241d9,acc4acc4,c,8
1038,1038,0,001ca03,1,1,4,1,1,0422,0423,0,1,1,0000,00e92cf0,00000000000000000000000000000000,03330433043304230423042204120411,0,"B_IDLE",0,0,0433,0,0,07241d9,acc4acc4,c,8
1039,1039,0,001ca03,1,1,3,1,1,0422,0423,0,1,1,0000,00e92cf0,00000000000000000000000000000000,03330433043304230423042204120411,0,"B_IDLE",0,0,0433,0,0,07241d9,acc4acc4,c,8
1040,1040,0,001ca03,1,1,3,1,1,0422,0423,0,1,1,0000,00e92cf0,00000000000000000000000000000000,03330433043304230423042204120411,0,"B_IDLE",0,0,0433,0,0,07241d9,acc4acc4,c,8
1041,1041,0,001ca03,1,1,1,1,1,0422,0423,0,1,1,0000,00e92cf0,00000000000000000000000000000000,03330433043304230423042204120411,0,"B_IDLE",0,0,0433,0,0,07241d9,acc4acc4,c,8
1042,1042,0,001ca03,1,1,4,1,1,0422,0423,0,1,1,0000,00e92cf0,00000000000000000000000000000000,03330433043304230423042204120411,0,"B_IDLE",0,0,0433,0,0,07241d9,acc4acc4,c,8
1043,1043,0,001ca03,1,1,3,1,1,0422,0423,0,1,1,0000,00e92cf0,00000000000000000000000000000000,03330433043304230423042204120411,0,"B_IDLE",0,0,0433,0,0,07241d9,acc4acc4,c,8
1044,1044,0,001ca03,1,1,3,1,1,0422,0423,0,1,1,0000,00e92cf0,00000000000000000000000000000000,03330433043304230423042204120411,0,"B_IDLE",0,0,0433,0,0,07241d9,acc4acc4,c,8
1045,1045,0,001ca03,1,1,1,1,1,0422,0423,0,1,1,0000,00e92cf0,00000000000000000000000000000000,03330433043304230423042204120411,0,"B_IDLE",0,0,0433,0,0,07241d9,acc4acc4,c,8
1046,1046,0,001ca03,1,1,4,1,1,0422,0423,0,1,1,0000,00e92cf0,00000000000000000000000000000000,03330433043304230423042204120411,0,"B_IDLE",0,0,0433,0,0,07241d9,acc4acc4,c,8
1047,1047,0,001ca03,1,1,3,1,1,0422,0423,0,1,1,0000,00e92cf0,00000000000000000000000000000000,03330433043304230423042204120411,0,"B_IDLE",0,0,0433,0,0,07241d9,acc4acc4,c,8
1048,1048,0,001ca03,1,1,3,1,1,0422,0423,0,1,1,0000,00e92cf0,00000000000000000000000000000000,03330433043304230423042204120411,0,"B_IDLE",0,0,0433,0,0,07241d9,acc4acc4,c,8
1049,1049,0,001ca03,1,1,1,1,1,0422,0423,0,1,1,0000,00e92cf0,00000000000000000000000000000000,03330433043304230423042204120411,0,"B_IDLE",0,0,0433,0,0,07241d9,acc4acc4,c,8
1050,1050,0,001ca03,1,1,4,1,1,0422,0423,0,1,1,0000,00e92cf0,00000000000000000000000000000000,03330433043304230423042204120411,0,"B_IDLE",0,0,0433,0,0,07241d9,acc4acc4,c,8
1051,1051,0,001ca03,1,1,3,1,1,0422,0423,0,1,1,0000,00e92cf0,00000000000000000000000000000000,03330433043304230423042204120411,0,"B_IDLE",0,0,0433,0,0,07241d9,acc4acc4,c,8
1052,1052,0,001ca03,1,1,3,1,1,0422,0423,0,1,1,0000,00e92cf0,00000000000000000000000000000000,03330433043304230423042204120411,0,"B_IDLE",0,0,0433,0,0,07241d9,acc4acc4,c,8
1053,1053,0,001ca03,1,1,1,1,1,0422,0423,0,1,1,0000,00e92cf0,00000000000000000000000000000000,03330433043304230423042204120411,0,"B_IDLE",0,0,0433,0,0,07241d9,acc4acc4,c,8
1054,1054,0,001ca03,1,1,4,1,1,0422,0423,0,1,1,0000,00e92cf0,00000000000000000000000000000000,03330433043304230423042204120411,0,"B_IDLE",0,0,0433,0,0,07241d9,acc4acc4,c,8
1055,1055,0,001ca03,1,1,3,1,1,0422,0423,0,1,1,0000,00e92cf0,00000000000000000000000000000000,03330433043304230423042204120411,0,"B_IDLE",0,0,0433,0,0,07241d9,acc4acc4,c,8
1056,1056,0,001ca03,1,1,3,1,1,0422,0423,0,1,1,0000,00e92cf0,00000000000000000000000000000000,03330433043304230423042204120411,0,"B_IDLE",0,0,0433,0,0,07241d9,acc4acc4,c,8
1057,1057,0,001ca03,1,1,1,1,1,0422,0423,0,1,1,0000,00e92cf0,00000000000000000000000000000000,03330433043304230423042204120411,0,"B_IDLE",0,0,0433,0,0,07241d9,acc4acc4,c,8
1058,1058,0,001ca03,1,1,4,1,1,0422,0423,0,1,1,0000,00e92cf0,00000000000000000000000000000000,03330433043304230423042204120411,0,"B_IDLE",0,0,0433,0,0,07241d9,acc4acc4,c,8
1059,1059,0,001ca03,1,1,3,1,1,0422,0423,0,1,1,0000,00e92cf0,00000000000000000000000000000000,03330433043304230423042204120411,0,"B_IDLE",0,0,0433,0,0,07241d9,acc4acc4,c,8
1060,1060,0,001ca03,1,1,3,1,1,0422,0423,0,1,1,0000,00e92cf0,00000000000000000000000000000000,03330433043304230423042204120411,0,"B_IDLE",0,0,0433,0,0,07241d9,acc4acc4,c,8
1061,1061,0,001ca03,1,1,1,1,1,0422,0423,0,1,1,0000,00e92cf0,00000000000000000000000000000000,03330433043304230423042204120411,0,"B_IDLE",0,0,0433,0,0,07241d9,acc4acc4,c,8
1062,1062,0,001ca03,1,1,4,1,1,0422,0423,0,1,1,0000,00e92cf0,00000000000000000000000000000000,03330433043304230423042204120411,0,"B_IDLE",0,0,0433,0,0,07241d9,acc4acc4,c,8
1063,1063,0,001ca03,1,1,3,1,1,0422,0423,0,1,1,0000,00e92cf0,00000000000000000000000000000000,03330433043304230423042204120411,0,"B_IDLE",0,0,0433,0,0,07241d9,acc4acc4,c,8
1064,1064,0,001ca03,1,1,3,1,1,0422,0423,0,1,1,0000,00e92cf0,00000000000000000000000000000000,03330433043304230423042204120411,0,"B_IDLE",0,0,0433,0,0,07241d9,acc4acc4,c,8
1065,1065,0,001ca03,1,1,1,1,1,0422,0423,0,1,1,0000,00e92cf0,00000000000000000000000000000000,03330433043304230423042204120411,0,"B_IDLE",0,0,0433,0,0,07241d9,acc4acc4,c,8
1066,1066,0,001ca03,1,1,4,1,1,0422,0423,0,1,1,0000,00e92cf0,00000000000000000000000000000000,03330433043304230423042204120411,0,"B_IDLE",0,0,0433,0,0,07241d9,acc4acc4,c,8
1067,1067,0,001ca03,1,1,3,1,1,0422,0423,0,1,1,0000,00e92cf0,00000000000000000000000000000000,03330433043304230423042204120411,0,"B_IDLE",0,0,0433,0,0,07241d9,acc4acc4,c,8
1068,1068,0,001ca03,1,1,3,1,1,0422,0423,0,1,1,0000,00e92cf0,00000000000000000000000000000000,03330433043304230423042204120411,0,"B_IDLE",0,0,0433,0,0,07241d9,acc4acc4,c,8
1069,1069,0,001ca03,1,1,1,1,1,0422,0423,0,1,1,0000,00e92cf0,00000000000000000000000000000000,03330433043304230423042204120411,0,"B_IDLE",0,0,0433,0,0,07241d9,acc4acc4,c,8
1070,1070,0,001ca03,1,1,4,1,1,0422,0423,0,1,1,0000,00e92cf0,00000000000000000000000000000000,03330433043304230423042204120411,0,"B_IDLE",0,0,0433,0,0,07241d9,acc4acc4,c,8
1071,1071,0,001ca03,1,1,3,1,1,0422,0423,0,1,1,0000,00e92cf0,00000000000000000000000000000000,03330433043304230423042204120411,0,"B_IDLE",0,0,0433,0,0,07241d9,acc4acc4,c,8
1072,1072,0,001ca03,1,1,3,1,1,0422,0423,0,1,1,0000,00e92cf0,00000000000000000000000000000000,03330433043304230423042204120411,0,"B_IDLE",0,0,0433,0,0,07241d9,acc4acc4,c,8
1073,1073,0,001ca03,1,1,1,1,1,0422,0423,0,1,1,0000,00e92cf0,00000000000000000000000000000000,03330433043304230423042204120411,0,"B_IDLE",0,0,0433,0,0,07241d9,acc4acc4,c,8
1074,1074,0,001ca03,1,1,4,1,1,0422,0423,0,1,1,0000,00e92cf0,00000000000000000000000000000000,03330433043304230423042204120411,0,"B_IDLE",0,0,0433,0,0,07241d9,acc4acc4,c,8
1075,1075,0,001ca03,1,1,3,1,1,0422,0423,0,1,1,0000,00e92cf0,00000000000000000000000000000000,03330433043304230423042204120411,0,"B_IDLE",0,0,0433,0,0,07241d9,acc4acc4,c,8
1076,1076,0,001ca03,1,1,3,1,1,0422,0423,0,1,1,0000,00e92cf0,00000000000000000000000000000000,03330433043304230423042204120411,0,"B_IDLE",0,0,0433,0,0,07241d9,acc4acc4,c,8
1077,1077,0,001ca03,1,1,1,1,1,0422,0423,0,1,1,0000,00e92cf0,00000000000000000000000000000000,03330433043304230423042204120411,0,"B_IDLE",0,0,0433,0,0,07241d9,acc4acc4,c,8
1078,1078,0,001ca03,1,1,4,1,1,0422,0423,0,1,1,0000,00e92cf0,00000000000000000000000000000000,03330433043304230423042204120411,0,"B_IDLE",0,0,0433,0,0,07241d9,acc4acc4,c,8
1079,1079,0,07496c7,2,1,3,0,0,0422,0423,0,1,1,0000,00e92cf0,00000000000000000000000000000000,03330433043304230423042204120411,0,"B_IDLE",0,0,0433,0,0,07241d9,acc4acc4,c,8
1080,1080,0,07496c7,2,1,3,0,0,0422,0333,0,1,1,0000,00e92cf0,00000000000000000000000000000000,03330433043304230423042204120411,0,"B_IDLE",0,0,0433,0,0,07241d9,acc4acc4,c,8
1081,1081,0,07496c7,2,1,1,0,0,0422,0333,0,1,1,0000,00e92cf0,00000000000000000000000000000000,03330433043304230423042204120411,0,"B_IDLE",0,0,0433,0,0,07241d9,acc4acc4,c,8
1082,1082,0,07496c7,2,0,0,0,0,0422,0333,0,1,1,0000,00e92cf0,00000000000000000000000000000000,03330433043304230423042204120411,0,"B_IDLE",0,0,0433,0,0,07241d9,acc4acc4,c,8
1083,1083,0,07496c7,2,0,0,0,0,0422,0333,0,1,1,0000,00e92cf0,00000000000000000000000000000000,03330433043304230423042204120411,0,"B_IDLE",0,0,0433,0,0,07241d9,acc4acc4,c,8
1084,1084,0,07496c7,2,0,0,0,0,0422,0333,0,1,1,0000,00e92cf0,00000000000000000000000000000000,03330433043304230423042204120411,0,"B_IDLE",0,0,0433,0,0,07241d9,acc4acc4,c,8
1085,1085,0,07496c7,2,0,0,0,0,0422,0444,1,1,1,0000,00e92cf0,00000000000000000000000000000000,03330433043304230423042204120411,0,"B_IDLE",0,0,0433,0,0,07241d9,acc4acc4,c,8
1086,1086,0,07496c7,2,0,4,0,0,0422,0444,1,1,1,0000,00e92cf0,00000000000000000000000000000000,03330433043304230423042204120411,0,"B_IDLE",0,0,0433,0,0,07241d9,acc4acc4,c,8
1087,1087,0,07496c7,1,1,3,1,1,0422,0444,1,1,1,0000,00e92cf0,00000000000000000000000000000000,03330433043304230423042204120411,0,"B_IDLE",0,0,0433,0,0,07241d9,acc4acc4,c,8
1088,1088,0,07496c7,1,1,3,1,1,0422,0444,0,1,1,0000,00e92cf0,00000000000000000000000000000000,03330433043304230423042204120411,0,"B_IDLE",0,0,0433,0,0,07241d9,acc4acc4,c,8
1089,1089,0,07496c7,1,1,1,1,1,0422,0444,0,1,1,0000,00e92cf0,00000000000000000000000000000000,03330433043304230423042204120411,0,"B_IDLE",0,0,0433,0,0,07241d9,acc4acc4,c,8
1090,1090,0,07496c7,1,1,4,1,1,0422,0444,0,1,1,0000,00e92cf0,00000000000000000000000000000000,03330433043304230423042204120411,0,"B_IDLE",0,0,0433,0,0,07241d9,acc4acc4,c,8
1091,1091,0,07496c7,1,1,3,1,1,0422,0444,0,1,1,0000,00e92cf0,00000000000000000000000000000000,03330433043304230423042204120411,0,"B_IDLE",0,0,0433,0,0,07241d9,acc4acc4,c,8
1092,1092,0,07496c7,1,1,3,1,1,0422,0444,0,1,1,0000,00e92cf0,00000000000000000000000000000000,03330433043304230423042204120411,0,"B_IDLE",0,0,0433,0,0,07241d9,acc4acc4,c,8
1093,1093,0,07496c7,1,1,1,1,1,0422,0444,0,1,1,0000,00e92cf0,00000000000000000000000000000000,03330433043304230423042204120411,0,"B_IDLE",0,0,0433,0,0,07241d9,acc4acc4,c,8
1094,1094,0,07496c7,1,1,4,1,1,0422,0444,0,1,1,0000,00e92cf0,00000000000000000000000000000000,03330433043304230423042204120411,0,"B_IDLE",0,0,0433,0,0,07241d9,acc4acc4,c,8
1095,1095,0,07496c7,1,1,3,1,1,0422,0444,0,1,1,0000,00e92cf0,00000000000000000000000000000000,03330433043304230423042204120411,0,"B_IDLE",0,0,0433,0,0,07241d9,acc4acc4,c,8
1096,1096,0,07496c7,1,1,3,1,1,0422,0444,0,1,1,0000,00e92cf0,00000000000000000000000000000000,03330433043304230423042204120411,0,"B_IDLE",0,0,0433,0,0,07241d9,acc4acc4,c,8
1097,1097,0,07496c7,1,1,1,1,1,0422,0444,0,1,1,0000,00e92cf0,00000000000000000000000000000000,03330433043304230423042204120411,0,"B_IDLE",0,0,0433,0,0,07241d9,acc4acc4,c,8
1098,1098,0,07496c7,1,1,4,1,1,0422,0444,0,1,1,0000,00e92cf0,00000000000000000000000000000000,03330433043304230423042204120411,0,"B_IDLE",0,0,0433,0,0,07241d9,acc4acc4,c,8
1099,1099,0,07496c7,1,1,3,1,1,0422,0444,0,1,1,0000,00e92cf0,00000000000000000000000000000000,03330433043304230423042204120411,0,"B_IDLE",0,0,0433,0,0,07241d9,acc4acc4,c,8
1100,1100,0,07496c7,1,1,3,1,1,0422,0444,0,1,1,0000,00e92cf0,00000000000000000000000000000000,03330433043304230423042204120411,0,"B_IDLE",0,0,0433,0,0,07241d9,acc4acc4,c,8
1101,1101,0,07496c7,1,1,1,1,1,0422,0444,0,1,1,0000,00e92cf0,00000000000000000000000000000000,03330433043304230423042204120411,0,"B_IDLE",0,0,0433,0,0,07241d9,acc4acc4,c,8
1102,1102,0,07496c7,1,1,4,1,1,0422,0444,0,1,1,0000,00e92cf0,00000000000000000000000000000000,03330433043304230423042204120411,0,"B_IDLE",0,0,0433,0,0,07241d9,acc4acc4,c,8
1103,1103,0,07496c7,1,1,3,1,1,0422,0444,0,1,1,0000,00e92cf0,00000000000000000000000000000000,03330433043304230423042204120411,0,"B_IDLE",0,0,0433,0,0,07241d9,acc4acc4,c,8
1104,1104,0,07496c7,1,1,3,1,1,0422,0444,0,1,1,0000,00e92cf0,00000000000000000000000000000000,03330433043304230423042204120411,0,"B_IDLE",0,0,0433,0,0,07241d9,acc4acc4,c,8
1105,1105,0,07496c7,1,1,1,1,1,0422,0444,0,1,1,0000,00e92cf0,00000000000000000000000000000000,03330433043304230423042204120411,0,"B_IDLE",0,0,0433,0,0,07241d9,acc4acc4,c,8
1106,1106,0,07496c7,1,1,4,1,1,0422,0444,0,1,1,0000,00e92cf0,00000000000000000000000000000000,03330433043304230423042204120411,0,"B_IDLE",0,0,0433,0,0,07241d9,acc4acc4,c,8
1107,1107,0,07496c7,1,1,3,1,1,0422,0444,0,1,1,0000,00e92cf0,00000000000000000000000000000000,03330433043304230423042204120411,0,"B_IDLE",0,0,0433,0,0,07241d9,acc4acc4,c,8
1108,1108,0,07496c7,1,1,3,1,1,0422,0444,0,1,1,0000,00e92cf0,00000000000000000000000000000000,03330433043304230423042204120411,0,"B_IDLE",0,0,0433,0,0,07241d9,acc4acc4,c,8
1109,1109,0,07496c7,1,1,1,1,1,0422,0444,0,1,1,0000,00e92cf0,00000000000000000000000000000000,03330433043304230423042204120411,0,"B_IDLE",0,0,0433,0,0,07241d9,acc4acc4,c,8
1110,1110,0,07496c7,1,1,4,1,1,0422,0444,0,1,1,0000,00e92cf0,00000000000000000000000000000000,03330433043304230423042204120411,0,"B_IDLE",0,0,0433,0,0,07241d9,acc4acc4,c,8
1111,1111,0,07496c7,1,1,3,1,1,0422,0444,0,1,1,0000,00e92cf0,00000000000000000000000000000000,03330433043304230423042204120411,0,"B_IDLE",0,0,0433,0,0,07241d9,acc4acc4,c,8
1112,1112,0,07496c7,1,1,3,1,1,0422,0444,0,1,1,0000,00e92cf0,00000000000000000000000000000000,03330433043304230423042204120411,0,"B_IDLE",0,0,0433,0,0,07241d9,acc4acc4,c,8
1113,1113,0,07496c7,1,1,1,1,1,0422,0444,0,1,1,0000,00e92cf0,00000000000000000000000000000000,03330433043304230423042204120411,0,"B_IDLE",0,0,0433,0,0,07241d9,acc4acc4,c,8
1114,1114,0,07496c7,1,1,4,1,1,0422,0444,0,1,1,0000,00e92cf0,00000000000000000000000000000000,03330433043304230423042204120411,0,"B_IDLE",0,0,0433,0,0,07241d9,acc4acc4,c,8
1115,1115,0,07496c7,1,1,3,1,1,0422,0444,0,1,1,0000,00e92cf0,00000000000000000000000000000000,03330433043304230423042204120411,0,"B_IDLE",0,0,0433,0,0,07241d9,acc4acc4,c,8
1116,1116,0,07496c7,1,1,3,1,1,0422,0444,0,1,1,0000,00e92cf0,00000000000000000000000000000000,03330433043304230423042204120411,0,"B_IDLE",0,0,0433,0,0,07241d9,acc4acc4,c,8
1117,1117,0,07496c7,1,1,1,1,1,0422,0444,0,1,1,0000,00e92cf0,00000000000000000000000000000000,03330433043304230423042204120411,0,"B_IDLE",0,0,0433,0,0,07241d9,acc4acc4,c,8
1118,1118,0,07496c7,1,1,4,1,1,0422,0444,0,1,1,0000,00e92cf0,00000000000000000000000000000000,03330433043304230423042204120411,0,"B_IDLE",0,0,0433,0,0,07241d9,acc4acc4,c,8
1119,1119,0,07496c7,1,1,3,1,1,0422,0444,0,1,1,0000,00e92cf0,00000000000000000000000000000000,03330433043304230423042204120411,0,"B_IDLE",0,0,0433,0,0,07241d9,acc4acc4,c,8
1120,1120,0,07496c7,1,1,3,1,1,0422,0444,0,1,1,0000,00e92cf0,00000000000000000000000000000000,03330433043304230423042204120411,0,"B_IDLE",0,0,0433,0,0,07241d9,acc4acc4,c,8
1121,1121,0,07496c7,1,1,1,1,1,0422,0444,0,1,1,0000,00e92cf0,00000000000000000000000000000000,03330433043304230423042204120411,0,"B_IDLE",0,0,0433,0,0,07241d9,acc4acc4,c,8
1122,1122,0,07496c7,1,1,4,1,1,0422,0444,0,1,1,0000,00e92cf0,00000000000000000000000000000000,03330433043304230423042204120411,0,"B_IDLE",0,0,0433,0,0,07241d9,acc4acc4,c,8
1123,1123,0,07496c7,1,1,3,1,1,0422,0444,0,1,1,0000,00e92cf0,00000000000000000000000000000000,03330433043304230423042204120411,0,"B_IDLE",0,0,0433,0,0,07241d9,acc4acc4,c,8
1124,1124,0,07496c7,1,1,3,1,1,0422,0444,0,1,1,0000,00e92cf0,00000000000000000000000000000000,03330433043304230423042204120411,0,"B_IDLE",0,0,0433,0,0,07241d9,acc4acc4,c,8
1125,1125,0,07496c7,1,1,1,1,1,0422,0444,0,1,1,0000,00e92cf0,00000000000000000000000000000000,03330433043304230423042204120411,0,"B_IDLE",0,0,0433,0,0,07241d9,acc4acc4,c,8
1126,1126,0,07496c7,1,1,4,1,1,0422,0444,0,1,1,0000,00e92cf0,00000000000000000000000000000000,03330433043304230423042204120411,0,"B_IDLE",0,0,0433,0,0,07241d9,acc4acc4,c,8
1127,1127,0,07496c7,1,1,3,1,1,0422,0444,0,1,1,0000,00e92cf0,00000000000000000000000000000000,03330433043304230423042204120411,0,"B_IDLE",0,0,0433,0,0,07241d9,acc4acc4,c,8
1128,1128,0,07496c7,1,1,3,1,1,0422,0444,0,1,1,0000,00e92cf0,00000000000000000000000000000000,03330433043304230423042204120411,0,"B_IDLE",0,0,0433,0,0,07241d9,acc4acc4,c,8
1129,1129,0,07496c7,1,1,1,1,1,0422,0444,0,1,1,0000,00e92cf0,00000000000000000000000000000000,03330433043304230423042204120411,0,"B_IDLE",0,0,0433,0,0,07241d9,acc4acc4,c,8
1130,1130,0,07496c7,1,1,4,1,1,0422,0444,0,1,1,0000,00e92cf0,00000000000000000000000000000000,03330433043304230423042204120411,0,"B_IDLE",0,0,0433,0,0,07241d9,acc4acc4,c,8
1131,1131,0,07496c7,1,1,3,1,1,0422,0444,0,1,1,0000,00e92cf0,00000000000000000000000000000000,03330433043304230423042204120411,0,"B_IDLE",0,0,0433,0,0,07241d9,acc4acc4,c,8
1132,1132,0,07496c7,1,1,3,1,1,0422,0444,0,1,1,0000,00e92cf0,00000000000000000000000000000000,03330433043304230423042204120411,0,"B_IDLE",0,0,0433,0,0,07241d9,acc4acc4,c,8
1133,1133,0,07496c7,1,1,1,1,1,0422,0444,0,1,1,0000,00e92cf0,00000000000000000000000000000000,03330433043304230423042204120411,0,"B_IDLE",0,0,0433,0,0,07241d9,acc4acc4,c,8
1134,1134,0,07496c7,1,1,4,1,1,0422,0444,0,1,1,0000,00e92cf0,00000000000000000000000000000000,03330433043304230423042204120411,0,"B_IDLE",0,0,0433,0,0,07241d9,acc4acc4,c,8
1135,1135,0,07496c7,1,1,3,1,1,0422,0444,0,1,1,0000,00e92cf0,00000000000000000000000000000000,03330433043304230423042204120411,0,"B_IDLE",0,0,0433,0,0,07241d9,acc4acc4,c,8
1136,1136,0,07496c7,1,1,3,1,1,0422,0444,0,1,1,0000,00e92cf0,00000000000000000000000000000000,03330433043304230423042204120411,0,"B_IDLE",0,0,0433,0,0,07241d9,acc4acc4,c,8
1137,1137,0,07496c7,1,1,1,1,1,0422,0444,0,1,1,0000,00e92cf0,00000000000000000000000000000000,03330433043304230423042204120411,0,"B_IDLE",0,0,0433,0,0,07241d9,acc4acc4,c,8
1138,1138,0,07496c7,1,1,4,1,1,0422,0444,0,1,1,0000,00e92cf0,00000000000000000000000000000000,03330433043304230423042204120411,0,"B_IDLE",0,0,0433,0,0,07241d9,acc4acc4,c,8
1139,1139,0,07496c7,1,1,3,1,1,0422,0444,0,1,1,0000,00e92cf0,00000000000000000000000000000000,03330433043304230423042204120411,0,"B_IDLE",0,0,0433,0,0,07241d9,acc4acc4,c,8
1140,1140,0,07496c7,1,1,3,1,1,0422,0444,0,1,1,0000,00e92cf0,00000000000000000000000000000000,03330433043304230423042204120411,0,"B_IDLE",0,0,0433,0,0,07241d9,acc4acc4,c,8
1141,1141,0,07496c7,1,1,1,1,1,0422,0444,0,1,1,0000,00e92cf0,00000000000000000000000000000000,03330433043304230423042204120411,0,"B_IDLE",0,0,0433,0,0,07241d9,acc4acc4,c,8
1142,1142,0,07496c7,1,1,4,1,1,0422,0444,0,1,1,0000,00e92cf0,00000000000000000000000000000000,03330433043304230423042204120411,0,"B_IDLE",0,0,0433,0,0,07241d9,acc4acc4,c,8
1143,1143,0,001cb27,3,1,3,0,0,0444,0444,0,1,1,0000,00e92cf0,00000000000000000000000000000000,03330433043304230423042204120411,0,"B_IDLE",0,0,0433,0,0,07241d9,acc4acc4,c,8
1144,1144,0,001cb27,3,1,3,0,0,0444,0444,0,1,1,0000,00e92cf0,00000000000000000000000000000000,03330433043304230423042204120411,0,"B_IDLE",0,0,0433,0,0,07241d9,acc4acc4,c,8
1145,1145,0,001cb27,3,1,1,0,0,0444,0444,0,1,1,0000,00e92cf0,00000000000000000000000000000000,03330433043304230423042204120411,0,"B_IDLE",0,0,0433,0,0,07241d9,acc4acc4,c,8
1146,1146,0,001cb27,3,1,0,0,0,0444,0444,0,1,1,0000,00e92cf0,00000000000000000000000000000000,03330433043304230423042204120411,0,"B_IDLE",0,0,0433,0,0,07241d9,acc4acc4,c,8
1147,1147,0,001cb27,3,1,0,0,0,0444,0444,0,1,1,0000,00e92cf0,00000000000000000000000000000000,03330433043304230423042204120411,0,"B_IDLE",0,0,0433,0,0,07241d9,acc4acc4,c,8
1148,1148,0,001cb27,3,1,0,0,0,0444,0444,0,1,1,0000,00e92cf0,00000000000000000000000000000000,03330433043304230423042204120411,0,"B_IDLE",0,0,0433,0,0,07241d9,acc4acc4,c,8
1149,1149,0,001cb27,3,1,0,0,0,0444,0444,0,1,1,0000,00e92cf0,00000000000000000000000000000000,03330433043304230423042204120411,0,"B_IDLE",0,0,0433,0,0,07241d9,acc4acc4,c,8
1150,1150,0,001cb27,3,1,0,0,0,0444,0444,0,1,1,0000,00e92cf0,00000000000000000000000000000000,03330433043304230423042204120411,0,"B_IDLE",0,0,0433,0,0,07241d9,acc4acc4,c,8
1151,1151,0,001cb27,3,1,0,0,0,0444,0444,0,1,1,0000,00e92cf0,00000000000000000000000000000000,03330433043304230423042204120411,0,"B_IDLE",0,0,0433,0,0,07241d9,acc4acc4,c,8
1152,1152,0,001cb27,3,1,0,0,0,0444,0444,0,1,1,0000,00e92cf0,00000000000000000000000000000000,03330433043304230423042204120411,0,"B_IDLE",0,0,0433,0,0,07241d9,acc4acc4,c,8
1153,1153,0,001cb27,3,1,0,0,0,0444,0444,0,1,1,0000,00e92cf0,00000000000000000000000000000000,03330433043304230423042204120411,0,"B_IDLE",0,0,0433,0,0,07241d9,acc4acc4,c,8
1154,1154,0,001cb27,3,1,0,0,0,0444,0444,0,1,1,0000,00e92cf0,00000000000000000000000000000000,03330433043304230423042204120411,0,"B_IDLE",0,0,0433,0,0,07241d9,acc4acc4,c,8
1155,1155,0,001cb27,3,1,0,0,0,0444,0444,0,1,1,0000,00e92cf0,00000000000000000000000000000000,03330433043304230423042204120411,0,"B_IDLE",0,0,0433,0,0,07241d9,acc4acc4,c,8
1156,1156,0,001cb27,3,1,0,0,0,0444,0444,0,1,1,0000,00e92cf0,00000000000000000000000000000000,03330433043304230423042204120411,0,"B_IDLE",0,0,0433,0,0,07241d9,acc4acc4,c,8
1157,1157,0,001cb27,3,1,0,0,0,0444,0444,0,1,1,0000,00e92cf0,00000000000000000000000000000000,03330433043304230423042204120411,0,"B_IDLE",0,0,0433,0,0,07241d9,acc4acc4,c,8
1158,1158,0,001cb27,3,1,0,0,0,0444,0444,0,1,1,0000,00e92cf0,00000000000000000000000000000000,03330433043304230423042204120411,0,"B_IDLE",0,0,0433,0,0,07241d9,acc4acc4,c,8
1159,1159,0,001cb27,3,1,0,0,0,0444,0444,0,1,1,0000,00e92cf0,00000000000000000000000000000000,03330433043304230423042204120411,0,"B_IDLE",0,0,0433,0,0,07241d9,acc4acc4,c,8
1160,1160,0,001cb27,3,1,0,0,0,0444,0444,0,1,1,0000,00e92cf0,00000000000000000000000000000000,03330433043304230423042204120411,0,"B_IDLE",0,0,0433,0,0,07241d9,acc4acc4,c,8
1161,1161,0,001cb27,3,1,0,0,0,0444,0444,0,1,1,0000,00e92cf0,00000000000000000000000000000000,03330433043304230423042204120411,0,"B_IDLE",0,0,0433,0,0,07241d9,acc4acc4,c,8
1162,1162,0,001cb27,3,1,0,0,0,0444,0444,0,1,1,0000,00e92cf0,00000000000000000000000000000000,03330433043304230423042204120411,0,"B_IDLE",0,0,0433,0,0,07241d9,acc4acc4,c,8
1163,1163,0,001cb27,3,1,0,0,0,0444,0444,0,1,1,0000,00e92cf0,00000000000000000000000000000000,03330433043304230423042204120411,0,"B_IDLE",0,0,0433,0,0,07241d9,acc4acc4,c,8
1164,1164,0,001cb27,3,1,0,0,0,0444,0444,0,1,1,0000,00e92cf0,00000000000000000000000000000000,03330433043304230423042204120411,0,"B_IDLE",0,0,0433,0,0,07241d9,acc4acc4,c,8
1165,1165,0,001cb27,3,1,0,0,0,0444,0444,0,1,1,0000,00e92cf0,00000000000000000000000000000000,03330433043304230423042204120411,0,"B_IDLE",0,0,0433,0,0,07241d9,acc4acc4,c,8
1166,1166,0,001cb27,3,1,0,0,0,0444,0444,0,1,1,0000,00e92cf0,00000000000000000000000000000000,03330433043304230423042204120411,0,"B_IDLE",0,0,0433,0,0,07241d9,acc4acc4,c,8
1167,1167,0,001cb27,3,1,0,0,0,0444,0444,0,1,1,0000,00e92cf0,00000000000000000000000000000000,03330433043304230423042204120411,0,"B_IDLE",0,0,0433,0,0,07241d9,acc4acc4,c,8
1168,1168,0,001cb27,3,1,0,0,0,0444,0444,0,1,1,0000,00e92cf0,00000000000000000000000000000000,03330433043304230423042204120411,0,"B_IDLE",0,0,0433,0,0,07241d9,acc4acc4,c,8
1169,1169,0,001cb27,3,1,0,0,0,0444,0444,0,1,1,0000,00e92cf0,00000000000000000000000000000000,03330433043304230423042204120411,0,"B_IDLE",0,0,0433,0,0,07241d9,acc4acc4,c,8
1170,1170,0,001cb27,3,1,0,0,0,0444,0444,0,1,1,0000,00e92cf0,00000000000000000000000000000000,03330433043304230423042204120411,0,"B_IDLE",0,0,0433,0,0,07241d9,acc4acc4,c,8
1171,1171,0,001cb27,3,1,0,0,0,0444,0444,0,1,1,0000,00e92cf0,00000000000000000000000000000000,03330433043304230423042204120411,0,"B_IDLE",0,0,0433,0,0,07241d9,acc4acc4,c,8
1172,1172,0,001cb27,3,1,0,0,0,0444,0444,0,1,1,0000,00e92cf0,00000000000000000000000000000000,03330433043304230423042204120411,0,"B_IDLE",0,0,0433,0,0,07241d9,acc4acc4,c,8
1173,1173,0,001cb27,3,1,0,0,0,0444,0444,0,1,1,0000,00e92cf0,00000000000000000000000000000000,03330433043304230423042204120411,0,"B_IDLE",0,0,0433,0,0,07241d9,acc4acc4,c,8
1174,1174,0,001cb27,3,1,0,0,0,0444,0444,0,1,1,0000,00e92cf0,00000000000000000000000000000000,03330433043304230423042204120411,0,"B_IDLE",0,0,0433,0,0,07241d9,acc4acc4,c,8
1175,1175,0,001cb27,3,1,0,0,0,0444,0444,0,1,1,0000,00e92cf0,00000000000000000000000000000000,03330433043304230423042204120411,0,"B_IDLE",0,0,0433,0,0,07241d9,acc4acc4,c,8
1176,1176,0,001cb27,3,1,0,0,0,0444,0444,0,1,1,0000,00e92cf0,00000000000000000000000000000000,03330433043304230423042204120411,0,"B_IDLE",0,0,0433,0,0,07241d9,acc4acc4,c,8
1177,1177,0,001cb27,3,1,0,0,0,0444,0444,0,1,1,0000,00e92cf0,00000000000000000000000000000000,03330433043304230423042204120411,0,"B_IDLE",0,0,0433,0,0,07241d9,acc4acc4,c,8
1178,1178,0,001cb27,3,1,0,0,0,0444,0444,0,1,1,0000,00e92cf0,00000000000000000000000000000000,03330433043304230423042204120411,0,"B_IDLE",0,0,0433,0,0,07241d9,acc4acc4,c,8
1179,1179,0,001cb27,3,1,0,0,0,0444,0444,0,1,1,0000,00e92cf0,00000000000000000000000000000000,03330433043304230423042204120411,0,"B_IDLE",0,0,0433,0,0,07241d9,acc4acc4,c,8
1180,1180,0,001cb27,3,1,0,0,0,0444,0444,0,1,1,0000,00e92cf0,00000000000000000000000000000000,03330433043304230423042204120411,0,"B_IDLE",0,0,0433,0,0,07241d9,acc4acc4,c,8
1181,1181,0,001cb27,3,1,0,0,0,0444,0444,0,1,1,0000,00e92cf0,00000000000000000000000000000000,03330433043304230423042204120411,0,"B_IDLE",0,0,0433,0,0,07241d9,acc4acc4,c,8
1182,1182,0,001cb27,3,1,0,0,0,0444,0444,0,1,1,0000,00e92cf0,00000000000000000000000000000000,03330433043304230423042204120411,0,"B_IDLE",0,0,0433,0,0,07241d9,acc4acc4,c,8
1183,1183,0,001cb27,3,1,0,0,0,0444,0444,0,1,1,0000,00e92cf0,00000000000000000000000000000000,03330433043304230423042204120411,0,"B_IDLE",0,0,0433,0,0,07241d9,acc4acc4,c,8
1184,1184,0,001cb27,3,1,0,0,0,0444,0444,0,1,1,0000,00e92cf0,00000000000000000000000000000000,03330433043304230423042204120411,0,"B_IDLE",0,0,0433,0,0,07241d9,acc4acc4,c,8
1185,1185,0,001cb27,3,1,0,0,0,0444,0444,0,1,1,0000,00e92cf0,00000000000000000000000000000000,03330433043304230423042204120411,0,"B_IDLE",0,0,0433,0,0,07241d9,acc4acc4,c,8
1186,1186,0,001cb27,3,1,0,0,0,0444,0444,0,1,1,0000,00e92cf0,00000000000000000000000000000000,03330433043304230423042204120411,0,"B_IDLE",0,0,0433,0,0,07241d9,acc4acc4,c,8
1187,1187,0,001cb27,3,1,0,0,0,0444,0444,0,1,1,0000,00e92cf0,00000000000000000000000000000000,03330433043304230423042204120411,0,"B_IDLE",0,0,0433,0,0,07241d9,acc4acc4,c,8
1188,1188,0,001cb27,3,1,0,0,0,0444,0444,0,1,1,0000,00e92cf0,00000000000000000000000000000000,03330433043304230423042204120411,0,"B_IDLE",0,0,0433,0,0,07241d9,acc4acc4,c,8
1189,1189,0,001cb27,3,1,0,0,0,0444,0444,0,1,1,0000,00e92cf0,00000000000000000000000000000000,03330433043304230423042204120411,0,"B_IDLE",0,0,0433,0,0,07241d9,acc4acc4,c,8
1190,1190,0,001cb27,3,1,0,0,0,0444,0444,0,1,1,0000,00e92cf0,00000000000000000000000000000000,03330433043304230423042204120411,0,"B_IDLE",0,0,0433,0,0,07241d9,acc4acc4,c,8
1191,1191,0,001cb27,3,1,0,0,0,0444,0444,0,1,1,0000,00e92cf0,00000000000000000000000000000000,03330433043304230423042204120411,0,"B_IDLE",0,0,0433,0,0,07241d9,acc4acc4,c,8
1192,1192,0,001cb27,3,1,0,0,0,0444,0444,0,1,1,0000,00e92cf0,00000000000000000000000000000000,03330433043304230423042204120411,0,"B_IDLE",0,0,0433,0,0,07241d9,acc4acc4,c,8
1193,1193,0,001cb27,3,1,0,0,0,0444,0444,0,1,1,0000,00e92cf0,00000000000000000000000000000000,03330433043304230423042204120411,0,"B_IDLE",0,0,0433,0,0,07241d9,acc4acc4,c,8
1194,1194,0,001cb27,3,1,0,0,0,0444,0444,0,1,1,0000,00e92cf0,00000000000000000000000000000000,03330433043304230423042204120411,0,"B_IDLE",0,0,0433,0,0,07241d9,acc4acc4,c,8
1195,1195,0,001cb27,3,1,0,0,0,0444,0444,0,1,1,0000,00e92cf0,00000000000000000000000000000000,03330433043304230423042204120411,0,"B_IDLE",0,0,0433,0,0,07241d9,acc4acc4,c,8
1196,1196,0,001cb27,3,1,0,0,0,0444,0444,0,1,1,0000,00e92cf0,00000000000000000000000000000000,03330433043304230423042204120411,0,"B_IDLE",0,0,0433,0,0,07241d9,acc4acc4,c,8
1197,1197,0,001cb27,3,1,0,0,0,0444,0444,0,1,1,0000,00e92cf0,00000000000000000000000000000000,03330433043304230423042204120411,0,"B_IDLE",0,0,0433,0,0,07241d9,acc4acc4,c,8
1198,1198,0,001cb27,3,1,0,0,0,0444,0444,0,1,1,0000,00e92cf0,00000000000000000000000000000000,03330433043304230423042204120411,0,"B_IDLE",0,0,0433,0,0,07241d9,acc4acc4,c,8
1199,1199,0,001cb27,3,1,0,0,0,0444,0444,0,1,1,0000,00e92cf0,00000000000000000000000000000000,03330433043304230423042204120411,0,"B_IDLE",0,0,0433,0,0,07241d9,acc4acc4,c,8
1200,1200,0,001cb27,3,1,0,0,0,0444,0444,0,1,1,0000,00e92cf0,00000000000000000000000000000000,03330433043304230423042204120411,0,"B_IDLE",0,0,0433,0,0,07241d9,acc4acc4,c,8
1201,1201,0,001cb27,3,1,0,0,0,0444,0444,0,1,1,0000,00e92cf0,00000000000000000000000000000000,03330433043304230423042204120411,0,"B_IDLE",0,0,0433,0,0,07241d9,acc4acc4,c,8
1202,1202,0,001cb27,3,1,0,0,0,0444,0444,0,1,1,0000,00e92cf0,00000000000000000000000000000000,03330433043304230423042204120411,0,"B_IDLE",0,0,0433,0,0,07241d9,acc4acc4,c,8
1203,1203,0,001cb27,3,1,0,0,0,0444,0444,0,1,1,0000,00e92cf0,00000000000000000000000000000000,03330433043304230423042204120411,0,"B_IDLE",0,0,0433,0,0,07241d9,acc4acc4,c,8
1204,1204,0,001cb27,3,1,0,0,0,0444,0444,0,1,1,0000,00e92cf0,00000000000000000000000000000000,03330433043304230423042204120411,0,"B_IDLE",0,0,0433,0,0,07241d9,acc4acc4,c,8
1205,1205,0,001cb27,3,1,0,0,0,0444,0444,0,1,1,0000,00e92cf0,00000000000000000000000000000000,03330433043304230423042204120411,0,"B_IDLE",0,0,0433,0,0,07241d9,acc4acc4,c,8
1206,1206,0,001cb27,3,1,0,0,0,0444,0444,0,1,1,0000,00e92cf0,00000000000000000000000000000000,03330433043304230423042204120411,0,"B_IDLE",0,0,0433,0,0,07241d9,acc4acc4,c,8
1207,1207,0,001cb27,3,1,0,0,0,0444,0444,0,1,1,0000,00e92cf0,00000000000000000000000000000000,03330433043304230423042204120411,0,"B_IDLE",0,0,0433,0,0,07241d9,acc4acc4,c,8
1208,1208,0,001cb27,3,1,0,0,0,0444,0444,0,1,1,0000,00e92cf0,00000000000000000000000000000000,03330433043304230423042204120411,0,"B_IDLE",0,0,0433,0,0,07241d9,acc4acc4,c,8
1209,1209,0,001cb27,3,1,0,0,0,0444,0444,0,1,1,0000,00e92cf0,00000000000000000000000000000000,03330433043304230423042204120411,0,"B_IDLE",0,0,0433,0,0,07241d9,acc4acc4,c,8
1210,1210,0,001cb27,3,1,4,0,0,0444,0444,0,1,1,0000,00e92cf0,00000000000000000000000000000000,03330433043304230423042204120411,0,"B_IDLE",0,0,0433,0,0,07241d9,acc4acc4,c,8
1211,1211,0,001cb27,1,1,3,1,1,0444,0444,0,1,1,0000,00e92cf0,00000000000000000000000000000000,03330433043304230423042204120411,0,"B_IDLE",0,0,0433,0,0,07241d9,acc4acc4,c,8
1212,1212,0,001cb27,1,1,3,1,1,0444,0444,0,1,1,0000,00e92cf0,00000000000000000000000000000000,03330433043304230423042204120411,0,"B_IDLE",0,0,0433,0,0,07241d9,acc4acc4,c,8
1213,1213,0,001cb27,1,1,1,1,1,0444,0444,0,1,1,0000,00e92cf0,00000000000000000000000000000000,03330433043304230423042204120411,0,"B_IDLE",0,0,0433,0,0,07241d9,acc4acc4,c,8
1214,1214,0,001cb27,1,1,4,1,1,0444,0444,0,1,1,0000,00e92cf0,00000000000000000000000000000000,03330433043304230423042204120411,0,"B_IDLE",0,0,0433,0,0,07241d9,acc4acc4,c,8
1215,1215,0,001cb27,1,1,3,1,1,0444,0444,0,1,1,0000,00e92cf0,00000000000000000000000000000000,03330433043304230423042204120411,0,"B_IDLE",0,0,0433,0,0,07241d9,acc4acc4,c,8
1216,1216,0,001cb27,1,1,3,1,1,0444,0444,0,1,1,0000,00e92cf0,00000000000000000000000000000000,03330433043304230423042204120411,0,"B_IDLE",0,0,0433,0,0,07241d9,acc4acc4,c,8
1217,1217,0,001cb27,1,1,1,1,1,0444,0444,0,1,1,0000,00e92cf0,00000000000000000000000000000000,03330433043304230423042204120411,0,"B_IDLE",0,0,0433,0,0,07241d9,acc4acc4,c,8
1218,1218,0,001cb27,1,1,4,1,1,0444,0444,0,1,1,0000,00e92cf0,00000000000000000000000000000000,03330433043304230423042204120411,0,"B_IDLE",0,0,0433,0,0,07241d9,acc4acc4,c,8
1219,1219,0,001cb27,1,1,3,1,1,0444,0444,0,1,1,0000,00e92cf0,00000000000000000000000000000000,03330433043304230423042204120411,0,"B_IDLE",0,0,0433,0,0,07241d9,acc4acc4,c,8
1220,1220,0,001cb27,1,1,3,1,1,0444,0444,0,1,1,0000,00e92cf0,00000000000000000000000000000000,03330433043304230423042204120411,0,"B_IDLE",0,0,0433,0,0,07241d9,acc4acc4,c,8
1221,1221,0,001cb27,1,1,1,1,1,0444,0444,0,1,1,0000,00e92cf0,00000000000000000000000000000000,03330433043304230423042204120411,0,"B_IDLE",0,0,0433,0,0,07241d9,acc4acc4,c,8
1222,1222,0,001cb27,1,1,4,1,1,0444,0444,0,1,1,0000,00e92cf0,00000000000000000000000000000000,03330433043304230423042204120411,0,"B_IDLE",0,0,0433,0,0,07241d9,acc4acc4,c,8
1223,1223,0,001cb27,1,1,3,1,1,0444,0444,0,1,1,0000,00e92cf0,00000000000000000000000000000000,03330433043304230423042204120411,0,"B_IDLE",0,0,0433,0,0,07241d9,acc4acc4,c,8
1224,1224,0,001cb27,1,1,3,1,1,0444,0444,0,1,1,0000,00e92cf0,00000000000000000000000000000000,03330433043304230423042204120411,0,"B_IDLE",0,0,0433,0,0,07241d9,acc4acc4,c,8
1225,1225,0,001cb27,1,1,1,1,1,0444,0444,0,1,1,0000,00e92cf0,00000000000000000000000000000000,03330433043304230423042204120411,0,"B_IDLE",0,0,0433,0,0,07241d9,acc4acc4,c,8
1226,1226,0,001cb27,1,1,4,1,1,0444,0444,0,1,1,0000,00e92cf0,00000000000000000000000000000000,03330433043304230423042204120411,0,"B_IDLE",0,0,0433,0,0,07241d9,acc4acc4,c,8
1227,1227,0,001cb27,1,1,3,1,1,0444,0444,0,1,1,0000,00e92cf0,00000000000000000000000000000000,03330433043304230423042204120411,0,"B_IDLE",0,0,0433,0,0,07241d9,acc4acc4,c,8
1228,1228,0,001cb27,1,1,3,1,1,0444,0444,0,1,1,0000,00e92cf0,00000000000000000000000000000000,03330433043304230423042204120411,0,"B_IDLE",0,0,0433,0,0,07241d9,acc4acc4,c,8
1229,1229,0,001cb27,1,1,1,1,1,0444,0444,0,1,1,0000,00e92cf0,00000000000000000000000000000000,03330433043304230423042204120411,0,"B_IDLE",0,0,0433,0,0,07241d9,acc4acc4,c,8
1230,1230,0,001cb27,1,1,4,1,1,0444,0444,0,1,1,0000,00e92cf0,00000000000000000000000000000000,03330433043304230423042204120411,0,"B_IDLE",0,0,0433,0,0,07241d9,acc4acc4,c,8
1231,1231,0,001cb27,1,1,3,1,1,0444,0444,0,1,1,0000,00e92cf0,00000000000000000000000000000000,03330433043304230423042204120411,0,"B_IDLE",0,0,0433,0,0,07241d9,acc4acc4,c,8
1232,1232,0,001cb27,1,1,3,1,1,0444,0444,0,1,1,0000,00e92cf0,00000000000000000000000000000000,03330433043304230423042204120411,0,"B_IDLE",0,0,0433,0,0,07241d9,acc4acc4,c,8
1233,1233,0,001cb27,1,1,1,1,1,0444,0444,0,1,1,0000,00e92cf0,00000000000000000000000000000000,03330433043304230423042204120411,0,"B_IDLE",0,0,0433,0,0,07241d9,acc4acc4,c,8
1234,1234,0,001cb27,1,1,4,1,1,0444,0444,0,1,1,0000,00e92cf0,00000000000000000000000000000000,03330433043304230423042204120411,0,"B_IDLE",0,0,0433,0,0,07241d9,acc4acc4,c,8
1235,1235,0,001cb27,1,1,3,1,1,0444,0444,0,1,1,0000,00e92cf0,00000000000000000000000000000000,03330433043304230423042204120411,0,"B_IDLE",0,0,0433,0,0,07241d9,acc4acc4,c,8
1236,1236,0,001cb27,1,1,3,1,1,0444,0444,0,1,1,0000,00e92cf0,00000000000000000000000000000000,03330433043304230423042204120411,0,"B_IDLE",0,0,0433,0,0,07241d9,acc4acc4,c,8
1237,1237,0,001cb27,1,1,1,1,1,0444,0444,0,1,1,0000,00e92cf0,00000000000000000000000000000000,03330433043304230423042204120411,0,"B_IDLE",0,0,0433,0,0,07241d9,acc4acc4,c,8
1238,1238,0,001cb27,1,1,4,1,1,0444,0444,0,1,1,0000,00e92cf0,00000000000000000000000000000000,03330433043304230423042204120411,0,"B_IDLE",0,0,0433,0,0,07241d9,acc4acc4,c,8
1239,1239,0,001cb27,1,1,3,1,1,0444,0444,0,1,1,0000,00e92cf0,00000000000000000000000000000000,03330433043304230423042204120411,0,"B_IDLE",0,0,0433,0,0,07241d9,acc4acc4,c,8
1240,1240,0,001cb27,1,1,3,1,1,0444,0444,0,1,1,0000,00e92cf0,00000000000000000000000000000000,03330433043304230423042204120411,0,"B_IDLE",0,0,0433,0,0,07241d9,acc4acc4,c,8
1241,1241,0,001cb27,1,1,1,1,1,0444,0444,0,1,1,0000,00e92cf0,00000000000000000000000000000000,03330433043304230423042204120411,0,"B_IDLE",0,0,0433,0,0,07241d9,acc4acc4,c,8
1242,1242,0,001cb27,1,1,4,1,1,0444,0444,0,1,1,0000,00e92cf0,00000000000000000000000000000000,03330433043304230423042204120411,0,"B_IDLE",0,0,0433,0,0,07241d9,acc4acc4,c,8
1243,1243,0,001cb27,1,1,3,1,1,0444,0444,0,1,1,0000,00e92cf0,00000000000000000000000000000000,03330433043304230423042204120411,0,"B_IDLE",0,0,0433,0,0,07241d9,acc4acc4,c,8
1244,1244,0,001cb27,1,1,3,1,1,0444,0444,0,1,1,0000,00e92cf0,00000000000000000000000000000000,03330433043304230423042204120411,0,"B_IDLE",0,0,0433,0,0,07241d9,acc4acc4,c,8
1245,1245,0,001cb27,1,1,1,1,1,0444,0444,0,1,1,0000,00e92cf0,00000000000000000000000000000000,03330433043304230423042204120411,0,"B_IDLE",0,0,0433,0,0,07241d9,acc4acc4,c,8
1246,1246,0,001cb27,1,1,4,1,1,0444,0444,0,1,1,0000,00e92cf0,00000000000000000000000000000000,03330433043304230423042204120411,0,"B_IDLE",0,0,0433,0,0,07241d9,acc4acc4,c,8
1247,1247,0,001cb27,1,1,3,1,1,0444,0444,0,1,1,0000,00e92cf0,00000000000000000000000000000000,03330433043304230423042204120411,0,"B_IDLE",0,0,0433,0,0,07241d9,acc4acc4,c,8
1248,1248,0,001cb27,1,1,3,1,1,0444,0444,0,1,1,0000,00e92cf0,00000000000000000000000000000000,03330433043304230423042204120411,0,"B_IDLE",0,0,0433,0,0,07241d9,acc4acc4,c,8
1249,1249,0,001cb27,1,1,1,1,1,0444,0444,0,1,1,0000,00e92cf0,00000000000000000000000000000000,03330433043304230423042204120411,0,"B_IDLE",0,0,0433,0,0,07241d9,acc4acc4,c,8
1250,1250,0,001cb27,1,1,4,1,1,0444,0444,0,1,1,0000,00e92cf0,00000000000000000000000000000000,03330433043304230423042204120411,0,"B_IDLE",0,0,0433,0,0,07241d9,acc4acc4,c,8
1251,1251,0,001cb27,1,1,3,1,1,0444,0444,0,1,1,0000,00e92cf0,00000000000000000000000000000000,03330433043304230423042204120411,0,"B_IDLE",0,0,0433,0,0,07241d9,acc4acc4,c,8
1252,1252,0,001cb27,1,1,3,1,1,0444,0444,0,1,1,0000,00e92cf0,00000000000000000000000000000000,03330433043304230423042204120411,0,"B_IDLE",0,0,0433,0,0,07241d9,acc4acc4,c,8
1253,1253,0,001cb27,1,1,1,1,1,0444,0444,0,1,1,0000,00e92cf0,00000000000000000000000000000000,03330433043304230423042204120411,0,"B_IDLE",0,0,0433,0,0,07241d9,acc4acc4,c,8
1254,1254,0,001cb27,1,1,4,1,1,0444,0444,0,1,1,0000,00e92cf0,00000000000000000000000000000000,03330433043304230423042204120411,0,"B_IDLE",0,0,0433,0,0,07241d9,acc4acc4,c,8
1255,1255,0,001cb27,1,1,3,1,1,0444,0444,0,1,1,0000,00e92cf0,00000000000000000000000000000000,03330433043304230423042204120411,0,"B_IDLE",0,0,0433,0,0,07241d9,acc4acc4,c,8
1256,1256,0,001cb27,1,1,3,1,1,0444,0444,0,1,1,0000,00e92cf0,00000000000000000000000000000000,03330433043304230423042204120411,0,"B_IDLE",0,0,0433,0,0,07241d9,acc4acc4,c,8
1257,1257,0,001cb27,1,1,1,1,1,0444,0444,0,1,1,0000,00e92cf0,00000000000000000000000000000000,03330433043304230423042204120411,0,"B_IDLE",0,0,0433,0,0,07241d9,acc4acc4,c,8
1258,1258,0,001cb27,1,1,4,1,1,0444,0444,0,1,1,0000,00e92cf0,00000000000000000000000000000000,03330433043304230423042204120411,0,"B_IDLE",0,0,0433,0,0,07241d9,acc4acc4,c,8
1259,1259,0,001cb27,1,1,3,1,1,0444,0444,0,1,1,0000,00e92cf0,00000000000000000000000000000000,03330433043304230423042204120411,0,"B_IDLE",0,0,0433,0,0,07241d9,acc4acc4,c,8
1260,1260,0,001cb27,1,1,3,1,1,0444,0444,0,1,1,0000,00e92cf0,00000000000000000000000000000000,03330433043304230423042204120411,0,"B_IDLE",0,0,0433,0,0,07241d9,acc4acc4,c,8
1261,1261,0,001cb27,1,1,1,1,1,0444,0444,0,1,1,0000,00e92cf0,00000000000000000000000000000000,03330433043304230423042204120411,0,"B_IDLE",0,0,0433,0,0,07241d9,acc4acc4,c,8
1262,1262,0,001cb27,1,1,4,1,1,0444,0444,0,1,1,0000,00e92cf0,00000000000000000000000000000000,03330433043304230423042204120411,0,"B_IDLE",0,0,0433,0,0,07241d9,acc4acc4,c,8
1263,1263,0,001cb27,1,1,3,1,1,0444,0444,0,1,1,0000,00e92cf0,00000000000000000000000000000000,03330433043304230423042204120411,0,"B_IDLE",0,0,0433,0,0,07241d9,acc4acc4,c,8
1264,1264,0,001cb27,1,1,3,1,1,0444,0444,0,1,1,0000,00e92cf0,00000000000000000000000000000000,03330433043304230423042204120411,0,"B_IDLE",0,0,0433,0,0,07241d9,acc4acc4,c,8
1265,1265,0,001cb27,1,1,1,1,1,0444,0444,0,1,1,0000,00e92cf0,00000000000000000000000000000000,03330433043304230423042204120411,0,"B_IDLE",0,0,0433,0,0,07241d9,acc4acc4,c,8
1266,1266,0,001cb27,1,1,4,1,1,0444,0444,0,1,1,0000,00e92cf0,00000000000000000000000000000000,03330433043304230423042204120411,0,"B_IDLE",0,0,0433,0,0,07241d9,acc4acc4,c,8
1267,1267,0,001cb27,1,1,3,1,1,0444,0444,0,1,1,0000,00e92cf0,00000000000000000000000000000000,03330433043304230423042204120411,0,"B_IDLE",0,0,0433,0,0,07241d9,acc4acc4,c,8
1268,1268,0,001cb27,1,1,3,1,1,0444,0444,0,1,1,0000,00e92cf0,00000000000000000000000000000000,03330433043304230423042204120411,0,"B_IDLE",0,0,0433,0,0,07241d9,acc4acc4,c,8
1269,1269,0,001cb27,1,1,1,1,1,0444,0444,0,1,1,0000,00e92cf0,00000000000000000000000000000000,03330433043304230423042204120411,0,"B_IDLE",0,0,0433,0,0,07241d9,acc4acc4,c,8
1270,1270,0,001cb27,1,1,4,1,1,0444,0444,0,1,1,0000,00e92cf0,00000000000000000000000000000000,03330433043304230423042204120411,0,"B_IDLE",0,0,0433,0,0,07241d9,acc4acc4,c,8
1271,1271,0,001cb27,1,1,3,1,1,0444,0444,0,1,1,0000,00e92cf0,00000000000000000000000000000000,03330433043304230423042204120411,0,"B_IDLE",0,0,0433,0,0,07241d9,acc4acc4,c,8
1272,1272,0,001cb27,1,1,3,1,1,0444,0444,0,1,1,0000,00e92cf0,00000000000000000000000000000000,03330433043304230423042204120411,0,"B_IDLE",0,0,0433,0,0,07241d9,acc4acc4,c,8
1273,1273,0,001cb27,1,1,1,1,1,0444,0444,0,1,1,0000,00e92cf0,00000000000000000000000000000000,03330433043304230423042204120411,0,"B_IDLE",0,0,0433,0,0,07241d9,acc4acc4,c,8
1274,1274,0,001cb27,1,1,4,1,1,0444,0444,0,1,1,0000,00e92cf0,00000000000000000000000000000000,03330433043304230423042204120411,0,"B_IDLE",0,0,0433,0,0,07241d9,acc4acc4,c,8
1275,1275,0,0749679,2,1,3,0,0,0444,0444,0,1,1,0000,00e92cf0,00000000000000000000000000000000,03330433043304230423042204120411,0,"B_IDLE",0,0,0433,0,0,07241d9,acc4acc4,c,8
1276,1276,0,0749679,2,1,3,0,0,0444,0222,0,1,1,0000,00e92cf0,00000000000000000000000000000000,03330433043304230423042204120411,0,"B_IDLE",0,0,0433,0,0,07241d9,acc4acc4,c,8
1277,1277,0,0749679,2,1,1,0,0,0444,0222,0,1,1,0000,00e92cf0,00000000000000000000000000000000,03330433043304230423042204120411,0,"B_IDLE",0,0,0433,0,0,07241d9,acc4acc4,c,8
1278,1278,0,0749679,2,0,0,0,0,0444,0222,0,1,1,0000,00e92cf0,00000000000000000000000000000000,03330433043304230423042204120411,0,"B_IDLE",0,0,0433,0,0,07241d9,acc4acc4,c,8
1279,1279,0,0749679,2,0,0,0,0,0444,0222,0,1,1,0000,00e92cf0,00000000000000000000000000000000,03330433043304230423042204120411,0,"B_IDLE",0,0,0433,0,0,07241d9,acc4acc4,c,8
1280,1280,0,0749679,2,0,0,0,0,0444,0222,0,1,1,0000,00e92cf0,00000000000000000000000000000000,03330433043304230423042204120411,0,"B_IDLE",0,0,0433,0,0,07241d9,acc4acc4,c,8
1281,1281,0,0749679,2,0,0,0,0,0444,0412,1,1,1,0000,00e92cf0,00000000000000000000000000000000,03330433043304230423042204120411,0,"B_IDLE",0,0,0433,0,0,07241d9,acc4acc4,c,8
1282,1282,0,0749679,2,0,4,0,0,0444,0412,1,1,1,0000,00e92cf0,00000000000000000000000000000000,03330433043304230423042204120411,0,"B_IDLE",0,0,0433,0,0,07241d9,acc4acc4,c,8
1283,1283,0,0749679,1,1,3,1,1,0444,0412,1,1,1,0000,00e92cf0,00000000000000000000000000000000,03330433043304230423042204120411,0,"B_IDLE",0,0,0433,0,0,07241d9,acc4acc4,c,8
1284,1284,0,0749679,1,1,3,1,1,0444,0412,0,1,1,0000,00e92cf0,00000000000000000000000000000000,03330433043304230423042204120411,0,"B_IDLE",0,0,0433,0,0,07241d9,acc4acc4,c,8
1285,1285,0,0749679,1,1,1,1,1,0444,0412,0,1,1,0000,00e92cf0,00000000000000000000000000000000,03330433043304230423042204120411,0,"B_IDLE",0,0,0433,0,0,07241d9,acc4acc4,c,8
1286,1286,0,0749679,1,1,4,1,1,0444,0412,0,1,1,0000,00e92cf0,00000000000000000000000000000000,03330433043304230423042204120411,0,"B_IDLE",0,0,0433,0,0,07241d9,acc4acc4,c,8
1287,1287,0,0749679,1,1,3,1,1,0444,0412,0,1,1,0000,00e92cf0,00000000000000000000000000000000,03330433043304230423042204120411,0,"B_IDLE",0,0,0433,0,0,07241d9,acc4acc4,c,8
1288,1288,0,0749679,1,1,3,1,1,0444,0412,0,1,1,0000,00e92cf0,00000000000000000000000000000000,03330433043304230423042204120411,0,"B_IDLE",0,0,0433,0,0,07241d9,acc4acc4,c,8
1289,1289,0,0749679,1,1,1,1,1,0444,0412,0,1,1,0000,00e92cf0,00000000000000000000000000000000,03330433043304230423042204120411,0,"B_IDLE",0,0,0433,0,0,07241d9,acc4acc4,c,8
1290,1290,0,0749679,1,1,4,1,1,0444,0412,0,1,1,0000,00e92cf0,00000000000000000000000000000000,03330433043304230423042204120411,0,"B_IDLE",0,0,0433,0,0,07241d9,acc4acc4,c,8
1291,1291,0,0749679,1,1,3,1,1,0444,0412,0,1,1,0000,00e92cf0,00000000000000000000000000000000,03330433043304230423042204120411,0,"B_IDLE",0,0,0433,0,0,07241d9,acc4acc4,c,8
1292,1292,0,0749679,1,1,3,1,1,0444,0412,0,1,1,0000,00e92cf0,00000000000000000000000000000000,03330433043304230423042204120411,0,"B_IDLE",0,0,0433,0,0,07241d9,acc4acc4,c,8
1293,1293,0,0749679,1,1,1,1,1,0444,0412,0,1,1,0000,00e92cf0,00000000000000000000000000000000,03330433043304230423042204120411,0,"B_IDLE",0,0,0433,0,0,07241d9,acc4acc4,c,8
1294,1294,0,0749679,1,1,4,1,1,0444,0412,0,1,1,0000,00e92cf0,00000000000000000000000000000000,03330433043304230423042204120411,0,"B_IDLE",0,0,0433,0,0,07241d9,acc4acc4,c,8
1295,1295,0,0749679,1,1,3,1,1,0444,0412,0,1,1,0000,00e92cf0,00000000000000000000000000000000,03330433043304230423042204120411,0,"B_IDLE",0,0,0433,0,0,07241d9,acc4acc4,c,8
1296,1296,0,0749679,1,1,3,1,1,0444,0412,0,1,1,0000,00e92cf0,00000000000000000000000000000000,03330433043304230423042204120411,0,"B_IDLE",0,0,0433,0,0,07241d9,acc4acc4,c,8
1297,1297,0,0749679,1,1,1,1,1,0444,0412,0,1,1,0000,00e92cf0,00000000000000000000000000000000,03330433043304230423042204120411,0,"B_IDLE",0,0,0433,0,0,07241d9,acc4acc4,c,8
1298,1298,0,0749679,1,1,4,1,1,0444,0412,0,1,1,0000,00e92cf0,00000000000000000000000000000000,03330433043304230423042204120411,0,"B_IDLE",0,0,0433,0,0,07241d9,acc4acc4,c,8
1299,1299,0,0749679,1,1,3,1,1,0444,0412,0,1,1,0000,00e92cf0,00000000000000000000000000000000,03330433043304230423042204120411,0,"B_IDLE",0,0,0433,0,0,07241d9,acc4acc4,c,8
1300,1300,0,0749679,1,1,3,1,1,0444,0412,0,1,1,0000,00e92cf0,00000000000000000000000000000000,03330433043304230423042204120411,0,"B_IDLE",0,0,0433,0,0,07241d9,acc4acc4,c,8
1301,1301,0,0749679,1,1,1,1,1,0444,0412,0,1,1,0000,00e92cf0,00000000000000000000000000000000,03330433043304230423042204120411,0,"B_IDLE",0,0,0433,0,0,07241d9,acc4acc4,c,8
1302,1302,0,0749679,1,1,4,1,1,0444,0412,0,1,1,0000,00e92cf0,00000000000000000000000000000000,03330433043304230423042204120411,0,"B_IDLE",0,0,0433,0,0,07241d9,acc4acc4,c,8
1303,1303,0,0749679,1,1,3,1,1,0444,0412,0,1,1,0000,00e92cf0,00000000000000000000000000000000,03330433043304230423042204120411,0,"B_IDLE",0,0,0433,0,0,07241d9,acc4acc4,c,8
1304,1304,0,0749679,1,1,3,1,1,0444,0412,0,1,1,0000,00e92cf0,00000000000000000000000000000000,03330433043304230423042204120411,0,"B_IDLE",0,0,0433,0,0,07241d9,acc4acc4,c,8
1305,1305,0,0749679,1,1,1,1,1,0444,0412,0,1,1,0000,00e92cf0,00000000000000000000000000000000,03330433043304230423042204120411,0,"B_IDLE",0,0,0433,0,0,07241d9,acc4acc4,c,8
1306,1306,0,0749679,1,1,4,1,1,0444,0412,0,1,1,0000,00e92cf0,00000000000000000000000000000000,03330433043304230423042204120411,0,"B_IDLE",0,0,0433,0,0,07241d9,acc4acc4,c,8
1307,1307,0,0749679,1,1,3,1,1,0444,0412,0,1,1,0000,00e92cf0,00000000000000000000000000000000,03330433043304230423042204120411,0,"B_IDLE",0,0,0433,0,0,07241d9,acc4acc4,c,8
1308,1308,0,0749679,1,1,3,1,1,0444,0412,0,1,1,0000,00e92cf0,00000000000000000000000000000000,03330433043304230423042204120411,0,"B_IDLE",0,0,0433,0,0,07241d9,acc4acc4,c,8
1309,1309,0,0749679,1,1,1,1,1,0444,0412,0,1,1,0000,00e92cf0,00000000000000000000000000000000,03330433043304230423042204120411,0,"B_IDLE",0,0,0433,0,0,07241d9,acc4acc4,c,8
1310,1310,0,0749679,1,1,4,1,1,0444,0412,0,1,1,0000,00e92cf0,00000000000000000000000000000000,03330433043304230423042204120411,0,"B_IDLE",0,0,0433,0,0,07241d9,acc4acc4,c,8
1311,1311,0,0749679,1,1,3,1,1,0444,0412,0,1,1,0000,00e92cf0,00000000000000000000000000000000,03330433043304230423042204120411,0,"B_IDLE",0,0,0433,0,0,07241d9,acc4acc4,c,8
1312,1312,0,0749679,1,1,3,1,1,0444,0412,0,1,1,0000,00e92cf0,00000000000000000000000000000000,03330433043304230423042204120411,0,"B_IDLE",0,0,0433,0,0,07241d9,acc4acc4,c,8
1313,1313,0,0749679,1,1,1,1,1,0444,0412,0,1,1,0000,00e92cf0,00000000000000000000000000000000,03330433043304230423042204120411,0,"B_IDLE",0,0,0433,0,0,07241d9,acc4acc4,c,8
1314,1314,0,0749679,1,1,4,1,1,0444,0412,0,1,1,0000,00e92cf0,00000000000000000000000000000000,03330433043304230423042204120411,0,"B_IDLE",0,0,0433,0,0,07241d9,acc4acc4,c,8
1315,1315,0,0749679,1,1,3,1,1,0444,0412,0,1,1,0000,00e92cf0,00000000000000000000000000000000,03330433043304230423042204120411,0,"B_IDLE",0,0,0433,0,0,07241d9,acc4acc4,c,8
1316,1316,0,0749679,1,1,3,1,1,0444,0412,0,1,1,0000,00e92cf0,00000000000000000000000000000000,03330433043304230423042204120411,0,"B_IDLE",0,0,0433,0,0,07241d9,acc4acc4,c,8
1317,1317,0,0749679,1,1,1,1,1,0444,0412,0,1,1,0000,00e92cf0,00000000000000000000000000000000,03330433043304230423042204120411,0,"B_IDLE",0,0,0433,0,0,07241d9,acc4acc4,c,8
1318,1318,0,0749679,1,1,4,1,1,0444,0412,0,1,1,0000,00e92cf0,00000000000000000000000000000000,03330433043304230423042204120411,0,"B_IDLE",0,0,0433,0,0,07241d9,acc4acc4,c,8
1319,1319,0,0749679,1,1,3,1,1,0444,0412,0,1,1,0000,00e92cf0,00000000000000000000000000000000,03330433043304230423042204120411,0,"B_IDLE",0,0,0433,0,0,07241d9,acc4acc4,c,8
1320,1320,0,0749679,1,1,3,1,1,0444,0412,0,1,1,0000,00e92cf0,00000000000000000000000000000000,03330433043304230423042204120411,0,"B_IDLE",0,0,0433,0,0,07241d9,acc4acc4,c,8
1321,1321,0,0749679,1,1,1,1,1,0444,0412,0,1,1,0000,00e92cf0,00000000000000000000000000000000,03330433043304230423042204120411,0,"B_IDLE",0,0,0433,0,0,07241d9,acc4acc4,c,8
1322,1322,0,0749679,1,1,4,1,1,0444,0412,0,1,1,0000,00e92cf0,00000000000000000000000000000000,03330433043304230423042204120411,0,"B_IDLE",0,0,0433,0,0,07241d9,acc4acc4,c,8
1323,1323,0,001ca01,3,1,3,0,0,0412,0412,0,1,1,0000,00e92cf0,00000000000000000000000000000000,03330433043304230423042204120411,0,"B_IDLE",0,0,0433,0,0,07241d9,acc4acc4,c,8
1324,1324,0,001ca01,3,1,3,0,0,0412,0412,0,1,1,0000,00e92cf0,00000000000000000000000000000000,03330433043304230423042204120411,0,"B_IDLE",0,0,0433,0,0,07241d9,acc4acc4,c,8
1325,1325,0,001ca01,3,1,1,0,0,0412,0412,0,1,1,0000,00e92cf0,00000000000000000000000000000000,03330433043304230423042204120411,0,"B_IDLE",0,0,0433,0,0,07241d9,acc4acc4,c,8
1326,1326,0,001ca01,3,1,0,0,0,0412,0412,0,1,1,0000,00e92cf0,00000000000000000000000000000000,03330433043304230423042204120411,0,"B_IDLE",0,0,0433,0,0,07241d9,acc4acc4,c,8
1327,1327,0,001ca01,3,1,0,0,0,0412,0412,0,1,1,0000,00e92cf0,00000000000000000000000000000000,03330433043304230423042204120411,0,"B_IDLE",0,0,0433,0,0,07241d9,acc4acc4,c,8
1328,1328,0,001ca01,3,1,0,0,0,0412,0412,0,1,1,0000,00e92cf0,00000000000000000000000000000000,03330433043304230423042204120411,0,"B_IDLE",0,0,0433,0,0,07241d9,acc4acc4,c,8
1329,1329,0,001ca01,3,1,0,0,0,0412,0412,0,1,1,0000,00e92cf0,00000000000000000000000000000000,03330433043304230423042204120411,0,"B_IDLE",0,0,0433,0,0,07241d9,acc4acc4,c,8
1330,1330,0,001ca01,3,1,0,0,0,0412,0412,0,1,1,0000,00e92cf0,00000000000000000000000000000000,03330433043304230423042204120411,0,"B_IDLE",0,0,0433,0,0,07241d9,acc4acc4,c,8
1331,1331,0,001ca01,3,1,0,0,0,0412,0412,0,1,1,0000,00e92cf0,00000000000000000000000000000000,03330433043304230423042204120411,0,"B_IDLE",0,0,0433,0,0,07241d9,acc4acc4,c,8
1332,1332,0,001ca01,3,1,0,0,0,0412,0412,0,1,1,0000,00e92cf0,00000000000000000000000000000000,03330433043304230423042204120411,0,"B_IDLE",0,0,0433,0,0,07241d9,acc4acc4,c,8
1333,1333,0,001ca01,3,1,0,0,0,0412,0412,0,1,1,0000,00e92cf0,00000000000000000000000000000000,03330433043304230423042204120411,0,"B_IDLE",0,0,0433,0,0,07241d9,acc4acc4,c,8
1334,1334,0,001ca01,3,1,0,0,0,0412,0412,0,1,1,0000,00e92cf0,00000000000000000000000000000000,03330433043304230423042204120411,0,"B_IDLE",0,0,0433,0,0,07241d9,acc4acc4,c,8
1335,1335,0,001ca01,3,1,0,0,0,0412,0412,0,1,1,0000,00e92cf0,00000000000000000000000000000000,03330433043304230423042204120411,0,"B_IDLE",0,0,0433,0,0,07241d9,acc4acc4,c,8
1336,1336,0,001ca01,3,1,0,0,0,0412,0412,0,1,1,0000,00e92cf0,00000000000000000000000000000000,03330433043304230423042204120411,0,"B_IDLE",0,0,0433,0,0,07241d9,acc4acc4,c,8
1337,1337,0,001ca01,3,1,0,0,0,0412,0412,0,1,1,0000,00e92cf0,00000000000000000000000000000000,03330433043304230423042204120411,0,"B_IDLE",0,0,0433,0,0,07241d9,acc4acc4,c,8
1338,1338,0,001ca01,3,1,0,0,0,0412,0412,0,1,1,0000,00e92cf0,00000000000000000000000000000000,03330433043304230423042204120411,0,"B_IDLE",0,0,0433,0,0,07241d9,acc4acc4,c,8
1339,1339,0,001ca01,3,1,0,0,0,0412,0412,0,1,1,0000,00e92cf0,00000000000000000000000000000000,03330433043304230423042204120411,0,"B_IDLE",0,0,0433,0,0,07241d9,acc4acc4,c,8
1340,1340,0,001ca01,3,1,0,0,0,0412,0412,0,1,1,0000,00e92cf0,00000000000000000000000000000000,03330433043304230423042204120411,0,"B_IDLE",0,0,0433,0,0,07241d9,acc4acc4,c,8
1341,1341,0,001ca01,3,1,0,0,0,0412,0412,0,1,1,0000,00e92cf0,00000000000000000000000000000000,03330433043304230423042204120411,0,"B_IDLE",0,0,0433,0,0,07241d9,acc4acc4,c,8
1342,1342,0,001ca01,3,1,0,0,0,0412,0412,0,1,1,0000,00e92cf0,00000000000000000000000000000000,03330433043304230423042204120411,0,"B_IDLE",0,0,0433,0,0,07241d9,acc4acc4,c,8
1343,1343,0,001ca01,3,1,0,0,0,0412,0412,0,1,1,0000,00e92cf0,00000000000000000000000000000000,03330433043304230423042204120411,0,"B_IDLE",0,0,0433,0,0,07241d9,acc4acc4,c,8
1344,1344,0,001ca01,3,1,0,0,0,0412,0412,0,1,1,0000,00e92cf0,00000000000000000000000000000000,03330433043304230423042204120411,0,"B_IDLE",0,0,0433,0,0,07241d9,acc4acc4,c,8
1345,1345,0,001ca01,3,1,0,0,0,0412,0412,0,1,1,0000,00e92cf0,00000000000000000000000000000000,03330433043304230423042204120411,0,"B_IDLE",0,0,0433,0,0,07241d9,acc4acc4,c,8
1346,1346,0,001ca01,3,1,0,0,0,0412,0412,0,1,1,0000,00e92cf0,00000000000000000000000000000000,03330433043304230423042204120411,0,"B_IDLE",0,0,0433,0,0,07241d9,acc4acc4,c,8
1347,1347,0,001ca01,3,1,0,0,0,0412,0412,0,1,1,0000,00e92cf0,00000000000000000000000000000000,03330433043304230423042204120411,0,"B_IDLE",0,0,0433,0,0,07241d9,acc4acc4,c,8
1348,1348,0,001ca01,3,1,0,0,0,0412,0412,0,1,1,0000,00e92cf0,00000000000000000000000000000000,03330433043304230423042204120411,0,"B_IDLE",0,0,0433,0,0,07241d9,acc4acc4,c,8
1349,1349,0,001ca01,3,1,0,0,0,0412,0412,0,1,1,0000,00e92cf0,00000000000000000000000000000000,03330433043304230423042204120411,0,"B_IDLE",0,0,0433,0,0,07241d9,acc4acc4,c,8
1350,1350,0,001ca01,3,1,0,0,0,0412,0412,0,1,1,0000,00e92cf0,00000000000000000000000000000000,03330433043304230423042204120411,0,"B_IDLE",0,0,0433,0,0,07241d9,acc4acc4,c,8
1351,1351,0,001ca01,3,1,0,0,0,0412,0412,0,1,1,0000,00e92cf0,00000000000000000000000000000000,03330433043304230423042204120411,0,"B_IDLE",0,0,0433,0,0,07241d9,acc4acc4,c,8
1352,1352,0,001ca01,3,1,0,0,0,0412,0412,0,1,1,0000,00e92cf0,00000000000000000000000000000000,03330433043304230423042204120411,0,"B_IDLE",0,0,0433,0,0,07241d9,acc4acc4,c,8
1353,1353,0,001ca01,3,1,0,0,0,0412,0412,0,1,1,0000,00e92cf0,00000000000000000000000000000000,03330433043304230423042204120411,0,"B_IDLE",0,0,0433,0,0,07241d9,acc4acc4,c,8
1354,1354,0,001ca01,3,1,0,0,0,0412,0412,0,1,1,0000,00e92cf0,00000000000000000000000000000000,03330433043304230423042204120411,0,"B_IDLE",0,0,0433,0,0,07241d9,acc4acc4,c,8
1355,1355,0,001ca01,3,1,0,0,0,0412,0412,0,1,1,0000,00e92cf0,00000000000000000000000000000000,03330433043304230423042204120411,0,"B_IDLE",0,0,0433,0,0,07241d9,acc4acc4,c,8
1356,1356,0,001ca01,3,1,0,0,0,0412,0412,0,1,1,0000,00e92cf0,00000000000000000000000000000000,03330433043304230423042204120411,0,"B_IDLE",0,0,0433,0,0,07241d9,acc4acc4,c,8
1357,1357,0,001ca01,3,1,0,0,0,0412,0412,0,1,1,0000,00e92cf0,00000000000000000000000000000000,03330433043304230423042204120411,0,"B_IDLE",0,0,0433,0,0,07241d9,acc4acc4,c,8
1358,1358,0,001ca01,3,1,0,0,0,0412,0412,0,1,1,0000,00e92cf0,00000000000000000000000000000000,03330433043304230423042204120411,0,"B_IDLE",0,0,0433,0,0,07241d9,acc4acc4,c,8
1359,1359,0,001ca01,3,1,0,0,0,0412,0412,0,1,1,0000,00e92cf0,00000000000000000000000000000000,03330433043304230423042204120411,0,"B_IDLE",0,0,0433,0,0,07241d9,acc4acc4,c,8
1360,1360,0,001ca01,3,1,0,0,0,0412,0412,0,1,1,0000,00e92cf0,00000000000000000000000000000000,03330433043304230423042204120411,0,"B_IDLE",0,0,0433,0,0,07241d9,acc4acc4,c,8
1361,1361,0,001ca01,3,1,0,0,0,0412,0412,0,1,1,0000,00e92cf0,00000000000000000000000000000000,03330433043304230423042204120411,0,"B_IDLE",0,0,0433,0,0,07241d9,acc4acc4,c,8
1362,1362,0,001ca01,3,1,0,0,0,0412,0412,0,1,1,0000,00e92cf0,00000000000000000000000000000000,03330433043304230423042204120411,0,"B_IDLE",0,0,0433,0,0,07241d9,acc4acc4,c,8
1363,1363,0,001ca01,3,1,0,0,0,0412,0412,0,1,1,0000,00e92cf0,00000000000000000000000000000000,03330433043304230423042204120411,0,"B_IDLE",0,0,0433,0,0,07241d9,acc4acc4,c,8
1364,1364,0,001ca01,3,1,0,0,0,0412,0412,0,1,1,0000,00e92cf0,00000000000000000000000000000000,03330433043304230423042204120411,0,"B_IDLE",0,0,0433,0,0,07241d9,acc4acc4,c,8
1365,1365,0,001ca01,3,1,0,0,0,0412,0412,0,1,1,0000,00e92cf0,00000000000000000000000000000000,03330433043304230423042204120411,0,"B_IDLE",0,0,0433,0,0,07241d9,acc4acc4,c,8
1366,1366,0,001ca01,3,1,0,0,0,0412,0412,0,1,1,0000,00e92cf0,00000000000000000000000000000000,03330433043304230423042204120411,0,"B_IDLE",0,0,0433,0,0,07241d9,acc4acc4,c,8
1367,1367,0,001ca01,3,1,0,0,0,0412,0412,0,1,1,0000,00e92cf0,00000000000000000000000000000000,03330433043304230423042204120411,0,"B_IDLE",0,0,0433,0,0,07241d9,acc4acc4,c,8
1368,1368,0,001ca01,3,1,0,0,0,0412,0412,0,1,1,0000,00e92cf0,00000000000000000000000000000000,03330433043304230423042204120411,0,"B_IDLE",0,0,0433,0,0,07241d9,acc4acc4,c,8
1369,1369,0,001ca01,3,1,0,0,0,0412,0412,0,1,1,0000,00e92cf0,00000000000000000000000000000000,03330433043304230423042204120411,0,"B_IDLE",0,0,0433,0,0,07241d9,acc4acc4,c,8
1370,1370,0,001ca01,3,1,0,0,0,0412,0412,0,1,1,0000,00e92cf0,00000000000000000000000000000000,03330433043304230423042204120411,0,"B_IDLE",0,0,0433,0,0,07241d9,acc4acc4,c,8
1371,1371,0,001ca01,3,1,0,0,0,0412,0412,0,1,1,0000,00e92cf0,00000000000000000000000000000000,03330433043304230423042204120411,0,"B_IDLE",0,0,0433,0,0,07241d9,acc4acc4,c,8
1372,1372,0,001ca01,3,1,0,0,0,0412,0412,0,1,1,0000,00e92cf0,00000000000000000000000000000000,03330433043304230423042204120411,0,"B_IDLE",0,0,0433,0,0,07241d9,acc4acc4,c,8
1373,1373,0,001ca01,3,1,0,0,0,0412,0412,0,1,1,0000,00e92cf0,00000000000000000000000000000000,03330433043304230423042204120411,0,"B_IDLE",0,0,0433,0,0,07241d9,acc4acc4,c,8
1374,1374,0,001ca01,3,1,0,0,0,0412,0412,0,1,1,0000,00e92cf0,00000000000000000000000000000000,03330433043304230423042204120411,0,"B_IDLE",0,0,0433,0,0,07241d9,acc4acc4,c,8
1375,1375,0,001ca01,3,1,0,0,0,0412,0412,0,1,1,0000,00e92cf0,00000000000000000000000000000000,03330433043304230423042204120411,0,"B_IDLE",0,0,0433,0,0,07241d9,acc4acc4,c,8
1376,1376,0,001ca01,3,1,0,0,0,0412,0412,0,1,1,0000,00e92cf0,00000000000000000000000000000000,03330433043304230423042204120411,0,"B_IDLE",0,0,0433,0,0,07241d9,acc4acc4,c,8
1377,1377,0,001ca01,3,1,0,0,0,0412,0412,0,1,1,0000,00e92cf0,00000000000000000000000000000000,03330433043304230423042204120411,0,"B_IDLE",0,0,0433,0,0,07241d9,acc4acc4,c,8
1378,1378,0,001ca01,3,1,0,0,0,0412,0412,0,1,1,0000,00e92cf0,00000000000000000000000000000000,03330433043304230423042204120411,0,"B_IDLE",0,0,0433,0,0,07241d9,acc4acc4,c,8
1379,1379,0,001ca01,3,1,0,0,0,0412,0412,0,1,1,0000,00e92cf0,00000000000000000000000000000000,03330433043304230423042204120411,0,"B_IDLE",0,0,0433,0,0,07241d9,acc4acc4,c,8
1380,1380,0,001ca01,3,1,0,0,0,0412,0412,0,1,1,0000,00e92cf0,00000000000000000000000000000000,03330433043304230423042204120411,0,"B_IDLE",0,0,0433,0,0,07241d9,acc4acc4,c,8
1381,1381,0,001ca01,3,1,0,0,0,0412,0412,0,1,1,0000,00e92cf0,00000000000000000000000000000000,03330433043304230423042204120411,0,"B_IDLE",0,0,0433,0,0,07241d9,acc4acc4,c,8
1382,1382,0,001ca01,3,1,0,0,0,0412,0412,0,1,1,0000,00e92cf0,00000000000000000000000000000000,03330433043304230423042204120411,0,"B_IDLE",0,0,0433,0,0,07241d9,acc4acc4,c,8
1383,1383,0,001ca01,3,1,0,0,0,0412,0412,0,1,1,0000,00e92cf0,00000000000000000000000000000000,03330433043304230423042204120411,0,"B_IDLE",0,0,0433,0,0,07241d9,acc4acc4,c,8
1384,1384,0,001ca01,3,1,0,0,0,0412,0412,0,1,1,0000,00e92cf0,00000000000000000000000000000000,03330433043304230423042204120411,0,"B_IDLE",0,0,0433,0,0,07241d9,acc4acc4,c,8
1385,1385,0,001ca01,3,1,0,0,0,0412,0412,0,1,1,0000,00e92cf0,00000000000000000000000000000000,03330433043304230423042204120411,0,"B_IDLE",0,0,0433,0,0,07241d9,acc4acc4,c,8
1386,1386,0,001ca01,3,1,0,0,0,0412,0412,0,1,1,0000,00e92cf0,00000000000000000000000000000000,03330433043304230423042204120411,0,"B_IDLE",0,0,0433,0,0,07241d9,acc4acc4,c,8
1387,1387,0,001ca01,3,1,0,0,0,0412,0412,0,1,1,0000,00e92cf0,00000000000000000000000000000000,03330433043304230423042204120411,0,"B_IDLE",0,0,0433,0,0,07241d9,acc4acc4,c,8
1388,1388,0,001ca01,3,1,0,0,0,0412,0412,0,1,1,0000,00e92cf0,00000000000000000000000000000000,03330433043304230423042204120411,0,"B_IDLE",0,0,0433,0,0,07241d9,acc4acc4,c,8
1389,1389,0,001ca01,3,1,0,0,0,0412,0412,0,1,1,0000,00e92cf0,00000000000000000000000000000000,03330433043304230423042204120411,0,"B_IDLE",0,0,0433,0,0,07241d9,acc4acc4,c,8
1390,1390,0,001ca01,3,1,0,0,0,0412,0412,0,1,1,0000,00e92cf0,00000000000000000000000000000000,03330433043304230423042204120411,0,"B_IDLE",0,0,0433,0,0,07241d9,acc4acc4,c,8
1391,1391,0,001ca01,3,1,0,0,0,0412,0412,0,1,1,0000,00e92cf0,00000000000000000000000000000000,03330433043304230423042204120411,0,"B_IDLE",0,0,0433,0,0,07241d9,acc4acc4,c,8
1392,1392,0,001ca01,3,1,0,0,0,0412,0412,0,1,1,0000,00e92cf0,00000000000000000000000000000000,03330433043304230423042204120411,0,"B_IDLE",0,0,0433,0,0,07241d9,acc4acc4,c,8
1393,1393,0,001ca01,3,1,0,0,0,0412,0412,0,1,1,0000,00e92cf0,00000000000000000000000000000000,03330433043304230423042204120411,0,"B_IDLE",0,0,0433,0,0,07241d9,acc4acc4,c,8
1394,1394,0,001ca01,3,1,0,0,0,0412,0412,0,1,1,0000,00e92cf0,00000000000000000000000000000000,03330433043304230423042204120411,0,"B_IDLE",0,0,0433,0,0,07241d9,acc4acc4,c,8
1395,1395,0,001ca01,3,1,0,0,0,0412,0412,0,1,1,0000,00e92cf0,00000000000000000000000000000000,03330433043304230423042204120411,0,"B_IDLE",0,0,0433,0,0,07241d9,acc4acc4,c,8
1396,1396,0,001ca01,3,1,0,0,0,0412,0412,0,1,1,0000,00e92cf0,00000000000000000000000000000000,03330433043304230423042204120411,0,"B_IDLE",0,0,0433,0,0,07241d9,acc4acc4,c,8
1397,1397,0,001ca01,3,1,0,0,0,0412,0412,0,1,1,0000,00e92cf0,00000000000000000000000000000000,03330433043304230423042204120411,0,"B_IDLE",0,0,0433,0,0,07241d9,acc4acc4,c,8
1398,1398,0,001ca01,3,1,0,0,0,0412,0412,0,1,1,0000,00e92cf0,00000000000000000000000000000000,03330433043304230423042204120411,0,"B_IDLE",0,0,0433,0,0,07241d9,acc4acc4,c,8
1399,1399,0,001ca01,3,1,0,0,0,0412,0412,0,1,1,0000,00e92cf0,00000000000000000000000000000000,03330433043304230423042204120411,0,"B_IDLE",0,0,0433,0,0,07241d9,acc4acc4,c,8
1400,1400,0,001ca01,3,1,0,0,0,0412,0412,0,1,1,0000,00e92cf0,00000000000000000000000000000000,03330433043304230423042204120411,0,"B_IDLE",0,0,0433,0,0,07241d9,acc4acc4,c,8
1401,1401,0,001ca01,3,1,0,0,0,0412,0412,0,1,1,0000,00e92cf0,00000000000000000000000000000000,03330433043304230423042204120411,0,"B_IDLE",0,0,0433,0,0,07241d9,acc4acc4,c,8
1402,1402,0,001ca01,3,1,0,0,0,0412,0412,0,1,1,0000,00e92cf0,00000000000000000000000000000000,03330433043304230423042204120411,0,"B_IDLE",0,0,0433,0,0,07241d9,acc4acc4,c,8
1403,1403,0,001ca01,3,1,0,0,0,0412,0412,0,1,1,0000,00e92cf0,00000000000000000000000000000000,03330433043304230423042204120411,0,"B_IDLE",0,0,0433,0,0,07241d9,acc4acc4,c,8
1404,1404,0,001ca01,3,1,0,0,0,0412,0412,0,1,1,0000,00e92cf0,00000000000000000000000000000000,03330433043304230423042204120411,0,"B_IDLE",0,0,0433,0,0,07241d9,acc4acc4,c,8
1405,1405,0,001ca01,3,1,0,0,0,0412,0412,0,1,1,0000,00e92cf0,00000000000000000000000000000000,03330433043304230423042204120411,0,"B_IDLE",0,0,0433,0,0,07241d9,acc4acc4,c,8
1406,1406,0,001ca01,3,1,0,0,0,0412,0412,0,1,1,0000,00e92cf0,00000000000000000000000000000000,03330433043304230423042204120411,0,"B_IDLE",0,0,0433,0,0,07241d9,acc4acc4,c,8
1407,1407,0,001ca01,3,1,0,0,0,0412,0412,0,1,1,0000,00e92cf0,00000000000000000000000000000000,03330433043304230423042204120411,0,"B_IDLE",0,0,0433,0,0,07241d9,acc4acc4,c,8
1408,1408,0,001ca01,3,1,0,0,0,0412,0412,0,1,1,0000,00e92cf0,00000000000000000000000000000000,03330433043304230423042204120411,0,"B_IDLE",0,0,0433,0,0,07241d9,acc4acc4,c,8
1409,1409,0,001ca01,3,1,0,0,0,0412,0412,0,1,1,0000,00e92cf0,00000000000000000000000000000000,03330433043304230423042204120411,0,"B_IDLE",0,0,0433,0,0,07241d9,acc4acc4,c,8
1410,1410,0,001ca01,3,1,0,0,0,0412,0412,0,1,1,0000,00e92cf0,00000000000000000000000000000000,03330433043304230423042204120411,0,"B_IDLE",0,0,0433,0,0,07241d9,acc4acc4,c,8
1411,1411,0,001ca01,3,1,0,0,0,0412,0412,0,1,1,0000,00e92cf0,00000000000000000000000000000000,03330433043304230423042204120411,0,"B_IDLE",0,0,0433,0,0,07241d9,acc4acc4,c,8
1412,1412,0,001ca01,3,1,0,0,0,0412,0412,0,1,1,0000,00e92cf0,00000000000000000000000000000000,03330433043304230423042204120411,0,"B_IDLE",0,0,0433,0,0,07241d9,acc4acc4,c,8
1413,1413,0,001ca01,3,1,0,0,0,0412,0412,0,1,1,0000,00e92cf0,00000000000000000000000000000000,03330433043304230423042204120411,0,"B_IDLE",0,0,0433,0,0,07241d9,acc4acc4,c,8
1414,1414,0,001ca01,3,1,0,0,0,0412,0412,0,1,1,0000,00e92cf0,00000000000000000000000000000000,03330433043304230423042204120411,0,"B_IDLE",0,0,0433,0,0,07241d9,acc4acc4,c,8
1415,1415,0,001ca01,3,1,0,0,0,0412,0412,0,1,1,0000,00e92cf0,00000000000000000000000000000000,03330433043304230423042204120411,0,"B_IDLE",0,0,0433,0,0,07241d9,acc4acc4,c,8
1416,1416,0,001ca01,3,1,0,0,0,0412,0412,0,1,1,0000,00e92cf0,00000000000000000000000000000000,03330433043304230423042204120411,0,"B_IDLE",0,0,0433,0,0,07241d9,acc4acc4,c,8
1417,1417,0,001ca01,3,1,0,0,0,0412,0412,0,1,1,0000,00e92cf0,00000000000000000000000000000000,03330433043304230423042204120411,0,"B_IDLE",0,0,0433,0,0,07241d9,acc4acc4,c,8
1418,1418,0,001ca01,3,1,0,0,0,0412,0412,0,1,1,0000,00e92cf0,00000000000000000000000000000000,03330433043304230423042204120411,0,"B_IDLE",0,0,0433,0,0,07241d9,acc4acc4,c,8
1419,1419,0,001ca01,3,1,0,0,0,0412,0412,0,1,1,0000,00e92cf0,00000000000000000000000000000000,03330433043304230423042204120411,0,"B_IDLE",0,0,0433,0,0,07241d9,acc4acc4,c,8
1420,1420,0,001ca01,3,1,0,0,0,0412,0412,0,1,1,0000,00e92cf0,00000000000000000000000000000000,03330433043304230423042204120411,0,"B_IDLE",0,0,0433,0,0,07241d9,acc4acc4,c,8
1421,1421,0,001ca01,3,1,0,0,0,0412,0412,0,1,1,0000,00e92cf0,00000000000000000000000000000000,03330433043304230423042204120411,0,"B_IDLE",0,0,0433,0,0,07241d9,acc4acc4,c,8
1422,1422,0,001ca01,3,1,0,0,0,0412,0412,0,1,1,0000,00e92cf0,00000000000000000000000000000000,03330433043304230423042204120411,0,"B_IDLE",0,0,0433,0,0,07241d9,acc4acc4,c,8
1423,1423,0,001ca01,3,1,0,0,0,0412,0412,0,1,1,0000,00e92cf0,00000000000000000000000000000000,03330433043304230423042204120411,0,"B_IDLE",0,0,0433,0,0,07241d9,acc4acc4,c,8
1424,1424,0,001ca01,3,1,0,0,0,0412,0412,0,1,1,0000,00e92cf0,00000000000000000000000000000000,03330433043304230423042204120411,0,"B_IDLE",0,0,0433,0,0,07241d9,acc4acc4,c,8
1425,1425,0,001ca01,3,1,0,0,0,0412,0412,0,1,1,0000,00e92cf0,00000000000000000000000000000000,03330433043304230423042204120411,0,"B_IDLE",0,0,0433,0,0,07241d9,acc4acc4,c,8
1426,1426,0,001ca01,3,1,0,0,0,0412,0412,0,1,1,0000,00e92cf0,00000000000000000000000000000000,03330433043304230423042204120411,0,"B_IDLE",0,0,0433,0,0,07241d9,acc4acc4,c,8
1427,1427,0,001ca01,3,1,0,0,0,0412,0412,0,1,1,0000,00e92cf0,00000000000000000000000000000000,03330433043304230423042204120411,0,"B_IDLE",0,0,0433,0,0,07241d9,acc4acc4,c,8
1428,1428,0,001ca01,3,1,0,0,0,0412,0412,0,1,1,0000,00e92cf0,00000000000000000000000000000000,03330433043304230423042204120411,0,"B_IDLE",0,0,0433,0,0,07241d9,acc4acc4,c,8
1429,1429,0,001ca01,3,1,0,0,0,0412,0412,0,1,1,0000,00e92cf0,00000000000000000000000000000000,03330433043304230423042204120411,0,"B_IDLE",0,0,0433,0,0,07241d9,acc4acc4,c,8
1430,1430,0,001ca01,3,1,0,0,0,0412,0412,0,1,1,0000,00e92cf0,00000000000000000000000000000000,03330433043304230423042204120411,0,"B_IDLE",0,0,0433,0,0,07241d9,acc4acc4,c,8
1431,1431,0,001ca01,3,1,0,0,0,0412,0412,0,1,1,0000,00e92cf0,00000000000000000000000000000000,03330433043304230423042204120411,0,"B_IDLE",0,0,0433,0,0,07241d9,acc4acc4,c,8
1432,1432,0,001ca01,3,1,0,0,0,0412,0412,0,1,1,0000,00e92cf0,00000000000000000000000000000000,03330433043304230423042204120411,0,"B_IDLE",0,0,0433,0,0,07241d9,acc4acc4,c,8
1433,1433,0,001ca01,3,1,0,0,0,0412,0412,0,1,1,0000,00e92cf0,00000000000000000000000000000000,03330433043304230423042204120411,0,"B_IDLE",0,0,0433,0,0,07241d9,acc4acc4,c,8
1434,1434,0,001ca01,3,1,0,0,0,0412,0412,0,1,1,0000,00e92cf0,00000000000000000000000000000000,03330433043304230423042204120411,0,"B_IDLE",0,0,0433,0,0,07241d9,acc4acc4,c,8
1435,1435,0,001ca01,3,1,0,0,0,0412,0412,0,1,1,0000,00e92cf0,00000000000000000000000000000000,03330433043304230423042204120411,0,"B_IDLE",0,0,0433,0,0,07241d9,acc4acc4,c,8
1436,1436,0,001ca01,3,1,0,0,0,0412,0412,0,1,1,0000,00e92cf0,00000000000000000000000000000000,03330433043304230423042204120411,0,"B_IDLE",0,0,0433,0,0,07241d9,acc4acc4,c,8
1437,1437,0,001ca01,3,1,0,0,0,0412,0412,0,1,1,0000,00e92cf0,00000000000000000000000000000000,03330433043304230423042204120411,0,"B_IDLE",0,0,0433,0,0,07241d9,acc4acc4,c,8
1438,1438,0,001ca01,3,1,0,0,0,0412,0412,0,1,1,0000,00e92cf0,00000000000000000000000000000000,03330433043304230423042204120411,0,"B_IDLE",0,0,0433,0,0,07241d9,acc4acc4,c,8
1439,1439,0,001ca01,3,1,0,0,0,0412,0412,0,1,1,0000,00e92cf0,00000000000000000000000000000000,03330433043304230423042204120411,0,"B_IDLE",0,0,0433,0,0,07241d9,acc4acc4,c,8
1440,1440,0,001ca01,3,1,0,0,0,0412,0412,0,1,1,0000,00e92cf0,00000000000000000000000000000000,03330433043304230423042204120411,0,"B_IDLE",0,0,0433,0,0,07241d9,acc4acc4,c,8
1441,1441,0,001ca01,3,1,0,0,0,0412,0412,0,1,1,0000,00e92cf0,00000000000000000000000000000000,03330433043304230423042204120411,0,"B_IDLE",0,0,0433,0,0,07241d9,acc4acc4,c,8
1442,1442,0,001ca01,3,1,0,0,0,0412,0412,0,1,1,0000,00e92cf0,00000000000000000000000000000000,03330433043304230423042204120411,0,"B_IDLE",0,0,0433,0,0,07241d9,acc4acc4,c,8
1443,1443,0,001ca01,3,1,0,0,0,0412,0412,0,1,1,0000,00e92cf0,00000000000000000000000000000000,03330433043304230423042204120411,0,"B_IDLE",0,0,0433,0,0,07241d9,acc4acc4,c,8
1444,1444,0,001ca01,3,1,0,0,0,0412,0412,0,1,1,0000,00e92cf0,00000000000000000000000000000000,03330433043304230423042204120411,0,"B_IDLE",0,0,0433,0,0,07241d9,acc4acc4,c,8
1445,1445,0,001ca01,3,1,0,0,0,0412,0412,0,1,1,0000,00e92cf0,00000000000000000000000000000000,03330433043304230423042204120411,0,"B_IDLE",0,0,0433,0,0,07241d9,acc4acc4,c,8
1446,1446,0,001ca01,3,1,0,0,0,0412,0412,0,1,1,0000,00e92cf0,00000000000000000000000000000000,03330433043304230423042204120411,0,"B_IDLE",0,0,0433,0,0,07241d9,acc4acc4,c,8
1447,1447,0,001ca01,3,1,0,0,0,0412,0412,0,1,1,0000,00e92cf0,00000000000000000000000000000000,03330433043304230423042204120411,0,"B_IDLE",0,0,0433,0,0,07241d9,acc4acc4,c,8
1448,1448,0,001ca01,3,1,0,0,0,0412,0412,0,1,1,0000,00e92cf0,00000000000000000000000000000000,03330433043304230423042204120411,0,"B_IDLE",0,0,0433,0,0,07241d9,acc4acc4,c,8
1449,1449,0,001ca01,3,1,0,0,0,0412,0412,0,1,1,0000,00e92cf0,00000000000000000000000000000000,03330433043304230423042204120411,0,"B_IDLE",0,0,0433,0,0,07241d9,acc4acc4,c,8
1450,1450,0,001ca01,3,1,0,0,0,0412,0412,0,1,1,0000,00e92cf0,00000000000000000000000000000000,03330433043304230423042204120411,0,"B_IDLE",0,0,0433,0,0,07241d9,acc4acc4,c,8
1451,1451,0,001ca01,3,1,0,0,0,0412,0412,0,1,1,0000,00e92cf0,00000000000000000000000000000000,03330433043304230423042204120411,0,"B_IDLE",0,0,0433,0,0,07241d9,acc4acc4,c,8
1452,1452,0,001ca01,3,1,0,0,0,0412,0412,0,1,1,0000,00e92cf0,00000000000000000000000000000000,03330433043304230423042204120411,0,"B_IDLE",0,0,0433,0,0,07241d9,acc4acc4,c,8
1453,1453,0,001ca01,3,1,0,0,0,0412,0412,0,1,1,0000,00e92cf0,00000000000000000000000000000000,03330433043304230423042204120411,0,"B_IDLE",0,0,0433,0,0,07241d9,acc4acc4,c,8
1454,1454,0,001ca01,3,1,0,0,0,0412,0412,0,1,1,0000,00e92cf0,00000000000000000000000000000000,03330433043304230423042204120411,0,"B_IDLE",0,0,0433,0,0,07241d9,acc4acc4,c,8
1455,1455,0,001ca01,3,1,0,0,0,0412,0412,0,1,1,0000,00e92cf0,00000000000000000000000000000000,03330433043304230423042204120411,0,"B_IDLE",0,0,0433,0,0,07241d9,acc4acc4,c,8
1456,1456,0,001ca01,3,1,0,0,0,0412,0412,0,1,1,0000,00e92cf0,00000000000000000000000000000000,03330433043304230423042204120411,0,"B_IDLE",0,0,0433,0,0,07241d9,acc4acc4,c,8
1457,1457,0,001ca01,3,1,0,0,0,0412,0412,0,1,1,0000,00e92cf0,00000000000000000000000000000000,03330433043304230423042204120411,0,"B_IDLE",0,0,0433,0,0,07241d9,acc4acc4,c,8
1458,1458,0,001ca01,3,1,0,0,0,0412,0412,0,1,1,0000,00e92cf0,00000000000000000000000000000000,03330433043304230423042204120411,0,"B_IDLE",0,0,0433,0,0,07241d9,acc4acc4,c,8
1459,1459,0,001ca01,3,1,0,0,0,0412,0412,0,1,1,0000,00e92cf0,00000000000000000000000000000000,03330433043304230423042204120411,0,"B_IDLE",0,0,0433,0,0,07241d9,acc4acc4,c,8
1460,1460,0,001ca01,3,1,0,0,0,0412,0412,0,1,1,0000,00e92cf0,00000000000000000000000000000000,03330433043304230423042204120411,0,"B_IDLE",0,0,0433,0,0,07241d9,acc4acc4,c,8
1461,1461,0,001ca01,3,1,0,0,0,0412,0412,0,1,1,0000,00e92cf0,00000000000000000000000000000000,03330433043304230423042204120411,0,"B_IDLE",0,0,0433,0,0,07241d9,acc4acc4,c,8
1462,1462,0,001ca01,3,1,0,0,0,0412,0412,0,1,1,0000,00e92cf0,00000000000000000000000000000000,03330433043304230423042204120411,0,"B_IDLE",0,0,0433,0,0,07241d9,acc4acc4,c,8
1463,1463,0,001ca01,3,1,0,0,0,0412,0412,0,1,1,0000,00e92cf0,00000000000000000000000000000000,03330433043304230423042204120411,0,"B_IDLE",0,0,0433,0,0,07241d9,acc4acc4,c,8
1464,1464,0,001ca01,3,1,0,0,0,0412,0412,0,1,1,0000,00e92cf0,00000000000000000000000000000000,03330433043304230423042204120411,0,"B_IDLE",0,0,0433,0,0,07241d9,acc4acc4,c,8
1465,1465,0,001ca01,3,1,0,0,0,0412,0412,0,1,1,0000,00e92cf0,00000000000000000000000000000000,03330433043304230423042204120411,0,"B_IDLE",0,0,0433,0,0,07241d9,acc4acc4,c,8
1466,1466,0,001ca01,3,1,0,0,0,0412,0412,0,1,1,0000,00e92cf0,00000000000000000000000000000000,03330433043304230423042204120411,0,"B_IDLE",0,0,0433,0,0,07241d9,acc4acc4,c,8
1467,1467,0,001ca01,3,1,0,0,0,0412,0412,0,1,1,0000,00e92cf0,00000000000000000000000000000000,03330433043304230423042204120411,0,"B_IDLE",0,0,0433,0,0,07241d9,acc4acc4,c,8
1468,1468,0,001ca01,3,1,0,0,0,0412,0412,0,1,1,0000,00e92cf0,00000000000000000000000000000000,03330433043304230423042204120411,0,"B_IDLE",0,0,0433,0,0,07241d9,acc4acc4,c,8
1469,1469,0,001ca01,3,1,0,0,0,0412,0412,0,1,1,0000,00e92cf0,00000000000000000000000000000000,03330433043304230423042204120411,0,"B_IDLE",0,0,0433,0,0,07241d9,acc4acc4,c,8
1470,1470,0,001ca01,3,1,0,0,0,0412,0412,0,1,1,0000,00e92cf0,00000000000000000000000000000000,03330433043304230423042204120411,0,"B_IDLE",0,0,0433,0,0,07241d9,acc4acc4,c,8
1471,1471,0,001ca01,3,1,0,0,0,0412,0412,0,1,1,0000,00e92cf0,00000000000000000000000000000000,03330433043304230423042204120411,0,"B_IDLE",0,0,0433,0,0,07241d9,acc4acc4,c,8
1472,1472,0,001ca01,3,1,0,0,0,0412,0412,0,1,1,0000,00e92cf0,00000000000000000000000000000000,03330433043304230423042204120411,0,"B_IDLE",0,0,0433,0,0,07241d9,acc4acc4,c,8
1473,1473,0,001ca01,3,1,0,0,0,0412,0412,0,1,1,0000,00e92cf0,00000000000000000000000000000000,03330433043304230423042204120411,0,"B_IDLE",0,0,0433,0,0,07241d9,acc4acc4,c,8
1474,1474,0,001ca01,3,1,0,0,0,0412,0412,0,1,1,0000,00e92cf0,00000000000000000000000000000000,03330433043304230423042204120411,0,"B_IDLE",0,0,0433,0,0,07241d9,acc4acc4,c,8
1475,1475,0,001ca01,3,1,0,0,0,0412,0412,0,1,1,0000,00e92cf0,00000000000000000000000000000000,03330433043304230423042204120411,0,"B_IDLE",0,0,0433,0,0,07241d9,acc4acc4,c,8
1476,1476,0,001ca01,3,1,0,0,0,0412,0412,0,1,1,0000,00e92cf0,00000000000000000000000000000000,03330433043304230423042204120411,0,"B_IDLE",0,0,0433,0,0,07241d9,acc4acc4,c,8
1477,1477,0,001ca01,3,1,0,0,0,0412,0412,0,1,1,0000,00e92cf0,00000000000000000000000000000000,03330433043304230423042204120411,0,"B_IDLE",0,0,0433,0,0,07241d9,acc4acc4,c,8
1478,1478,0,001ca01,3,1,0,0,0,0412,0412,0,1,1,0000,00e92cf0,00000000000000000000000000000000,03330433043304230423042204120411,0,"B_IDLE",0,0,0433,0,0,07241d9,acc4acc4,c,8
1479,1479,0,001ca01,3,1,0,0,0,0412,0412,0,1,1,0000,00e92cf0,00000000000000000000000000000000,03330433043304230423042204120411,0,"B_IDLE",0,0,0433,0,0,07241d9,acc4acc4,c,8
1480,1480,0,001ca01,3,1,0,0,0,0412,0412,0,1,1,0000,00e92cf0,00000000000000000000000000000000,03330433043304230423042204120411,0,"B_IDLE",0,0,0433,0,0,07241d9,acc4acc4,c,8
1481,1481,0,001ca01,3,1,0,0,0,0412,0412,0,1,1,0000,00e92cf0,00000000000000000000000000000000,03330433043304230423042204120411,0,"B_IDLE",0,0,0433,0,0,07241d9,acc4acc4,c,8
1482,1482,0,001ca01,3,1,0,0,0,0412,0412,0,1,1,0000,00e92cf0,00000000000000000000000000000000,03330433043304230423042204120411,0,"B_IDLE",0,0,0433,0,0,07241d9,acc4acc4,c,8
1483,1483,0,001ca01,3,1,0,0,0,0412,0412,0,1,1,0000,00e92cf0,00000000000000000000000000000000,03330433043304230423042204120411,0,"B_IDLE",0,0,0433,0,0,07241d9,acc4acc4,c,8
1484,1484,0,001ca01,3,1,0,0,0,0412,0412,0,1,1,0000,00e92cf0,00000000000000000000000000000000,03330433043304230423042204120411,0,"B_IDLE",0,0,0433,0,0,07241d9,acc4acc4,c,8
1485,1485,0,001ca01,3,1,0,0,0,0412,0412,0,1,1,0000,00e92cf0,00000000000000000000000000000000,03330433043304230423042204120411,0,"B_IDLE",0,0,0433,0,0,07241d9,acc4acc4,c,8
1486,1486,0,001ca01,3,1,0,0,0,0412,0412,0,1,1,0000,00e92cf0,00000000000000000000000000000000,03330433043304230423042204120411,0,"B_IDLE",0,0,0433,0,0,07241d9,acc4acc4,c,8
1487,1487,0,001ca01,3,1,0,0,0,0412,0412,0,1,1,0000,00e92cf0,00000000000000000000000000000000,03330433043304230423042204120411,0,"B_IDLE",0,0,0433,0,0,07241d9,acc4acc4,c,8
1488,1488,0,001ca01,3,1,0,0,0,0412,0412,0,1,1,0000,00e92cf0,00000000000000000000000000000000,03330433043304230423042204120411,0,"B_IDLE",0,0,0433,0,0,07241d9,acc4acc4,c,8
1489,1489,0,001ca01,3,1,0,0,0,0412,0412,0,1,1,0000,00e92cf0,00000000000000000000000000000000,03330433043304230423042204120411,0,"B_IDLE",0,0,0433,0,0,07241d9,acc4acc4,c,8
1490,1490,0,001ca01,3,1,0,0,0,0412,0412,0,1,1,0000,00e92cf0,00000000000000000000000000000000,03330433043304230423042204120411,0,"B_IDLE",0,0,0433,0,0,07241d9,acc4acc4,c,8
1491,1491,0,001ca01,3,1,0,0,0,0412,0412,0,1,1,0000,00e92cf0,00000000000000000000000000000000,03330433043304230423042204120411,0,"B_IDLE",0,0,0433,0,0,07241d9,acc4acc4,c,8
1492,1492,0,001ca01,3,1,0,0,0,0412,0412,0,1,1,0000,00e92cf0,00000000000000000000000000000000,03330433043304230423042204120411,0,"B_IDLE",0,0,0433,0,0,07241d9,acc4acc4,c,8
1493,1493,0,001ca01,3,1,0,0,0,0412,0412,0,1,1,0000,00e92cf0,00000000000000000000000000000000,03330433043304230423042204120411,0,"B_IDLE",0,0,0433,0,0,07241d9,acc4acc4,c,8
1494,1494,0,001ca01,3,1,0,0,0,0412,0412,0,1,1,0000,00e92cf0,00000000000000000000000000000000,03330433043304230423042204120411,0,"B_IDLE",0,0,0433,0,0,07241d9,acc4acc4,c,8
1495,1495,0,001ca01,3,1,0,0,0,0412,0412,0,1,1,0000,00e92cf0,00000000000000000000000000000000,03330433043304230423042204120411,0,"B_IDLE",0,0,0433,0,0,07241d9,acc4acc4,c,8
1496,1496,0,001ca01,3,1,0,0,0,0412,0412,0,1,1,0000,00e92cf0,00000000000000000000000000000000,03330433043304230423042204120411,0,"B_IDLE",0,0,0433,0,0,07241d9,acc4acc4,c,8
1497,1497,0,001ca01,3,1,0,0,0,0412,0412,0,1,1,0000,00e92cf0,00000000000000000000000000000000,03330433043304230423042204120411,0,"B_IDLE",0,0,0433,0,0,07241d9,acc4acc4,c,8
1498,1498,0,001ca01,3,1,0,0,0,0412,0412,0,1,1,0000,00e92cf0,00000000000000000000000000000000,03330433043304230423042204120411,0,"B_IDLE",0,0,0433,0,0,07241d9,acc4acc4,c,8
1499,1499,0,001ca01,3,1,0,0,0,0412,0412,0,1,1,0000,00e92cf0,00000000000000000000000000000000,03330433043304230423042204120411,0,"B_IDLE",0,0,0433,0,0,07241d9,acc4acc4,c,8
1500,1500,0,001ca01,3,1,0,0,0,0412,0412,0,1,1,0000,00e92cf0,00000000000000000000000000000000,03330433043304230423042204120411,0,"B_IDLE",0,0,0433,0,0,07241d9,acc4acc4,c,8
1501,1501,0,001ca01,3,1,0,0,0,0412,0412,0,1,1,0000,00e92cf0,00000000000000000000000000000000,03330433043304230423042204120411,0,"B_IDLE",0,0,0433,0,0,07241d9,acc4acc4,c,8
1502,1502,0,001ca01,3,1,0,0,0,0412,0412,0,1,1,0000,00e92cf0,00000000000000000000000000000000,03330433043304230423042204120411,0,"B_IDLE",0,0,0433,0,0,07241d9,acc4acc4,c,8
1503,1503,0,001ca01,3,1,0,0,0,0412,0412,0,1,1,0000,00e92cf0,00000000000000000000000000000000,03330433043304230423042204120411,0,"B_IDLE",0,0,0433,0,0,07241d9,acc4acc4,c,8
1504,1504,0,001ca01,3,1,0,0,0,0412,0412,0,1,1,0000,00e92cf0,00000000000000000000000000000000,03330433043304230423042204120411,0,"B_IDLE",0,0,0433,0,0,07241d9,acc4acc4,c,8
1505,1505,0,001ca01,3,1,0,0,0,0412,0412,0,1,1,0000,00e92cf0,00000000000000000000000000000000,03330433043304230423042204120411,0,"B_IDLE",0,0,0433,0,0,07241d9,acc4acc4,c,8
1506,1506,0,001ca01,3,1,0,0,0,0412,0412,0,1,1,0000,00e92cf0,00000000000000000000000000000000,03330433043304230423042204120411,0,"B_IDLE",0,0,0433,0,0,07241d9,acc4acc4,c,8
1507,1507,0,001ca01,3,1,0,0,0,0412,0412,0,1,1,0000,00e92cf0,00000000000000000000000000000000,03330433043304230423042204120411,0,"B_IDLE",0,0,0433,0,0,07241d9,acc4acc4,c,8
1508,1508,0,001ca01,3,1,0,0,0,0412,0412,0,1,1,0000,00e92cf0,00000000000000000000000000000000,03330433043304230423042204120411,0,"B_IDLE",0,0,0433,0,0,07241d9,acc4acc4,c,8
1509,1509,0,001ca01,3,1,0,0,0,0412,0412,0,1,1,0000,00e92cf0,00000000000000000000000000000000,03330433043304230423042204120411,0,"B_IDLE",0,0,0433,0,0,07241d9,acc4acc4,c,8
1510,1510,0,001ca01,3,1,0,0,0,0412,0412,0,1,1,0000,00e92cf0,00000000000000000000000000000000,03330433043304230423042204120411,0,"B_IDLE",0,0,0433,0,0,07241d9,acc4acc4,c,8
1511,1511,0,001ca01,3,1,0,0,0,0412,0412,0,1,1,0000,00e92cf0,00000000000000000000000000000000,03330433043304230423042204120411,0,"B_IDLE",0,0,0433,0,0,07241d9,acc4acc4,c,8
1512,1512,0,001ca01,3,1,0,0,0,0412,0412,0,1,1,0000,00e92cf0,00000000000000000000000000000000,03330433043304230423042204120411,0,"B_IDLE",0,0,0433,0,0,07241d9,acc4acc4,c,8
1513,1513,0,001ca01,3,1,0,0,0,0412,0412,0,1,1,0000,00e92cf0,00000000000000000000000000000000,03330433043304230423042204120411,0,"B_IDLE",0,0,0433,0,0,07241d9,acc4acc4,c,8
1514,1514,0,001ca01,3,1,0,0,0,0412,0412,0,1,1,0000,00e92cf0,00000000000000000000000000000000,03330433043304230423042204120411,0,"B_IDLE",0,0,0433,0,0,07241d9,acc4acc4,c,8
1515,1515,0,001ca01,3,1,0,0,0,0412,0412,0,1,1,0000,00e92cf0,00000000000000000000000000000000,03330433043304230423042204120411,0,"B_IDLE",0,0,0433,0,0,07241d9,acc4acc4,c,8
1516,1516,0,001ca01,3,1,0,0,0,0412,0412,0,1,1,0000,00e92cf0,00000000000000000000000000000000,03330433043304230423042204120411,0,"B_IDLE",0,0,0433,0,0,07241d9,acc4acc4,c,8
1517,1517,0,001ca01,3,1,0,0,0,0412,0412,0,1,1,0000,00e92cf0,00000000000000000000000000000000,03330433043304230423042204120411,0,"B_IDLE",0,0,0433,0,0,07241d9,acc4acc4,c,8
1518,1518,0,001ca01,3,1,0,0,0,0412,0412,0,1,1,0000,00e92cf0,00000000000000000000000000000000,03330433043304230423042204120411,0,"B_IDLE",0,0,0433,0,0,07241d9,acc4acc4,c,8
1519,1519,0,001ca01,3,1,0,0,0,0412,0412,0,1,1,0000,00e92cf0,00000000000000000000000000000000,03330433043304230423042204120411,0,"B_IDLE",0,0,0433,0,0,07241d9,acc4acc4,c,8
1520,1520,0,001ca01,3,1,0,0,0,0412,0412,0,1,1,0000,00e92cf0,00000000000000000000000000000000,03330433043304230423042204120411,0,"B_IDLE",0,0,0433,0,0,07241d9,acc4acc4,c,8
1521,1521,0,001ca01,3,1,0,0,0,0412,0412,0,1,1,0000,00e92cf0,00000000000000000000000000000000,03330433043304230423042204120411,0,"B_IDLE",0,0,0433,0,0,07241d9,acc4acc4,c,8
1522,1522,0,001ca01,3,1,0,0,0,0412,0412,0,1,1,0000,00e92cf0,00000000000000000000000000000000,03330433043304230423042204120411,0,"B_IDLE",0,0,0433,0,0,07241d9,acc4acc4,c,8
1523,1523,0,001ca01,3,1,0,0,0,0412,0412,0,1,1,0000,00e92cf0,00000000000000000000000000000000,03330433043304230423042204120411,0,"B_IDLE",0,0,0433,0,0,07241d9,acc4acc4,c,8
1524,1524,0,001ca01,3,1,0,0,0,0412,0412,0,1,1,0000,00e92cf0,00000000000000000000000000000000,03330433043304230423042204120411,0,"B_IDLE",0,0,0433,0,0,07241d9,acc4acc4,c,8
1525,1525,0,001ca01,3,1,0,0,0,0412,0412,0,1,1,0000,00e92cf0,00000000000000000000000000000000,03330433043304230423042204120411,0,"B_IDLE",0,0,0433,0,0,07241d9,acc4acc4,c,8
1526,1526,0,001ca01,3,1,0,0,0,0412,0412,0,1,1,0000,00e92cf0,00000000000000000000000000000000,03330433043304230423042204120411,0,"B_IDLE",0,0,0433,0,0,07241d9,acc4acc4,c,8
1527,1527,0,001ca01,3,1,0,0,0,0412,0412,0,1,1,0000,00e92cf0,00000000000000000000000000000000,03330433043304230423042204120411,0,"B_IDLE",0,0,0433,0,0,07241d9,acc4acc4,c,8
1528,1528,0,001ca01,3,1,0,0,0,0412,0412,0,1,1,0000,00e92cf0,00000000000000000000000000000000,03330433043304230423042204120411,0,"B_IDLE",0,0,0433,0,0,07241d9,acc4acc4,c,8
1529,1529,0,001ca01,3,1,0,0,0,0412,0412,0,1,1,0000,00e92cf0,00000000000000000000000000000000,03330433043304230423042204120411,0,"B_IDLE",0,0,0433,0,0,07241d9,acc4acc4,c,8
1530,1530,0,001ca01,3,1,0,0,0,0412,0412,0,1,1,0000,00e92cf0,00000000000000000000000000000000,03330433043304230423042204120411,0,"B_IDLE",0,0,0433,0,0,07241d9,acc4acc4,c,8
1531,1531,0,001ca01,3,1,0,0,0,0412,0412,0,1,1,0000,00e92cf0,00000000000000000000000000000000,03330433043304230423042204120411,0,"B_IDLE",0,0,0433,0,0,07241d9,acc4acc4,c,8
1532,1532,0,001ca01,3,1,0,0,0,0412,0412,0,1,1,0000,00e92cf0,00000000000000000000000000000000,03330433043304230423042204120411,0,"B_IDLE",0,0,0433,0,0,07241d9,acc4acc4,c,8
1533,1533,0,001ca01,3,1,0,0,0,0412,0412,0,1,1,0000,00e92cf0,00000000000000000000000000000000,03330433043304230423042204120411,0,"B_IDLE",0,0,0433,0,0,07241d9,acc4acc4,c,8
1534,1534,0,001ca01,3,1,0,0,0,0412,0412,0,1,1,0000,00e92cf0,00000000000000000000000000000000,03330433043304230423042204120411,0,"B_IDLE",0,0,0433,0,0,07241d9,acc4acc4,c,8
1535,1535,0,001ca01,3,1,0,0,0,0412,0412,0,1,1,0000,00e92cf0,00000000000000000000000000000000,03330433043304230423042204120411,0,"B_IDLE",0,0,0433,0,0,07241d9,acc4acc4,c,8
1536,1536,0,001ca01,3,1,0,0,0,0412,0412,0,1,1,0000,00e92cf0,00000000000000000000000000000000,03330433043304230423042204120411,0,"B_IDLE",0,0,0433,0,0,07241d9,acc4acc4,c,8
1537,1537,0,001ca01,3,1,0,0,0,0412,0412,0,1,1,0000,00e92cf0,00000000000000000000000000000000,03330433043304230423042204120411,0,"B_IDLE",0,0,0433,0,0,07241d9,acc4acc4,c,8
1538,1538,0,001ca01,3,1,0,0,0,0412,0412,0,1,1,0000,00e92cf0,00000000000000000000000000000000,03330433043304230423042204120411,0,"B_IDLE",0,0,0433,0,0,07241d9,acc4acc4,c,8
1539,1539,0,001ca01,3,1,0,0,0,0412,0412,0,1,1,0000,00e92cf0,00000000000000000000000000000000,03330433043304230423042204120411,0,"B_IDLE",0,0,0433,0,0,07241d9,acc4acc4,c,8
1540,1540,0,001ca01,3,1,0,0,0,0412,0412,0,1,1,0000,00e92cf0,00000000000000000000000000000000,03330433043304230423042204120411,0,"B_IDLE",0,0,0433,0,0,07241d9,acc4acc4,c,8
1541,1541,0,001ca01,3,1,0,0,0,0412,0412,0,1,1,0000,00e92cf0,00000000000000000000000000000000,03330433043304230423042204120411,0,"B_IDLE",0,0,0433,0,0,07241d9,acc4acc4,c,8
1542,1542,0,001ca01,3,1,0,0,0,0412,0412,0,1,1,0000,00e92cf0,00000000000000000000000000000000,03330433043304230423042204120411,0,"B_IDLE",0,0,0433,0,0,07241d9,acc4acc4,c,8
1543,1543,0,001ca01,3,1,0,0,0,0412,0412,0,1,1,0000,00e92cf0,00000000000000000000000000000000,03330433043304230423042204120411,0,"B_IDLE",0,0,0433,0,0,07241d9,acc4acc4,c,8
1544,1544,0,001ca01,3,1,0,0,0,0412,0412,0,1,1,0000,00e92cf0,00000000000000000000000000000000,03330433043304230423042204120411,0,"B_IDLE",0,0,0433,0,0,07241d9,acc4acc4,c,8
1545,1545,0,001ca01,3,1,0,0,0,0412,0412,0,1,1,0000,00e92cf0,00000000000000000000000000000000,03330433043304230423042204120411,0,"B_IDLE",0,0,0433,0,0,07241d9,acc4acc4,c,8
1546,1546,0,001ca01,3,1,0,0,0,0412,0412,0,1,1,0000,00e92cf0,00000000000000000000000000000000,03330433043304230423042204120411,0,"B_IDLE",0,0,0433,0,0,07241d9,acc4acc4,c,8
1547,1547,0,001ca01,3,1,0,0,0,0412,0412,0,1,1,0000,00e92cf0,00000000000000000000000000000000,03330433043304230423042204120411,0,"B_IDLE",0,0,0433,0,0,07241d9,acc4acc4,c,8
1548,1548,0,001ca01,3,1,0,0,0,0412,0412,0,1,1,0000,00e92cf0,00000000000000000000000000000000,03330433043304230423042204120411,0,"B_IDLE",0,0,0433,0,0,07241d9,acc4acc4,c,8
1549,1549,0,001ca01,3,1,0,0,0,0412,0412,0,1,1,0000,00e92cf0,00000000000000000000000000000000,03330433043304230423042204120411,0,"B_IDLE",0,0,0433,0,0,07241d9,acc4acc4,c,8
1550,1550,0,001ca01,3,1,0,0,0,0412,0412,0,1,1,0000,00e92cf0,00000000000000000000000000000000,03330433043304230423042204120411,0,"B_IDLE",0,0,0433,0,0,07241d9,acc4acc4,c,8
1551,1551,0,001ca01,3,1,0,0,0,0412,0412,0,1,1,0000,00e92cf0,00000000000000000000000000000000,03330433043304230423042204120411,0,"B_IDLE",0,0,0433,0,0,07241d9,acc4acc4,c,8
1552,1552,0,001ca01,3,1,0,0,0,0412,0412,0,1,1,0000,00e92cf0,00000000000000000000000000000000,03330433043304230423042204120411,0,"B_IDLE",0,0,0433,0,0,07241d9,acc4acc4,c,8
1553,1553,0,001ca01,3,1,0,0,0,0412,0412,0,1,1,0000,00e92cf0,00000000000000000000000000000000,03330433043304230423042204120411,0,"B_IDLE",0,0,0433,0,0,07241d9,acc4acc4,c,8
1554,1554,0,001ca01,3,1,0,0,0,0412,0412,0,1,1,0000,00e92cf0,00000000000000000000000000000000,03330433043304230423042204120411,0,"B_IDLE",0,0,0433,0,0,07241d9,acc4acc4,c,8
1555,1555,0,001ca01,3,1,0,0,0,0412,0412,0,1,1,0000,00e92cf0,00000000000000000000000000000000,03330433043304230423042204120411,0,"B_IDLE",0,0,0433,0,0,07241d9,acc4acc4,c,8
1556,1556,0,001ca01,3,1,0,0,0,0412,0412,0,1,1,0000,00e92cf0,00000000000000000000000000000000,03330433043304230423042204120411,0,"B_IDLE",0,0,0433,0,0,07241d9,acc4acc4,c,8
1557,1557,0,001ca01,3,1,0,0,0,0412,0412,0,1,1,0000,00e92cf0,00000000000000000000000000000000,03330433043304230423042204120411,0,"B_IDLE",0,0,0433,0,0,07241d9,acc4acc4,c,8
1558,1558,0,001ca01,3,1,0,0,0,0412,0412,0,1,1,0000,00e92cf0,00000000000000000000000000000000,03330433043304230423042204120411,0,"B_IDLE",0,0,0433,0,0,07241d9,acc4acc4,c,8
1559,1559,0,001ca01,3,1,0,0,0,0412,0412,0,1,1,0000,00e92cf0,00000000000000000000000000000000,03330433043304230423042204120411,0,"B_IDLE",0,0,0433,0,0,07241d9,acc4acc4,c,8
1560,1560,0,001ca01,3,1,0,0,0,0412,0412,0,1,1,0000,00e92cf0,00000000000000000000000000000000,03330433043304230423042204120411,0,"B_IDLE",0,0,0433,0,0,07241d9,acc4acc4,c,8
1561,1561,0,001ca01,3,1,0,0,0,0412,0412,0,1,1,0000,00e92cf0,00000000000000000000000000000000,03330433043304230423042204120411,0,"B_IDLE",0,0,0433,0,0,07241d9,acc4acc4,c,8
1562,1562,0,001ca01,3,1,0,0,0,0412,0412,0,1,1,0000,00e92cf0,00000000000000000000000000000000,03330433043304230423042204120411,0,"B_IDLE",0,0,0433,0,0,07241d9,acc4acc4,c,8
1563,1563,0,001ca01,3,1,0,0,0,0412,0412,0,1,1,0000,00e92cf0,00000000000000000000000000000000,03330433043304230423042204120411,0,"B_IDLE",0,0,0433,0,0,07241d9,acc4acc4,c,8
1564,1564,0,001ca01,3,1,0,0,0,0412,0412,0,1,1,0000,00e92cf0,00000000000000000000000000000000,03330433043304230423042204120411,0,"B_IDLE",0,0,0433,0,0,07241d9,acc4acc4,c,8
1565,1565,0,001ca01,3,1,0,0,0,0412,0412,0,1,1,0000,00e92cf0,00000000000000000000000000000000,03330433043304230423042204120411,0,"B_IDLE",0,0,0433,0,0,07241d9,acc4acc4,c,8
1566,1566,0,001ca01,3,1,0,0,0,0412,0412,0,1,1,0000,00e92cf0,00000000000000000000000000000000,03330433043304230423042204120411,0,"B_IDLE",0,0,0433,0,0,07241d9,acc4acc4,c,8
1567,1567,0,001ca01,3,1,0,0,0,0412,0412,0,1,1,0000,00e92cf0,00000000000000000000000000000000,03330433043304230423042204120411,0,"B_IDLE",0,0,0433,0,0,07241d9,acc4acc4,c,8
1568,1568,0,001ca01,3,1,0,0,0,0412,0412,0,1,1,0000,00e92cf0,00000000000000000000000000000000,03330433043304230423042204120411,0,"B_IDLE",0,0,0433,0,0,07241d9,acc4acc4,c,8
1569,1569,0,001ca01,3,1,0,0,0,0412,0412,0,1,1,0000,00e92cf0,00000000000000000000000000000000,03330433043304230423042204120411,0,"B_IDLE",0,0,0433,0,0,07241d9,acc4acc4,c,8
1570,1570,0,001ca01,3,1,0,0,0,0412,0412,0,1,1,0000,00e92cf0,00000000000000000000000000000000,03330433043304230423042204120411,0,"B_IDLE",0,0,0433,0,0,07241d9,acc4acc4,c,8
1571,1571,0,001ca01,3,1,0,0,0,0412,0412,0,1,1,0000,00e92cf0,00000000000000000000000000000000,03330433043304230423042204120411,0,"B_IDLE",0,0,0433,0,0,07241d9,acc4acc4,c,8
1572,1572,0,001ca01,3,1,0,0,0,0412,0412,0,1,1,0000,00e92cf0,00000000000000000000000000000000,03330433043304230423042204120411,0,"B_IDLE",0,0,0433,0,0,07241d9,acc4acc4,c,8
1573,1573,0,001ca01,3,1,0,0,0,0412,0412,0,1,1,0000,00e92cf0,00000000000000000000000000000000,03330433043304230423042204120411,0,"B_IDLE",0,0,0433,0,0,07241d9,acc4acc4,c,8
1574,1574,0,001ca01,3,1,0,0,0,0412,0412,0,1,1,0000,00e92cf0,00000000000000000000000000000000,03330433043304230423042204120411,0,"B_IDLE",0,0,0433,0,0,07241d9,acc4acc4,c,8
1575,1575,0,001ca01,3,1,0,0,0,0412,0412,0,1,1,0000,00e92cf0,00000000000000000000000000000000,03330433043304230423042204120411,0,"B_IDLE",0,0,0433,0,0,07241d9,acc4acc4,c,8
1576,1576,0,001ca01,3,1,0,0,0,0412,0412,0,1,1,0000,00e92cf0,00000000000000000000000000000000,03330433043304230423042204120411,0,"B_IDLE",0,0,0433,0,0,07241d9,acc4acc4,c,8
1577,1577,0,001ca01,3,1,0,0,0,0412,0412,0,1,1,0000,00e92cf0,00000000000000000000000000000000,03330433043304230423042204120411,0,"B_IDLE",0,0,0433,0,0,07241d9,acc4acc4,c,8
1578,1578,0,001ca01,3,1,0,0,0,0412,0412,0,1,1,0000,00e92cf0,00000000000000000000000000000000,03330433043304230423042204120411,0,"B_IDLE",0,0,0433,0,0,07241d9,acc4acc4,c,8
1579,1579,0,001ca01,3,1,0,0,0,0412,0412,0,1,1,0000,00e92cf0,00000000000000000000000000000000,03330433043304230423042204120411,0,"B_IDLE",0,0,0433,0,0,07241d9,acc4acc4,c,8
1580,1580,0,001ca01,3,1,0,0,0,0412,0412,0,1,1,0000,00e92cf0,00000000000000000000000000000000,03330433043304230423042204120411,0,"B_IDLE",0,0,0433,0,0,07241d9,acc4acc4,c,8
1581,1581,0,001ca01,3,1,0,0,0,0412,0412,0,1,1,0000,00e92cf0,00000000000000000000000000000000,03330433043304230423042204120411,0,"B_IDLE",0,0,0433,0,0,07241d9,acc4acc4,c,8
1582,1582,0,001ca01,3,1,0,0,0,0412,0412,0,1,1,0000,00e92cf0,00000000000000000000000000000000,03330433043304230423042204120411,0,"B_IDLE",0,0,0433,0,0,07241d9,acc4acc4,c,8
1583,1583,0,001ca01,3,1,0,0,0,0412,0412,0,1,1,0000,00e92cf0,00000000000000000000000000000000,03330433043304230423042204120411,0,"B_IDLE",0,0,0433,0,0,07241d9,acc4acc4,c,8
1584,1584,0,001ca01,3,1,0,0,0,0412,0412,0,1,1,0000,00e92cf0,00000000000000000000000000000000,03330433043304230423042204120411,0,"B_IDLE",0,0,0433,0,0,07241d9,acc4acc4,c,8
1585,1585,0,001ca01,3,1,0,0,0,0412,0412,0,1,1,0000,00e92cf0,00000000000000000000000000000000,03330433043304230423042204120411,0,"B_IDLE",0,0,0433,0,0,07241d9,acc4acc4,c,8
1586,1586,0,001ca01,3,1,0,0,0,0412,0412,0,1,1,0000,00e92cf0,00000000000000000000000000000000,03330433043304230423042204120411,0,"B_IDLE",0,0,0433,0,0,07241d9,acc4acc4,c,8
1587,1587,0,001ca01,3,1,0,0,0,0412,0412,0,1,1,0000,00e92cf0,00000000000000000000000000000000,03330433043304230423042204120411,0,"B_IDLE",0,0,0433,0,0,07241d9,acc4acc4,c,8
1588,1588,0,001ca01,3,1,0,0,0,0412,0412,0,1,1,0000,00e92cf0,00000000000000000000000000000000,03330433043304230423042204120411,0,"B_IDLE",0,0,0433,0,0,07241d9,acc4acc4,c,8
1589,1589,0,001ca01,3,1,0,0,0,0412,0412,0,1,1,0000,00e92cf0,00000000000000000000000000000000,03330433043304230423042204120411,0,"B_IDLE",0,0,0433,0,0,07241d9,acc4acc4,c,8
1590,1590,0,001ca01,3,1,0,0,0,0412,0412,0,1,1,0000,00e92cf0,00000000000000000000000000000000,03330433043304230423042204120411,0,"B_IDLE",0,0,0433,0,0,07241d9,acc4acc4,c,8
1591,1591,0,001ca01,3,1,0,0,0,0412,0412,0,1,1,0000,00e92cf0,00000000000000000000000000000000,03330433043304230423042204120411,0,"B_IDLE",0,0,0433,0,0,07241d9,acc4acc4,c,8
1592,1592,0,001ca01,3,1,0,0,0,0412,0412,0,1,1,0000,00e92cf0,00000000000000000000000000000000,03330433043304230423042204120411,0,"B_IDLE",0,0,0433,0,0,07241d9,acc4acc4,c,8
1593,1593,0,001ca01,3,1,0,0,0,0412,0412,0,1,1,0000,00e92cf0,00000000000000000000000000000000,03330433043304230423042204120411,0,"B_IDLE",0,0,0433,0,0,07241d9,acc4acc4,c,8
1594,1594,0,001ca01,3,1,0,0,0,0412,0412,0,1,1,0000,00e92cf0,00000000000000000000000000000000,03330433043304230423042204120411,0,"B_IDLE",0,0,0433,0,0,07241d9,acc4acc4,c,8
1595,1595,0,001ca01,3,1,0,0,0,0412,0412,0,1,1,0000,00e92cf0,00000000000000000000000000000000,03330433043304230423042204120411,0,"B_IDLE",0,0,0433,0,0,07241d9,acc4acc4,c,8
1596,1596,0,001ca01,3,1,0,0,0,0412,0412,0,1,1,0000,00e92cf0,00000000000000000000000000000000,03330433043304230423042204120411,0,"B_IDLE",0,0,0433,0,0,07241d9,acc4acc4,c,8
1597,1597,0,001ca01,3,1,0,0,0,0412,0412,0,1,1,0000,00e92cf0,00000000000000000000000000000000,03330433043304230423042204120411,0,"B_IDLE",0,0,0433,0,0,07241d9,acc4acc4,c,8
1598,1598,0,001ca01,3,1,0,0,0,0412,0412,0,1,1,0000,00e92cf0,00000000000000000000000000000000,03330433043304230423042204120411,0,"B_IDLE",0,0,0433,0,0,07241d9,acc4acc4,c,8
1599,1599,0,001ca01,3,1,0,0,0,0412,0412,0,1,1,0000,00e92cf0,00000000000000000000000000000000,03330433043304230423042204120411,0,"B_IDLE",0,0,0433,0,0,07241d9,acc4acc4,c,8
1600,1600,0,001ca01,3,1,0,0,0,0412,0412,0,1,1,0000,00e92cf0,00000000000000000000000000000000,03330433043304230423042204120411,0,"B_IDLE",0,0,0433,0,0,07241d9,acc4acc4,c,8
1601,1601,0,001ca01,3,1,0,0,0,0412,0412,0,1,1,0000,00e92cf0,00000000000000000000000000000000,03330433043304230423042204120411,0,"B_IDLE",0,0,0433,0,0,07241d9,acc4acc4,c,8
1602,1602,0,001ca01,3,1,0,0,0,0412,0412,0,1,1,0000,00e92cf0,00000000000000000000000000000000,03330433043304230423042204120411,0,"B_IDLE",0,0,0433,0,0,07241d9,acc4acc4,c,8
1603,1603,0,001ca01,3,1,0,0,0,0412,0412,0,1,1,0000,00e92cf0,00000000000000000000000000000000,03330433043304230423042204120411,0,"B_IDLE",0,0,0433,0,0,07241d9,acc4acc4,c,8
1604,1604,0,001ca01,3,1,0,0,0,0412,0412,0,1,1,0000,00e92cf0,00000000000000000000000000000000,03330433043304230423042204120411,0,"B_IDLE",0,0,0433,0,0,07241d9,acc4acc4,c,8
1605,1605,0,001ca01,3,1,0,0,0,0412,0412,0,1,1,0000,00e92cf0,00000000000000000000000000000000,03330433043304230423042204120411,0,"B_IDLE",0,0,0433,0,0,07241d9,acc4acc4,c,8
1606,1606,0,001ca01,3,1,0,0,0,0412,0412,0,1,1,0000,00e92cf0,00000000000000000000000000000000,03330433043304230423042204120411,0,"B_IDLE",0,0,0433,0,0,07241d9,acc4acc4,c,8
1607,1607,0,001ca01,3,1,0,0,0,0412,0412,0,1,1,0000,00e92cf0,00000000000000000000000000000000,03330433043304230423042204120411,0,"B_IDLE",0,0,0433,0,0,07241d9,acc4acc4,c,8
1608,1608,0,001ca01,3,1,0,0,0,0412,0412,0,1,1,0000,00e92cf0,00000000000000000000000000000000,03330433043304230423042204120411,0,"B_IDLE",0,0,0433,0,0,07241d9,acc4acc4,c,8
1609,1609,0,001ca01,3,1,0,0,0,0412,0412,0,1,1,0000,00e92cf0,00000000000000000000000000000000,03330433043304230423042204120411,0,"B_IDLE",0,0,0433,0,0,07241d9,acc4acc4,c,8
1610,1610,0,001ca01,3,1,0,0,0,0412,0412,0,1,1,0000,00e92cf0,00000000000000000000000000000000,03330433043304230423042204120411,0,"B_IDLE",0,0,0433,0,0,07241d9,acc4acc4,c,8
1611,1611,0,001ca01,3,1,0,0,0,0412,0412,0,1,1,0000,00e92cf0,00000000000000000000000000000000,03330433043304230423042204120411,0,"B_IDLE",0,0,0433,0,0,07241d9,acc4acc4,c,8
1612,1612,0,001ca01,3,1,0,0,0,0412,0412,0,1,1,0000,00e92cf0,00000000000000000000000000000000,03330433043304230423042204120411,0,"B_IDLE",0,0,0433,0,0,07241d9,acc4acc4,c,8
1613,1613,0,001ca01,3,1,0,0,0,0412,0412,0,1,1,0000,00e92cf0,00000000000000000000000000000000,03330433043304230423042204120411,0,"B_IDLE",0,0,0433,0,0,07241d9,acc4acc4,c,8
1614,1614,0,001ca01,3,1,0,0,0,0412,0412,0,1,1,0000,00e92cf0,00000000000000000000000000000000,03330433043304230423042204120411,0,"B_IDLE",0,0,0433,0,0,07241d9,acc4acc4,c,8
1615,1615,0,001ca01,3,1,0,0,0,0412,0412,0,1,1,0000,00e92cf0,00000000000000000000000000000000,03330433043304230423042204120411,0,"B_IDLE",0,0,0433,0,0,07241d9,acc4acc4,c,8
1616,1616,0,001ca01,3,1,0,0,0,0412,0412,0,1,1,0000,00e92cf0,00000000000000000000000000000000,03330433043304230423042204120411,0,"B_IDLE",0,0,0433,0,0,07241d9,acc4acc4,c,8
1617,1617,0,001ca01,3,1,0,0,0,0412,0412,0,1,1,0000,00e92cf0,00000000000000000000000000000000,03330433043304230423042204120411,0,"B_IDLE",0,0,0433,0,0,07241d9,acc4acc4,c,8
1618,1618,0,001ca01,3,1,0,0,0,0412,0412,0,1,1,0000,00e92cf0,00000000000000000000000000000000,03330433043304230423042204120411,0,"B_IDLE",0,0,0433,0,0,07241d9,acc4acc4,c,8
1619,1619,0,001ca01,3,1,0,0,0,0412,0412,0,1,1,0000,00e92cf0,00000000000000000000000000000000,03330433043304230423042204120411,0,"B_IDLE",0,0,0433,0,0,07241d9,acc4acc4,c,8
1620,1620,0,001ca01,3,1,0,0,0,0412,0412,0,1,1,0000,00e92cf0,00000000000000000000000000000000,03330433043304230423042204120411,0,"B_IDLE",0,0,0433,0,0,07241d9,acc4acc4,c,8
1621,1621,0,001ca01,3,1,0,0,0,0412,0412,0,1,1,0000,00e92cf0,00000000000000000000000000000000,03330433043304230423042204120411,0,"B_IDLE",0,0,0433,0,0,07241d9,acc4acc4,c,8
1622,1622,0,001ca01,3,1,0,0,0,0412,0412,0,1,1,0000,00e92cf0,00000000000000000000000000000000,03330433043304230423042204120411,0,"B_IDLE",0,0,0433,0,0,07241d9,acc4acc4,c,8
1623,1623,0,001ca01,3,1,0,0,0,0412,0412,0,1,1,0000,00e92cf0,00000000000000000000000000000000,03330433043304230423042204120411,0,"B_IDLE",0,0,0433,0,0,07241d9,acc4acc4,c,8
1624,1624,0,001ca01,3,1,0,0,0,0412,0412,0,1,1,0000,00e92cf0,00000000000000000000000000000000,03330433043304230423042204120411,0,"B_IDLE",0,0,0433,0,0,07241d9,acc4acc4,c,8
1625,1625,0,001ca01,3,1,0,0,0,0412,0412,0,1,1,0000,00e92cf0,00000000000000000000000000000000,03330433043304230423042204120411,0,"B_IDLE",0,0,0433,0,0,07241d9,acc4acc4,c,8
1626,1626,0,001ca01,3,1,0,0,0,0412,0412,0,1,1,0000,00e92cf0,00000000000000000000000000000000,03330433043304230423042204120411,0,"B_IDLE",0,0,0433,0,0,07241d9,acc4acc4,c,8
1627,1627,0,001ca01,3,1,0,0,0,0412,0412,0,1,1,0000,00e92cf0,00000000000000000000000000000000,03330433043304230423042204120411,0,"B_IDLE",0,0,0433,0,0,07241d9,acc4acc4,c,8
1628,1628,0,001ca01,3,1,0,0,0,0412,0412,0,1,1,0000,00e92cf0,00000000000000000000000000000000,03330433043304230423042204120411,0,"B_IDLE",0,0,0433,0,0,07241d9,acc4acc4,c,8
1629,1629,0,001ca01,3,1,0,0,0,0412,0412,0,1,1,0000,00e92cf0,00000000000000000000000000000000,03330433043304230423042204120411,0,"B_IDLE",0,0,0433,0,0,07241d9,acc4acc4,c,8
1630,1630,0,001ca01,3,1,0,0,0,0412,0412,0,1,1,0000,00e92cf0,00000000000000000000000000000000,03330433043304230423042204120411,0,"B_IDLE",0,0,0433,0,0,07241d9,acc4acc4,c,8
1631,1631,0,001ca01,3,1,0,0,0,0412,0412,0,1,1,0000,00e92cf0,00000000000000000000000000000000,03330433043304230423042204120411,0,"B_IDLE",0,0,0433,0,0,07241d9,acc4acc4,c,8
1632,1632,0,001ca01,3,1,0,0,0,0412,0412,0,1,1,0000,00e92cf0,00000000000000000000000000000000,03330433043304230423042204120411,0,"B_IDLE",0,0,0433,0,0,07241d9,acc4acc4,c,8
1633,1633,0,001ca01,3,1,0,0,0,0412,0412,0,1,1,0000,00e92cf0,00000000000000000000000000000000,03330433043304230423042204120411,0,"B_IDLE",0,0,0433,0,0,07241d9,acc4acc4,c,8
1634,1634,0,001ca01,3,1,0,0,0,0412,0412,0,1,1,0000,00e92cf0,00000000000000000000000000000000,03330433043304230423042204120411,0,"B_IDLE",0,0,0433,0,0,07241d9,acc4acc4,c,8
1635,1635,0,001ca01,3,1,0,0,0,0412,0412,0,1,1,0000,00e92cf0,00000000000000000000000000000000,03330433043304230423042204120411,0,"B_IDLE",0,0,0433,0,0,07241d9,acc4acc4,c,8
1636,1636,0,001ca01,3,1,0,0,0,0412,0412,0,1,1,0000,00e92cf0,00000000000000000000000000000000,03330433043304230423042204120411,0,"B_IDLE",0,0,0433,0,0,07241d9,acc4acc4,c,8
1637,1637,0,001ca01,3,1,0,0,0,0412,0412,0,1,1,0000,00e92cf0,00000000000000000000000000000000,03330433043304230423042204120411,0,"B_IDLE",0,0,0433,0,0,07241d9,acc4acc4,c,8
1638,1638,0,001ca01,3,1,0,0,0,0412,0412,0,1,1,0000,00e92cf0,00000000000000000000000000000000,03330433043304230423042204120411,0,"B_IDLE",0,0,0433,0,0,07241d9,acc4acc4,c,8
1639,1639,0,001ca01,3,1,0,0,0,0412,0412,0,1,1,0000,00e92cf0,00000000000000000000000000000000,03330433043304230423042204120411,0,"B_IDLE",0,0,0433,0,0,07241d9,acc4acc4,c,8
1640,1640,0,001ca01,3,1,0,0,0,0412,0412,0,1,1,0000,00e92cf0,00000000000000000000000000000000,03330433043304230423042204120411,0,"B_IDLE",0,0,0433,0,0,07241d9,acc4acc4,c,8
1641,1641,0,001ca01,3,1,0,0,0,0412,0412,0,1,1,0000,00e92cf0,00000000000000000000000000000000,03330433043304230423042204120411,0,"B_IDLE",0,0,0433,0,0,07241d9,acc4acc4,c,8
1642,1642,0,001ca01,3,1,0,0,0,0412,0412,0,1,1,0000,00e92cf0,00000000000000000000000000000000,03330433043304230423042204120411,0,"B_IDLE",0,0,0433,0,0,07241d9,acc4acc4,c,8
1643,1643,0,001ca01,3,1,0,0,0,0412,0412,0,1,1,0000,00e92cf0,00000000000000000000000000000000,03330433043304230423042204120411,0,"B_IDLE",0,0,0433,0,0,07241d9,acc4acc4,c,8
1644,1644,0,001ca01,3,1,0,0,0,0412,0412,0,1,1,0000,00e92cf0,00000000000000000000000000000000,03330433043304230423042204120411,0,"B_IDLE",0,0,0433,0,0,07241d9,acc4acc4,c,8
1645,1645,0,001ca01,3,1,0,0,0,0412,0412,0,1,1,0000,00e92cf0,00000000000000000000000000000000,03330433043304230423042204120411,0,"B_IDLE",0,0,0433,0,0,07241d9,acc4acc4,c,8
1646,1646,0,001ca01,3,1,0,0,0,0412,0412,0,1,1,0000,00e92cf0,00000000000000000000000000000000,03330433043304230423042204120411,0,"B_IDLE",0,0,0433,0,0,07241d9,acc4acc4,c,8
1647,1647,0,001ca01,3,1,0,0,0,0412,0412,0,1,1,0000,00e92cf0,00000000000000000000000000000000,03330433043304230423042204120411,0,"B_IDLE",0,0,0433,0,0,07241d9,acc4acc4,c,8
1648,1648,0,001ca01,3,1,0,0,0,0412,0412,0,1,1,0000,00e92cf0,00000000000000000000000000000000,03330433043304230423042204120411,0,"B_IDLE",0,0,0433,0,0,07241d9,acc4acc4,c,8
1649,1649,0,001ca01,3,1,0,0,0,0412,0412,0,1,1,0000,00e92cf0,00000000000000000000000000000000,03330433043304230423042204120411,0,"B_IDLE",0,0,0433,0,0,07241d9,acc4acc4,c,8
1650,1650,0,001ca01,3,1,0,0,0,0412,0412,0,1,1,0000,00e92cf0,00000000000000000000000000000000,03330433043304230423042204120411,0,"B_IDLE",0,0,0433,0,0,07241d9,acc4acc4,c,8
1651,1651,0,001ca01,3,1,0,0,0,0412,0412,0,1,1,0000,00e92cf0,00000000000000000000000000000000,03330433043304230423042204120411,0,"B_IDLE",0,0,0433,0,0,07241d9,acc4acc4,c,8
1652,1652,0,001ca01,3,1,0,0,0,0412,0412,0,1,1,0000,00e92cf0,00000000000000000000000000000000,03330433043304230423042204120411,0,"B_IDLE",0,0,0433,0,0,07241d9,acc4acc4,c,8
1653,1653,0,001ca01,3,1,0,0,0,0412,0412,0,1,1,0000,00e92cf0,00000000000000000000000000000000,03330433043304230423042204120411,0,"B_IDLE",0,0,0433,0,0,07241d9,acc4acc4,c,8
1654,1654,0,001ca01,3,1,0,0,0,0412,0412,0,1,1,0000,00e92cf0,00000000000000000000000000000000,03330433043304230423042204120411,0,"B_IDLE",0,0,0433,0,0,07241d9,acc4acc4,c,8
1655,1655,0,001ca01,3,1,0,0,0,0412,0412,0,1,1,0000,00e92cf0,00000000000000000000000000000000,03330433043304230423042204120411,0,"B_IDLE",0,0,0433,0,0,07241d9,acc4acc4,c,8
1656,1656,0,001ca01,3,1,0,0,0,0412,0412,0,1,1,0000,00e92cf0,00000000000000000000000000000000,03330433043304230423042204120411,0,"B_IDLE",0,0,0433,0,0,07241d9,acc4acc4,c,8
1657,1657,0,001ca01,3,1,0,0,0,0412,0412,0,1,1,0000,00e92cf0,00000000000000000000000000000000,03330433043304230423042204120411,0,"B_IDLE",0,0,0433,0,0,07241d9,acc4acc4,c,8
1658,1658,0,001ca01,3,1,0,0,0,0412,0412,0,1,1,0000,00e92cf0,00000000000000000000000000000000,03330433043304230423042204120411,0,"B_IDLE",0,0,0433,0,0,07241d9,acc4acc4,c,8
1659,1659,0,001ca01,3,1,0,0,0,0412,0412,0,1,1,0000,00e92cf0,00000000000000000000000000000000,03330433043304230423042204120411,0,"B_IDLE",0,0,0433,0,0,07241d9,acc4acc4,c,8
1660,1660,0,001ca01,3,1,0,0,0,0412,0412,0,1,1,0000,00e92cf0,00000000000000000000000000000000,03330433043304230423042204120411,0,"B_IDLE",0,0,0433,0,0,07241d9,acc4acc4,c,8
1661,1661,0,001ca01,3,1,0,0,0,0412,0412,0,1,1,0000,00e92cf0,00000000000000000000000000000000,03330433043304230423042204120411,0,"B_IDLE",0,0,0433,0,0,07241d9,acc4acc4,c,8
1662,1662,0,001ca01,3,1,0,0,0,0412,0412,0,1,1,0000,00e92cf0,00000000000000000000000000000000,03330433043304230423042204120411,0,"B_IDLE",0,0,0433,0,0,07241d9,acc4acc4,c,8
1663,1663,0,001ca01,3,1,0,0,0,0412,0412,0,1,1,0000,00e92cf0,00000000000000000000000000000000,03330433043304230423042204120411,0,"B_IDLE",0,0,0433,0,0,07241d9,acc4acc4,c,8
1664,1664,0,001ca01,3,1,0,0,0,0412,0412,0,1,1,0000,00e92cf0,00000000000000000000000000000000,03330433043304230423042204120411,0,"B_IDLE",0,0,0433,0,0,07241d9,acc4acc4,c,8
1665,1665,0,001ca01,3,1,0,0,0,0412,0412,0,1,1,0000,00e92cf0,00000000000000000000000000000000,03330433043304230423042204120411,0,"B_IDLE",0,0,0433,0,0,07241d9,acc4acc4,c,8
1666,1666,0,001ca01,3,1,0,0,0,0412,0412,0,1,1,0000,00e92cf0,00000000000000000000000000000000,03330433043304230423042204120411,0,"B_IDLE",0,0,0433,0,0,07241d9,acc4acc4,c,8
1667,1667,0,001ca01,3,1,0,0,0,0412,0412,0,1,1,0000,00e92cf0,00000000000000000000000000000000,03330433043304230423042204120411,0,"B_IDLE",0,0,0433,0,0,07241d9,acc4acc4,c,8
1668,1668,0,001ca01,3,1,0,0,0,0412,0412,0,1,1,0000,00e92cf0,00000000000000000000000000000000,03330433043304230423042204120411,0,"B_IDLE",0,0,0433,0,0,07241d9,acc4acc4,c,8
1669,1669,0,001ca01,3,1,0,0,0,0412,0412,0,1,1,0000,00e92cf0,00000000000000000000000000000000,03330433043304230423042204120411,0,"B_IDLE",0,0,0433,0,0,07241d9,acc4acc4,c,8
1670,1670,0,001ca01,3,1,0,0,0,0412,0412,0,1,1,0000,00e92cf0,00000000000000000000000000000000,03330433043304230423042204120411,0,"B_IDLE",0,0,0433,0,0,07241d9,acc4acc4,c,8
1671,1671,0,001ca01,3,1,0,0,0,0412,0412,0,1,1,0000,00e92cf0,00000000000000000000000000000000,03330433043304230423042204120411,0,"B_IDLE",0,0,0433,0,0,07241d9,acc4acc4,c,8
1672,1672,0,001ca01,3,1,0,0,0,0412,0412,0,1,1,0000,00e92cf0,00000000000000000000000000000000,03330433043304230423042204120411,0,"B_IDLE",0,0,0433,0,0,07241d9,acc4acc4,c,8
1673,1673,0,001ca01,3,1,0,0,0,0412,0412,0,1,1,0000,00e92cf0,00000000000000000000000000000000,03330433043304230423042204120411,0,"B_IDLE",0,0,0433,0,0,07241d9,acc4acc4,c,8
1674,1674,0,001ca01,3,1,0,0,0,0412,0412,0,1,1,0000,00e92cf0,00000000000000000000000000000000,03330433043304230423042204120411,0,"B_IDLE",0,0,0433,0,0,07241d9,acc4acc4,c,8
1675,1675,0,001ca01,3,1,0,0,0,0412,0412,0,1,1,0000,00e92cf0,00000000000000000000000000000000,03330433043304230423042204120411,0,"B_IDLE",0,0,0433,0,0,07241d9,acc4acc4,c,8
1676,1676,0,001ca01,3,1,0,0,0,0412,0412,0,1,1,0000,00e92cf0,00000000000000000000000000000000,03330433043304230423042204120411,0,"B_IDLE",0,0,0433,0,0,07241d9,acc4acc4,c,8
1677,1677,0,001ca01,3,1,0,0,0,0412,0412,0,1,1,0000,00e92cf0,00000000000000000000000000000000,03330433043304230423042204120411,0,"B_IDLE",0,0,0433,0,0,07241d9,acc4acc4,c,8
1678,1678,0,001ca01,3,1,0,0,0,0412,0412,0,1,1,0000,00e92cf0,00000000000000000000000000000000,03330433043304230423042204120411,0,"B_IDLE",0,0,0433,0,0,07241d9,acc4acc4,c,8
1679,1679,0,001ca01,3,1,0,0,0,0412,0412,0,1,1,0000,00e92cf0,00000000000000000000000000000000,03330433043304230423042204120411,0,"B_IDLE",0,0,0433,0,0,07241d9,acc4acc4,c,8
1680,1680,0,001ca01,3,1,0,0,0,0412,0412,0,1,1,0000,00e92cf0,00000000000000000000000000000000,03330433043304230423042204120411,0,"B_IDLE",0,0,0433,0,0,07241d9,acc4acc4,c,8
1681,1681,0,001ca01,3,1,0,0,0,0412,0412,0,1,1,0000,00e92cf0,00000000000000000000000000000000,03330433043304230423042204120411,0,"B_IDLE",0,0,0433,0,0,07241d9,acc4acc4,c,8
1682,1682,0,001ca01,3,1,0,0,0,0412,0412,0,1,1,0000,00e92cf0,00000000000000000000000000000000,03330433043304230423042204120411,0,"B_IDLE",0,0,0433,0,0,07241d9,acc4acc4,c,8
1683,1683,0,001ca01,3,1,0,0,0,0412,0412,0,1,1,0000,00e92cf0,00000000000000000000000000000000,03330433043304230423042204120411,0,"B_IDLE",0,0,0433,0,0,07241d9,acc4acc4,c,8
1684,1684,0,001ca01,3,1,0,0,0,0412,0412,0,1,1,0000,00e92cf0,00000000000000000000000000000000,03330433043304230423042204120411,0,"B_IDLE",0,0,0433,0,0,07241d9,acc4acc4,c,8
1685,1685,0,001ca01,3,1,0,0,0,0412,0412,0,1,1,0000,00e92cf0,00000000000000000000000000000000,03330433043304230423042204120411,0,"B_IDLE",0,0,0433,0,0,07241d9,acc4acc4,c,8
1686,1686,0,001ca01,3,1,0,0,0,0412,0412,0,1,1,0000,00e92cf0,00000000000000000000000000000000,03330433043304230423042204120411,0,"B_IDLE",0,0,0433,0,0,07241d9,acc4acc4,c,8
1687,1687,0,001ca01,3,1,0,0,0,0412,0412,0,1,1,0000,00e92cf0,00000000000000000000000000000000,03330433043304230423042204120411,0,"B_IDLE",0,0,0433,0,0,07241d9,acc4acc4,c,8
1688,1688,0,001ca01,3,1,0,0,0,0412,0412,0,1,1,0000,00e92cf0,00000000000000000000000000000000,03330433043304230423042204120411,0,"B_IDLE",0,0,0433,0,0,07241d9,acc4acc4,c,8
1689,1689,0,001ca01,3,1,0,0,0,0412,0412,0,1,1,0000,00e92cf0,00000000000000000000000000000000,03330433043304230423042204120411,0,"B_IDLE",0,0,0433,0,0,07241d9,acc4acc4,c,8
1690,1690,0,001ca01,3,1,0,0,0,0412,0412,0,1,1,0000,00e92cf0,00000000000000000000000000000000,03330433043304230423042204120411,0,"B_IDLE",0,0,0433,0,0,07241d9,acc4acc4,c,8
1691,1691,0,001ca01,3,1,0,0,0,0412,0412,0,1,1,0000,00e92cf0,00000000000000000000000000000000,03330433043304230423042204120411,0,"B_IDLE",0,0,0433,0,0,07241d9,acc4acc4,c,8
1692,1692,0,001ca01,3,1,0,0,0,0412,0412,0,1,1,0000,00e92cf0,00000000000000000000000000000000,03330433043304230423042204120411,0,"B_IDLE",0,0,0433,0,0,07241d9,acc4acc4,c,8
1693,1693,0,001ca01,3,1,0,0,0,0412,0412,0,1,1,0000,00e92cf0,00000000000000000000000000000000,03330433043304230423042204120411,0,"B_IDLE",0,0,0433,0,0,07241d9,acc4acc4,c,8
1694,1694,0,001ca01,3,1,0,0,0,0412,0412,0,1,1,0000,00e92cf0,00000000000000000000000000000000,03330433043304230423042204120411,0,"B_IDLE",0,0,0433,0,0,07241d9,acc4acc4,c,8
1695,1695,0,001ca01,3,1,0,0,0,0412,0412,0,1,1,0000,00e92cf0,00000000000000000000000000000000,03330433043304230423042204120411,0,"B_IDLE",0,0,0433,0,0,07241d9,acc4acc4,c,8
1696,1696,0,001ca01,3,1,0,0,0,0412,0412,0,1,1,0000,00e92cf0,00000000000000000000000000000000,03330433043304230423042204120411,0,"B_IDLE",0,0,0433,0,0,07241d9,acc4acc4,c,8
1697,1697,0,001ca01,3,1,0,0,0,0412,0412,0,1,1,0000,00e92cf0,00000000000000000000000000000000,03330433043304230423042204120411,0,"B_IDLE",0,0,0433,0,0,07241d9,acc4acc4,c,8
1698,1698,0,001ca01,3,1,0,0,0,0412,0412,0,1,1,0000,00e92cf0,00000000000000000000000000000000,03330433043304230423042204120411,0,"B_IDLE",0,0,0433,0,0,07241d9,acc4acc4,c,8
1699,1699,0,001ca01,3,1,0,0,0,0412,0412,0,1,1,0000,00e92cf0,00000000000000000000000000000000,03330433043304230423042204120411,0,"B_IDLE",0,0,0433,0,0,07241d9,acc4acc4,c,8
1700,1700,0,001ca01,3,1,0,0,0,0412,0412,0,1,1,0000,00e92cf0,00000000000000000000000000000000,03330433043304230423042204120411,0,"B_IDLE",0,0,0433,0,0,07241d9,acc4acc4,c,8
1701,1701,0,001ca01,3,1,0,0,0,0412,0412,0,1,1,0000,00e92cf0,00000000000000000000000000000000,03330433043304230423042204120411,0,"B_IDLE",0,0,0433,0,0,07241d9,acc4acc4,c,8
1702,1702,0,001ca01,3,1,0,0,0,0412,0412,0,1,1,0000,00e92cf0,00000000000000000000000000000000,03330433043304230423042204120411,0,"B_IDLE",0,0,0433,0,0,07241d9,acc4acc4,c,8
1703,1703,0,001ca01,3,1,0,0,0,0412,0412,0,1,1,0000,00e92cf0,00000000000000000000000000000000,03330433043304230423042204120411,0,"B_IDLE",0,0,0433,0,0,07241d9,acc4acc4,c,8
1704,1704,0,001ca01,3,1,0,0,0,0412,0412,0,1,1,0000,00e92cf0,00000000000000000000000000000000,03330433043304230423042204120411,0,"B_IDLE",0,0,0433,0,0,07241d9,acc4acc4,c,8
1705,1705,0,001ca01,3,1,0,0,0,0412,0412,0,1,1,0000,00e92cf0,00000000000000000000000000000000,03330433043304230423042204120411,0,"B_IDLE",0,0,0433,0,0,07241d9,acc4acc4,c,8
1706,1706,0,001ca01,3,1,0,0,0,0412,0412,0,1,1,0000,00e92cf0,00000000000000000000000000000000,03330433043304230423042204120411,0,"B_IDLE",0,0,0433,0,0,07241d9,acc4acc4,c,8
1707,1707,0,001ca01,3,1,0,0,0,0412,0412,0,1,1,0000,00e92cf0,00000000000000000000000000000000,03330433043304230423042204120411,0,"B_IDLE",0,0,0433,0,0,07241d9,acc4acc4,c,8
1708,1708,0,001ca01,3,1,0,0,0,0412,0412,0,1,1,0000,00e92cf0,00000000000000000000000000000000,03330433043304230423042204120411,0,"B_IDLE",0,0,0433,0,0,07241d9,acc4acc4,c,8
1709,1709,0,001ca01,3,1,0,0,0,0412,0412,0,1,1,0000,00e92cf0,00000000000000000000000000000000,03330433043304230423042204120411,0,"B_IDLE",0,0,0433,0,0,07241d9,acc4acc4,c,8
1710,1710,0,001ca01,3,1,0,0,0,0412,0412,0,1,1,0000,00e92cf0,00000000000000000000000000000000,03330433043304230423042204120411,0,"B_IDLE",0,0,0433,0,0,07241d9,acc4acc4,c,8
1711,1711,0,001ca01,3,1,0,0,0,0412,0412,0,1,1,0000,00e92cf0,00000000000000000000000000000000,03330433043304230423042204120411,0,"B_IDLE",0,0,0433,0,0,07241d9,acc4acc4,c,8
1712,1712,0,001ca01,3,1,0,0,0,0412,0412,0,1,1,0000,00e92cf0,00000000000000000000000000000000,03330433043304230423042204120411,0,"B_IDLE",0,0,0433,0,0,07241d9,acc4acc4,c,8
1713,1713,0,001ca01,3,1,0,0,0,0412,0412,0,1,1,0000,00e92cf0,00000000000000000000000000000000,03330433043304230423042204120411,0,"B_IDLE",0,0,0433,0,0,07241d9,acc4acc4,c,8
1714,1714,0,001ca01,3,1,0,0,0,0412,0412,0,1,1,0000,00e92cf0,00000000000000000000000000000000,03330433043304230423042204120411,0,"B_IDLE",0,0,0433,0,0,07241d9,acc4acc4,c,8
1715,1715,0,001ca01,3,1,0,0,0,0412,0412,0,1,1,0000,00e92cf0,00000000000000000000000000000000,03330433043304230423042204120411,0,"B_IDLE",0,0,0433,0,0,07241d9,acc4acc4,c,8
1716,1716,0,001ca01,3,1,0,0,0,0412,0412,0,1,1,0000,00e92cf0,00000000000000000000000000000000,03330433043304230423042204120411,0,"B_IDLE",0,0,0433,0,0,07241d9,acc4acc4,c,8
1717,1717,0,001ca01,3,1,0,0,0,0412,0412,0,1,1,0000,00e92cf0,00000000000000000000000000000000,03330433043304230423042204120411,0,"B_IDLE",0,0,0433,0,0,07241d9,acc4acc4,c,8
1718,1718,0,001ca01,3,1,0,0,0,0412,0412,0,1,1,0000,00e92cf0,00000000000000000000000000000000,03330433043304230423042204120411,0,"B_IDLE",0,0,0433,0,0,07241d9,acc4acc4,c,8
1719,1719,0,001ca01,3,1,0,0,0,0412,0412,0,1,1,0000,00e92cf0,00000000000000000000000000000000,03330433043304230423042204120411,0,"B_IDLE",0,0,0433,0,0,07241d9,acc4acc4,c,8
1720,1720,0,001ca01,3,1,0,0,0,0412,0412,0,1,1,0000,00e92cf0,00000000000000000000000000000000,03330433043304230423042204120411,0,"B_IDLE",0,0,0433,0,0,07241d9,acc4acc4,c,8
1721,1721,0,001ca01,3,1,0,0,0,0412,0412,0,1,1,0000,00e92cf0,00000000000000000000000000000000,03330433043304230423042204120411,0,"B_IDLE",0,0,0433,0,0,07241d9,acc4acc4,c,8
1722,1722,0,001ca01,3,1,0,0,0,0412,0412,0,1,1,0000,00e92cf0,00000000000000000000000000000000,03330433043304230423042204120411,0,"B_IDLE",0,0,0433,0,0,07241d9,acc4acc4,c,8
1723,1723,0,001ca01,3,1,0,0,0,0412,0412,0,1,1,0000,00e92cf0,00000000000000000000000000000000,03330433043304230423042204120411,0,"B_IDLE",0,0,0433,0,0,07241d9,acc4acc4,c,8
1724,1724,0,001ca01,3,1,0,0,0,0412,0412,0,1,1,0000,00e92cf0,00000000000000000000000000000000,03330433043304230423042204120411,0,"B_IDLE",0,0,0433,0,0,07241d9,acc4acc4,c,8
1725,1725,0,001ca01,3,1,0,0,0,0412,0412,0,1,1,0000,00e92cf0,00000000000000000000000000000000,03330433043304230423042204120411,0,"B_IDLE",0,0,0433,0,0,07241d9,acc4acc4,c,8
1726,1726,0,001ca01,3,1,0,0,0,0412,0412,0,1,1,0000,00e92cf0,00000000000000000000000000000000,03330433043304230423042204120411,0,"B_IDLE",0,0,0433,0,0,07241d9,acc4acc4,c,8
1727,1727,0,001ca01,3,1,0,0,0,0412,0412,0,1,1,0000,00e92cf0,00000000000000000000000000000000,03330433043304230423042204120411,0,"B_IDLE",0,0,0433,0,0,07241d9,acc4acc4,c,8
1728,1728,0,001ca01,3,1,0,0,0,0412,0412,0,1,1,0000,00e92cf0,00000000000000000000000000000000,03330433043304230423042204120411,0,"B_IDLE",0,0,0433,0,0,07241d9,acc4acc4,c,8
1729,1729,0,001ca01,3,1,0,0,0,0412,0412,0,1,1,0000,00e92cf0,00000000000000000000000000000000,03330433043304230423042204120411,0,"B_IDLE",0,0,0433,0,0,07241d9,acc4acc4,c,8
1730,1730,0,001ca01,3,1,0,0,0,0412,0412,0,1,1,0000,00e92cf0,00000000000000000000000000000000,03330433043304230423042204120411,0,"B_IDLE",0,0,0433,0,0,07241d9,acc4acc4,c,8
1731,1731,0,001ca01,3,1,0,0,0,0412,0412,0,1,1,0000,00e92cf0,00000000000000000000000000000000,03330433043304230423042204120411,0,"B_IDLE",0,0,0433,0,0,07241d9,acc4acc4,c,8
1732,1732,0,001ca01,3,1,0,0,0,0412,0412,0,1,1,0000,00e92cf0,00000000000000000000000000000000,03330433043304230423042204120411,0,"B_IDLE",0,0,0433,0,0,07241d9,acc4acc4,c,8
1733,1733,0,001ca01,3,1,0,0,0,0412,0412,0,1,1,0000,00e92cf0,00000000000000000000000000000000,03330433043304230423042204120411,0,"B_IDLE",0,0,0433,0,0,07241d9,acc4acc4,c,8
1734,1734,0,001ca01,3,1,0,0,0,0412,0412,0,1,1,0000,00e92cf0,00000000000000000000000000000000,03330433043304230423042204120411,0,"B_IDLE",0,0,0433,0,0,07241d9,acc4acc4,c,8
1735,1735,0,001ca01,3,1,0,0,0,0412,0412,0,1,1,0000,00e92cf0,00000000000000000000000000000000,03330433043304230423042204120411,0,"B_IDLE",0,0,0433,0,0,07241d9,acc4acc4,c,8
1736,1736,0,001ca01,3,1,0,0,0,0412,0412,0,1,1,0000,00e92cf0,00000000000000000000000000000000,03330433043304230423042204120411,0,"B_IDLE",0,0,0433,0,0,07241d9,acc4acc4,c,8
1737,1737,0,001ca01,3,1,0,0,0,0412,0412,0,1,1,0000,00e92cf0,00000000000000000000000000000000,03330433043304230423042204120411,0,"B_IDLE",0,0,0433,0,0,07241d9,acc4acc4,c,8
1738,1738,0,001ca01,3,1,0,0,0,0412,0412,0,1,1,0000,00e92cf0,00000000000000000000000000000000,03330433043304230423042204120411,0,"B_IDLE",0,0,0433,0,0,07241d9,acc4acc4,c,8
1739,1739,0,001ca01,3,1,0,0,0,0412,0412,0,1,1,0000,00e92cf0,00000000000000000000000000000000,03330433043304230423042204120411,0,"B_IDLE",0,0,0433,0,0,07241d9,acc4acc4,c,8
1740,1740,0,001ca01,3,1,0,0,0,0412,0412,0,1,1,0000,00e92cf0,00000000000000000000000000000000,03330433043304230423042204120411,0,"B_IDLE",0,0,0433,0,0,07241d9,acc4acc4,c,8
1741,1741,0,001ca01,3,1,0,0,0,0412,0412,0,1,1,0000,00e92cf0,00000000000000000000000000000000,03330433043304230423042204120411,0,"B_IDLE",0,0,0433,0,0,07241d9,acc4acc4,c,8
1742,1742,0,001ca01,3,1,0,0,0,0412,0412,0,1,1,0000,00e92cf0,00000000000000000000000000000000,03330433043304230423042204120411,0,"B_IDLE",0,0,0433,0,0,07241d9,acc4acc4,c,8
1743,1743,0,001ca01,3,1,0,0,0,0412,0412,0,1,1,0000,00e92cf0,00000000000000000000000000000000,03330433043304230423042204120411,0,"B_IDLE",0,0,0433,0,0,07241d9,acc4acc4,c,8
1744,1744,0,001ca01,3,1,0,0,0,0412,0412,0,1,1,0000,00e92cf0,00000000000000000000000000000000,03330433043304230423042204120411,0,"B_IDLE",0,0,0433,0,0,07241d9,acc4acc4,c,8
1745,1745,0,001ca01,3,1,0,0,0,0412,0412,0,1,1,0000,00e92cf0,00000000000000000000000000000000,03330433043304230423042204120411,0,"B_IDLE",0,0,0433,0,0,07241d9,acc4acc4,c,8
1746,1746,0,001ca01,3,1,0,0,0,0412,0412,0,1,1,0000,00e92cf0,00000000000000000000000000000000,03330433043304230423042204120411,0,"B_IDLE",0,0,0433,0,0,07241d9,acc4acc4,c,8
1747,1747,0,001ca01,3,1,0,0,0,0412,0412,0,1,1,0000,00e92cf0,00000000000000000000000000000000,03330433043304230423042204120411,0,"B_IDLE",0,0,0433,0,0,07241d9,acc4acc4,c,8
1748,1748,0,001ca01,3,1,0,0,0,0412,0412,0,1,1,0000,00e92cf0,00000000000000000000000000000000,03330433043304230423042204120411,0,"B_IDLE",0,0,0433,0,0,07241d9,acc4acc4,c,8
1749,1749,0,001ca01,3,1,0,0,0,0412,0412,0,1,1,0000,00e92cf0,00000000000000000000000000000000,03330433043304230423042204120411,0,"B_IDLE",0,0,0433,0,0,07241d9,acc4acc4,c,8
1750,1750,0,001ca01,3,1,0,0,0,0412,0412,0,1,1,0000,00e92cf0,00000000000000000000000000000000,03330433043304230423042204120411,0,"B_IDLE",0,0,0433,0,0,07241d9,acc4acc4,c,8
1751,1751,0,001ca01,3,1,0,0,0,0412,0412,0,1,1,0000,00e92cf0,00000000000000000000000000000000,03330433043304230423042204120411,0,"B_IDLE",0,0,0433,0,0,07241d9,acc4acc4,c,8
1752,1752,0,001ca01,3,1,0,0,0,0412,0412,0,1,1,0000,00e92cf0,00000000000000000000000000000000,03330433043304230423042204120411,0,"B_IDLE",0,0,0433,0,0,07241d9,acc4acc4,c,8
1753,1753,0,001ca01,3,1,0,0,0,0412,0412,0,1,1,0000,00e92cf0,00000000000000000000000000000000,03330433043304230423042204120411,0,"B_IDLE",0,0,0433,0,0,07241d9,acc4acc4,c,8
1754,1754,0,001ca01,3,1,4,0,0,0412,0412,0,1,1,0000,00e92cf0,00000000000000000000000000000000,03330433043304230423042204120411,0,"B_IDLE",0,0,0433,0,0,07241d9,acc4acc4,c,8
1755,1755,0,001ca01,1,1,3,1,1,0412,0412,0,1,1,0000,00e92cf0,00000000000000000000000000000000,03330433043304230423042204120411,0,"B_IDLE",0,0,0433,0,0,07241d9,acc4acc4,c,8
1756,1756,0,001ca01,1,1,3,1,1,0412,0412,0,1,1,0000,00e92cf0,00000000000000000000000000000000,03330433043304230423042204120411,0,"B_IDLE",0,0,0433,0,0,07241d9,acc4acc4,c,8
1757,1757,0,001ca01,1,1,1,1,1,0412,0412,0,1,1,0000,00e92cf0,00000000000000000000000000000000,03330433043304230423042204120411,0,"B_IDLE",0,0,0433,0,0,07241d9,acc4acc4,c,8
1758,1758,0,001ca01,1,1,4,1,1,0412,0412,0,1,1,0000,00e92cf0,00000000000000000000000000000000,03330433043304230423042204120411,0,"B_IDLE",0,0,0433,0,0,07241d9,acc4acc4,c,8
1759,1759,0,001ca01,1,1,3,1,1,0412,0412,0,1,1,0000,00e92cf0,00000000000000000000000000000000,03330433043304230423042204120411,0,"B_IDLE",0,0,0433,0,0,07241d9,acc4acc4,c,8
1760,1760,0,001ca01,1,1,3,1,1,0412,0412,0,1,1,0000,00e92cf0,00000000000000000000000000000000,03330433043304230423042204120411,0,"B_IDLE",0,0,0433,0,0,07241d9,acc4acc4,c,8
1761,1761,0,001ca01,1,1,1,1,1,0412,0412,0,1,1,0000,00e92cf0,00000000000000000000000000000000,03330433043304230423042204120411,0,"B_IDLE",0,0,0433,0,0,07241d9,acc4acc4,c,8
1762,1762,0,001ca01,1,1,4,1,1,0412,0412,0,1,1,0000,00e92cf0,00000000000000000000000000000000,03330433043304230423042204120411,0,"B_IDLE",0,0,0433,0,0,07241d9,acc4acc4,c,8
1763,1763,0,001ca01,1,1,3,1,1,0412,0412,0,1,1,0000,00e92cf0,00000000000000000000000000000000,03330433043304230423042204120411,0,"B_IDLE",0,0,0433,0,0,07241d9,acc4acc4,c,8
1764,1764,0,001ca01,1,1,3,1,1,0412,0412,0,1,1,0000,00e92cf0,00000000000000000000000000000000,03330433043304230423042204120411,0,"B_IDLE",0,0,0433,0,0,07241d9,acc4acc4,c,8
1765,1765,0,001ca01,1,1,1,1,1,0412,0412,0,1,1,0000,00e92cf0,00000000000000000000000000000000,03330433043304230423042204120411,0,"B_IDLE",0,0,0433,0,0,07241d9,acc4acc4,c,8
1766,1766,0,001ca01,1,1,4,1,1,0412,0412,0,1,1,0000,00e92cf0,00000000000000000000000000000000,03330433043304230423042204120411,0,"B_IDLE",0,0,0433,0,0,07241d9,acc4acc4,c,8
1767,1767,0,001ca01,1,1,3,1,1,0412,0412,0,1,1,0000,00e92cf0,00000000000000000000000000000000,03330433043304230423042204120411,0,"B_IDLE",0,0,0433,0,0,07241d9,acc4acc4,c,8
1768,1768,0,001ca01,1,1,3,1,1,0412,0412,0,1,1,0000,00e92cf0,00000000000000000000000000000000,03330433043304230423042204120411,0,"B_IDLE",0,0,0433,0,0,07241d9,acc4acc4,c,8
1769,1769,0,001ca01,1,1,1,1,1,0412,0412,0,1,1,0000,00e92cf0,00000000000000000000000000000000,03330433043304230423042204120411,0,"B_IDLE",0,0,0433,0,0,07241d9,acc4acc4,c,8
1770,1770,0,001ca01,1,1,4,1,1,0412,0412,0,1,1,0000,00e92cf0,00000000000000000000000000000000,03330433043304230423042204120411,0,"B_IDLE",0,0,0433,0,0,07241d9,acc4acc4,c,8
1771,1771,0,001ca01,1,1,3,1,1,0412,0412,0,1,1,0000,00e92cf0,00000000000000000000000000000000,03330433043304230423042204120411,0,"B_IDLE",0,0,0433,0,0,07241d9,acc4acc4,c,8
1772,1772,0,001ca01,1,1,3,1,1,0412,0412,0,1,1,0000,00e92cf0,00000000000000000000000000000000,03330433043304230423042204120411,0,"B_IDLE",0,0,0433,0,0,07241d9,acc4acc4,c,8
1773,1773,0,001ca01,1,1,1,1,1,0412,0412,0,1,1,0000,00e92cf0,00000000000000000000000000000000,03330433043304230423042204120411,0,"B_IDLE",0,0,0433,0,0,07241d9,acc4acc4,c,8
1774,1774,0,001ca01,1,1,4,1,1,0412,0412,0,1,1,0000,00e92cf0,00000000000000000000000000000000,03330433043304230423042204120411,0,"B_IDLE",0,0,0433,0,0,07241d9,acc4acc4,c,8
1775,1775,0,001ca01,1,1,3,1,1,0412,0412,0,1,1,0000,00e92cf0,00000000000000000000000000000000,03330433043304230423042204120411,0,"B_IDLE",0,0,0433,0,0,07241d9,acc4acc4,c,8
1776,1776,0,001ca01,1,1,3,1,1,0412,0412,0,1,1,0000,00e92cf0,00000000000000000000000000000000,03330433043304230423042204120411,0,"B_IDLE",0,0,0433,0,0,07241d9,acc4acc4,c,8
1777,1777,0,001ca01,1,1,1,1,1,0412,0412,0,1,1,0000,00e92cf0,00000000000000000000000000000000,03330433043304230423042204120411,0,"B_IDLE",0,0,0433,0,0,07241d9,acc4acc4,c,8
1778,1778,0,001ca01,1,1,4,1,1,0412,0412,0,1,1,0000,00e92cf0,00000000000000000000000000000000,03330433043304230423042204120411,0,"B_IDLE",0,0,0433,0,0,07241d9,acc4acc4,c,8
1779,1779,0,001ca01,1,1,3,1,1,0412,0412,0,1,1,0000,00e92cf0,00000000000000000000000000000000,03330433043304230423042204120411,0,"B_IDLE",0,0,0433,0,0,07241d9,acc4acc4,c,8
1780,1780,0,001ca01,1,1,3,1,1,0412,0412,0,1,1,0000,00e92cf0,00000000000000000000000000000000,03330433043304230423042204120411,0,"B_IDLE",0,0,0433,0,0,07241d9,acc4acc4,c,8
1781,1781,0,001ca01,1,1,1,1,1,0412,0412,0,1,1,0000,00e92cf0,00000000000000000000000000000000,03330433043304230423042204120411,0,"B_IDLE",0,0,0433,0,0,07241d9,acc4acc4,c,8
1782,1782,0,001ca01,1,1,4,1,1,0412,0412,0,1,1,0000,00e92cf0,00000000000000000000000000000000,03330433043304230423042204120411,0,"B_IDLE",0,0,0433,0,0,07241d9,acc4acc4,c,8
1783,1783,0,001ca01,1,1,3,1,1,0412,0412,0,1,1,0000,00e92cf0,00000000000000000000000000000000,03330433043304230423042204120411,0,"B_IDLE",0,0,0433,0,0,07241d9,acc4acc4,c,8
1784,1784,0,001ca01,1,1,3,1,1,0412,0412,0,1,1,0000,00e92cf0,00000000000000000000000000000000,03330433043304230423042204120411,0,"B_IDLE",0,0,0433,0,0,07241d9,acc4acc4,c,8
1785,1785,0,001ca01,1,1,1,1,1,0412,0412,0,1,1,0000,00e92cf0,00000000000000000000000000000000,03330433043304230423042204120411,0,"B_IDLE",0,0,0433,0,0,07241d9,acc4acc4,c,8
1786,1786,0,001ca01,1,1,4,1,1,0412,0412,0,1,1,0000,00e92cf0,00000000000000000000000000000000,03330433043304230423042204120411,0,"B_IDLE",0,0,0433,0,0,07241d9,acc4acc4,c,8
1787,1787,0,001ca01,1,1,3,1,1,0412,0412,0,1,1,0000,00e92cf0,00000000000000000000000000000000,03330433043304230423042204120411,0,"B_IDLE",0,0,0433,0,0,07241d9,acc4acc4,c,8
1788,1788,0,001ca01,1,1,3,1,1,0412,0412,0,1,1,0000,00e92cf0,00000000000000000000000000000000,03330433043304230423042204120411,0,"B_IDLE",0,0,0433,0,0,07241d9,acc4acc4,c,8
1789,1789,0,001ca01,1,1,1,1,1,0412,0412,0,1,1,0000,00e92cf0,00000000000000000000000000000000,03330433043304230423042204120411,0,"B_IDLE",0,0,0433,0,0,07241d9,acc4acc4,c,8
1790,1790,0,001ca01,1,1,4,1,1,0412,0412,0,1,1,0000,00e92cf0,00000000000000000000000000000000,03330433043304230423042204120411,0,"B_IDLE",0,0,0433,0,0,07241d9,acc4acc4,c,8
1791,1791,0,001ca01,1,1,3,1,1,0412,0412,0,1,1,0000,00e92cf0,00000000000000000000000000000000,03330433043304230423042204120411,0,"B_IDLE",0,0,0433,0,0,07241d9,acc4acc4,c,8
1792,1792,0,001ca01,1,1,3,1,1,0412,0412,0,1,1,0000,00e92cf0,00000000000000000000000000000000,03330433043304230423042204120411,0,"B_IDLE",0,0,0433,0,0,07241d9,acc4acc4,c,8
1793,1793,0,001ca01,1,1,1,1,1,0412,0412,0,1,1,0000,00e92cf0,00000000000000000000000000000000,03330433043304230423042204120411,0,"B_IDLE",0,0,0433,0,0,07241d9,acc4acc4,c,8
1794,1794,0,001ca01,1,1,4,1,1,0412,0412,0,1,1,0000,00e92cf0,00000000000000000000000000000000,03330433043304230423042204120411,0,"B_IDLE",0,0,0433,0,0,07241d9,acc4acc4,c,8
1795,1795,0,001ca01,1,1,3,1,1,0412,0412,0,1,1,0000,00e92cf0,00000000000000000000000000000000,03330433043304230423042204120411,0,"B_IDLE",0,0,0433,0,0,07241d9,acc4acc4,c,8
1796,1796,0,001ca01,1,1,3,1,1,0412,0412,0,1,1,0000,00e92cf0,00000000000000000000000000000000,03330433043304230423042204120411,0,"B_IDLE",0,0,0433,0,0,07241d9,acc4acc4,c,8
1797,1797,0,001ca01,1,1,1,1,1,0412,0412,0,1,1,0000,00e92cf0,00000000000000000000000000000000,03330433043304230423042204120411,0,"B_IDLE",0,0,0433,0,0,07241d9,acc4acc4,c,8
1798,1798,0,001ca01,1,1,4,1,1,0412,0412,0,1,1,0000,00e92cf0,00000000000000000000000000000000,03330433043304230423042204120411,0,"B_IDLE",0,0,0433,0,0,07241d9,acc4acc4,c,8
1799,1799,0,001ca01,1,1,3,1,1,0412,0412,0,1,1,0000,00e92cf0,00000000000000000000000000000000,03330433043304230423042204120411,0,"B_IDLE",0,0,0433,0,0,07241d9,acc4acc4,c,8
1800,1800,0,001ca01,1,1,3,1,1,0412,0412,0,1,1,0000,00e92cf0,00000000000000000000000000000000,03330433043304230423042204120411,0,"B_IDLE",0,0,0433,0,0,07241d9,acc4acc4,c,8
1801,1801,0,001ca01,1,1,1,1,1,0412,0412,0,1,1,0000,00e92cf0,00000000000000000000000000000000,03330433043304230423042204120411,0,"B_IDLE",0,0,0433,0,0,07241d9,acc4acc4,c,8
1802,1802,0,001ca01,1,1,4,1,1,0412,0412,0,1,1,0000,00e92cf0,00000000000000000000000000000000,03330433043304230423042204120411,0,"B_IDLE",0,0,0433,0,0,07241d9,acc4acc4,c,8
1803,1803,0,001ca01,1,1,3,1,1,0412,0412,0,1,1,0000,00e92cf0,00000000000000000000000000000000,03330433043304230423042204120411,0,"B_IDLE",0,0,0433,0,0,07241d9,acc4acc4,c,8
1804,1804,0,001ca01,1,1,3,1,1,0412,0412,0,1,1,0000,00e92cf0,00000000000000000000000000000000,03330433043304230423042204120411,0,"B_IDLE",0,0,0433,0,0,07241d9,acc4acc4,c,8
1805,1805,0,001ca01,1,1,1,1,1,0412,0412,0,1,1,0000,00e92cf0,00000000000000000000000000000000,03330433043304230423042204120411,0,"B_IDLE",0,0,0433,0,0,07241d9,acc4acc4,c,8
1806,1806,0,001ca01,1,1,4,1,1,0412,0412,0,1,1,0000,00e92cf0,00000000000000000000000000000000,03330433043304230423042204120411,0,"B_IDLE",0,0,0433,0,0,07241d9,acc4acc4,c,8
1807,1807,0,001ca01,1,1,3,1,1,0412,0412,0,1,1,0000,00e92cf0,00000000000000000000000000000000,03330433043304230423042204120411,0,"B_IDLE",0,0,0433,0,0,07241d9,acc4acc4,c,8
1808,1808,0,001ca01,1,1,3,1,1,0412,0412,0,1,1,0000,00e92cf0,00000000000000000000000000000000,03330433043304230423042204120411,0,"B_IDLE",0,0,0433,0,0,07241d9,acc4acc4,c,8
1809,1809,0,001ca01,1,1,1,1,1,0412,0412,0,1,1,0000,00e92cf0,00000000000000000000000000000000,03330433043304230423042204120411,0,"B_IDLE",0,0,0433,0,0,07241d9,acc4acc4,c,8
1810,1810,0,001ca01,1,1,4,1,1,0412,0412,0,1,1,0000,00e92cf0,00000000000000000000000000000000,03330433043304230423042204120411,0,"B_IDLE",0,0,0433,0,0,07241d9,acc4acc4,c,8
1811,1811,0,001ca01,1,1,3,1,1,0412,0412,0,1,1,0000,00e92cf0,00000000000000000000000000000000,03330433043304230423042204120411,0,"B_IDLE",0,0,0433,0,0,07241d9,acc4acc4,c,8
1812,1812,0,001ca01,1,1,3,1,1,0412,0412,0,1,1,0000,00e92cf0,00000000000000000000000000000000,03330433043304230423042204120411,0,"B_IDLE",0,0,0433,0,0,07241d9,acc4acc4,c,8
1813,1813,0,001ca01,1,1,1,1,1,0412,0412,0,1,1,0000,00e92cf0,00000000000000000000000000000000,03330433043304230423042204120411,0,"B_IDLE",0,0,0433,0,0,07241d9,acc4acc4,c,8
1814,1814,0,001ca01,1,1,4,1,1,0412,0412,0,1,1,0000,00e92cf0,00000000000000000000000000000000,03330433043304230423042204120411,0,"B_IDLE",0,0,0433,0,0,07241d9,acc4acc4,c,8
1815,1815,0,001ca01,1,1,3,1,1,0412,0412,0,1,1,0000,00e92cf0,00000000000000000000000000000000,03330433043304230423042204120411,0,"B_IDLE",0,0,0433,0,0,07241d9,acc4acc4,c,8
1816,1816,0,001ca01,1,1,3,1,1,0412,0412,0,1,1,0000,00e92cf0,00000000000000000000000000000000,03330433043304230423042204120411,0,"B_IDLE",0,0,0433,0,0,07241d9,acc4acc4,c,8
1817,1817,0,001ca01,1,1,1,1,1,0412,0412,0,1,1,0000,00e92cf0,00000000000000000000000000000000,03330433043304230423042204120411,0,"B_IDLE",0,0,0433,0,0,07241d9,acc4acc4,c,8
1818,1818,0,001ca01,1,1,4,1,1,0412,0412,0,1,1,0000,00e92cf0,00000000000000000000000000000000,03330433043304230423042204120411,0,"B_IDLE",0,0,0433,0,0,07241d9,acc4acc4,c,8
1819,1819,0,001ca01,1,1,3,1,1,0412,0412,0,1,1,0000,00e92cf0,00000000000000000000000000000000,03330433043304230423042204120411,0,"B_IDLE",0,0,0433,0,0,07241d9,acc4acc4,c,8
1820,1820,0,001ca01,1,1,3,1,1,0412,0412,0,1,1,0000,00e92cf0,00000000000000000000000000000000,03330433043304230423042204120411,0,"B_IDLE",0,0,0433,0,0,07241d9,acc4acc4,c,8
1821,1821,0,001ca01,1,1,1,1,1,0412,0412,0,1,1,0000,00e92cf0,00000000000000000000000000000000,03330433043304230423042204120411,0,"B_IDLE",0,0,0433,0,0,07241d9,acc4acc4,c,8
1822,1822,0,001ca01,1,1,4,1,1,0412,0412,0,1,1,0000,00e92cf0,00000000000000000000000000000000,03330433043304230423042204120411,0,"B_IDLE",0,0,0433,0,0,07241d9,acc4acc4,c,8
1823,1823,0,001ca01,1,1,3,1,1,0412,0412,0,1,1,0000,00e92cf0,00000000000000000000000000000000,03330433043304230423042204120411,0,"B_IDLE",0,0,0433,0,0,07241d9,acc4acc4,c,8
1824,1824,0,001ca01,1,1,3,1,1,0412,0412,0,1,1,0000,00e92cf0,00000000000000000000000000000000,03330433043304230423042204120411,0,"B_IDLE",0,0,0433,0,0,07241d9,acc4acc4,c,8
1825,1825,0,001ca01,1,1,1,1,1,0412,0412,0,1,1,0000,00e92cf0,00000000000000000000000000000000,03330433043304230423042204120411,0,"B_IDLE",0,0,0433,0,0,07241d9,acc4acc4,c,8
1826,1826,0,001ca01,1,1,4,1,1,0412,0412,0,1,1,0000,00e92cf0,00000000000000000000000000000000,03330433043304230423042204120411,0,"B_IDLE",0,0,0433,0,0,07241d9,acc4acc4,c,8
1827,1827,0,001ca01,1,1,3,1,1,0412,0412,0,1,1,0000,00e92cf0,00000000000000000000000000000000,03330433043304230423042204120411,0,"B_IDLE",0,0,0433,0,0,07241d9,acc4acc4,c,8
1828,1828,0,001ca01,1,1,3,1,1,0412,0412,0,1,1,0000,00e92cf0,00000000000000000000000000000000,03330433043304230423042204120411,0,"B_IDLE",0,0,0433,0,0,07241d9,acc4acc4,c,8
1829,1829,0,001ca01,1,1,1,1,1,0412,0412,0,1,1,0000,00e92cf0,00000000000000000000000000000000,03330433043304230423042204120411,0,"B_IDLE",0,0,0433,0,0,07241d9,acc4acc4,c,8
1830,1830,0,001ca01,1,1,4,1,1,0412,0412,0,1,1,0000,00e92cf0,00000000000000000000000000000000,03330433043304230423042204120411,0,"B_IDLE",0,0,0433,0,0,07241d9,acc4acc4,c,8
1831,1831,0,001ca01,1,1,3,1,1,0412,0412,0,1,1,0000,00e92cf0,00000000000000000000000000000000,03330433043304230423042204120411,0,"B_IDLE",0,0,0433,0,0,07241d9,acc4acc4,c,8
1832,1832,0,001ca01,1,1,3,1,1,0412,0412,0,1,1,0000,00e92cf0,00000000000000000000000000000000,03330433043304230423042204120411,0,"B_IDLE",0,0,0433,0,0,07241d9,acc4acc4,c,8
1833,1833,0,001ca01,1,1,1,1,1,0412,0412,0,1,1,0000,00e92cf0,00000000000000000000000000000000,03330433043304230423042204120411,0,"B_IDLE",0,0,0433,0,0,07241d9,acc4acc4,c,8
1834,1834,0,001ca01,1,1,4,1,1,0412,0412,0,1,1,0000,00e92cf0,00000000000000000000000000000000,03330433043304230423042204120411,0,"B_IDLE",0,0,0433,0,0,07241d9,acc4acc4,c,8
1835,1835,0,001ca01,1,1,3,1,1,0412,0412,0,1,1,0000,00e92cf0,00000000000000000000000000000000,03330433043304230423042204120411,0,"B_IDLE",0,0,0433,0,0,07241d9,acc4acc4,c,8
1836,1836,0,001ca01,1,1,3,1,1,0412,0412,0,1,1,0000,00e92cf0,00000000000000000000000000000000,03330433043304230423042204120411,0,"B_IDLE",0,0,0433,0,0,07241d9,acc4acc4,c,8
1837,1837,0,001ca01,1,1,1,1,1,0412,0412,0,1,1,0000,00e92cf0,00000000000000000000000000000000,03330433043304230423042204120411,0,"B_IDLE",0,0,0433,0,0,07241d9,acc4acc4,c,8
1838,1838,0,001ca01,1,1,4,1,1,0412,0412,0,1,1,0000,00e92cf0,00000000000000000000000000000000,03330433043304230423042204120411,0,"B_IDLE",0,0,0433,0,0,07241d9,acc4acc4,c,8
1839,1839,0,001ca01,1,1,3,1,1,0412,0412,0,1,1,0000,00e92cf0,00000000000000000000000000000000,03330433043304230423042204120411,0,"B_IDLE",0,0,0433,0,0,07241d9,acc4acc4,c,8
1840,1840,0,001ca01,1,1,3,1,1,0412,0412,0,1,1,0000,00e92cf0,00000000000000000000000000000000,03330433043304230423042204120411,0,"B_IDLE",0,0,0433,0,0,07241d9,acc4acc4,c,8
1841,1841,0,001ca01,1,1,1,1,1,0412,0412,0,1,1,0000,00e92cf0,00000000000000000000000000000000,03330433043304230423042204120411,0,"B_IDLE",0,0,0433,0,0,07241d9,acc4acc4,c,8
1842,1842,0,001ca01,1,1,4,1,1,0412,0412,0,1,1,0000,00e92cf0,00000000000000000000000000000000,03330433043304230423042204120411,0,"B_IDLE",0,0,0433,0,0,07241d9,acc4acc4,c,8
1843,1843,0,001ca01,1,1,3,1,1,0412,0412,0,1,1,0000,00e92cf0,00000000000000000000000000000000,03330433043304230423042204120411,0,"B_IDLE",0,0,0433,0,0,07241d9,acc4acc4,c,8
1844,1844,0,001ca01,1,1,3,1,1,0412,0412,0,1,1,0000,00e92cf0,00000000000000000000000000000000,03330433043304230423042204120411,0,"B_IDLE",0,0,0433,0,0,07241d9,acc4acc4,c,8
1845,1845,0,001ca01,1,1,1,1,1,0412,0412,0,1,1,0000,00e92cf0,00000000000000000000000000000000,03330433043304230423042204120411,0,"B_IDLE",0,0,0433,0,0,07241d9,acc4acc4,c,8
1846,1846,0,001ca01,1,1,4,1,1,0412,0412,0,1,1,0000,00e92cf0,00000000000000000000000000000000,03330433043304230423042204120411,0,"B_IDLE",0,0,0433,0,0,07241d9,acc4acc4,c,8
1847,1847,0,001ca01,1,1,3,1,1,0412,0412,0,1,1,0000,00e92cf0,00000000000000000000000000000000,03330433043304230423042204120411,0,"B_IDLE",0,0,0433,0,0,07241d9,acc4acc4,c,8
1848,1848,0,001ca01,1,1,3,1,1,0412,0412,0,1,1,0000,00e92cf0,00000000000000000000000000000000,03330433043304230423042204120411,0,"B_IDLE",0,0,0433,0,0,07241d9,acc4acc4,c,8
1849,1849,0,001ca01,1,1,1,1,1,0412,0412,0,1,1,0000,00e92cf0,00000000000000000000000000000000,03330433043304230423042204120411,0,"B_IDLE",0,0,0433,0,0,07241d9,acc4acc4,c,8
1850,1850,0,001ca01,1,1,4,1,1,0412,0412,0,1,1,0000,00e92cf0,00000000000000000000000000000000,03330433043304230423042204120411,0,"B_IDLE",0,0,0433,0,0,07241d9,acc4acc4,c,8
1851,1851,0,001ca01,1,1,3,1,1,0412,0412,0,1,1,0000,00e92cf0,00000000000000000000000000000000,03330433043304230423042204120411,0,"B_IDLE",0,0,0433,0,0,07241d9,acc4acc4,c,8
1852,1852,0,001ca01,1,1,3,1,1,0412,0412,0,1,1,0000,00e92cf0,00000000000000000000000000000000,03330433043304230423042204120411,0,"B_IDLE",0,0,0433,0,0,07241d9,acc4acc4,c,8
1853,1853,0,001ca01,1,1,1,1,1,0412,0412,0,1,1,0000,00e92cf0,00000000000000000000000000000000,03330433043304230423042204120411,0,"B_IDLE",0,0,0433,0,0,07241d9,acc4acc4,c,8
1854,1854,0,001ca01,1,1,4,1,1,0412,0412,0,1,1,0000,00e92cf0,00000000000000000000000000000000,03330433043304230423042204120411,0,"B_IDLE",0,0,0433,0,0,07241d9,acc4acc4,c,8
1855,1855,0,001ca01,1,1,3,1,1,0412,0412,0,1,1,0000,00e92cf0,00000000000000000000000000000000,03330433043304230423042204120411,0,"B_IDLE",0,0,0433,0,0,07241d9,acc4acc4,c,8
1856,1856,0,001ca01,1,1,3,1,1,0412,0412,0,1,1,0000,00e92cf0,00000000000000000000000000000000,03330433043304230423042204120411,0,"B_IDLE",0,0,0433,0,0,07241d9,acc4acc4,c,8
1857,1857,0,001ca01,1,1,1,1,1,0412,0412,0,1,1,0000,00e92cf0,00000000000000000000000000000000,03330433043304230423042204120411,0,"B_IDLE",0,0,0433,0,0,07241d9,acc4acc4,c,8
1858,1858,0,001ca01,1,1,4,1,1,0412,0412,0,1,1,0000,00e92cf0,00000000000000000000000000000000,03330433043304230423042204120411,0,"B_IDLE",0,0,0433,0,0,07241d9,acc4acc4,c,8
1859,1859,0,001ca01,1,1,3,1,1,0412,0412,0,1,1,0000,00e92cf0,00000000000000000000000000000000,03330433043304230423042204120411,0,"B_IDLE",0,0,0433,0,0,07241d9,acc4acc4,c,8
1860,1860,0,001ca01,1,1,3,1,1,0412,0412,0,1,1,0000,00e92cf0,00000000000000000000000000000000,03330433043304230423042204120411,0,"B_IDLE",0,0,0433,0,0,07241d9,acc4acc4,c,8
1861,1861,0,001ca01,1,1,1,1,1,0412,0412,0,1,1,0000,00e92cf0,00000000000000000000000000000000,03330433043304230423042204120411,0,"B_IDLE",0,0,0433,0,0,07241d9,acc4acc4,c,8
1862,1862,0,001ca01,1,1,4,1,1,0412,0412,0,1,1,0000,00e92cf0,00000000000000000000000000000000,03330433043304230423042204120411,0,"B_IDLE",0,0,0433,0,0,07241d9,acc4acc4,c,8
1863,1863,0,001ca01,1,1,3,1,1,0412,0412,0,1,1,0000,00e92cf0,00000000000000000000000000000000,03330433043304230423042204120411,0,"B_IDLE",0,0,0433,0,0,07241d9,acc4acc4,c,8
1864,1864,0,001ca01,1,1,3,1,1,0412,0412,0,1,1,0000,00e92cf0,00000000000000000000000000000000,03330433043304230423042204120411,0,"B_IDLE",0,0,0433,0,0,07241d9,acc4acc4,c,8
1865,1865,0,001ca01,1,1,1,1,1,0412,0412,0,1,1,0000,00e92cf0,00000000000000000000000000000000,03330433043304230423042204120411,0,"B_IDLE",0,0,0433,0,0,07241d9,acc4acc4,c,8
1866,1866,0,001ca01,1,1,4,1,1,0412,0412,0,1,1,0000,00e92cf0,00000000000000000000000000000000,03330433043304230423042204120411,0,"B_IDLE",0,0,0433,0,0,07241d9,acc4acc4,c,8
1867,1867,0,001ca01,1,1,3,1,1,0412,0412,0,1,1,0000,00e92cf0,00000000000000000000000000000000,03330433043304230423042204120411,0,"B_IDLE",0,0,0433,0,0,07241d9,acc4acc4,c,8
1868,1868,0,001ca01,1,1,3,1,1,0412,0412,0,1,1,0000,00e92cf0,00000000000000000000000000000000,03330433043304230423042204120411,0,"B_IDLE",0,0,0433,0,0,07241d9,acc4acc4,c,8
1869,1869,0,001ca01,1,1,1,1,1,0412,0412,0,1,1,0000,00e92cf0,00000000000000000000000000000000,03330433043304230423042204120411,0,"B_IDLE",0,0,0433,0,0,07241d9,acc4acc4,c,8
1870,1870,0,001ca01,1,1,4,1,1,0412,0412,0,1,1,0000,00e92cf0,00000000000000000000000000000000,03330433043304230423042204120411,0,"B_IDLE",0,0,0433,0,0,07241d9,acc4acc4,c,8
1871,1871,0,001ca01,1,1,3,1,1,0412,0412,0,1,1,0000,00e92cf0,00000000000000000000000000000000,03330433043304230423042204120411,0,"B_IDLE",0,0,0433,0,0,07241d9,acc4acc4,c,8
1872,1872,0,001ca01,1,1,3,1,1,0412,0412,0,1,1,0000,00e92cf0,00000000000000000000000000000000,03330433043304230423042204120411,0,"B_IDLE",0,0,0433,0,0,07241d9,acc4acc4,c,8
1873,1873,0,001ca01,1,1,1,1,1,0412,0412,0,1,1,0000,00e92cf0,00000000000000000000000000000000,03330433043304230423042204120411,0,"B_IDLE",0,0,0433,0,0,07241d9,acc4acc4,c,8
1874,1874,0,001ca01,1,1,4,1,1,0412,0412,0,1,1,0000,00e92cf0,00000000000000000000000000000000,03330433043304230423042204120411,0,"B_IDLE",0,0,0433,0,0,07241d9,acc4acc4,c,8
1875,1875,0,001ca01,1,1,3,1,1,0412,0412,0,1,1,0000,00e92cf0,00000000000000000000000000000000,03330433043304230423042204120411,0,"B_IDLE",0,0,0433,0,0,07241d9,acc4acc4,c,8
1876,1876,0,001ca01,1,1,3,1,1,0412,0412,0,1,1,0000,00e92cf0,00000000000000000000000000000000,03330433043304230423042204120411,0,"B_IDLE",0,0,0433,0,0,07241d9,acc4acc4,c,8
1877,1877,0,001ca01,1,1,1,1,1,0412,0412,0,1,1,0000,00e92cf0,00000000000000000000000000000000,03330433043304230423042204120411,0,"B_IDLE",0,0,0433,0,0,07241d9,acc4acc4,c,8
1878,1878,0,001ca01,1,1,4,1,1,0412,0412,0,1,1,0000,00e92cf0,00000000000000000000000000000000,03330433043304230423042204120411,0,"B_IDLE",0,0,0433,0,0,07241d9,acc4acc4,c,8
1879,1879,0,001ca01,1,1,3,1,1,0412,0412,0,1,1,0000,00e92cf0,00000000000000000000000000000000,03330433043304230423042204120411,0,"B_IDLE",0,0,0433,0,0,07241d9,acc4acc4,c,8
1880,1880,0,001ca01,1,1,3,1,1,0412,0412,0,1,1,0000,00e92cf0,00000000000000000000000000000000,03330433043304230423042204120411,0,"B_IDLE",0,0,0433,0,0,07241d9,acc4acc4,c,8
1881,1881,0,001ca01,1,1,1,1,1,0412,0412,0,1,1,0000,00e92cf0,00000000000000000000000000000000,03330433043304230423042204120411,0,"B_IDLE",0,0,0433,0,0,07241d9,acc4acc4,c,8
1882,1882,0,001ca01,1,1,4,1,1,0412,0412,0,1,1,0000,00e92cf0,00000000000000000000000000000000,03330433043304230423042204120411,0,"B_IDLE",0,0,0433,0,0,07241d9,acc4acc4,c,8
1883,1883,0,001ca01,1,1,3,1,1,0412,0412,0,1,1,0000,00e92cf0,00000000000000000000000000000000,03330433043304230423042204120411,0,"B_IDLE",0,0,0433,0,0,07241d9,acc4acc4,c,8
1884,1884,0,001ca01,1,1,3,1,1,0412,0412,0,1,1,0000,00e92cf0,00000000000000000000000000000000,03330433043304230423042204120411,0,"B_IDLE",0,0,0433,0,0,07241d9,acc4acc4,c,8
1885,1885,0,001ca01,1,1,1,1,1,0412,0412,0,1,1,0000,00e92cf0,00000000000000000000000000000000,03330433043304230423042204120411,0,"B_IDLE",0,0,0433,0,0,07241d9,acc4acc4,c,8
1886,1886,0,001ca01,1,1,4,1,1,0412,0412,0,1,1,0000,00e92cf0,00000000000000000000000000000000,03330433043304230423042204120411,0,"B_IDLE",0,0,0433,0,0,07241d9,acc4acc4,c,8
1887,1887,0,001ca01,1,1,3,1,1,0412,0412,0,1,1,0000,00e92cf0,00000000000000000000000000000000,03330433043304230423042204120411,0,"B_IDLE",0,0,0433,0,0,07241d9,acc4acc4,c,8
1888,1888,0,001ca01,1,1,3,1,1,0412,0412,0,1,1,0000,00e92cf0,00000000000000000000000000000000,03330433043304230423042204120411,0,"B_IDLE",0,0,0433,0,0,07241d9,acc4acc4,c,8
1889,1889,0,001ca01,1,1,1,1,1,0412,0412,0,1,1,0000,00e92cf0,00000000000000000000000000000000,03330433043304230423042204120411,0,"B_IDLE",0,0,0433,0,0,07241d9,acc4acc4,c,8
1890,1890,0,001ca01,1,1,4,1,1,0412,0412,0,1,1,0000,00e92cf0,00000000000000000000000000000000,03330433043304230423042204120411,0,"B_IDLE",0,0,0433,0,0,07241d9,acc4acc4,c,8
1891,1891,0,001ca01,1,1,3,1,1,0412,0412,0,1,1,0000,00e92cf0,00000000000000000000000000000000,03330433043304230423042204120411,0,"B_IDLE",0,0,0433,0,0,07241d9,acc4acc4,c,8
1892,1892,0,001ca01,1,1,3,1,1,0412,0412,0,1,1,0000,00e92cf0,00000000000000000000000000000000,03330433043304230423042204120411,0,"B_IDLE",0,0,0433,0,0,07241d9,acc4acc4,c,8
1893,1893,0,001ca01,1,1,1,1,1,0412,0412,0,1,1,0000,00e92cf0,00000000000000000000000000000000,03330433043304230423042204120411,0,"B_IDLE",0,0,0433,0,0,07241d9,acc4acc4,c,8
1894,1894,0,001ca01,1,1,4,1,1,0412,0412,0,1,1,0000,00e92cf0,00000000000000000000000000000000,03330433043304230423042204120411,0,"B_IDLE",0,0,0433,0,0,07241d9,acc4acc4,c,8
1895,1895,0,001ca01,1,1,3,1,1,0412,0412,0,1,1,0000,00e92cf0,00000000000000000000000000000000,03330433043304230423042204120411,0,"B_IDLE",0,0,0433,0,0,07241d9,acc4acc4,c,8
1896,1896,0,001ca01,1,1,3,1,1,0412,0412,0,1,1,0000,00e92cf0,00000000000000000000000000000000,03330433043304230423042204120411,0,"B_IDLE",0,0,0433,0,0,07241d9,acc4acc4,c,8
1897,1897,0,001ca01,1,1,1,1,1,0412,0412,0,1,1,0000,00e92cf0,00000000000000000000000000000000,03330433043304230423042204120411,0,"B_IDLE",0,0,0433,0,0,07241d9,acc4acc4,c,8
1898,1898,0,001ca01,1,1,4,1,1,0412,0412,0,1,1,0000,00e92cf0,00000000000000000000000000000000,03330433043304230423042204120411,0,"B_IDLE",0,0,0433,0,0,07241d9,acc4acc4,c,8
1899,1899,0,001ca01,1,1,3,1,1,0412,0412,0,1,1,0000,00e92cf0,00000000000000000000000000000000,03330433043304230423042204120411,0,"B_IDLE",0,0,0433,0,0,07241d9,acc4acc4,c,8
1900,1900,0,001ca01,1,1,3,1,1,0412,0412,0,1,1,0000,00e92cf0,00000000000000000000000000000000,03330433043304230423042204120411,0,"B_IDLE",0,0,0433,0,0,07241d9,acc4acc4,c,8
1901,1901,0,001ca01,1,1,1,1,1,0412,0412,0,1,1,0000,00e92cf0,00000000000000000000000000000000,03330433043304230423042204120411,0,"B_IDLE",0,0,0433,0,0,07241d9,acc4acc4,c,8
1902,1902,0,001ca01,1,1,4,1,1,0412,0412,0,1,1,0000,00e92cf0,00000000000000000000000000000000,03330433043304230423042204120411,0,"B_IDLE",0,0,0433,0,0,07241d9,acc4acc4,c,8
1903,1903,0,001ca01,1,1,3,1,1,0412,0412,0,1,1,0000,00e92cf0,00000000000000000000000000000000,03330433043304230423042204120411,0,"B_IDLE",0,0,0433,0,0,07241d9,acc4acc4,c,8
1904,1904,0,001ca01,1,1,3,1,1,0412,0412,0,1,1,0000,00e92cf0,00000000000000000000000000000000,03330433043304230423042204120411,0,"B_IDLE",0,0,0433,0,0,07241d9,acc4acc4,c,8
1905,1905,0,001ca01,1,1,1,1,1,0412,0412,0,1,1,0000,00e92cf0,00000000000000000000000000000000,03330433043304230423042204120411,0,"B_IDLE",0,0,0433,0,0,07241d9,acc4acc4,c,8
1906,1906,0,001ca01,1,1,4,1,1,0412,0412,0,1,1,0000,00e92cf0,00000000000000000000000000000000,03330433043304230423042204120411,0,"B_IDLE",0,0,0433,0,0,07241d9,acc4acc4,c,8
1907,1907,0,001ca01,1,1,3,1,1,0412,0412,0,1,1,0000,00e92cf0,00000000000000000000000000000000,03330433043304230423042204120411,0,"B_IDLE",0,0,0433,0,0,07241d9,acc4acc4,c,8
1908,1908,0,001ca01,1,1,3,1,1,0412,0412,0,1,1,0000,00e92cf0,00000000000000000000000000000000,03330433043304230423042204120411,0,"B_IDLE",0,0,0433,0,0,07241d9,acc4acc4,c,8
1909,1909,0,001ca01,1,1,1,1,1,0412,0412,0,1,1,0000,00e92cf0,00000000000000000000000000000000,03330433043304230423042204120411,0,"B_IDLE",0,0,0433,0,0,07241d9,acc4acc4,c,8
1910,1910,0,001ca01,1,1,4,1,1,0412,0412,0,1,1,0000,00e92cf0,00000000000000000000000000000000,03330433043304230423042204120411,0,"B_IDLE",0,0,0433,0,0,07241d9,acc4acc4,c,8
1911,1911,0,001ca01,1,1,3,1,1,0412,0412,0,1,1,0000,00e92cf0,00000000000000000000000000000000,03330433043304230423042204120411,0,"B_IDLE",0,0,0433,0,0,07241d9,acc4acc4,c,8
1912,1912,0,001ca01,1,1,3,1,1,0412,0412,0,1,1,0000,00e92cf0,00000000000000000000000000000000,03330433043304230423042204120411,0,"B_IDLE",0,0,0433,0,0,07241d9,acc4acc4,c,8
1913,1913,0,001ca01,1,1,1,1,1,0412,0412,0,1,1,0000,00e92cf0,00000000000000000000000000000000,03330433043304230423042204120411,0,"B_IDLE",0,0,0433,0,0,07241d9,acc4acc4,c,8
1914,1914,0,001ca01,1,1,4,1,1,0412,0412,0,1,1,0000,00e92cf0,00000000000000000000000000000000,03330433043304230423042204120411,0,"B_IDLE",0,0,0433,0,0,07241d9,acc4acc4,c,8
1915,1915,0,001ca01,1,1,3,1,1,0412,0412,0,1,1,0000,00e92cf0,00000000000000000000000000000000,03330433043304230423042204120411,0,"B_IDLE",0,0,0433,0,0,07241d9,acc4acc4,c,8
1916,1916,0,001ca01,1,1,3,1,1,0412,0412,0,1,1,0000,00e92cf0,00000000000000000000000000000000,03330433043304230423042204120411,0,"B_IDLE",0,0,0433,0,0,07241d9,acc4acc4,c,8
1917,1917,0,001ca01,1,1,1,1,1,0412,0412,0,1,1,0000,00e92cf0,00000000000000000000000000000000,03330433043304230423042204120411,0,"B_IDLE",0,0,0433,0,0,07241d9,acc4acc4,c,8
1918,1918,0,001ca01,1,1,4,1,1,0412,0412,0,1,1,0000,00e92cf0,00000000000000000000000000000000,03330433043304230423042204120411,0,"B_IDLE",0,0,0433,0,0,07241d9,acc4acc4,c,8
1919,1919,0,001ca01,1,1,3,1,1,0412,0412,0,1,1,0000,00e92cf0,00000000000000000000000000000000,03330433043304230423042204120411,0,"B_IDLE",0,0,0433,0,0,07241d9,acc4acc4,c,8
1920,1920,0,001ca01,1,1,3,1,1,0412,0412,0,1,1,0000,00e92cf0,00000000000000000000000000000000,03330433043304230423042204120411,0,"B_IDLE",0,0,0433,0,0,07241d9,acc4acc4,c,8
1921,1921,0,001ca01,1,1,1,1,1,0412,0412,0,1,1,0000,00e92cf0,00000000000000000000000000000000,03330433043304230423042204120411,0,"B_IDLE",0,0,0433,0,0,07241d9,acc4acc4,c,8
1922,1922,0,001ca01,1,1,4,1,1,0412,0412,0,1,1,0000,00e92cf0,00000000000000000000000000000000,03330433043304230423042204120411,0,"B_IDLE",0,0,0433,0,0,07241d9,acc4acc4,c,8
1923,1923,0,001ca01,1,1,3,1,1,0412,0412,0,1,1,0000,00e92cf0,00000000000000000000000000000000,03330433043304230423042204120411,0,"B_IDLE",0,0,0433,0,0,07241d9,acc4acc4,c,8
1924,1924,0,001ca01,1,1,3,1,1,0412,0412,0,1,1,0000,00e92cf0,00000000000000000000000000000000,03330433043304230423042204120411,0,"B_IDLE",0,0,0433,0,0,07241d9,acc4acc4,c,8
1925,1925,0,001ca01,1,1,1,1,1,0412,0412,0,1,1,0000,00e92cf0,00000000000000000000000000000000,03330433043304230423042204120411,0,"B_IDLE",0,0,0433,0,0,07241d9,acc4acc4,c,8
1926,1926,0,001ca01,1,1,4,1,1,0412,0412,0,1,1,0000,00e92cf0,00000000000000000000000000000000,03330433043304230423042204120411,0,"B_IDLE",0,0,0433,0,0,07241d9,acc4acc4,c,8
1927,1927,0,001ca01,1,1,3,1,1,0412,0412,0,1,1,0000,00e92cf0,00000000000000000000000000000000,03330433043304230423042204120411,0,"B_IDLE",0,0,0433,0,0,07241d9,acc4acc4,c,8
1928,1928,0,001ca01,1,1,3,1,1,0412,0412,0,1,1,0000,00e92cf0,00000000000000000000000000000000,03330433043304230423042204120411,0,"B_IDLE",0,0,0433,0,0,07241d9,acc4acc4,c,8
1929,1929,0,001ca01,1,1,1,1,1,0412,0412,0,1,1,0000,00e92cf0,00000000000000000000000000000000,03330433043304230423042204120411,0,"B_IDLE",0,0,0433,0,0,07241d9,acc4acc4,c,8
1930,1930,0,001ca01,1,1,4,1,1,0412,0412,0,1,1,0000,00e92cf0,00000000000000000000000000000000,03330433043304230423042204120411,0,"B_IDLE",0,0,0433,0,0,07241d9,acc4acc4,c,8
1931,1931,0,001ca01,1,1,3,1,1,0412,0412,0,1,1,0000,00e92cf0,00000000000000000000000000000000,03330433043304230423042204120411,0,"B_IDLE",0,0,0433,0,0,07241d9,acc4acc4,c,8
1932,1932,0,001ca01,1,1,3,1,1,0412,0412,0,1,1,0000,00e92cf0,00000000000000000000000000000000,03330433043304230423042204120411,0,"B_IDLE",0,0,0433,0,0,07241d9,acc4acc4,c,8
1933,1933,0,001ca01,1,1,1,1,1,0412,0412,0,1,1,0000,00e92cf0,00000000000000000000000000000000,03330433043304230423042204120411,0,"B_IDLE",0,0,0433,0,0,07241d9,acc4acc4,c,8
1934,1934,0,001ca01,1,1,4,1,1,0412,0412,0,1,1,0000,00e92cf0,00000000000000000000000000000000,03330433043304230423042204120411,0,"B_IDLE",0,0,0433,0,0,07241d9,acc4acc4,c,8
1935,1935,0,001ca01,1,1,3,1,1,0412,0412,0,1,1,0000,00e92cf0,00000000000000000000000000000000,03330433043304230423042204120411,0,"B_IDLE",0,0,0433,0,0,07241d9,acc4acc4,c,8
1936,1936,0,001ca01,1,1,3,1,1,0412,0412,0,1,1,0000,00e92cf0,00000000000000000000000000000000,03330433043304230423042204120411,0,"B_IDLE",0,0,0433,0,0,07241d9,acc4acc4,c,8
1937,1937,0,001ca01,1,1,1,1,1,0412,0412,0,1,1,0000,00e92cf0,00000000000000000000000000000000,03330433043304230423042204120411,0,"B_IDLE",0,0,0433,0,0,07241d9,acc4acc4,c,8
1938,1938,0,001ca01,1,1,4,1,1,0412,0412,0,1,1,0000,00e92cf0,00000000000000000000000000000000,03330433043304230423042204120411,0,"B_IDLE",0,0,0433,0,0,07241d9,acc4acc4,c,8
1939,1939,0,001ca01,1,1,3,1,1,0412,0412,0,1,1,0000,00e92cf0,00000000000000000000000000000000,03330433043304230423042204120411,0,"B_IDLE",0,0,0433,0,0,07241d9,acc4acc4,c,8
1940,1940,0,001ca01,1,1,3,1,1,0412,0412,0,1,1,0000,00e92cf0,00000000000000000000000000000000,03330433043304230423042204120411,0,"B_IDLE",0,0,0433,0,0,07241d9,acc4acc4,c,8
1941,1941,0,001ca01,1,1,1,1,1,0412,0412,0,1,1,0000,00e92cf0,00000000000000000000000000000000,03330433043304230423042204120411,0,"B_IDLE",0,0,0433,0,0,07241d9,acc4acc4,c,8
1942,1942,0,001ca01,1,1,4,1,1,0412,0412,0,1,1,0000,00e92cf0,00000000000000000000000000000000,03330433043304230423042204120411,0,"B_IDLE",0,0,0433,0,0,07241d9,acc4acc4,c,8
1943,1943,0,001ca01,1,1,3,1,1,0412,0412,0,1,1,0000,00e92cf0,00000000000000000000000000000000,03330433043304230423042204120411,0,"B_IDLE",0,0,0433,0,0,07241d9,acc4acc4,c,8
1944,1944,0,001ca01,1,1,3,1,1,0412,0412,0,1,1,0000,00e92cf0,00000000000000000000000000000000,03330433043304230423042204120411,0,"B_IDLE",0,0,0433,0,0,07241d9,acc4acc4,c,8
1945,1945,0,001ca01,1,1,1,1,1,0412,0412,0,1,1,0000,00e92cf0,00000000000000000000000000000000,03330433043304230423042204120411,0,"B_IDLE",0,0,0433,0,0,07241d9,acc4acc4,c,8
1946,1946,0,001ca01,1,1,4,1,1,0412,0412,0,1,1,0000,00e92cf0,00000000000000000000000000000000,03330433043304230423042204120411,0,"B_IDLE",0,0,0433,0,0,07241d9,acc4acc4,c,8
1947,1947,0,001ca01,1,1,3,1,1,0412,0412,0,1,1,0000,00e92cf0,00000000000000000000000000000000,03330433043304230423042204120411,0,"B_IDLE",0,0,0433,0,0,07241d9,acc4acc4,c,8
1948,1948,0,001ca01,1,1,3,1,1,0412,0412,0,1,1,0000,00e92cf0,00000000000000000000000000000000,03330433043304230423042204120411,0,"B_IDLE",0,0,0433,0,0,07241d9,acc4acc4,c,8
1949,1949,0,001ca01,1,1,1,1,1,0412,0412,0,1,1,0000,00e92cf0,00000000000000000000000000000000,03330433043304230423042204120411,0,"B_IDLE",0,0,0433,0,0,07241d9,acc4acc4,c,8
1950,1950,0,001ca01,1,1,4,1,1,0412,0412,0,1,1,0000,00e92cf0,00000000000000000000000000000000,03330433043304230423042204120411,0,"B_IDLE",0,0,0433,0,0,07241d9,acc4acc4,c,8
1951,1951,0,001ca01,1,1,3,1,1,0412,0412,0,1,1,0000,00e92cf0,00000000000000000000000000000000,03330433043304230423042204120411,0,"B_IDLE",0,0,0433,0,0,07241d9,acc4acc4,c,8
1952,1952,0,001ca01,1,1,3,1,1,0412,0412,0,1,1,0000,00e92cf0,00000000000000000000000000000000,03330433043304230423042204120411,0,"B_IDLE",0,0,0433,0,0,07241d9,acc4acc4,c,8
1953,1953,0,001ca01,1,1,1,1,1,0412,0412,0,1,1,0000,00e92cf0,00000000000000000000000000000000,03330433043304230423042204120411,0,"B_IDLE",0,0,0433,0,0,07241d9,acc4acc4,c,8
1954,1954,0,001ca01,1,1,4,1,1,0412,0412,0,1,1,0000,00e92cf0,00000000000000000000000000000000,03330433043304230423042204120411,0,"B_IDLE",0,0,0433,0,0,07241d9,acc4acc4,c,8
1955,1955,0,001ca01,1,1,3,1,1,0412,0412,0,1,1,0000,00e92cf0,00000000000000000000000000000000,03330433043304230423042204120411,0,"B_IDLE",0,0,0433,0,0,07241d9,acc4acc4,c,8
1956,1956,0,001ca01,1,1,3,1,1,0412,0412,0,1,1,0000,00e92cf0,00000000000000000000000000000000,03330433043304230423042204120411,0,"B_IDLE",0,0,0433,0,0,07241d9,acc4acc4,c,8
1957,1957,0,001ca01,1,1,1,1,1,0412,0412,0,1,1,0000,00e92cf0,00000000000000000000000000000000,03330433043304230423042204120411,0,"B_IDLE",0,0,0433,0,0,07241d9,acc4acc4,c,8
1958,1958,0,001ca01,1,1,4,1,1,0412,0412,0,1,1,0000,00e92cf0,00000000000000000000000000000000,03330433043304230423042204120411,0,"B_IDLE",0,0,0433,0,0,07241d9,acc4acc4,c,8
1959,1959,0,07496c8,2,1,3,0,0,0412,0412,0,1,1,0000,00e92cf0,00000000000000000000000000000000,03330433043304230423042204120411,0,"B_IDLE",0,0,0433,0,0,07241d9,acc4acc4,c,8
1960,1960,0,07496c8,2,1,3,0,0,0412,0411,0,1,1,0000,00e92cf0,00000000000000000000000000000000,03330433043304230423042204120411,0,"B_IDLE",0,0,0433,0,0,07241d9,acc4acc4,c,8
1961,1961,0,07496c8,2,1,1,0,0,0412,0411,0,1,1,0000,00e92cf0,00000000000000000000000000000000,03330433043304230423042204120411,0,"B_IDLE",0,0,0433,0,0,07241d9,acc4acc4,c,8
1962,1962,0,07496c8,2,0,0,0,0,0412,0411,0,1,1,0000,00e92cf0,00000000000000000000000000000000,03330433043304230423042204120411,0,"B_IDLE",0,0,0433,0,0,07241d9,acc4acc4,c,8
1963,1963,0,07496c8,2,0,0,0,0,0412,0411,0,1,1,0000,00e92cf0,00000000000000000000000000000000,03330433043304230423042204120411,0,"B_IDLE",0,0,0433,0,0,07241d9,acc4acc4,c,8
1964,1964,0,07496c8,2,0,0,0,0,0412,0411,0,1,1,0000,00e92cf0,00000000000000000000000000000000,03330433043304230423042204120411,0,"B_IDLE",1,0,0433,0,0,07241d9,acc4acc4,c,8
1965,1965,0,07496c8,2,0,0,0,0,0412,0411,0,1,1,0000,00e92d90,00000000000000000000000000000000,03330433043304230423042204120411,0,"B_READ",1,0,0433,0,0,07241d9,acc4acc4,c,c
1966,1966,0,07496c8,2,0,0,0,0,0412,0411,0,1,1,0000,00e92d90,00000000000000000000000000000000,03330433043304230423042204120411,0,"B_READ",1,0,0433,0,0,07241d9,acc4acc4,c,1
1967,1967,0,07496c8,2,0,0,0,0,0412,0411,0,1,1,0000,00e92d90,00000000000000000000000000000000,03330433043304230423042204120411,0,"B_READ",1,0,0433,0,0,07241d9,acc4acc4,c,1
1968,1968,0,07496c8,2,0,0,0,0,0412,0411,0,1,1,0000,00e92d90,00000000000000000000000000000000,03330433043304230423042204120411,0,"B_READ",1,0,0433,0,0,07241d9,acc4acc4,c,1
1969,1969,0,07496c8,2,0,0,0,0,0412,0411,0,1,1,0000,00e92d90,00000000000000000000000000000000,03330433043304230423042204120411,0,"B_READ",1,0,0433,0,0,07241d9,acc4acc4,c,1
1970,1970,0,07496c8,2,0,0,0,0,0412,0411,0,1,1,0000,00e92d90,00000000000000000000000000000000,03330433043304230423042204120411,0,"B_READ",1,0,0433,0,0,07241d9,acc4acc4,c,1
1971,1971,0,07496c8,2,0,0,0,0,0412,0411,0,1,1,0000,00e92d90,00000000000000000000000000000000,03330433043304230423042204120411,0,"B_READ",1,0,0433,0,0,07241d9,acc4acc4,c,1
1972,1972,0,07496c8,2,0,0,0,0,0412,0411,0,1,1,0000,00e92d90,00000000000000000000000000000000,03330433043304230423042204120411,0,"B_READ",1,0,0433,0,0,07241d9,acc4acc4,c,1
1973,1973,0,07496c8,2,0,0,0,0,0412,0411,0,1,1,0000,00e92d90,00000000000000000000000000000000,03330433043304230423042204120411,0,"B_READ",1,0,0433,0,0,07241d9,acc4acc4,c,1
1974,1974,0,07496c8,2,0,0,0,0,0412,0411,0,1,1,0000,00e92d90,00000000000000000000000000000000,03330433043304230423042204120411,0,"B_READ",1,0,0433,0,0,07241d9,acc4acc4,c,1
1975,1975,0,07496c8,2,0,0,0,0,0412,0411,0,1,1,0000,00e92d90,00000000000000000000000000000000,03330433043304230423042204120411,0,"B_READ",1,0,0433,0,0,07241d9,acc4acc4,c,1
1976,1976,0,07496c8,2,0,0,0,0,0412,0411,0,1,1,0000,00e92d90,00000000000000000000000000000000,03330433043304230423042204120411,0,"B_READ",1,0,0433,0,0,07241d9,acc4acc4,c,1
1977,1977,0,07496c8,2,0,0,0,0,0412,0411,0,1,1,0000,00e92d90,00000000000000000000000000000000,03330433043304230423042204120411,0,"B_READ",1,0,0433,0,0,07241d9,acc4acc4,c,1
1978,1978,0,07496c8,2,0,0,0,0,0412,0411,0,1,1,0000,00e92d90,00000000000000000000000000000000,03330433043304230423042204120411,0,"B_READ",1,0,0433,0,0,07241d9,acc4acc4,c,1
1979,1979,0,07496c8,2,0,0,0,0,0412,0411,0,1,1,0000,00e92d90,00000000000000000000000000000000,03330433043304230423042204120411,0,"B_READ",1,0,0433,0,0,07241d9,acc4acc4,c,1
1980,1980,0,07496c8,2,0,0,0,0,0412,0411,0,1,1,0000,00e92d90,00000000000000000000000000000000,03330433043304230423042204120411,0,"B_READ",1,0,0433,0,0,07241d9,acc4acc4,c,1
1981,1981,0,07496c8,2,0,0,0,0,0412,0411,0,1,1,0000,00e92d90,00000000000000000000000000000000,03330433043304230423042204120411,0,"B_READ",1,0,0433,0,0,07241d9,acc4acc4,c,1
1982,1982,0,07496c8,2,0,0,0,0,0412,0411,0,1,1,0000,00e92d90,00000000000000000000000000000000,03330433043304230423042204120411,0,"B_READ",1,0,0433,0,0,07241d9,acc4acc4,c,1
1983,1983,0,07496c8,2,0,0,0,0,0412,0411,0,1,1,0000,00e92d90,00000000000000000000000000000000,03330433043304230423042204120411,0,"B_READ",1,0,0433,0,0,07241d9,acc4acc4,c,1
1984,1984,0,07496c8,2,0,0,0,0,0412,0411,0,1,1,0000,00e92d90,00000000000000000000000000000000,03330433043304230423042204120411,0,"B_READ",1,0,0433,0,0,07241d9,acc4acc4,c,1
1985,1985,0,07496c8,2,0,0,0,0,0412,0411,0,1,1,0000,00e92d90,00000000000000000000000000000000,03330433043304230423042204120411,0,"B_READ",1,0,0433,0,0,07241d9,acc4acc4,c,1
1986,1986,0,07496c8,2,0,0,0,0,0412,0411,0,1,1,0000,00e92d90,00000000000000000000000000000000,03330433043304230423042204120411,0,"B_READ",1,0,0433,0,0,07241d9,acc4acc4,c,1
1987,1987,0,07496c8,2,0,0,0,0,0412,0411,0,1,1,0000,00e92d90,00000000000000000000000000000000,03330433043304230423042204120411,0,"B_READ",1,0,0433,0,0,07241d9,acc4acc4,c,1
1988,1988,0,07496c8,2,0,0,0,0,0412,0411,0,1,1,0000,00e92d90,00000000000000000000000000000000,03330433043304230423042204120411,0,"B_READ",1,0,0433,0,0,07241d9,acc4acc4,c,1
1989,1989,0,07496c8,2,0,0,0,0,0412,0411,0,1,1,0000,00e92d90,00000000000000000000000000000000,03330433043304230423042204120411,0,"B_READ",1,0,0433,0,0,07241d9,acc4acc4,c,1
1990,1990,0,07496c8,2,0,0,0,0,0412,0411,0,1,1,0000,00e92d90,00000000000000000000000000000000,03330433043304230423042204120411,0,"B_READ",1,0,0433,0,0,07241d9,acc4acc4,c,1
1991,1991,0,07496c8,2,0,0,0,0,0412,0411,0,1,1,0000,00e92d90,00000000000000000000000000000000,03330433043304230423042204120411,0,"B_READ",1,0,0433,0,0,07241d9,acc4acc4,c,1
1992,1992,0,07496c8,2,0,0,0,0,0412,0411,0,1,1,0000,00e92d90,00000000000000000000000000000000,03330433043304230423042204120411,0,"B_READ",1,0,0433,0,0,07241d9,acc4acc4,c,1
1993,1993,0,07496c8,2,0,0,0,0,0412,0411,0,1,1,0000,00e92d90,00000000000000000000000000000000,03330433043304230423042204120411,1,"B_READ",1,0,0433,0,0,07241d9,acc4acc4,c,1
1994,1994,0,07496c8,2,0,0,0,0,0412,0411,0,1,1,0000,00e92d90,00000000000000000000000000000000,03330334034404550455045604550445,1,"B_READ",1,0,0433,0,0,07241d9,acc4acc4,c,b
1995,1995,0,07496c8,2,0,0,0,0,0412,0411,0,1,1,0000,00e92d90,00000000000000000000000000000000,03330334034404550455045604550445,1,"B_DELIVER",1,0,0433,0,0,07241d9,acc4acc4,c,9
1996,1996,0,07496c8,2,0,0,0,0,0412,0411,0,1,1,0000,00e92d90,00000000000000000000000000000000,03330334034404550455045604550445,1,"B_DELIVER",1,1,0445,0,0,07241d9,acc4acc4,c,9
1997,1997,0,07496c8,2,0,0,0,0,0412,0445,1,1,1,0000,00e92d90,00000000000000000000000000000000,03330334034404550455045604550445,1,"B_DELIVER",0,1,0455,0,0,07241d9,acc4acc4,c,9
1998,1998,0,07496c8,2,0,4,0,0,0412,0445,1,1,1,0000,00e92d90,00000000000000000000000000000000,03330334034404550455045604550445,1,"B_DELIVER",0,1,0456,0,0,07241d9,acc4acc4,c,9
1999,1999,0,07496c8,1,1,3,1,1,0412,0445,1,1,1,0000,00e92d90,00000000000000000000000000000000,03330334034404550455045604550445,1,"B_DELIVER",0,1,0455,0,0,07241d9,acc4acc4,c,9
2000,2000,0,07496c8,1,1,3,1,1,0412,0445,0,1,1,0000,00e92d90,00000000000000000000000000000000,03330334034404550455045604550445,1,"B_DELIVER",0,1,0455,0,0,07241d9,acc4acc4,c,9
2001,2001,0,07496c8,1,1,1,1,1,0412,0445,0,1,1,0000,00e92d90,00000000000000000000000000000000,03330334034404550455045604550445,1,"B_DELIVER",0,1,0344,0,0,07241d9,acc4acc4,c,9
2002,2002,0,07496c8,1,1,4,1,1,0412,0445,0,1,1,0000,00e92d90,00000000000000000000000000000000,03330334034404550455045604550445,1,"B_DELIVER",0,1,0334,0,0,07241d9,acc4acc4,c,9
2003,2003,0,07496c8,1,1,3,1,1,0412,0445,0,1,1,0000,00e92d90,00000000000000000000000000000000,03330334034404550455045604550445,1,"B_IDLE",0,1,0333,0,0,07241d9,acc4acc4,c,9
2004,2004,0,07496c8,1,1,3,1,1,0412,0445,0,1,1,0000,00e92d90,00000000000000000000000000000000,03330334034404550455045604550445,1,"B_IDLE",0,0,0333,0,0,07241d9,acc4acc4,c,9
2005,2005,0,07496c8,1,1,1,1,1,0412,0445,0,1,1,0000,00e92d90,00000000000000000000000000000000,03330334034404550455045604550445,1,"B_IDLE",0,0,0333,0,0,07241d9,acc4acc4,c,9
2006,2006,0,07496c8,1,1,4,1,1,0412,0445,0,1,1,0000,00e92d90,00000000000000000000000000000000,03330334034404550455045604550445,1,"B_IDLE",0,0,0333,0,0,07241d9,acc4acc4,c,9
2007,2007,0,07496c8,1,1,3,1,1,0412,0445,0,1,1,0000,00e92d90,00000000000000000000000000000000,03330334034404550455045604550445,1,"B_IDLE",0,0,0333,0,0,07241d9,acc4acc4,c,9
2008,2008,0,07496c8,1,1,3,1,1,0412,0445,0,1,1,0000,00e92d90,00000000000000000000000000000000,03330334034404550455045604550445,1,"B_IDLE",0,0,0333,0,0,07241d9,acc4acc4,c,9
2009,2009,0,07496c8,1,1,1,1,1,0412,0445,0,1,1,0000,00e92d90,00000000000000000000000000000000,03330334034404550455045604550445,1,"B_IDLE",0,0,0333,0,0,07241d9,acc4acc4,c,9
2010,2010,0,07496c8,1,1,4,1,1,0412,0445,0,1,1,0000,00e92d90,00000000000000000000000000000000,03330334034404550455045604550445,1,"B_IDLE",0,0,0333,0,0,07241d9,acc4acc4,c,9
2011,2011,0,07496c8,1,1,3,1,1,0412,0445,0,1,1,0000,00e92d90,00000000000000000000000000000000,03330334034404550455045604550445,1,"B_IDLE",0,0,0333,0,0,07241d9,acc4acc4,c,9
2012,2012,0,07496c8,1,1,3,1,1,0412,0445,0,1,1,0000,00e92d90,00000000000000000000000000000000,03330334034404550455045604550445,1,"B_IDLE",0,0,0333,0,0,07241d9,acc4acc4,c,9
2013,2013,0,07496c8,1,1,1,1,1,0412,0445,0,1,1,0000,00e92d90,00000000000000000000000000000000,03330334034404550455045604550445,1,"B_IDLE",0,0,0333,0,0,07241d9,acc4acc4,c,9
2014,2014,0,07496c8,1,1,4,1,1,0412,0445,0,1,1,0000,00e92d90,00000000000000000000000000000000,03330334034404550455045604550445,1,"B_IDLE",0,0,0333,0,0,07241d9,acc4acc4,c,9
2015,2015,0,07496c8,1,1,3,1,1,0412,0445,0,1,1,0000,00e92d90,00000000000000000000000000000000,03330334034404550455045604550445,1,"B_IDLE",0,0,0333,0,0,07241d9,acc4acc4,c,9
2016,2016,0,07496c8,1,1,3,1,1,0412,0445,0,1,1,0000,00e92d90,00000000000000000000000000000000,03330334034404550455045604550445,1,"B_IDLE",0,0,0333,0,0,07241d9,acc4acc4,c,9
2017,2017,0,07496c8,1,1,1,1,1,0412,0445,0,1,1,0000,00e92d90,00000000000000000000000000000000,03330334034404550455045604550445,1,"B_IDLE",0,0,0333,0,0,07241d9,acc4acc4,c,9
2018,2018,0,07496c8,1,1,4,1,1,0412,0445,0,1,1,0000,00e92d90,00000000000000000000000000000000,03330334034404550455045604550445,1,"B_IDLE",0,0,0333,0,0,07241d9,acc4acc4,c,9
2019,2019,0,07496c8,1,1,3,1,1,0412,0445,0,1,1,0000,00e92d90,00000000000000000000000000000000,03330334034404550455045604550445,1,"B_IDLE",0,0,0333,0,0,07241d9,acc4acc4,c,9
2020,2020,0,07496c8,1,1,3,1,1,0412,0445,0,1,1,0000,00e92d90,00000000000000000000000000000000,03330334034404550455045604550445,1,"B_IDLE",0,0,0333,0,0,07241d9,acc4acc4,c,9
2021,2021,0,07496c8,1,1,1,1,1,0412,0445,0,1,1,0000,00e92d90,00000000000000000000000000000000,03330334034404550455045604550445,1,"B_IDLE",0,0,0333,0,0,07241d9,acc4acc4,c,9
2022,2022,0,07496c8,1,1,4,1,1,0412,0445,0,1,1,0000,00e92d90,00000000000000000000000000000000,03330334034404550455045604550445,1,"B_IDLE",0,0,0333,0,0,07241d9,acc4acc4,c,9
2023,2023,0,07496c8,1,1,3,1,1,0412,0445,0,1,1,0000,00e92d90,00000000000000000000000000000000,03330334034404550455045604550445,1,"B_IDLE",0,0,0333,0,0,07241d9,acc4acc4,c,9
2024,2024,0,07496c8,1,1,3,1,1,0412,0445,0,1,1,0000,00e92d90,00000000000000000000000000000000,03330334034404550455045604550445,1,"B_IDLE",0,0,0333,0,0,07241d9,acc4acc4,c,9
2025,2025,0,07496c8,1,1,1,1,1,0412,0445,0,1,1,0000,00e92d90,00000000000000000000000000000000,03330334034404550455045604550445,1,"B_IDLE",0,0,0333,0,0,07241d9,acc4acc4,c,9
2026,2026,0,07496c8,1,1,4,1,1,0412,0445,0,1,1,0000,00e92d90,00000000000000000000000000000000,03330334034404550455045604550445,1,"B_IDLE",0,0,0333,0,0,07241d9,acc4acc4,c,9
2027,2027,0,07496c8,1,1,3,1,1,0412,0445,0,1,1,0000,00e92d90,00000000000000000000000000000000,03330334034404550455045604550445,1,"B_IDLE",0,0,0333,0,0,07241d9,acc4acc4,c,9
2028,2028,0,07496c8,1,1,3,1,1,0412,0445,0,1,1,0000,00e92d90,00000000000000000000000000000000,03330334034404550455045604550445,1,"B_IDLE",0,0,0333,0,0,07241d9,acc4acc4,c,9
2029,2029,0,07496c8,1,1,1,1,1,0412,0445,0,1,1,0000,00e92d90,00000000000000000000000000000000,03330334034404550455045604550445,1,"B_IDLE",0,0,0333,0,0,07241d9,acc4acc4,c,9
2030,2030,0,07496c8,1,1,4,1,1,0412,0445,0,1,1,0000,00e92d90,00000000000000000000000000000000,03330334034404550455045604550445,1,"B_IDLE",0,0,0333,0,0,07241d9,acc4acc4,c,9
2031,2031,0,07496c8,1,1,3,1,1,0412,0445,0,1,1,0000,00e92d90,00000000000000000000000000000000,03330334034404550455045604550445,1,"B_IDLE",0,0,0333,0,0,07241d9,acc4acc4,c,9
2032,2032,0,07496c8,1,1,3,1,1,0412,0445,0,1,1,0000,00e92d90,00000000000000000000000000000000,03330334034404550455045604550445,1,"B_IDLE",0,0,0333,0,0,07241d9,acc4acc4,c,9
2033,2033,0,07496c8,1,1,1,1,1,0412,0445,0,1,1,0000,00e92d90,00000000000000000000000000000000,03330334034404550455045604550445,1,"B_IDLE",0,0,0333,0,0,07241d9,acc4acc4,c,9
2034,2034,0,07496c8,1,1,4,1,1,0412,0445,0,1,1,0000,00e92d90,00000000000000000000000000000000,03330334034404550455045604550445,1,"B_IDLE",0,0,0333,0,0,07241d9,acc4acc4,c,9
2035,2035,0,07496c8,1,1,3,1,1,0412,0445,0,1,1,0000,00e92d90,00000000000000000000000000000000,03330334034404550455045604550445,1,"B_IDLE",0,0,0333,0,0,07241d9,acc4acc4,c,9
2036,2036,0,07496c8,1,1,3,1,1,0412,0445,0,1,1,0000,00e92d90,00000000000000000000000000000000,03330334034404550455045604550445,1,"B_IDLE",0,0,0333,0,0,07241d9,acc4acc4,c,9
2037,2037,0,07496c8,1,1,1,1,1,0412,0445,0,1,1,0000,00e92d90,00000000000000000000000000000000,03330334034404550455045604550445,1,"B_IDLE",0,0,0333,0,0,07241d9,acc4acc4,c,9
2038,2038,0,07496c8,1,1,4,1,1,0412,0445,0,1,1,0000,00e92d90,00000000000000000000000000000000,03330334034404550455045604550445,1,"B_IDLE",0,0,0333,0,0,07241d9,acc4acc4,c,9
2039,2039,0,001cb2d,3,1,3,0,0,0445,0445,0,1,1,0000,00e92d90,00000000000000000000000000000000,03330334034404550455045604550445,1,"B_IDLE",0,0,0333,0,0,07241d9,acc4acc4,c,9
2040,2040,0,001cb2d,3,1,3,0,0,0445,0344,0,1,1,0000,00e92d90,00000000000000000000000000000000,03330334034404550455045604550445,1,"B_IDLE",0,0,0333,0,0,07241d9,acc4acc4,c,9
2041,2041,0,001cb2d,3,1,1,0,0,0445,0344,0,1,1,0000,00e92d90,00000000000000000000000000000000,03330334034404550455045604550445,1,"B_IDLE",0,0,0333,0,0,07241d9,acc4acc4,c,9
2042,2042,0,001cb2d,3,1,0,0,0,0445,0344,0,1,1,0000,00e92d90,00000000000000000000000000000000,03330334034404550455045604550445,1,"B_IDLE",0,0,0333,0,0,07241d9,acc4acc4,c,9
2043,2043,0,001cb2d,3,1,0,0,0,0445,0344,0,1,1,0000,00e92d90,00000000000000000000000000000000,03330334034404550455045604550445,1,"B_IDLE",0,0,0333,0,0,07241d9,acc4acc4,c,9
2044,2044,0,001cb2d,3,1,0,0,0,0445,0344,0,1,1,0000,00e92d90,00000000000000000000000000000000,03330334034404550455045604550445,1,"B_IDLE",0,0,0333,0,0,07241d9,acc4acc4,c,9
2045,2045,0,001cb2d,3,1,0,0,0,0445,0344,0,1,1,0000,00e92d90,00000000000000000000000000000000,03330334034404550455045604550445,1,"B_IDLE",0,0,0333,0,0,07241d9,acc4acc4,c,9
2046,2046,0,001cb2d,3,1,0,0,0,0445,0344,0,1,1,0000,00e92d90,00000000000000000000000000000000,03330334034404550455045604550445,1,"B_IDLE",0,0,0333,0,0,07241d9,acc4acc4,c,9
2047,2047,0,001cb2d,3,1,0,0,0,0445,0344,0,1,1,0000,00e92d90,00000000000000000000000000000000,03330334034404550455045604550445,1,"B_IDLE",0,0,0333,0,0,07241d9,acc4acc4,c,9
2048,2048,0,001cb2d,3,1,0,0,0,0445,0344,0,1,1,0000,00e92d90,00000000000000000000000000000000,03330334034404550455045604550445,1,"B_IDLE",0,0,0333,0,0,07241d9,acc4acc4,c,9
2049,2049,0,001cb2d,3,1,0,0,0,0445,0344,0,1,1,0000,00e92d90,00000000000000000000000000000000,03330334034404550455045604550445,1,"B_IDLE",0,0,0333,0,0,07241d9,acc4acc4,c,9
2050,2050,0,001cb2d,3,1,0,0,0,0445,0344,0,1,1,0000,00e92d90,00000000000000000000000000000000,03330334034404550455045604550445,1,"B_IDLE",0,0,0333,0,0,07241d9,acc4acc4,c,9
2051,2051,0,001cb2d,3,1,0,0,0,0445,0344,0,1,1,0000,00e92d90,00000000000000000000000000000000,03330334034404550455045604550445,1,"B_IDLE",0,0,0333,0,0,07241d9,acc4acc4,c,9
2052,2052,0,001cb2d,3,1,0,0,0,0445,0344,0,1,1,0000,00e92d90,00000000000000000000000000000000,03330334034404550455045604550445,1,"B_IDLE",0,0,0333,0,0,07241d9,acc4acc4,c,9
2053,2053,0,001cb2d,3,1,0,0,0,0445,0344,0,1,1,0000,00e92d90,00000000000000000000000000000000,03330334034404550455045604550445,1,"B_IDLE",0,0,0333,0,0,07241d9,acc4acc4,c,9
2054,2054,0,001cb2d,3,1,0,0,0,0445,0344,0,1,1,0000,00e92d90,00000000000000000000000000000000,03330334034404550455045604550445,1,"B_IDLE",0,0,0333,0,0,07241d9,acc4acc4,c,9
2055,2055,0,001cb2d,3,1,0,0,0,0445,0344,0,1,1,0000,00e92d90,00000000000000000000000000000000,03330334034404550455045604550445,1,"B_IDLE",0,0,0333,0,0,07241d9,acc4acc4,c,9
2056,2056,0,001cb2d,3,1,0,0,0,0445,0344,0,1,1,0000,00e92d90,00000000000000000000000000000000,03330334034404550455045604550445,1,"B_IDLE",0,0,0333,0,0,07241d9,acc4acc4,c,9
2057,2057,0,001cb2d,3,1,0,0,0,0445,0344,0,1,1,0000,00e92d90,00000000000000000000000000000000,03330334034404550455045604550445,1,"B_IDLE",0,0,0333,0,0,07241d9,acc4acc4,c,9
2058,2058,0,001cb2d,3,1,0,0,0,0445,0344,0,1,1,0000,00e92d90,00000000000000000000000000000000,03330334034404550455045604550445,1,"B_IDLE",0,0,0333,0,0,07241d9,acc4acc4,c,9
2059,2059,0,001cb2d,3,1,0,0,0,0445,0344,0,1,1,0000,00e92d90,00000000000000000000000000000000,03330334034404550455045604550445,1,"B_IDLE",0,0,0333,0,0,07241d9,acc4acc4,c,9
2060,2060,0,001cb2d,3,1,0,0,0,0445,0344,0,1,1,0000,00e92d90,00000000000000000000000000000000,03330334034404550455045604550445,1,"B_IDLE",0,0,0333,0,0,07241d9,acc4acc4,c,9
2061,2061,0,001cb2d,3,1,0,0,0,0445,0344,0,1,1,0000,00e92d90,00000000000000000000000000000000,03330334034404550455045604550445,1,"B_IDLE",0,0,0333,0,0,07241d9,acc4acc4,c,9
2062,2062,0,001cb2d,3,1,0,0,0,0445,0344,0,1,1,0000,00e92d90,00000000000000000000000000000000,03330334034404550455045604550445,1,"B_IDLE",0,0,0333,0,0,07241d9,acc4acc4,c,9
2063,2063,0,001cb2d,3,1,0,0,0,0445,0344,0,1,1,0000,00e92d90,00000000000000000000000000000000,03330334034404550455045604550445,1,"B_IDLE",0,0,0333,0,0,07241d9,acc4acc4,c,9
2064,2064,0,001cb2d,3,1,0,0,0,0445,0344,0,1,1,0000,00e92d90,00000000000000000000000000000000,03330334034404550455045604550445,1,"B_IDLE",0,0,0333,0,0,07241d9,acc4acc4,c,9
2065,2065,0,001cb2d,3,1,0,0,0,0445,0344,0,1,1,0000,00e92d90,00000000000000000000000000000000,03330334034404550455045604550445,1,"B_IDLE",0,0,0333,0,0,07241d9,acc4acc4,c,9
2066,2066,0,001cb2d,3,1,0,0,0,0445,0344,0,1,1,0000,00e92d90,00000000000000000000000000000000,03330334034404550455045604550445,1,"B_IDLE",0,0,0333,0,0,07241d9,acc4acc4,c,9
2067,2067,0,001cb2d,3,1,0,0,0,0445,0344,0,1,1,0000,00e92d90,00000000000000000000000000000000,03330334034404550455045604550445,1,"B_IDLE",0,0,0333,0,0,07241d9,acc4acc4,c,9
2068,2068,0,001cb2d,3,1,0,0,0,0445,0344,0,1,1,0000,00e92d90,00000000000000000000000000000000,03330334034404550455045604550445,1,"B_IDLE",0,0,0333,0,0,07241d9,acc4acc4,c,9
2069,2069,0,001cb2d,3,1,0,0,0,0445,0344,0,1,1,0000,00e92d90,00000000000000000000000000000000,03330334034404550455045604550445,1,"B_IDLE",0,0,0333,0,0,07241d9,acc4acc4,c,9
2070,2070,0,001cb2d,3,1,0,0,0,0445,0344,0,1,1,0000,00e92d90,00000000000000000000000000000000,03330334034404550455045604550445,1,"B_IDLE",0,0,0333,0,0,07241d9,acc4acc4,c,9
2071,2071,0,001cb2d,3,1,0,0,0,0445,0344,0,1,1,0000,00e92d90,00000000000000000000000000000000,03330334034404550455045604550445,1,"B_IDLE",0,0,0333,0,0,07241d9,acc4acc4,c,9
2072,2072,0,001cb2d,3,1,0,0,0,0445,0344,0,1,1,0000,00e92d90,00000000000000000000000000000000,03330334034404550455045604550445,1,"B_IDLE",0,0,0333,0,0,07241d9,acc4acc4,c,9
2073,2073,0,001cb2d,3,1,0,0,0,0445,0344,0,1,1,0000,00e92d90,00000000000000000000000000000000,03330334034404550455045604550445,1,"B_IDLE",0,0,0333,0,0,07241d9,acc4acc4,c,9
2074,2074,0,001cb2d,3,1,0,0,0,0445,0344,0,1,1,0000,00e92d90,00000000000000000000000000000000,03330334034404550455045604550445,1,"B_IDLE",0,0,0333,0,0,07241d9,acc4acc4,c,9
2075,2075,0,001cb2d,3,1,0,0,0,0445,0344,0,1,1,0000,00e92d90,00000000000000000000000000000000,03330334034404550455045604550445,1,"B_IDLE",0,0,0333,0,0,07241d9,acc4acc4,c,9
2076,2076,0,001cb2d,3,1,0,0,0,0445,0344,0,1,1,0000,00e92d90,00000000000000000000000000000000,03330334034404550455045604550445,1,"B_IDLE",0,0,0333,0,0,07241d9,acc4acc4,c,9
2077,2077,0,001cb2d,3,1,0,0,0,0445,0344,0,1,1,0000,00e92d90,00000000000000000000000000000000,03330334034404550455045604550445,1,"B_IDLE",0,0,0333,0,0,07241d9,acc4acc4,c,9
2078,2078,0,001cb2d,3,1,0,0,0,0445,0344,0,1,1,0000,00e92d90,00000000000000000000000000000000,03330334034404550455045604550445,1,"B_IDLE",0,0,0333,0,0,07241d9,acc4acc4,c,9
2079,2079,0,001cb2d,3,1,0,0,0,0445,0344,0,1,1,0000,00e92d90,00000000000000000000000000000000,03330334034404550455045604550445,1,"B_IDLE",0,0,0333,0,0,07241d9,acc4acc4,c,9
2080,2080,0,001cb2d,3,1,0,0,0,0445,0344,0,1,1,0000,00e92d90,00000000000000000000000000000000,03330334034404550455045604550445,1,"B_IDLE",0,0,0333,0,0,07241d9,acc4acc4,c,9
2081,2081,0,001cb2d,3,1,0,0,0,0445,0344,0,1,1,0000,00e92d90,00000000000000000000000000000000,03330334034404550455045604550445,1,"B_IDLE",0,0,0333,0,0,07241d9,acc4acc4,c,9
2082,2082,0,001cb2d,3,1,0,0,0,0445,0344,0,1,1,0000,00e92d90,00000000000000000000000000000000,03330334034404550455045604550445,1,"B_IDLE",0,0,0333,0,0,07241d9,acc4acc4,c,9
2083,2083,0,001cb2d,3,1,0,0,0,0445,0344,0,1,1,0000,00e92d90,00000000000000000000000000000000,03330334034404550455045604550445,1,"B_IDLE",0,0,0333,0,0,07241d9,acc4acc4,c,9
2084,2084,0,001cb2d,3,1,0,0,0,0445,0344,0,1,1,0000,00e92d90,00000000000000000000000000000000,03330334034404550455045604550445,1,"B_IDLE",0,0,0333,0,0,07241d9,acc4acc4,c,9
2085,2085,0,001cb2d,3,1,0,0,0,0445,0344,0,1,1,0000,00e92d90,00000000000000000000000000000000,03330334034404550455045604550445,1,"B_IDLE",0,0,0333,0,0,07241d9,acc4acc4,c,9
2086,2086,0,001cb2d,3,1,0,0,0,0445,0344,0,1,1,0000,00e92d90,00000000000000000000000000000000,03330334034404550455045604550445,1,"B_IDLE",0,0,0333,0,0,07241d9,acc4acc4,c,9
2087,2087,0,001cb2d,3,1,0,0,0,0445,0344,0,1,1,0000,00e92d90,00000000000000000000000000000000,03330334034404550455045604550445,1,"B_IDLE",0,0,0333,0,0,07241d9,acc4acc4,c,9
2088,2088,0,001cb2d,3,1,0,0,0,0445,0344,0,1,1,0000,00e92d90,00000000000000000000000000000000,03330334034404550455045604550445,1,"B_IDLE",0,0,0333,0,0,07241d9,acc4acc4,c,9
2089,2089,0,001cb2d,3,1,0,0,0,0445,0344,0,1,1,0000,00e92d90,00000000000000000000000000000000,03330334034404550455045604550445,1,"B_IDLE",0,0,0333,0,0,07241d9,acc4acc4,c,9
2090,2090,0,001cb2d,3,1,0,0,0,0445,0344,0,1,1,0000,00e92d90,00000000000000000000000000000000,03330334034404550455045604550445,1,"B_IDLE",0,0,0333,0,0,07241d9,acc4acc4,c,9
2091,2091,0,001cb2d,3,1,0,0,0,0445,0344,0,1,1,0000,00e92d90,00000000000000000000000000000000,03330334034404550455045604550445,1,"B_IDLE",0,0,0333,0,0,07241d9,acc4acc4,c,9
2092,2092,0,001cb2d,3,1,0,0,0,0445,0344,0,1,1,0000,00e92d90,00000000000000000000000000000000,03330334034404550455045604550445,1,"B_IDLE",0,0,0333,0,0,07241d9,acc4acc4,c,9
2093,2093,0,001cb2d,3,1,0,0,0,0445,0344,0,1,1,0000,00e92d90,00000000000000000000000000000000,03330334034404550455045604550445,1,"B_IDLE",0,0,0333,0,0,07241d9,acc4acc4,c,9
2094,2094,0,001cb2d,3,1,0,0,0,0445,0344,0,1,1,0000,00e92d90,00000000000000000000000000000000,03330334034404550455045604550445,1,"B_IDLE",0,0,0333,0,0,07241d9,acc4acc4,c,9
2095,2095,0,001cb2d,3,1,0,0,0,0445,0344,0,1,1,0000,00e92d90,00000000000000000000000000000000,03330334034404550455045604550445,1,"B_IDLE",0,0,0333,0,0,07241d9,acc4acc4,c,9
2096,2096,0,001cb2d,3,1,0,0,0,0445,0344,0,1,1,0000,00e92d90,00000000000000000000000000000000,03330334034404550455045604550445,1,"B_IDLE",0,0,0333,0,0,07241d9,acc4acc4,c,9
2097,2097,0,001cb2d,3,1,0,0,0,0445,0344,0,1,1,0000,00e92d90,00000000000000000000000000000000,03330334034404550455045604550445,1,"B_IDLE",0,0,0333,0,0,07241d9,acc4acc4,c,9
2098,2098,0,001cb2d,3,1,0,0,0,0445,0344,0,1,1,0000,00e92d90,00000000000000000000000000000000,03330334034404550455045604550445,1,"B_IDLE",0,0,0333,0,0,07241d9,acc4acc4,c,9
2099,2099,0,001cb2d,3,1,0,0,0,0445,0344,0,1,1,0000,00e92d90,00000000000000000000000000000000,03330334034404550455045604550445,1,"B_IDLE",0,0,0333,0,0,07241d9,acc4acc4,c,9
2100,2100,0,001cb2d,3,1,0,0,0,0445,0344,0,1,1,0000,00e92d90,00000000000000000000000000000000,03330334034404550455045604550445,1,"B_IDLE",0,0,0333,0,0,07241d9,acc4acc4,c,9
2101,2101,0,001cb2d,3,1,0,0,0,0445,0344,0,1,1,0000,00e92d90,00000000000000000000000000000000,03330334034404550455045604550445,1,"B_IDLE",0,0,0333,0,0,07241d9,acc4acc4,c,9
2102,2102,0,001cb2d,3,1,0,0,0,0445,0344,0,1,1,0000,00e92d90,00000000000000000000000000000000,03330334034404550455045604550445,1,"B_IDLE",0,0,0333,0,0,07241d9,acc4acc4,c,9
2103,2103,0,001cb2d,3,1,0,0,0,0445,0344,0,1,1,0000,00e92d90,00000000000000000000000000000000,03330334034404550455045604550445,1,"B_IDLE",0,0,0333,0,0,07241d9,acc4acc4,c,9
2104,2104,0,001cb2d,3,1,0,0,0,0445,0344,0,1,1,0000,00e92d90,00000000000000000000000000000000,03330334034404550455045604550445,1,"B_IDLE",0,0,0333,0,0,07241d9,acc4acc4,c,9
2105,2105,0,001cb2d,3,1,0,0,0,0445,0344,0,1,1,0000,00e92d90,00000000000000000000000000000000,03330334034404550455045604550445,1,"B_IDLE",0,0,0333,0,0,07241d9,acc4acc4,c,9
2106,2106,0,001cb2d,3,1,0,0,0,0445,0344,0,1,1,0000,00e92d90,00000000000000000000000000000000,03330334034404550455045604550445,1,"B_IDLE",0,0,0333,0,0,07241d9,acc4acc4,c,9
2107,2107,0,001cb2d,3,1,0,0,0,0445,0344,0,1,1,0000,00e92d90,00000000000000000000000000000000,03330334034404550455045604550445,1,"B_IDLE",0,0,0333,0,0,07241d9,acc4acc4,c,9
2108,2108,0,001cb2d,3,1,0,0,0,0445,0344,0,1,1,0000,00e92d90,00000000000000000000000000000000,03330334034404550455045604550445,1,"B_IDLE",0,0,0333,0,0,07241d9,acc4acc4,c,9
2109,2109,0,001cb2d,3,1,0,0,0,0445,0344,0,1,1,0000,00e92d90,00000000000000000000000000000000,03330334034404550455045604550445,1,"B_IDLE",0,0,0333,0,0,07241d9,acc4acc4,c,9
2110,2110,0,001cb2d,3,1,0,0,0,0445,0344,0,1,1,0000,00e92d90,00000000000000000000000000000000,03330334034404550455045604550445,1,"B_IDLE",0,0,0333,0,0,07241d9,acc4acc4,c,9
2111,2111,0,001cb2d,3,1,0,0,0,0445,0344,0,1,1,0000,00e92d90,00000000000000000000000000000000,03330334034404550455045604550445,1,"B_IDLE",0,0,0333,0,0,07241d9,acc4acc4,c,9
2112,2112,0,001cb2d,3,1,0,0,0,0445,0344,0,1,1,0000,00e92d90,00000000000000000000000000000000,03330334034404550455045604550445,1,"B_IDLE",0,0,0333,0,0,07241d9,acc4acc4,c,9
2113,2113,0,001cb2d,3,1,0,0,0,0445,0344,0,1,1,0000,00e92d90,00000000000000000000000000000000,03330334034404550455045604550445,1,"B_IDLE",0,0,0333,0,0,07241d9,acc4acc4,c,9
2114,2114,0,001cb2d,3,1,0,0,0,0445,0344,0,1,1,0000,00e92d90,00000000000000000000000000000000,03330334034404550455045604550445,1,"B_IDLE",0,0,0333,0,0,07241d9,acc4acc4,c,9
2115,2115,0,001cb2d,3,1,0,0,0,0445,0344,0,1,1,0000,00e92d90,00000000000000000000000000000000,03330334034404550455045604550445,1,"B_IDLE",0,0,0333,0,0,07241d9,acc4acc4,c,9
2116,2116,0,001cb2d,3,1,0,0,0,0445,0344,0,1,1,0000,00e92d90,00000000000000000000000000000000,03330334034404550455045604550445,1,"B_IDLE",0,0,0333,0,0,07241d9,acc4acc4,c,9
2117,2117,0,001cb2d,3,1,0,0,0,0445,0344,0,1,1,0000,00e92d90,00000000000000000000000000000000,03330334034404550455045604550445,1,"B_IDLE",0,0,0333,0,0,07241d9,acc4acc4,c,9
2118,2118,0,001cb2d,3,1,0,0,0,0445,0344,0,1,1,0000,00e92d90,00000000000000000000000000000000,03330334034404550455045604550445,1,"B_IDLE",0,0,0333,0,0,07241d9,acc4acc4,c,9
2119,2119,0,001cb2d,3,1,0,0,0,0445,0344,0,1,1,0000,00e92d90,00000000000000000000000000000000,03330334034404550455045604550445,1,"B_IDLE",0,0,0333,0,0,07241d9,acc4acc4,c,9
2120,2120,0,001cb2d,3,1,0,0,0,0445,0344,0,1,1,0000,00e92d90,00000000000000000000000000000000,03330334034404550455045604550445,1,"B_IDLE",0,0,0333,0,0,07241d9,acc4acc4,c,9
2121,2121,0,001cb2d,3,1,0,0,0,0445,0344,0,1,1,0000,00e92d90,00000000000000000000000000000000,03330334034404550455045604550445,1,"B_IDLE",0,0,0333,0,0,07241d9,acc4acc4,c,9
2122,2122,0,001cb2d,3,1,0,0,0,0445,0344,0,1,1,0000,00e92d90,00000000000000000000000000000000,03330334034404550455045604550445,1,"B_IDLE",0,0,0333,0,0,07241d9,acc4acc4,c,9
2123,2123,0,001cb2d,3,1,0,0,0,0445,0344,0,1,1,0000,00e92d90,00000000000000000000000000000000,03330334034404550455045604550445,1,"B_IDLE",0,0,0333,0,0,07241d9,acc4acc4,c,9
2124,2124,0,001cb2d,3,1,0,0,0,0445,0344,0,1,1,0000,00e92d90,00000000000000000000000000000000,03330334034404550455045604550445,1,"B_IDLE",0,0,0333,0,0,07241d9,acc4acc4,c,9
2125,2125,0,001cb2d,3,1,0,0,0,0445,0344,0,1,1,0000,00e92d90,00000000000000000000000000000000,03330334034404550455045604550445,1,"B_IDLE",0,0,0333,0,0,07241d9,acc4acc4,c,9
2126,2126,0,001cb2d,3,1,0,0,0,0445,0344,0,1,1,0000,00e92d90,00000000000000000000000000000000,03330334034404550455045604550445,1,"B_IDLE",0,0,0333,0,0,07241d9,acc4acc4,c,9
2127,2127,0,001cb2d,3,1,0,0,0,0445,0344,0,1,1,0000,00e92d90,00000000000000000000000000000000,03330334034404550455045604550445,1,"B_IDLE",0,0,0333,0,0,07241d9,acc4acc4,c,9
2128,2128,0,001cb2d,3,1,0,0,0,0445,0344,0,1,1,0000,00e92d90,00000000000000000000000000000000,03330334034404550455045604550445,1,"B_IDLE",0,0,0333,0,0,07241d9,acc4acc4,c,9
2129,2129,0,001cb2d,3,1,0,0,0,0445,0344,0,1,1,0000,00e92d90,00000000000000000000000000000000,03330334034404550455045604550445,1,"B_IDLE",0,0,0333,0,0,07241d9,acc4acc4,c,9
2130,2130,0,001cb2d,3,1,0,0,0,0445,0344,0,1,1,0000,00e92d90,00000000000000000000000000000000,03330334034404550455045604550445,1,"B_IDLE",0,0,0333,0,0,07241d9,acc4acc4,c,9
2131,2131,0,001cb2d,3,1,0,0,0,0445,0344,0,1,1,0000,00e92d90,00000000000000000000000000000000,03330334034404550455045604550445,1,"B_IDLE",0,0,0333,0,0,07241d9,acc4acc4,c,9
2132,2132,0,001cb2d,3,1,0,0,0,0445,0344,0,1,1,0000,00e92d90,00000000000000000000000000000000,03330334034404550455045604550445,1,"B_IDLE",0,0,0333,0,0,07241d9,acc4acc4,c,9
2133,2133,0,001cb2d,3,1,0,0,0,0445,0344,0,1,1,0000,00e92d90,00000000000000000000000000000000,03330334034404550455045604550445,1,"B_IDLE",0,0,0333,0,0,07241d9,acc4acc4,c,9
2134,2134,0,001cb2d,3,1,0,0,0,0445,0344,0,1,1,0000,00e92d90,00000000000000000000000000000000,03330334034404550455045604550445,1,"B_IDLE",0,0,0333,0,0,07241d9,acc4acc4,c,9
2135,2135,0,001cb2d,3,1,0,0,0,0445,0344,0,1,1,0000,00e92d90,00000000000000000000000000000000,03330334034404550455045604550445,1,"B_IDLE",0,0,0333,0,0,07241d9,acc4acc4,c,9
2136,2136,0,001cb2d,3,1,0,0,0,0445,0344,0,1,1,0000,00e92d90,00000000000000000000000000000000,03330334034404550455045604550445,1,"B_IDLE",0,0,0333,0,0,07241d9,acc4acc4,c,9
2137,2137,0,001cb2d,3,1,0,0,0,0445,0344,0,1,1,0000,00e92d90,00000000000000000000000000000000,03330334034404550455045604550445,1,"B_IDLE",0,0,0333,0,0,07241d9,acc4acc4,c,9
2138,2138,0,001cb2d,3,1,0,0,0,0445,0344,0,1,1,0000,00e92d90,00000000000000000000000000000000,03330334034404550455045604550445,1,"B_IDLE",0,0,0333,0,0,07241d9,acc4acc4,c,9
2139,2139,0,001cb2d,3,1,0,0,0,0445,0344,0,1,1,0000,00e92d90,00000000000000000000000000000000,03330334034404550455045604550445,1,"B_IDLE",0,0,0333,0,0,07241d9,acc4acc4,c,9
2140,2140,0,001cb2d,3,1,0,0,0,0445,0344,0,1,1,0000,00e92d90,00000000000000000000000000000000,03330334034404550455045604550445,1,"B_IDLE",0,0,0333,0,0,07241d9,acc4acc4,c,9
2141,2141,0,001cb2d,3,1,0,0,0,0445,0344,0,1,1,0000,00e92d90,00000000000000000000000000000000,03330334034404550455045604550445,1,"B_IDLE",0,0,0333,0,0,07241d9,acc4acc4,c,9
2142,2142,0,001cb2d,3,1,0,0,0,0445,0344,0,1,1,0000,00e92d90,00000000000000000000000000000000,03330334034404550455045604550445,1,"B_IDLE",0,0,0333,0,0,07241d9,acc4acc4,c,9
2143,2143,0,001cb2d,3,1,0,0,0,0445,0344,0,1,1,0000,00e92d90,00000000000000000000000000000000,03330334034404550455045604550445,1,"B_IDLE",0,0,0333,0,0,07241d9,acc4acc4,c,9
2144,2144,0,001cb2d,3,1,0,0,0,0445,0344,0,1,1,0000,00e92d90,00000000000000000000000000000000,03330334034404550455045604550445,1,"B_IDLE",0,0,0333,0,0,07241d9,acc4acc4,c,9
2145,2145,0,001cb2d,3,1,0,0,0,0445,0344,0,1,1,0000,00e92d90,00000000000000000000000000000000,03330334034404550455045604550445,1,"B_IDLE",0,0,0333,0,0,07241d9,acc4acc4,c,9
2146,2146,0,001cb2d,3,1,0,0,0,0445,0344,0,1,1,0000,00e92d90,00000000000000000000000000000000,03330334034404550455045604550445,1,"B_IDLE",0,0,0333,0,0,07241d9,acc4acc4,c,9
2147,2147,0,001cb2d,3,1,0,0,0,0445,0344,0,1,1,0000,00e92d90,00000000000000000000000000000000,03330334034404550455045604550445,1,"B_IDLE",0,0,0333,0,0,07241d9,acc4acc4,c,9
2148,2148,0,001cb2d,3,1,0,0,0,0445,0344,0,1,1,0000,00e92d90,00000000000000000000000000000000,03330334034404550455045604550445,1,"B_IDLE",0,0,0333,0,0,07241d9,acc4acc4,c,9
2149,2149,0,001cb2d,3,1,0,0,0,0445,0344,0,1,1,0000,00e92d90,00000000000000000000000000000000,03330334034404550455045604550445,1,"B_IDLE",0,0,0333,0,0,07241d9,acc4acc4,c,9
2150,2150,0,001cb2d,3,1,0,0,0,0445,0344,0,1,1,0000,00e92d90,00000000000000000000000000000000,03330334034404550455045604550445,1,"B_IDLE",0,0,0333,0,0,07241d9,acc4acc4,c,9
2151,2151,0,001cb2d,3,1,0,0,0,0445,0344,0,1,1,0000,00e92d90,00000000000000000000000000000000,03330334034404550455045604550445,1,"B_IDLE",0,0,0333,0,0,07241d9,acc4acc4,c,9
2152,2152,0,001cb2d,3,1,0,0,0,0445,0344,0,1,1,0000,00e92d90,00000000000000000000000000000000,03330334034404550455045604550445,1,"B_IDLE",0,0,0333,0,0,07241d9,acc4acc4,c,9
2153,2153,0,001cb2d,3,1,0,0,0,0445,0344,0,1,1,0000,00e92d90,00000000000000000000000000000000,03330334034404550455045604550445,1,"B_IDLE",0,0,0333,0,0,07241d9,acc4acc4,c,9
2154,2154,0,001cb2d,3,1,0,0,0,0445,0344,0,1,1,0000,00e92d90,00000000000000000000000000000000,03330334034404550455045604550445,1,"B_IDLE",0,0,0333,0,0,07241d9,acc4acc4,c,9
2155,2155,0,001cb2d,3,1,0,0,0,0445,0344,0,1,1,0000,00e92d90,00000000000000000000000000000000,03330334034404550455045604550445,1,"B_IDLE",0,0,0333,0,0,07241d9,acc4acc4,c,9
2156,2156,0,001cb2d,3,1,0,0,0,0445,0344,0,1,1,0000,00e92d90,00000000000000000000000000000000,03330334034404550455045604550445,1,"B_IDLE",0,0,0333,0,0,07241d9,acc4acc4,c,9
2157,2157,0,001cb2d,3,1,0,0,0,0445,0344,0,1,1,0000,00e92d90,00000000000000000000000000000000,03330334034404550455045604550445,1,"B_IDLE",0,0,0333,0,0,07241d9,acc4acc4,c,9
2158,2158,0,001cb2d,3,1,0,0,0,0445,0344,0,1,1,0000,00e92d90,00000000000000000000000000000000,03330334034404550455045604550445,1,"B_IDLE",0,0,0333,0,0,07241d9,acc4acc4,c,9
2159,2159,0,001cb2d,3,1,0,0,0,0445,0344,0,1,1,0000,00e92d90,00000000000000000000000000000000,03330334034404550455045604550445,1,"B_IDLE",0,0,0333,0,0,07241d9,acc4acc4,c,9
2160,2160,0,001cb2d,3,1,0,0,0,0445,0344,0,1,1,0000,00e92d90,00000000000000000000000000000000,03330334034404550455045604550445,1,"B_IDLE",0,0,0333,0,0,07241d9,acc4acc4,c,9
2161,2161,0,001cb2d,3,1,0,0,0,0445,0344,0,1,1,0000,00e92d90,00000000000000000000000000000000,03330334034404550455045604550445,1,"B_IDLE",0,0,0333,0,0,07241d9,acc4acc4,c,9
2162,2162,0,001cb2d,3,1,0,0,0,0445,0344,0,1,1,0000,00e92d90,00000000000000000000000000000000,03330334034404550455045604550445,1,"B_IDLE",0,0,0333,0,0,07241d9,acc4acc4,c,9
2163,2163,0,001cb2d,3,1,0,0,0,0445,0344,0,1,1,0000,00e92d90,00000000000000000000000000000000,03330334034404550455045604550445,1,"B_IDLE",0,0,0333,0,0,07241d9,acc4acc4,c,9
2164,2164,0,001cb2d,3,1,0,0,0,0445,0344,0,1,1,0000,00e92d90,00000000000000000000000000000000,03330334034404550455045604550445,1,"B_IDLE",0,0,0333,0,0,07241d9,acc4acc4,c,9
2165,2165,0,001cb2d,3,1,0,0,0,0445,0344,0,1,1,0000,00e92d90,00000000000000000000000000000000,03330334034404550455045604550445,1,"B_IDLE",0,0,0333,0,0,07241d9,acc4acc4,c,9
2166,2166,0,001cb2d,3,1,0,0,0,0445,0344,0,1,1,0000,00e92d90,00000000000000000000000000000000,03330334034404550455045604550445,1,"B_IDLE",0,0,0333,0,0,07241d9,acc4acc4,c,9
2167,2167,0,001cb2d,3,1,0,0,0,0445,0344,0,1,1,0000,00e92d90,00000000000000000000000000000000,03330334034404550455045604550445,1,"B_IDLE",0,0,0333,0,0,07241d9,acc4acc4,c,9
2168,2168,0,001cb2d,3,1,0,0,0,0445,0344,0,1,1,0000,00e92d90,00000000000000000000000000000000,03330334034404550455045604550445,1,"B_IDLE",0,0,0333,0,0,07241d9,acc4acc4,c,9
2169,2169,0,001cb2d,3,1,0,0,0,0445,0344,0,1,1,0000,00e92d90,00000000000000000000000000000000,03330334034404550455045604550445,1,"B_IDLE",0,0,0333,0,0,07241d9,acc4acc4,c,9
2170,2170,0,001cb2d,3,1,0,0,0,0445,0344,0,1,1,0000,00e92d90,00000000000000000000000000000000,03330334034404550455045604550445,1,"B_IDLE",0,0,0333,0,0,07241d9,acc4acc4,c,9
2171,2171,0,001cb2d,3,1,0,0,0,0445,0344,0,1,1,0000,00e92d90,00000000000000000000000000000000,03330334034404550455045604550445,1,"B_IDLE",0,0,0333,0,0,07241d9,acc4acc4,c,9
2172,2172,0,001cb2d,3,1,0,0,0,0445,0344,0,1,1,0000,00e92d90,00000000000000000000000000000000,03330334034404550455045604550445,1,"B_IDLE",0,0,0333,0,0,07241d9,acc4acc4,c,9
2173,2173,0,001cb2d,3,1,0,0,0,0445,0344,0,1,1,0000,00e92d90,00000000000000000000000000000000,03330334034404550455045604550445,1,"B_IDLE",0,0,0333,0,0,07241d9,acc4acc4,c,9
2174,2174,0,001cb2d,3,1,0,0,0,0445,0344,0,1,1,0000,00e92d90,00000000000000000000000000000000,03330334034404550455045604550445,1,"B_IDLE",0,0,0333,0,0,07241d9,acc4acc4,c,9
2175,2175,0,001cb2d,3,1,0,0,0,0445,0344,0,1,1,0000,00e92d90,00000000000000000000000000000000,03330334034404550455045604550445,1,"B_IDLE",0,0,0333,0,0,07241d9,acc4acc4,c,9
2176,2176,0,001cb2d,3,1,0,0,0,0445,0344,0,1,1,0000,00e92d90,00000000000000000000000000000000,03330334034404550455045604550445,1,"B_IDLE",0,0,0333,0,0,07241d9,acc4acc4,c,9
2177,2177,0,001cb2d,3,1,0,0,0,0445,0344,0,1,1,0000,00e92d90,00000000000000000000000000000000,03330334034404550455045604550445,1,"B_IDLE",0,0,0333,0,0,07241d9,acc4acc4,c,9
2178,2178,0,001cb2d,3,1,0,0,0,0445,0344,0,1,1,0000,00e92d90,00000000000000000000000000000000,03330334034404550455045604550445,1,"B_IDLE",0,0,0333,0,0,07241d9,acc4acc4,c,9
2179,2179,0,001cb2d,3,1,0,0,0,0445,0344,0,1,1,0000,00e92d90,00000000000000000000000000000000,03330334034404550455045604550445,1,"B_IDLE",0,0,0333,0,0,07241d9,acc4acc4,c,9
2180,2180,0,001cb2d,3,1,0,0,0,0445,0344,0,1,1,0000,00e92d90,00000000000000000000000000000000,03330334034404550455045604550445,1,"B_IDLE",0,0,0333,0,0,07241d9,acc4acc4,c,9
2181,2181,0,001cb2d,3,1,0,0,0,0445,0344,0,1,1,0000,00e92d90,00000000000000000000000000000000,03330334034404550455045604550445,1,"B_IDLE",0,0,0333,0,0,07241d9,acc4acc4,c,9
2182,2182,0,001cb2d,3,1,0,0,0,0445,0344,0,1,1,0000,00e92d90,00000000000000000000000000000000,03330334034404550455045604550445,1,"B_IDLE",0,0,0333,0,0,07241d9,acc4acc4,c,9
2183,2183,0,001cb2d,3,1,0,0,0,0445,0344,0,1,1,0000,00e92d90,00000000000000000000000000000000,03330334034404550455045604550445,1,"B_IDLE",0,0,0333,0,0,07241d9,acc4acc4,c,9
2184,2184,0,001cb2d,3,1,0,0,0,0445,0344,0,1,1,0000,00e92d90,00000000000000000000000000000000,03330334034404550455045604550445,1,"B_IDLE",0,0,0333,0,0,07241d9,acc4acc4,c,9
2185,2185,0,001cb2d,3,1,0,0,0,0445,0344,0,1,1,0000,00e92d90,00000000000000000000000000000000,03330334034404550455045604550445,1,"B_IDLE",0,0,0333,0,0,07241d9,acc4acc4,c,9
2186,2186,0,001cb2d,3,1,0,0,0,0445,0344,0,1,1,0000,00e92d90,00000000000000000000000000000000,03330334034404550455045604550445,1,"B_IDLE",0,0,0333,0,0,07241d9,acc4acc4,c,9
2187,2187,0,001cb2d,3,1,0,0,0,0445,0344,0,1,1,0000,00e92d90,00000000000000000000000000000000,03330334034404550455045604550445,1,"B_IDLE",0,0,0333,0,0,07241d9,acc4acc4,c,9
2188,2188,0,001cb2d,3,1,0,0,0,0445,0344,0,1,1,0000,00e92d90,00000000000000000000000000000000,03330334034404550455045604550445,1,"B_IDLE",0,0,0333,0,0,07241d9,acc4acc4,c,9
2189,2189,0,001cb2d,3,1,0,0,0,0445,0344,0,1,1,0000,00e92d90,00000000000000000000000000000000,03330334034404550455045604550445,1,"B_IDLE",0,0,0333,0,0,07241d9,acc4acc4,c,9
2190,2190,0,001cb2d,3,1,0,0,0,0445,0344,0,1,1,0000,00e92d90,00000000000000000000000000000000,03330334034404550455045604550445,1,"B_IDLE",0,0,0333,0,0,07241d9,acc4acc4,c,9
2191,2191,0,001cb2d,3,1,0,0,0,0445,0344,0,1,1,0000,00e92d90,00000000000000000000000000000000,03330334034404550455045604550445,1,"B_IDLE",0,0,0333,0,0,07241d9,acc4acc4,c,9
2192,2192,0,001cb2d,3,1,0,0,0,0445,0344,0,1,1,0000,00e92d90,00000000000000000000000000000000,03330334034404550455045604550445,1,"B_IDLE",0,0,0333,0,0,07241d9,acc4acc4,c,9
2193,2193,0,001cb2d,3,1,0,0,0,0445,0344,0,1,1,0000,00e92d90,00000000000000000000000000000000,03330334034404550455045604550445,1,"B_IDLE",0,0,0333,0,0,07241d9,acc4acc4,c,9
2194,2194,0,001cb2d,3,1,0,0,0,0445,0344,0,1,1,0000,00e92d90,00000000000000000000000000000000,03330334034404550455045604550445,1,"B_IDLE",0,0,0333,0,0,07241d9,acc4acc4,c,9
2195,2195,0,001cb2d,3,1,0,0,0,0445,0344,0,1,1,0000,00e92d90,00000000000000000000000000000000,03330334034404550455045604550445,1,"B_IDLE",0,0,0333,0,0,07241d9,acc4acc4,c,9
2196,2196,0,001cb2d,3,1,0,0,0,0445,0344,0,1,1,0000,00e92d90,00000000000000000000000000000000,03330334034404550455045604550445,1,"B_IDLE",0,0,0333,0,0,07241d9,acc4acc4,c,9
2197,2197,0,001cb2d,3,1,0,0,0,0445,0344,0,1,1,0000,00e92d90,00000000000000000000000000000000,03330334034404550455045604550445,1,"B_IDLE",0,0,0333,0,0,07241d9,acc4acc4,c,9
2198,2198,0,001cb2d,3,1,0,0,0,0445,0344,0,1,1,0000,00e92d90,00000000000000000000000000000000,03330334034404550455045604550445,1,"B_IDLE",0,0,0333,0,0,07241d9,acc4acc4,c,9
2199,2199,0,001cb2d,3,1,0,0,0,0445,0344,0,1,1,0000,00e92d90,00000000000000000000000000000000,03330334034404550455045604550445,1,"B_IDLE",0,0,0333,0,0,07241d9,acc4acc4,c,9
2200,2200,0,001cb2d,3,1,0,0,0,0445,0344,0,1,1,0000,00e92d90,00000000000000000000000000000000,03330334034404550455045604550445,1,"B_IDLE",0,0,0333,0,0,07241d9,acc4acc4,c,9
2201,2201,0,001cb2d,3,1,0,0,0,0445,0344,0,1,1,0000,00e92d90,00000000000000000000000000000000,03330334034404550455045604550445,1,"B_IDLE",0,0,0333,0,0,07241d9,acc4acc4,c,9
2202,2202,0,001cb2d,3,1,4,0,0,0445,0344,0,1,1,0000,00e92d90,00000000000000000000000000000000,03330334034404550455045604550445,1,"B_IDLE",0,0,0333,0,0,07241d9,acc4acc4,c,9
2203,2203,0,001cb2d,1,1,3,1,1,0445,0344,0,1,1,0000,00e92d90,00000000000000000000000000000000,03330334034404550455045604550445,1,"B_IDLE",0,0,0333,0,0,07241d9,acc4acc4,c,9
2204,2204,0,001cb2d,1,1,3,1,1,0445,0344,0,1,1,0000,00e92d90,00000000000000000000000000000000,03330334034404550455045604550445,1,"B_IDLE",0,0,0333,0,0,07241d9,acc4acc4,c,9
2205,2205,0,001cb2d,1,1,1,1,1,0445,0344,0,1,1,0000,00e92d90,00000000000000000000000000000000,03330334034404550455045604550445,1,"B_IDLE",0,0,0333,0,0,07241d9,acc4acc4,c,9
2206,2206,0,001cb2d,1,1,4,1,1,0445,0344,0,1,1,0000,00e92d90,00000000000000000000000000000000,03330334034404550455045604550445,1,"B_IDLE",0,0,0333,0,0,07241d9,acc4acc4,c,9
2207,2207,0,001cb2d,1,1,3,1,1,0445,0344,0,1,1,0000,00e92d90,00000000000000000000000000000000,03330334034404550455045604550445,1,"B_IDLE",0,0,0333,0,0,07241d9,acc4acc4,c,9
2208,2208,0,001cb2d,1,1,3,1,1,0445,0344,0,1,1,0000,00e92d90,00000000000000000000000000000000,03330334034404550455045604550445,1,"B_IDLE",0,0,0333,0,0,07241d9,acc4acc4,c,9
2209,2209,0,001cb2d,1,1,1,1,1,0445,0344,0,1,1,0000,00e92d90,00000000000000000000000000000000,03330334034404550455045604550445,1,"B_IDLE",0,0,0333,0,0,07241d9,acc4acc4,c,9
2210,2210,0,001cb2d,1,1,4,1,1,0445,0344,0,1,1,0000,00e92d90,00000000000000000000000000000000,03330334034404550455045604550445,1,"B_IDLE",0,0,0333,0,0,07241d9,acc4acc4,c,9
2211,2211,0,001cb2d,1,1,3,1,1,0445,0344,0,1,1,0000,00e92d90,00000000000000000000000000000000,03330334034404550455045604550445,1,"B_IDLE",0,0,0333,0,0,07241d9,acc4acc4,c,9
2212,2212,0,001cb2d,1,1,3,1,1,0445,0344,0,1,1,0000,00e92d90,00000000000000000000000000000000,03330334034404550455045604550445,1,"B_IDLE",0,0,0333,0,0,07241d9,acc4acc4,c,9
2213,2213,0,001cb2d,1,1,1,1,1,0445,0344,0,1,1,0000,00e92d90,00000000000000000000000000000000,03330334034404550455045604550445,1,"B_IDLE",0,0,0333,0,0,07241d9,acc4acc4,c,9
2214,2214,0,001cb2d,1,1,4,1,1,0445,0344,0,1,1,0000,00e92d90,00000000000000000000000000000000,03330334034404550455045604550445,1,"B_IDLE",0,0,0333,0,0,07241d9,acc4acc4,c,9
2215,2215,0,001cb2d,1,1,3,1,1,0445,0344,0,1,1,0000,00e92d90,00000000000000000000000000000000,03330334034404550455045604550445,1,"B_IDLE",0,0,0333,0,0,07241d9,acc4acc4,c,9
2216,2216,0,001cb2d,1,1,3,1,1,0445,0344,0,1,1,0000,00e92d90,00000000000000000000000000000000,03330334034404550455045604550445,1,"B_IDLE",0,0,0333,0,0,07241d9,acc4acc4,c,9
2217,2217,0,001cb2d,1,1,1,1,1,0445,0344,0,1,1,0000,00e92d90,00000000000000000000000000000000,03330334034404550455045604550445,1,"B_IDLE",0,0,0333,0,0,07241d9,acc4acc4,c,9
2218,2218,0,001cb2d,1,1,4,1,1,0445,0344,0,1,1,0000,00e92d90,00000000000000000000000000000000,03330334034404550455045604550445,1,"B_IDLE",0,0,0333,0,0,07241d9,acc4acc4,c,9
2219,2219,0,001cb2d,1,1,3,1,1,0445,0344,0,1,1,0000,00e92d90,00000000000000000000000000000000,03330334034404550455045604550445,1,"B_IDLE",0,0,0333,0,0,07241d9,acc4acc4,c,9
2220,2220,0,001cb2d,1,1,3,1,1,0445,0344,0,1,1,0000,00e92d90,00000000000000000000000000000000,03330334034404550455045604550445,1,"B_IDLE",0,0,0333,0,0,07241d9,acc4acc4,c,9
2221,2221,0,001cb2d,1,1,1,1,1,0445,0344,0,1,1,0000,00e92d90,00000000000000000000000000000000,03330334034404550455045604550445,1,"B_IDLE",0,0,0333,0,0,07241d9,acc4acc4,c,9
2222,2222,0,001cb2d,1,1,4,1,1,0445,0344,0,1,1,0000,00e92d90,00000000000000000000000000000000,03330334034404550455045604550445,1,"B_IDLE",0,0,0333,0,0,07241d9,acc4acc4,c,9
2223,2223,0,001cb2d,1,1,3,1,1,0445,0344,0,1,1,0000,00e92d90,00000000000000000000000000000000,03330334034404550455045604550445,1,"B_IDLE",0,0,0333,0,0,07241d9,acc4acc4,c,9
2224,2224,0,001cb2d,1,1,3,1,1,0445,0344,0,1,1,0000,00e92d90,00000000000000000000000000000000,03330334034404550455045604550445,1,"B_IDLE",0,0,0333,0,0,07241d9,acc4acc4,c,9
2225,2225,0,001cb2d,1,1,1,1,1,0445,0344,0,1,1,0000,00e92d90,00000000000000000000000000000000,03330334034404550455045604550445,1,"B_IDLE",0,0,0333,0,0,07241d9,acc4acc4,c,9
2226,2226,0,001cb2d,1,1,4,1,1,0445,0344,0,1,1,0000,00e92d90,00000000000000000000000000000000,03330334034404550455045604550445,1,"B_IDLE",0,0,0333,0,0,07241d9,acc4acc4,c,9
2227,2227,0,001cb2d,1,1,3,1,1,0445,0344,0,1,1,0000,00e92d90,00000000000000000000000000000000,03330334034404550455045604550445,1,"B_IDLE",0,0,0333,0,0,07241d9,acc4acc4,c,9
2228,2228,0,001cb2d,1,1,3,1,1,0445,0344,0,1,1,0000,00e92d90,00000000000000000000000000000000,03330334034404550455045604550445,1,"B_IDLE",0,0,0333,0,0,07241d9,acc4acc4,c,9
2229,2229,0,001cb2d,1,1,1,1,1,0445,0344,0,1,1,0000,00e92d90,00000000000000000000000000000000,03330334034404550455045604550445,1,"B_IDLE",0,0,0333,0,0,07241d9,acc4acc4,c,9
2230,2230,0,001cb2d,1,1,4,1,1,0445,0344,0,1,1,0000,00e92d90,00000000000000000000000000000000,03330334034404550455045604550445,1,"B_IDLE",0,0,0333,0,0,07241d9,acc4acc4,c,9
2231,2231,0,001cb2d,1,1,3,1,1,0445,0344,0,1,1,0000,00e92d90,00000000000000000000000000000000,03330334034404550455045604550445,1,"B_IDLE",0,0,0333,0,0,07241d9,acc4acc4,c,9
2232,2232,0,001cb2d,1,1,3,1,1,0445,0344,0,1,1,0000,00e92d90,00000000000000000000000000000000,03330334034404550455045604550445,1,"B_IDLE",0,0,0333,0,0,07241d9,acc4acc4,c,9
2233,2233,0,001cb2d,1,1,1,1,1,0445,0344,0,1,1,0000,00e92d90,00000000000000000000000000000000,03330334034404550455045604550445,1,"B_IDLE",0,0,0333,0,0,07241d9,acc4acc4,c,9
2234,2234,0,001cb2d,1,1,4,1,1,0445,0344,0,1,1,0000,00e92d90,00000000000000000000000000000000,03330334034404550455045604550445,1,"B_IDLE",0,0,0333,0,0,07241d9,acc4acc4,c,9
2235,2235,0,001cb2d,1,1,3,1,1,0445,0344,0,1,1,0000,00e92d90,00000000000000000000000000000000,03330334034404550455045604550445,1,"B_IDLE",0,0,0333,0,0,07241d9,acc4acc4,c,9
2236,2236,0,001cb2d,1,1,3,1,1,0445,0344,0,1,1,0000,00e92d90,00000000000000000000000000000000,03330334034404550455045604550445,1,"B_IDLE",0,0,0333,0,0,07241d9,acc4acc4,c,9
2237,2237,0,001cb2d,1,1,1,1,1,0445,0344,0,1,1,0000,00e92d90,00000000000000000000000000000000,03330334034404550455045604550445,1,"B_IDLE",0,0,0333,0,0,07241d9,acc4acc4,c,9
2238,2238,0,001cb2d,1,1,4,1,1,0445,0344,0,1,1,0000,00e92d90,00000000000000000000000000000000,03330334034404550455045604550445,1,"B_IDLE",0,0,0333,0,0,07241d9,acc4acc4,c,9
2239,2239,0,001cb2d,1,1,3,1,1,0445,0344,0,1,1,0000,00e92d90,00000000000000000000000000000000,03330334034404550455045604550445,1,"B_IDLE",0,0,0333,0,0,07241d9,acc4acc4,c,9
2240,2240,0,001cb2d,1,1,3,1,1,0445,0344,0,1,1,0000,00e92d90,00000000000000000000000000000000,03330334034404550455045604550445,1,"B_IDLE",0,0,0333,0,0,07241d9,acc4acc4,c,9
2241,2241,0,001cb2d,1,1,1,1,1,0445,0344,0,1,1,0000,00e92d90,00000000000000000000000000000000,03330334034404550455045604550445,1,"B_IDLE",0,0,0333,0,0,07241d9,acc4acc4,c,9
2242,2242,0,001cb2d,1,1,4,1,1,0445,0344,0,1,1,0000,00e92d90,00000000000000000000000000000000,03330334034404550455045604550445,1,"B_IDLE",0,0,0333,0,0,07241d9,acc4acc4,c,9
2243,2243,0,001cb2d,1,1,3,1,1,0445,0344,0,1,1,0000,00e92d90,00000000000000000000000000000000,03330334034404550455045604550445,1,"B_IDLE",0,0,0333,0,0,07241d9,acc4acc4,c,9
2244,2244,0,001cb2d,1,1,3,1,1,0445,0344,0,1,1,0000,00e92d90,00000000000000000000000000000000,03330334034404550455045604550445,1,"B_IDLE",0,0,0333,0,0,07241d9,acc4acc4,c,9
2245,2245,0,001cb2d,1,1,1,1,1,0445,0344,0,1,1,0000,00e92d90,00000000000000000000000000000000,03330334034404550455045604550445,1,"B_IDLE",0,0,0333,0,0,07241d9,acc4acc4,c,9
2246,2246,0,001cb2d,1,1,4,1,1,0445,0344,0,1,1,0000,00e92d90,00000000000000000000000000000000,03330334034404550455045604550445,1,"B_IDLE",0,0,0333,0,0,07241d9,acc4acc4,c,9
2247,2247,0,001cb2d,1,1,3,1,1,0445,0344,0,1,1,0000,00e92d90,00000000000000000000000000000000,03330334034404550455045604550445,1,"B_IDLE",0,0,0333,0,0,07241d9,acc4acc4,c,9
2248,2248,0,001cb2d,1,1,3,1,1,0445,0344,0,1,1,0000,00e92d90,00000000000000000000000000000000,03330334034404550455045604550445,1,"B_IDLE",0,0,0333,0,0,07241d9,acc4acc4,c,9
2249,2249,0,001cb2d,1,1,1,1,1,0445,0344,0,1,1,0000,00e92d90,00000000000000000000000000000000,03330334034404550455045604550445,1,"B_IDLE",0,0,0333,0,0,07241d9,acc4acc4,c,9
2250,2250,0,001cb2d,1,1,4,1,1,0445,0344,0,1,1,0000,00e92d90,00000000000000000000000000000000,03330334034404550455045604550445,1,"B_IDLE",0,0,0333,0,0,07241d9,acc4acc4,c,9
2251,2251,0,001cb2d,1,1,3,1,1,0445,0344,0,1,1,0000,00e92d90,00000000000000000000000000000000,03330334034404550455045604550445,1,"B_IDLE",0,0,0333,0,0,07241d9,acc4acc4,c,9
2252,2252,0,001cb2d,1,1,3,1,1,0445,0344,0,1,1,0000,00e92d90,00000000000000000000000000000000,03330334034404550455045604550445,1,"B_IDLE",0,0,0333,0,0,07241d9,acc4acc4,c,9
2253,2253,0,001cb2d,1,1,1,1,1,0445,0344,0,1,1,0000,00e92d90,00000000000000000000000000000000,03330334034404550455045604550445,1,"B_IDLE",0,0,0333,0,0,07241d9,acc4acc4,c,9
2254,2254,0,001cb2d,1,1,4,1,1,0445,0344,0,1,1,0000,00e92d90,00000000000000000000000000000000,03330334034404550455045604550445,1,"B_IDLE",0,0,0333,0,0,07241d9,acc4acc4,c,9
2255,2255,0,001cb2d,1,1,3,1,1,0445,0344,0,1,1,0000,00e92d90,00000000000000000000000000000000,03330334034404550455045604550445,1,"B_IDLE",0,0,0333,0,0,07241d9,acc4acc4,c,9
2256,2256,0,001cb2d,1,1,3,1,1,0445,0344,0,1,1,0000,00e92d90,00000000000000000000000000000000,03330334034404550455045604550445,1,"B_IDLE",0,0,0333,0,0,07241d9,acc4acc4,c,9
2257,2257,0,001cb2d,1,1,1,1,1,0445,0344,0,1,1,0000,00e92d90,00000000000000000000000000000000,03330334034404550455045604550445,1,"B_IDLE",0,0,0333,0,0,07241d9,acc4acc4,c,9
2258,2258,0,001cb2d,1,1,4,1,1,0445,0344,0,1,1,0000,00e92d90,00000000000000000000000000000000,03330334034404550455045604550445,1,"B_IDLE",0,0,0333,0,0,07241d9,acc4acc4,c,9
2259,2259,0,001cb2d,1,1,3,1,1,0445,0344,0,1,1,0000,00e92d90,00000000000000000000000000000000,03330334034404550455045604550445,1,"B_IDLE",0,0,0333,0,0,07241d9,acc4acc4,c,9
2260,2260,0,001cb2d,1,1,3,1,1,0445,0344,0,1,1,0000,00e92d90,00000000000000000000000000000000,03330334034404550455045604550445,1,"B_IDLE",0,0,0333,0,0,07241d9,acc4acc4,c,9
2261,2261,0,001cb2d,1,1,1,1,1,0445,0344,0,1,1,0000,00e92d90,00000000000000000000000000000000,03330334034404550455045604550445,1,"B_IDLE",0,0,0333,0,0,07241d9,acc4acc4,c,9
2262,2262,0,001cb2d,1,1,4,1,1,0445,0344,0,1,1,0000,00e92d90,00000000000000000000000000000000,03330334034404550455045604550445,1,"B_IDLE",0,0,0333,0,0,07241d9,acc4acc4,c,9
2263,2263,0,001cb2d,1,1,3,1,1,0445,0344,0,1,1,0000,00e92d90,00000000000000000000000000000000,03330334034404550455045604550445,1,"B_IDLE",0,0,0333,0,0,07241d9,acc4acc4,c,9
2264,2264,0,001cb2d,1,1,3,1,1,0445,0344,0,1,1,0000,00e92d90,00000000000000000000000000000000,03330334034404550455045604550445,1,"B_IDLE",0,0,0333,0,0,07241d9,acc4acc4,c,9
2265,2265,0,001cb2d,1,1,1,1,1,0445,0344,0,1,1,0000,00e92d90,00000000000000000000000000000000,03330334034404550455045604550445,1,"B_IDLE",0,0,0333,0,0,07241d9,acc4acc4,c,9
2266,2266,0,001cb2d,1,1,4,1,1,0445,0344,0,1,1,0000,00e92d90,00000000000000000000000000000000,03330334034404550455045604550445,1,"B_IDLE",0,0,0333,0,0,07241d9,acc4acc4,c,9
2267,2267,0,0749678,2,1,3,0,0,0445,0344,0,1,1,0000,00e92d90,00000000000000000000000000000000,03330334034404550455045604550445,1,"B_IDLE",0,0,0333,0,0,07241d9,acc4acc4,c,9
2268,2268,0,0749678,2,1,3,0,0,0445,0445,0,1,1,0000,00e92d90,00000000000000000000000000000000,03330334034404550455045604550445,1,"B_IDLE",0,0,0333,0,0,07241d9,acc4acc4,c,9
2269,2269,0,0749678,2,1,1,0,0,0445,0445,0,1,1,0000,00e92d90,00000000000000000000000000000000,03330334034404550455045604550445,1,"B_IDLE",0,0,0333,0,0,07241d9,acc4acc4,c,9
2270,2270,0,0749678,2,0,0,0,0,0445,0445,0,1,1,0000,00e92d90,00000000000000000000000000000000,03330334034404550455045604550445,1,"B_IDLE",0,0,0333,0,0,07241d9,acc4acc4,c,9
2271,2271,0,0749678,2,0,0,0,0,0445,0445,0,1,1,0000,00e92d90,00000000000000000000000000000000,03330334034404550455045604550445,1,"B_IDLE",0,0,0333,0,0,07241d9,acc4acc4,c,9
2272,2272,0,0749678,2,0,0,0,0,0445,0445,0,1,1,0000,00e92d90,00000000000000000000000000000000,03330334034404550455045604550445,1,"B_IDLE",0,0,0333,0,0,07241d9,acc4acc4,c,9
2273,2273,0,0749678,2,0,0,0,0,0445,0411,1,1,1,0000,00e92d90,00000000000000000000000000000000,03330334034404550455045604550445,1,"B_IDLE",0,0,0333,0,0,07241d9,acc4acc4,c,9
2274,2274,0,0749678,2,0,4,0,0,0445,0411,1,1,1,0000,00e92d90,00000000000000000000000000000000,03330334034404550455045604550445,1,"B_IDLE",0,0,0333,0,0,07241d9,acc4acc4,c,9
2275,2275,0,0749678,1,1,3,1,1,0445,0411,1,1,1,0000,00e92d90,00000000000000000000000000000000,03330334034404550455045604550445,1,"B_IDLE",0,0,0333,0,0,07241d9,acc4acc4,c,9
2276,2276,0,0749678,1,1,3,1,1,0445,0411,0,1,1,0000,00e92d90,00000000000000000000000000000000,03330334034404550455045604550445,1,"B_IDLE",0,0,0333,0,0,07241d9,acc4acc4,c,9
2277,2277,0,0749678,1,1,1,1,1,0445,0411,0,1,1,0000,00e92d90,00000000000000000000000000000000,03330334034404550455045604550445,1,"B_IDLE",0,0,0333,0,0,07241d9,acc4acc4,c,9
2278,2278,0,0749678,1,1,4,1,1,0445,0411,0,1,1,0000,00e92d90,00000000000000000000000000000000,03330334034404550455045604550445,1,"B_IDLE",0,0,0333,0,0,07241d9,acc4acc4,c,9
2279,2279,0,0749678,1,1,3,1,1,0445,0411,0,1,1,0000,00e92d90,00000000000000000000000000000000,03330334034404550455045604550445,1,"B_IDLE",0,0,0333,0,0,07241d9,acc4acc4,c,9
2280,2280,0,0749678,1,1,3,1,1,0445,0411,0,1,1,0000,00e92d90,00000000000000000000000000000000,03330334034404550455045604550445,1,"B_IDLE",0,0,0333,0,0,07241d9,acc4acc4,c,9
2281,2281,0,0749678,1,1,1,1,1,0445,0411,0,1,1,0000,00e92d90,00000000000000000000000000000000,03330334034404550455045604550445,1,"B_IDLE",0,0,0333,0,0,07241d9,acc4acc4,c,9
2282,2282,0,0749678,1,1,4,1,1,0445,0411,0,1,1,0000,00e92d90,00000000000000000000000000000000,03330334034404550455045604550445,1,"B_IDLE",0,0,0333,0,0,07241d9,acc4acc4,c,9
2283,2283,0,0749678,1,1,3,1,1,0445,0411,0,1,1,0000,00e92d90,00000000000000000000000000000000,03330334034404550455045604550445,1,"B_IDLE",0,0,0333,0,0,07241d9,acc4acc4,c,9
2284,2284,0,0749678,1,1,3,1,1,0445,0411,0,1,1,0000,00e92d90,00000000000000000000000000000000,03330334034404550455045604550445,1,"B_IDLE",0,0,0333,0,0,07241d9,acc4acc4,c,9
2285,2285,0,0749678,1,1,1,1,1,0445,0411,0,1,1,0000,00e92d90,00000000000000000000000000000000,03330334034404550455045604550445,1,"B_IDLE",0,0,0333,0,0,07241d9,acc4acc4,c,9
2286,2286,0,0749678,1,1,4,1,1,0445,0411,0,1,1,0000,00e92d90,00000000000000000000000000000000,03330334034404550455045604550445,1,"B_IDLE",0,0,0333,0,0,07241d9,acc4acc4,c,9
2287,2287,0,0749678,1,1,3,1,1,0445,0411,0,1,1,0000,00e92d90,00000000000000000000000000000000,03330334034404550455045604550445,1,"B_IDLE",0,0,0333,0,0,07241d9,acc4acc4,c,9
2288,2288,0,0749678,1,1,3,1,1,0445,0411,0,1,1,0000,00e92d90,00000000000000000000000000000000,03330334034404550455045604550445,1,"B_IDLE",0,0,0333,0,0,07241d9,acc4acc4,c,9
2289,2289,0,0749678,1,1,1,1,1,0445,0411,0,1,1,0000,00e92d90,00000000000000000000000000000000,03330334034404550455045604550445,1,"B_IDLE",0,0,0333,0,0,07241d9,acc4acc4,c,9
2290,2290,0,0749678,1,1,4,1,1,0445,0411,0,1,1,0000,00e92d90,00000000000000000000000000000000,03330334034404550455045604550445,1,"B_IDLE",0,0,0333,0,0,07241d9,acc4acc4,c,9
2291,2291,0,0749678,1,1,3,1,1,0445,0411,0,1,1,0000,00e92d90,00000000000000000000000000000000,03330334034404550455045604550445,1,"B_IDLE",0,0,0333,0,0,07241d9,acc4acc4,c,9
2292,2292,0,0749678,1,1,3,1,1,0445,0411,0,1,1,0000,00e92d90,00000000000000000000000000000000,03330334034404550455045604550445,1,"B_IDLE",0,0,0333,0,0,07241d9,acc4acc4,c,9
2293,2293,0,0749678,1,1,1,1,1,0445,0411,0,1,1,0000,00e92d90,00000000000000000000000000000000,03330334034404550455045604550445,1,"B_IDLE",0,0,0333,0,0,07241d9,acc4acc4,c,9
2294,2294,0,0749678,1,1,4,1,1,0445,0411,0,1,1,0000,00e92d90,00000000000000000000000000000000,03330334034404550455045604550445,1,"B_IDLE",0,0,0333,0,0,07241d9,acc4acc4,c,9
2295,2295,0,0749678,1,1,3,1,1,0445,0411,0,1,1,0000,00e92d90,00000000000000000000000000000000,03330334034404550455045604550445,1,"B_IDLE",0,0,0333,0,0,07241d9,acc4acc4,c,9
2296,2296,0,0749678,1,1,3,1,1,0445,0411,0,1,1,0000,00e92d90,00000000000000000000000000000000,03330334034404550455045604550445,1,"B_IDLE",0,0,0333,0,0,07241d9,acc4acc4,c,9
2297,2297,0,0749678,1,1,1,1,1,0445,0411,0,1,1,0000,00e92d90,00000000000000000000000000000000,03330334034404550455045604550445,1,"B_IDLE",0,0,0333,0,0,07241d9,acc4acc4,c,9
2298,2298,0,0749678,1,1,4,1,1,0445,0411,0,1,1,0000,00e92d90,00000000000000000000000000000000,03330334034404550455045604550445,1,"B_IDLE",0,0,0333,0,0,07241d9,acc4acc4,c,9
2299,2299,0,0749678,1,1,3,1,1,0445,0411,0,1,1,0000,00e92d90,00000000000000000000000000000000,03330334034404550455045604550445,1,"B_IDLE",0,0,0333,0,0,07241d9,acc4acc4,c,9
2300,2300,0,0749678,1,1,3,1,1,0445,0411,0,1,1,0000,00e92d90,00000000000000000000000000000000,03330334034404550455045604550445,1,"B_IDLE",0,0,0333,0,0,07241d9,acc4acc4,c,9
2301,2301,0,0749678,1,1,1,1,1,0445,0411,0,1,1,0000,00e92d90,00000000000000000000000000000000,03330334034404550455045604550445,1,"B_IDLE",0,0,0333,0,0,07241d9,acc4acc4,c,9
2302,2302,0,0749678,1,1,4,1,1,0445,0411,0,1,1,0000,00e92d90,00000000000000000000000000000000,03330334034404550455045604550445,1,"B_IDLE",0,0,0333,0,0,07241d9,acc4acc4,c,9
2303,2303,0,0749678,1,1,3,1,1,0445,0411,0,1,1,0000,00e92d90,00000000000000000000000000000000,03330334034404550455045604550445,1,"B_IDLE",0,0,0333,0,0,07241d9,acc4acc4,c,9
2304,2304,0,0749678,1,1,3,1,1,0445,0411,0,1,1,0000,00e92d90,00000000000000000000000000000000,03330334034404550455045604550445,1,"B_IDLE",0,0,0333,0,0,07241d9,acc4acc4,c,9
2305,2305,0,0749678,1,1,1,1,1,0445,0411,0,1,1,0000,00e92d90,00000000000000000000000000000000,03330334034404550455045604550445,1,"B_IDLE",0,0,0333,0,0,07241d9,acc4acc4,c,9
2306,2306,0,0749678,1,1,4,1,1,0445,0411,0,1,1,0000,00e92d90,00000000000000000000000000000000,03330334034404550455045604550445,1,"B_IDLE",0,0,0333,0,0,07241d9,acc4acc4,c,9
2307,2307,0,0749678,1,1,3,1,1,0445,0411,0,1,1,0000,00e92d90,00000000000000000000000000000000,03330334034404550455045604550445,1,"B_IDLE",0,0,0333,0,0,07241d9,acc4acc4,c,9
2308,2308,0,0749678,1,1,3,1,1,0445,0411,0,1,1,0000,00e92d90,00000000000000000000000000000000,03330334034404550455045604550445,1,"B_IDLE",0,0,0333,0,0,07241d9,acc4acc4,c,9
2309,2309,0,0749678,1,1,1,1,1,0445,0411,0,1,1,0000,00e92d90,00000000000000000000000000000000,03330334034404550455045604550445,1,"B_IDLE",0,0,0333,0,0,07241d9,acc4acc4,c,9
2310,2310,0,0749678,1,1,4,1,1,0445,0411,0,1,1,0000,00e92d90,00000000000000000000000000000000,03330334034404550455045604550445,1,"B_IDLE",0,0,0333,0,0,07241d9,acc4acc4,c,9
2311,2311,0,0749678,1,1,3,1,1,0445,0411,0,1,1,0000,00e92d90,00000000000000000000000000000000,03330334034404550455045604550445,1,"B_IDLE",0,0,0333,0,0,07241d9,acc4acc4,c,9
2312,2312,0,0749678,1,1,3,1,1,0445,0411,0,1,1,0000,00e92d90,00000000000000000000000000000000,03330334034404550455045604550445,1,"B_IDLE",0,0,0333,0,0,07241d9,acc4acc4,c,9
2313,2313,0,0749678,1,1,1,1,1,0445,0411,0,1,1,0000,00e92d90,00000000000000000000000000000000,03330334034404550455045604550445,1,"B_IDLE",0,0,0333,0,0,07241d9,acc4acc4,c,9
2314,2314,0,0749678,1,1,4,1,1,0445,0411,0,1,1,0000,00e92d90,00000000000000000000000000000000,03330334034404550455045604550445,1,"B_IDLE",0,0,0333,0,0,07241d9,acc4acc4,c,9
2315,2315,0,0749678,1,1,3,1,1,0445,0411,0,1,1,0000,00e92d90,00000000000000000000000000000000,03330334034404550455045604550445,1,"B_IDLE",0,0,0333,0,0,07241d9,acc4acc4,c,9
2316,2316,0,0749678,1,1,3,1,1,0445,0411,0,1,1,0000,00e92d90,00000000000000000000000000000000,03330334034404550455045604550445,1,"B_IDLE",0,0,0333,0,0,07241d9,acc4acc4,c,9
2317,2317,0,0749678,1,1,1,1,1,0445,0411,0,1,1,0000,00e92d90,00000000000000000000000000000000,03330334034404550455045604550445,1,"B_IDLE",0,0,0333,0,0,07241d9,acc4acc4,c,9
2318,2318,0,0749678,1,1,4,1,1,0445,0411,0,1,1,0000,00e92d90,00000000000000000000000000000000,03330334034404550455045604550445,1,"B_IDLE",0,0,0333,0,0,07241d9,acc4acc4,c,9
2319,2319,0,001c9fb,3,1,3,0,0,0411,0411,0,1,1,0000,00e92d90,00000000000000000000000000000000,03330334034404550455045604550445,1,"B_IDLE",0,0,0333,0,0,07241d9,acc4acc4,c,9
2320,2320,0,001c9fb,3,1,3,0,0,0411,0423,0,1,1,0000,00e92d90,00000000000000000000000000000000,03330334034404550455045604550445,1,"B_IDLE",0,0,0333,0,0,07241d9,acc4acc4,c,9
2321,2321,0,001c9fb,3,1,1,0,0,0411,0423,0,1,1,0000,00e92d90,00000000000000000000000000000000,03330334034404550455045604550445,1,"B_IDLE",0,0,0333,0,0,07241d9,acc4acc4,c,9
2322,2322,0,001c9fb,3,1,0,0,0,0411,0423,0,1,1,0000,00e92d90,00000000000000000000000000000000,03330334034404550455045604550445,1,"B_IDLE",0,0,0333,0,0,07241d9,acc4acc4,c,9
2323,2323,0,001c9fb,3,1,0,0,0,0411,0423,0,1,1,0000,00e92d90,00000000000000000000000000000000,03330334034404550455045604550445,1,"B_IDLE",0,0,0333,0,0,07241d9,acc4acc4,c,9
2324,2324,0,001c9fb,3,1,0,0,0,0411,0423,0,1,1,0000,00e92d90,00000000000000000000000000000000,03330334034404550455045604550445,1,"B_IDLE",0,0,0333,0,0,07241d9,acc4acc4,c,9
2325,2325,0,001c9fb,3,1,0,0,0,0411,0423,0,1,1,0000,00e92d90,00000000000000000000000000000000,03330334034404550455045604550445,1,"B_IDLE",0,0,0333,0,0,07241d9,acc4acc4,c,9
2326,2326,0,001c9fb,3,1,0,0,0,0411,0423,0,1,1,0000,00e92d90,00000000000000000000000000000000,03330334034404550455045604550445,1,"B_IDLE",0,0,0333,0,0,07241d9,acc4acc4,c,9
2327,2327,0,001c9fb,3,1,0,0,0,0411,0423,0,1,1,0000,00e92d90,00000000000000000000000000000000,03330334034404550455045604550445,1,"B_IDLE",0,0,0333,0,0,07241d9,acc4acc4,c,9
2328,2328,0,001c9fb,3,1,0,0,0,0411,0423,0,1,1,0000,00e92d90,00000000000000000000000000000000,03330334034404550455045604550445,1,"B_IDLE",0,0,0333,0,0,07241d9,acc4acc4,c,9
2329,2329,0,001c9fb,3,1,0,0,0,0411,0423,0,1,1,0000,00e92d90,00000000000000000000000000000000,03330334034404550455045604550445,1,"B_IDLE",0,0,0333,0,0,07241d9,acc4acc4,c,9
2330,2330,0,001c9fb,3,1,0,0,0,0411,0423,0,1,1,0000,00e92d90,00000000000000000000000000000000,03330334034404550455045604550445,1,"B_IDLE",0,0,0333,0,0,07241d9,acc4acc4,c,9
2331,2331,0,001c9fb,3,1,0,0,0,0411,0423,0,1,1,0000,00e92d90,00000000000000000000000000000000,03330334034404550455045604550445,1,"B_IDLE",0,0,0333,0,0,07241d9,acc4acc4,c,9
2332,2332,0,001c9fb,3,1,0,0,0,0411,0423,0,1,1,0000,00e92d90,00000000000000000000000000000000,03330334034404550455045604550445,1,"B_IDLE",0,0,0333,0,0,07241d9,acc4acc4,c,9
2333,2333,0,001c9fb,3,1,0,0,0,0411,0423,0,1,1,0000,00e92d90,00000000000000000000000000000000,03330334034404550455045604550445,1,"B_IDLE",0,0,0333,0,0,07241d9,acc4acc4,c,9
2334,2334,0,001c9fb,3,1,0,0,0,0411,0423,0,1,1,0000,00e92d90,00000000000000000000000000000000,03330334034404550455045604550445,1,"B_IDLE",0,0,0333,0,0,07241d9,acc4acc4,c,9
2335,2335,0,001c9fb,3,1,0,0,0,0411,0423,0,1,1,0000,00e92d90,00000000000000000000000000000000,03330334034404550455045604550445,1,"B_IDLE",0,0,0333,0,0,07241d9,acc4acc4,c,9
2336,2336,0,001c9fb,3,1,0,0,0,0411,0423,0,1,1,0000,00e92d90,00000000000000000000000000000000,03330334034404550455045604550445,1,"B_IDLE",0,0,0333,0,0,07241d9,acc4acc4,c,9
2337,2337,0,001c9fb,3,1,0,0,0,0411,0423,0,1,1,0000,00e92d90,00000000000000000000000000000000,03330334034404550455045604550445,1,"B_IDLE",0,0,0333,0,0,07241d9,acc4acc4,c,9
2338,2338,0,001c9fb,3,1,0,0,0,0411,0423,0,1,1,0000,00e92d90,00000000000000000000000000000000,03330334034404550455045604550445,1,"B_IDLE",0,0,0333,0,0,07241d9,acc4acc4,c,9
2339,2339,0,001c9fb,3,1,0,0,0,0411,0423,0,1,1,0000,00e92d90,00000000000000000000000000000000,03330334034404550455045604550445,1,"B_IDLE",0,0,0333,0,0,07241d9,acc4acc4,c,9
2340,2340,0,001c9fb,3,1,0,0,0,0411,0423,0,1,1,0000,00e92d90,00000000000000000000000000000000,03330334034404550455045604550445,1,"B_IDLE",0,0,0333,0,0,07241d9,acc4acc4,c,9
2341,2341,0,001c9fb,3,1,0,0,0,0411,0423,0,1,1,0000,00e92d90,00000000000000000000000000000000,03330334034404550455045604550445,1,"B_IDLE",0,0,0333,0,0,07241d9,acc4acc4,c,9
2342,2342,0,001c9fb,3,1,0,0,0,0411,0423,0,1,1,0000,00e92d90,00000000000000000000000000000000,03330334034404550455045604550445,1,"B_IDLE",0,0,0333,0,0,07241d9,acc4acc4,c,9
2343,2343,0,001c9fb,3,1,0,0,0,0411,0423,0,1,1,0000,00e92d90,00000000000000000000000000000000,03330334034404550455045604550445,1,"B_IDLE",0,0,0333,0,0,07241d9,acc4acc4,c,9
2344,2344,0,001c9fb,3,1,0,0,0,0411,0423,0,1,1,0000,00e92d90,00000000000000000000000000000000,03330334034404550455045604550445,1,"B_IDLE",0,0,0333,0,0,07241d9,acc4acc4,c,9
2345,2345,0,001c9fb,3,1,0,0,0,0411,0423,0,1,1,0000,00e92d90,00000000000000000000000000000000,03330334034404550455045604550445,1,"B_IDLE",0,0,0333,0,0,07241d9,acc4acc4,c,9
2346,2346,0,001c9fb,3,1,0,0,0,0411,0423,0,1,1,0000,00e92d90,00000000000000000000000000000000,03330334034404550455045604550445,1,"B_IDLE",0,0,0333,0,0,07241d9,acc4acc4,c,9
2347,2347,0,001c9fb,3,1,0,0,0,0411,0423,0,1,1,0000,00e92d90,00000000000000000000000000000000,03330334034404550455045604550445,1,"B_IDLE",0,0,0333,0,0,07241d9,acc4acc4,c,9
2348,2348,0,001c9fb,3,1,0,0,0,0411,0423,0,1,1,0000,00e92d90,00000000000000000000000000000000,03330334034404550455045604550445,1,"B_IDLE",0,0,0333,0,0,07241d9,acc4acc4,c,9
2349,2349,0,001c9fb,3,1,0,0,0,0411,0423,0,1,1,0000,00e92d90,00000000000000000000000000000000,03330334034404550455045604550445,1,"B_IDLE",0,0,0333,0,0,07241d9,acc4acc4,c,9
2350,2350,0,001c9fb,3,1,0,0,0,0411,0423,0,1,1,0000,00e92d90,00000000000000000000000000000000,03330334034404550455045604550445,1,"B_IDLE",0,0,0333,0,0,07241d9,acc4acc4,c,9
2351,2351,0,001c9fb,3,1,0,0,0,0411,0423,0,1,1,0000,00e92d90,00000000000000000000000000000000,03330334034404550455045604550445,1,"B_IDLE",0,0,0333,0,0,07241d9,acc4acc4,c,9
2352,2352,0,001c9fb,3,1,0,0,0,0411,0423,0,1,1,0000,00e92d90,00000000000000000000000000000000,03330334034404550455045604550445,1,"B_IDLE",0,0,0333,0,0,07241d9,acc4acc4,c,9
2353,2353,0,001c9fb,3,1,0,0,0,0411,0423,0,1,1,0000,00e92d90,00000000000000000000000000000000,03330334034404550455045604550445,1,"B_IDLE",0,0,0333,0,0,07241d9,acc4acc4,c,9
2354,2354,0,001c9fb,3,1,0,0,0,0411,0423,0,1,1,0000,00e92d90,00000000000000000000000000000000,03330334034404550455045604550445,1,"B_IDLE",0,0,0333,0,0,07241d9,acc4acc4,c,9
2355,2355,0,001c9fb,3,1,0,0,0,0411,0423,0,1,1,0000,00e92d90,00000000000000000000000000000000,03330334034404550455045604550445,1,"B_IDLE",0,0,0333,0,0,07241d9,acc4acc4,c,9
2356,2356,0,001c9fb,3,1,0,0,0,0411,0423,0,1,1,0000,00e92d90,00000000000000000000000000000000,03330334034404550455045604550445,1,"B_IDLE",0,0,0333,0,0,07241d9,acc4acc4,c,9
2357,2357,0,001c9fb,3,1,0,0,0,0411,0423,0,1,1,0000,00e92d90,00000000000000000000000000000000,03330334034404550455045604550445,1,"B_IDLE",0,0,0333,0,0,07241d9,acc4acc4,c,9
2358,2358,0,001c9fb,3,1,0,0,0,0411,0423,0,1,1,0000,00e92d90,00000000000000000000000000000000,03330334034404550455045604550445,1,"B_IDLE",0,0,0333,0,0,07241d9,acc4acc4,c,9
2359,2359,0,001c9fb,3,1,0,0,0,0411,0423,0,1,1,0000,00e92d90,00000000000000000000000000000000,03330334034404550455045604550445,1,"B_IDLE",0,0,0333,0,0,07241d9,acc4acc4,c,9
2360,2360,0,001c9fb,3,1,0,0,0,0411,0423,0,1,1,0000,00e92d90,00000000000000000000000000000000,03330334034404550455045604550445,1,"B_IDLE",0,0,0333,0,0,07241d9,acc4acc4,c,9
2361,2361,0,001c9fb,3,1,0,0,0,0411,0423,0,1,1,0000,00e92d90,00000000000000000000000000000000,03330334034404550455045604550445,1,"B_IDLE",0,0,0333,0,0,07241d9,acc4acc4,c,9
2362,2362,0,001c9fb,3,1,0,0,0,0411,0423,0,1,1,0000,00e92d90,00000000000000000000000000000000,03330334034404550455045604550445,1,"B_IDLE",0,0,0333,0,0,07241d9,acc4acc4,c,9
2363,2363,0,001c9fb,3,1,0,0,0,0411,0423,0,1,1,0000,00e92d90,00000000000000000000000000000000,03330334034404550455045604550445,1,"B_IDLE",0,0,0333,0,0,07241d9,acc4acc4,c,9
2364,2364,0,001c9fb,3,1,0,0,0,0411,0423,0,1,1,0000,00e92d90,00000000000000000000000000000000,03330334034404550455045604550445,1,"B_IDLE",0,0,0333,0,0,07241d9,acc4acc4,c,9
2365,2365,0,001c9fb,3,1,0,0,0,0411,0423,0,1,1,0000,00e92d90,00000000000000000000000000000000,03330334034404550455045604550445,1,"B_IDLE",0,0,0333,0,0,07241d9,acc4acc4,c,9
2366,2366,0,001c9fb,3,1,0,0,0,0411,0423,0,1,1,0000,00e92d90,00000000000000000000000000000000,03330334034404550455045604550445,1,"B_IDLE",0,0,0333,0,0,07241d9,acc4acc4,c,9
2367,2367,0,001c9fb,3,1,0,0,0,0411,0423,0,1,1,0000,00e92d90,00000000000000000000000000000000,03330334034404550455045604550445,1,"B_IDLE",0,0,0333,0,0,07241d9,acc4acc4,c,9
2368,2368,0,001c9fb,3,1,0,0,0,0411,0423,0,1,1,0000,00e92d90,00000000000000000000000000000000,03330334034404550455045604550445,1,"B_IDLE",0,0,0333,0,0,07241d9,acc4acc4,c,9
2369,2369,0,001c9fb,3,1,0,0,0,0411,0423,0,1,1,0000,00e92d90,00000000000000000000000000000000,03330334034404550455045604550445,1,"B_IDLE",0,0,0333,0,0,07241d9,acc4acc4,c,9
2370,2370,0,001c9fb,3,1,0,0,0,0411,0423,0,1,1,0000,00e92d90,00000000000000000000000000000000,03330334034404550455045604550445,1,"B_IDLE",0,0,0333,0,0,07241d9,acc4acc4,c,9
2371,2371,0,001c9fb,3,1,0,0,0,0411,0423,0,1,1,0000,00e92d90,00000000000000000000000000000000,03330334034404550455045604550445,1,"B_IDLE",0,0,0333,0,0,07241d9,acc4acc4,c,9
2372,2372,0,001c9fb,3,1,0,0,0,0411,0423,0,1,1,0000,00e92d90,00000000000000000000000000000000,03330334034404550455045604550445,1,"B_IDLE",0,0,0333,0,0,07241d9,acc4acc4,c,9
2373,2373,0,001c9fb,3,1,0,0,0,0411,0423,0,1,1,0000,00e92d90,00000000000000000000000000000000,03330334034404550455045604550445,1,"B_IDLE",0,0,0333,0,0,07241d9,acc4acc4,c,9
2374,2374,0,001c9fb,3,1,0,0,0,0411,0423,0,1,1,0000,00e92d90,00000000000000000000000000000000,03330334034404550455045604550445,1,"B_IDLE",0,0,0333,0,0,07241d9,acc4acc4,c,9
2375,2375,0,001c9fb,3,1,0,0,0,0411,0423,0,1,1,0000,00e92d90,00000000000000000000000000000000,03330334034404550455045604550445,1,"B_IDLE",0,0,0333,0,0,07241d9,acc4acc4,c,9
2376,2376,0,001c9fb,3,1,0,0,0,0411,0423,0,1,1,0000,00e92d90,00000000000000000000000000000000,03330334034404550455045604550445,1,"B_IDLE",0,0,0333,0,0,07241d9,acc4acc4,c,9
2377,2377,0,001c9fb,3,1,0,0,0,0411,0423,0,1,1,0000,00e92d90,00000000000000000000000000000000,03330334034404550455045604550445,1,"B_IDLE",0,0,0333,0,0,07241d9,acc4acc4,c,9
2378,2378,0,001c9fb,3,1,0,0,0,0411,0423,0,1,1,0000,00e92d90,00000000000000000000000000000000,03330334034404550455045604550445,1,"B_IDLE",0,0,0333,0,0,07241d9,acc4acc4,c,9
2379,2379,0,001c9fb,3,1,0,0,0,0411,0423,0,1,1,0000,00e92d90,00000000000000000000000000000000,03330334034404550455045604550445,1,"B_IDLE",0,0,0333,0,0,07241d9,acc4acc4,c,9
2380,2380,0,001c9fb,3,1,0,0,0,0411,0423,0,1,1,0000,00e92d90,00000000000000000000000000000000,03330334034404550455045604550445,1,"B_IDLE",0,0,0333,0,0,07241d9,acc4acc4,c,9
2381,2381,0,001c9fb,3,1,0,0,0,0411,0423,0,1,1,0000,00e92d90,00000000000000000000000000000000,03330334034404550455045604550445,1,"B_IDLE",0,0,0333,0,0,07241d9,acc4acc4,c,9
2382,2382,0,001c9fb,3,1,0,0,0,0411,0423,0,1,1,0000,00e92d90,00000000000000000000000000000000,03330334034404550455045604550445,1,"B_IDLE",0,0,0333,0,0,07241d9,acc4acc4,c,9
2383,2383,0,001c9fb,3,1,0,0,0,0411,0423,0,1,1,0000,00e92d90,00000000000000000000000000000000,03330334034404550455045604550445,1,"B_IDLE",0,0,0333,0,0,07241d9,acc4acc4,c,9
2384,2384,0,001c9fb,3,1,0,0,0,0411,0423,0,1,1,0000,00e92d90,00000000000000000000000000000000,03330334034404550455045604550445,1,"B_IDLE",0,0,0333,0,0,07241d9,acc4acc4,c,9
2385,2385,0,001c9fb,3,1,0,0,0,0411,0423,0,1,1,0000,00e92d90,00000000000000000000000000000000,03330334034404550455045604550445,1,"B_IDLE",0,0,0333,0,0,07241d9,acc4acc4,c,9
2386,2386,0,001c9fb,3,1,0,0,0,0411,0423,0,1,1,0000,00e92d90,00000000000000000000000000000000,03330334034404550455045604550445,1,"B_IDLE",0,0,0333,0,0,07241d9,acc4acc4,c,9
2387,2387,0,001c9fb,3,1,0,0,0,0411,0423,0,1,1,0000,00e92d90,00000000000000000000000000000000,03330334034404550455045604550445,1,"B_IDLE",0,0,0333,0,0,07241d9,acc4acc4,c,9
2388,2388,0,001c9fb,3,1,0,0,0,0411,0423,0,1,1,0000,00e92d90,00000000000000000000000000000000,03330334034404550455045604550445,1,"B_IDLE",0,0,0333,0,0,07241d9,acc4acc4,c,9
2389,2389,0,001c9fb,3,1,0,0,0,0411,0423,0,1,1,0000,00e92d90,00000000000000000000000000000000,03330334034404550455045604550445,1,"B_IDLE",0,0,0333,0,0,07241d9,acc4acc4,c,9
2390,2390,0,001c9fb,3,1,0,0,0,0411,0423,0,1,1,0000,00e92d90,00000000000000000000000000000000,03330334034404550455045604550445,1,"B_IDLE",0,0,0333,0,0,07241d9,acc4acc4,c,9
2391,2391,0,001c9fb,3,1,0,0,0,0411,0423,0,1,1,0000,00e92d90,00000000000000000000000000000000,03330334034404550455045604550445,1,"B_IDLE",0,0,0333,0,0,07241d9,acc4acc4,c,9
2392,2392,0,001c9fb,3,1,0,0,0,0411,0423,0,1,1,0000,00e92d90,00000000000000000000000000000000,03330334034404550455045604550445,1,"B_IDLE",0,0,0333,0,0,07241d9,acc4acc4,c,9
2393,2393,0,001c9fb,3,1,0,0,0,0411,0423,0,1,1,0000,00e92d90,00000000000000000000000000000000,03330334034404550455045604550445,1,"B_IDLE",0,0,0333,0,0,07241d9,acc4acc4,c,9
2394,2394,0,001c9fb,3,1,4,0,0,0411,0423,0,1,1,0000,00e92d90,00000000000000000000000000000000,03330334034404550455045604550445,1,"B_IDLE",0,0,0333,0,0,07241d9,acc4acc4,c,9
2395,2395,0,001c9fb,1,1,3,1,1,0411,0423,0,1,1,0000,00e92d90,00000000000000000000000000000000,03330334034404550455045604550445,1,"B_IDLE",0,0,0333,0,0,07241d9,acc4acc4,c,9
2396,2396,0,001c9fb,1,1,3,1,1,0411,0423,0,1,1,0000,00e92d90,00000000000000000000000000000000,03330334034404550455045604550445,1,"B_IDLE",0,0,0333,0,0,07241d9,acc4acc4,c,9
2397,2397,0,001c9fb,1,1,1,1,1,0411,0423,0,1,1,0000,00e92d90,00000000000000000000000000000000,03330334034404550455045604550445,1,"B_IDLE",0,0,0333,0,0,07241d9,acc4acc4,c,9
2398,2398,0,001c9fb,1,1,4,1,1,0411,0423,0,1,1,0000,00e92d90,00000000000000000000000000000000,03330334034404550455045604550445,1,"B_IDLE",0,0,0333,0,0,07241d9,acc4acc4,c,9
2399,2399,0,001c9fb,1,1,3,1,1,0411,0423,0,1,1,0000,00e92d90,00000000000000000000000000000000,03330334034404550455045604550445,1,"B_IDLE",0,0,0333,0,0,07241d9,acc4acc4,c,9
2400,2400,0,001c9fb,1,1,3,1,1,0411,0423,0,1,1,0000,00e92d90,00000000000000000000000000000000,03330334034404550455045604550445,1,"B_IDLE",0,0,0333,0,0,07241d9,acc4acc4,c,9
2401,2401,0,001c9fb,1,1,1,1,1,0411,0423,0,1,1,0000,00e92d90,00000000000000000000000000000000,03330334034404550455045604550445,1,"B_IDLE",0,0,0333,0,0,07241d9,acc4acc4,c,9
2402,2402,0,001c9fb,1,1,4,1,1,0411,0423,0,1,1,0000,00e92d90,00000000000000000000000000000000,03330334034404550455045604550445,1,"B_IDLE",0,0,0333,0,0,07241d9,acc4acc4,c,9
2403,2403,0,001c9fb,1,1,3,1,1,0411,0423,0,1,1,0000,00e92d90,00000000000000000000000000000000,03330334034404550455045604550445,1,"B_IDLE",0,0,0333,0,0,07241d9,acc4acc4,c,9
2404,2404,0,001c9fb,1,1,3,1,1,0411,0423,0,1,1,0000,00e92d90,00000000000000000000000000000000,03330334034404550455045604550445,1,"B_IDLE",0,0,0333,0,0,07241d9,acc4acc4,c,9
2405,2405,0,001c9fb,1,1,1,1,1,0411,0423,0,1,1,0000,00e92d90,00000000000000000000000000000000,03330334034404550455045604550445,1,"B_IDLE",0,0,0333,0,0,07241d9,acc4acc4,c,9
2406,2406,0,001c9fb,1,1,4,1,1,0411,0423,0,1,1,0000,00e92d90,00000000000000000000000000000000,03330334034404550455045604550445,1,"B_IDLE",0,0,0333,0,0,07241d9,acc4acc4,c,9
2407,2407,0,001c9fb,1,1,3,1,1,0411,0423,0,1,1,0000,00e92d90,00000000000000000000000000000000,03330334034404550455045604550445,1,"B_IDLE",0,0,0333,0,0,07241d9,acc4acc4,c,9
2408,2408,0,001c9fb,1,1,3,1,1,0411,0423,0,1,1,0000,00e92d90,00000000000000000000000000000000,03330334034404550455045604550445,1,"B_IDLE",0,0,0333,0,0,07241d9,acc4acc4,c,9
2409,2409,0,001c9fb,1,1,1,1,1,0411,0423,0,1,1,0000,00e92d90,00000000000000000000000000000000,03330334034404550455045604550445,1,"B_IDLE",0,0,0333,0,0,07241d9,acc4acc4,c,9
2410,2410,0,001c9fb,1,1,4,1,1,0411,0423,0,1,1,0000,00e92d90,00000000000000000000000000000000,03330334034404550455045604550445,1,"B_IDLE",0,0,0333,0,0,07241d9,acc4acc4,c,9
2411,2411,0,001c9fb,1,1,3,1,1,0411,0423,0,1,1,0000,00e92d90,00000000000000000000000000000000,03330334034404550455045604550445,1,"B_IDLE",0,0,0333,0,0,07241d9,acc4acc4,c,9
2412,2412,0,001c9fb,1,1,3,1,1,0411,0423,0,1,1,0000,00e92d90,00000000000000000000000000000000,03330334034404550455045604550445,1,"B_IDLE",0,0,0333,0,0,07241d9,acc4acc4,c,9
2413,2413,0,001c9fb,1,1,1,1,1,0411,0423,0,1,1,0000,00e92d90,00000000000000000000000000000000,03330334034404550455045604550445,1,"B_IDLE",0,0,0333,0,0,07241d9,acc4acc4,c,9
2414,2414,0,001c9fb,1,1,4,1,1,0411,0423,0,1,1,0000,00e92d90,00000000000000000000000000000000,03330334034404550455045604550445,1,"B_IDLE",0,0,0333,0,0,07241d9,acc4acc4,c,9
2415,2415,0,001c9fb,1,1,3,1,1,0411,0423,0,1,1,0000,00e92d90,00000000000000000000000000000000,03330334034404550455045604550445,1,"B_IDLE",0,0,0333,0,0,07241d9,acc4acc4,c,9
2416,2416,0,001c9fb,1,1,3,1,1,0411,0423,0,1,1,0000,00e92d90,00000000000000000000000000000000,03330334034404550455045604550445,1,"B_IDLE",0,0,0333,0,0,07241d9,acc4acc4,c,9
2417,2417,0,001c9fb,1,1,1,1,1,0411,0423,0,1,1,0000,00e92d90,00000000000000000000000000000000,03330334034404550455045604550445,1,"B_IDLE",0,0,0333,0,0,07241d9,acc4acc4,c,9
2418,2418,0,001c9fb,1,1,4,1,1,0411,0423,0,1,1,0000,00e92d90,00000000000000000000000000000000,03330334034404550455045604550445,1,"B_IDLE",0,0,0333,0,0,07241d9,acc4acc4,c,9
2419,2419,0,001c9fb,1,1,3,1,1,0411,0423,0,1,1,0000,00e92d90,00000000000000000000000000000000,03330334034404550455045604550445,1,"B_IDLE",0,0,0333,0,0,07241d9,acc4acc4,c,9
2420,2420,0,001c9fb,1,1,3,1,1,0411,0423,0,1,1,0000,00e92d90,00000000000000000000000000000000,03330334034404550455045604550445,1,"B_IDLE",0,0,0333,0,0,07241d9,acc4acc4,c,9
2421,2421,0,001c9fb,1,1,1,1,1,0411,0423,0,1,1,0000,00e92d90,00000000000000000000000000000000,03330334034404550455045604550445,1,"B_IDLE",0,0,0333,0,0,07241d9,acc4acc4,c,9
2422,2422,0,001c9fb,1,1,4,1,1,0411,0423,0,1,1,0000,00e92d90,00000000000000000000000000000000,03330334034404550455045604550445,1,"B_IDLE",0,0,0333,0,0,07241d9,acc4acc4,c,9
2423,2423,0,001c9fb,1,1,3,1,1,0411,0423,0,1,1,0000,00e92d90,00000000000000000000000000000000,03330334034404550455045604550445,1,"B_IDLE",0,0,0333,0,0,07241d9,acc4acc4,c,9
2424,2424,0,001c9fb,1,1,3,1,1,0411,0423,0,1,1,0000,00e92d90,00000000000000000000000000000000,03330334034404550455045604550445,1,"B_IDLE",0,0,0333,0,0,07241d9,acc4acc4,c,9
2425,2425,0,001c9fb,1,1,1,1,1,0411,0423,0,1,1,0000,00e92d90,00000000000000000000000000000000,03330334034404550455045604550445,1,"B_IDLE",0,0,0333,0,0,07241d9,acc4acc4,c,9
2426,2426,0,001c9fb,1,1,4,1,1,0411,0423,0,1,1,0000,00e92d90,00000000000000000000000000000000,03330334034404550455045604550445,1,"B_IDLE",0,0,0333,0,0,07241d9,acc4acc4,c,9
2427,2427,0,001c9fb,1,1,3,1,1,0411,0423,0,1,1,0000,00e92d90,00000000000000000000000000000000,03330334034404550455045604550445,1,"B_IDLE",0,0,0333,0,0,07241d9,acc4acc4,c,9
2428,2428,0,001c9fb,1,1,3,1,1,0411,0423,0,1,1,0000,00e92d90,00000000000000000000000000000000,03330334034404550455045604550445,1,"B_IDLE",0,0,0333,0,0,07241d9,acc4acc4,c,9
2429,2429,0,001c9fb,1,1,1,1,1,0411,0423,0,1,1,0000,00e92d90,00000000000000000000000000000000,03330334034404550455045604550445,1,"B_IDLE",0,0,0333,0,0,07241d9,acc4acc4,c,9
2430,2430,0,001c9fb,1,1,4,1,1,0411,0423,0,1,1,0000,00e92d90,00000000000000000000000000000000,03330334034404550455045604550445,1,"B_IDLE",0,0,0333,0,0,07241d9,acc4acc4,c,9
2431,2431,0,001c9fb,1,1,3,1,1,0411,0423,0,1,1,0000,00e92d90,00000000000000000000000000000000,03330334034404550455045604550445,1,"B_IDLE",0,0,0333,0,0,07241d9,acc4acc4,c,9
2432,2432,0,001c9fb,1,1,3,1,1,0411,0423,0,1,1,0000,00e92d90,00000000000000000000000000000000,03330334034404550455045604550445,1,"B_IDLE",0,0,0333,0,0,07241d9,acc4acc4,c,9
2433,2433,0,001c9fb,1,1,1,1,1,0411,0423,0,1,1,0000,00e92d90,00000000000000000000000000000000,03330334034404550455045604550445,1,"B_IDLE",0,0,0333,0,0,07241d9,acc4acc4,c,9
2434,2434,0,001c9fb,1,1,4,1,1,0411,0423,0,1,1,0000,00e92d90,00000000000000000000000000000000,03330334034404550455045604550445,1,"B_IDLE",0,0,0333,0,0,07241d9,acc4acc4,c,9
2435,2435,0,001c9fb,1,1,3,1,1,0411,0423,0,1,1,0000,00e92d90,00000000000000000000000000000000,03330334034404550455045604550445,1,"B_IDLE",0,0,0333,0,0,07241d9,acc4acc4,c,9
2436,2436,0,001c9fb,1,1,3,1,1,0411,0423,0,1,1,0000,00e92d90,00000000000000000000000000000000,03330334034404550455045604550445,1,"B_IDLE",0,0,0333,0,0,07241d9,acc4acc4,c,9
2437,2437,0,001c9fb,1,1,1,1,1,0411,0423,0,1,1,0000,00e92d90,00000000000000000000000000000000,03330334034404550455045604550445,1,"B_IDLE",0,0,0333,0,0,07241d9,acc4acc4,c,9
2438,2438,0,001c9fb,1,1,4,1,1,0411,0423,0,1,1,0000,00e92d90,00000000000000000000000000000000,03330334034404550455045604550445,1,"B_IDLE",0,0,0333,0,0,07241d9,acc4acc4,c,9
2439,2439,0,001c9fb,1,1,3,1,1,0411,0423,0,1,1,0000,00e92d90,00000000000000000000000000000000,03330334034404550455045604550445,1,"B_IDLE",0,0,0333,0,0,07241d9,acc4acc4,c,9
2440,2440,0,001c9fb,1,1,3,1,1,0411,0423,0,1,1,0000,00e92d90,00000000000000000000000000000000,03330334034404550455045604550445,1,"B_IDLE",0,0,0333,0,0,07241d9,acc4acc4,c,9
2441,2441,0,001c9fb,1,1,1,1,1,0411,0423,0,1,1,0000,00e92d90,00000000000000000000000000000000,03330334034404550455045604550445,1,"B_IDLE",0,0,0333,0,0,07241d9,acc4acc4,c,9
2442,2442,0,001c9fb,1,1,4,1,1,0411,0423,0,1,1,0000,00e92d90,00000000000000000000000000000000,03330334034404550455045604550445,1,"B_IDLE",0,0,0333,0,0,07241d9,acc4acc4,c,9
2443,2443,0,001c9fb,1,1,3,1,1,0411,0423,0,1,1,0000,00e92d90,00000000000000000000000000000000,03330334034404550455045604550445,1,"B_IDLE",0,0,0333,0,0,07241d9,acc4acc4,c,9
2444,2444,0,001c9fb,1,1,3,1,1,0411,0423,0,1,1,0000,00e92d90,00000000000000000000000000000000,03330334034404550455045604550445,1,"B_IDLE",0,0,0333,0,0,07241d9,acc4acc4,c,9
2445,2445,0,001c9fb,1,1,1,1,1,0411,0423,0,1,1,0000,00e92d90,00000000000000000000000000000000,03330334034404550455045604550445,1,"B_IDLE",0,0,0333,0,0,07241d9,acc4acc4,c,9
2446,2446,0,001c9fb,1,1,4,1,1,0411,0423,0,1,1,0000,00e92d90,00000000000000000000000000000000,03330334034404550455045604550445,1,"B_IDLE",0,0,0333,0,0,07241d9,acc4acc4,c,9
2447,2447,0,001c9fb,1,1,3,1,1,0411,0423,0,1,1,0000,00e92d90,00000000000000000000000000000000,03330334034404550455045604550445,1,"B_IDLE",0,0,0333,0,0,07241d9,acc4acc4,c,9
2448,2448,0,001c9fb,1,1,3,1,1,0411,0423,0,1,1,0000,00e92d90,00000000000000000000000000000000,03330334034404550455045604550445,1,"B_IDLE",0,0,0333,0,0,07241d9,acc4acc4,c,9
2449,2449,0,001c9fb,1,1,1,1,1,0411,0423,0,1,1,0000,00e92d90,00000000000000000000000000000000,03330334034404550455045604550445,1,"B_IDLE",0,0,0333,0,0,07241d9,acc4acc4,c,9
2450,2450,0,001c9fb,1,1,4,1,1,0411,0423,0,1,1,0000,00e92d90,00000000000000000000000000000000,03330334034404550455045604550445,1,"B_IDLE",0,0,0333,0,0,07241d9,acc4acc4,c,9
2451,2451,0,001c9fb,1,1,3,1,1,0411,0423,0,1,1,0000,00e92d90,00000000000000000000000000000000,03330334034404550455045604550445,1,"B_IDLE",0,0,0333,0,0,07241d9,acc4acc4,c,9
2452,2452,0,001c9fb,1,1,3,1,1,0411,0423,0,1,1,0000,00e92d90,00000000000000000000000000000000,03330334034404550455045604550445,1,"B_IDLE",0,0,0333,0,0,07241d9,acc4acc4,c,9
2453,2453,0,001c9fb,1,1,1,1,1,0411,0423,0,1,1,0000,00e92d90,00000000000000000000000000000000,03330334034404550455045604550445,1,"B_IDLE",0,0,0333,0,0,07241d9,acc4acc4,c,9
2454,2454,0,001c9fb,1,1,4,1,1,0411,0423,0,1,1,0000,00e92d90,00000000000000000000000000000000,03330334034404550455045604550445,1,"B_IDLE",0,0,0333,0,0,07241d9,acc4acc4,c,9
2455,2455,0,001c9fb,1,1,3,1,1,0411,0423,0,1,1,0000,00e92d90,00000000000000000000000000000000,03330334034404550455045604550445,1,"B_IDLE",0,0,0333,0,0,07241d9,acc4acc4,c,9
2456,2456,0,001c9fb,1,1,3,1,1,0411,0423,0,1,1,0000,00e92d90,00000000000000000000000000000000,03330334034404550455045604550445,1,"B_IDLE",0,0,0333,0,0,07241d9,acc4acc4,c,9
2457,2457,0,001c9fb,1,1,1,1,1,0411,0423,0,1,1,0000,00e92d90,00000000000000000000000000000000,03330334034404550455045604550445,1,"B_IDLE",0,0,0333,0,0,07241d9,acc4acc4,c,9
2458,2458,0,001c9fb,1,1,4,1,1,0411,0423,0,1,1,0000,00e92d90,00000000000000000000000000000000,03330334034404550455045604550445,1,"B_IDLE",0,0,0333,0,0,07241d9,acc4acc4,c,9
2459,2459,0,001c9fb,1,1,3,1,1,0411,0423,0,1,1,0000,00e92d90,00000000000000000000000000000000,03330334034404550455045604550445,1,"B_IDLE",0,0,0333,0,0,07241d9,acc4acc4,c,9
2460,2460,0,001c9fb,1,1,3,1,1,0411,0423,0,1,1,0000,00e92d90,00000000000000000000000000000000,03330334034404550455045604550445,1,"B_IDLE",0,0,0333,0,0,07241d9,acc4acc4,c,9
2461,2461,0,001c9fb,1,1,1,1,1,0411,0423,0,1,1,0000,00e92d90,00000000000000000000000000000000,03330334034404550455045604550445,1,"B_IDLE",0,0,0333,0,0,07241d9,acc4acc4,c,9
2462,2462,0,001c9fb,1,1,4,1,1,0411,0423,0,1,1,0000,00e92d90,00000000000000000000000000000000,03330334034404550455045604550445,1,"B_IDLE",0,0,0333,0,0,07241d9,acc4acc4,c,9
2463,2463,0,001c9fb,1,1,3,1,1,0411,0423,0,1,1,0000,00e92d90,00000000000000000000000000000000,03330334034404550455045604550445,1,"B_IDLE",0,0,0333,0,0,07241d9,acc4acc4,c,9
2464,2464,0,001c9fb,1,1,3,1,1,0411,0423,0,1,1,0000,00e92d90,00000000000000000000000000000000,03330334034404550455045604550445,1,"B_IDLE",0,0,0333,0,0,07241d9,acc4acc4,c,9
2465,2465,0,001c9fb,1,1,1,1,1,0411,0423,0,1,1,0000,00e92d90,00000000000000000000000000000000,03330334034404550455045604550445,1,"B_IDLE",0,0,0333,0,0,07241d9,acc4acc4,c,9
2466,2466,0,001c9fb,1,1,4,1,1,0411,0423,0,1,1,0000,00e92d90,00000000000000000000000000000000,03330334034404550455045604550445,1,"B_IDLE",0,0,0333,0,0,07241d9,acc4acc4,c,9
2467,2467,0,001c9fb,1,1,3,1,1,0411,0423,0,1,1,0000,00e92d90,00000000000000000000000000000000,03330334034404550455045604550445,1,"B_IDLE",0,0,0333,0,0,07241d9,acc4acc4,c,9
2468,2468,0,001c9fb,1,1,3,1,1,0411,0423,0,1,1,0000,00e92d90,00000000000000000000000000000000,03330334034404550455045604550445,1,"B_IDLE",0,0,0333,0,0,07241d9,acc4acc4,c,9
2469,2469,0,001c9fb,1,1,1,1,1,0411,0423,0,1,1,0000,00e92d90,00000000000000000000000000000000,03330334034404550455045604550445,1,"B_IDLE",0,0,0333,0,0,07241d9,acc4acc4,c,9
2470,2470,0,001c9fb,1,1,4,1,1,0411,0423,0,1,1,0000,00e92d90,00000000000000000000000000000000,03330334034404550455045604550445,1,"B_IDLE",0,0,0333,0,0,07241d9,acc4acc4,c,9
2471,2471,0,001c9fb,1,1,3,1,1,0411,0423,0,1,1,0000,00e92d90,00000000000000000000000000000000,03330334034404550455045604550445,1,"B_IDLE",0,0,0333,0,0,07241d9,acc4acc4,c,9
2472,2472,0,001c9fb,1,1,3,1,1,0411,0423,0,1,1,0000,00e92d90,00000000000000000000000000000000,03330334034404550455045604550445,1,"B_IDLE",0,0,0333,0,0,07241d9,acc4acc4,c,9
2473,2473,0,001c9fb,1,1,1,1,1,0411,0423,0,1,1,0000,00e92d90,00000000000000000000000000000000,03330334034404550455045604550445,1,"B_IDLE",0,0,0333,0,0,07241d9,acc4acc4,c,9
2474,2474,0,001c9fb,1,1,4,1,1,0411,0423,0,1,1,0000,00e92d90,00000000000000000000000000000000,03330334034404550455045604550445,1,"B_IDLE",0,0,0333,0,0,07241d9,acc4acc4,c,9
2475,2475,0,001c9fb,1,1,3,1,1,0411,0423,0,1,1,0000,00e92d90,00000000000000000000000000000000,03330334034404550455045604550445,1,"B_IDLE",0,0,0333,0,0,07241d9,acc4acc4,c,9
2476,2476,0,001c9fb,1,1,3,1,1,0411,0423,0,1,1,0000,00e92d90,00000000000000000000000000000000,03330334034404550455045604550445,1,"B_IDLE",0,0,0333,0,0,07241d9,acc4acc4,c,9
2477,2477,0,001c9fb,1,1,1,1,1,0411,0423,0,1,1,0000,00e92d90,00000000000000000000000000000000,03330334034404550455045604550445,1,"B_IDLE",0,0,0333,0,0,07241d9,acc4acc4,c,9
2478,2478,0,001c9fb,1,1,4,1,1,0411,0423,0,1,1,0000,00e92d90,00000000000000000000000000000000,03330334034404550455045604550445,1,"B_IDLE",0,0,0333,0,0,07241d9,acc4acc4,c,9
2479,2479,0,001c9fb,1,1,3,1,1,0411,0423,0,1,1,0000,00e92d90,00000000000000000000000000000000,03330334034404550455045604550445,1,"B_IDLE",0,0,0333,0,0,07241d9,acc4acc4,c,9
2480,2480,0,001c9fb,1,1,3,1,1,0411,0423,0,1,1,0000,00e92d90,00000000000000000000000000000000,03330334034404550455045604550445,1,"B_IDLE",0,0,0333,0,0,07241d9,acc4acc4,c,9
2481,2481,0,001c9fb,1,1,1,1,1,0411,0423,0,1,1,0000,00e92d90,00000000000000000000000000000000,03330334034404550455045604550445,1,"B_IDLE",0,0,0333,0,0,07241d9,acc4acc4,c,9
2482,2482,0,001c9fb,1,1,4,1,1,0411,0423,0,1,1,0000,00e92d90,00000000000000000000000000000000,03330334034404550455045604550445,1,"B_IDLE",0,0,0333,0,0,07241d9,acc4acc4,c,9
2483,2483,0,001c9fb,1,1,3,1,1,0411,0423,0,1,1,0000,00e92d90,00000000000000000000000000000000,03330334034404550455045604550445,1,"B_IDLE",0,0,0333,0,0,07241d9,acc4acc4,c,9
2484,2484,0,001c9fb,1,1,3,1,1,0411,0423,0,1,1,0000,00e92d90,00000000000000000000000000000000,03330334034404550455045604550445,1,"B_IDLE",0,0,0333,0,0,07241d9,acc4acc4,c,9
2485,2485,0,001c9fb,1,1,1,1,1,0411,0423,0,1,1,0000,00e92d90,00000000000000000000000000000000,03330334034404550455045604550445,1,"B_IDLE",0,0,0333,0,0,07241d9,acc4acc4,c,9
2486,2486,0,001c9fb,1,1,4,1,1,0411,0423,0,1,1,0000,00e92d90,00000000000000000000000000000000,03330334034404550455045604550445,1,"B_IDLE",0,0,0333,0,0,07241d9,acc4acc4,c,9
2487,2487,0,001c9fb,1,1,3,1,1,0411,0423,0,1,1,0000,00e92d90,00000000000000000000000000000000,03330334034404550455045604550445,1,"B_IDLE",0,0,0333,0,0,07241d9,acc4acc4,c,9
2488,2488,0,001c9fb,1,1,3,1,1,0411,0423,0,1,1,0000,00e92d90,00000000000000000000000000000000,03330334034404550455045604550445,1,"B_IDLE",0,0,0333,0,0,07241d9,acc4acc4,c,9
2489,2489,0,001c9fb,1,1,1,1,1,0411,0423,0,1,1,0000,00e92d90,00000000000000000000000000000000,03330334034404550455045604550445,1,"B_IDLE",0,0,0333,0,0,07241d9,acc4acc4,c,9
2490,2490,0,001c9fb,1,1,4,1,1,0411,0423,0,1,1,0000,00e92d90,00000000000000000000000000000000,03330334034404550455045604550445,1,"B_IDLE",0,0,0333,0,0,07241d9,acc4acc4,c,9
2491,2491,0,001c9fb,1,1,3,1,1,0411,0423,0,1,1,0000,00e92d90,00000000000000000000000000000000,03330334034404550455045604550445,1,"B_IDLE",0,0,0333,0,0,07241d9,acc4acc4,c,9
2492,2492,0,001c9fb,1,1,3,1,1,0411,0423,0,1,1,0000,00e92d90,00000000000000000000000000000000,03330334034404550455045604550445,1,"B_IDLE",0,0,0333,0,0,07241d9,acc4acc4,c,9
2493,2493,0,001c9fb,1,1,1,1,1,0411,0423,0,1,1,0000,00e92d90,00000000000000000000000000000000,03330334034404550455045604550445,1,"B_IDLE",0,0,0333,0,0,07241d9,acc4acc4,c,9
2494,2494,0,001c9fb,1,1,4,1,1,0411,0423,0,1,1,0000,00e92d90,00000000000000000000000000000000,03330334034404550455045604550445,1,"B_IDLE",0,0,0333,0,0,07241d9,acc4acc4,c,9
2495,2495,0,001c9fb,1,1,3,1,1,0411,0423,0,1,1,0000,00e92d90,00000000000000000000000000000000,03330334034404550455045604550445,1,"B_IDLE",0,0,0333,0,0,07241d9,acc4acc4,c,9
2496,2496,0,001c9fb,1,1,3,1,1,0411,0423,0,1,1,0000,00e92d90,00000000000000000000000000000000,03330334034404550455045604550445,1,"B_IDLE",0,0,0333,0,0,07241d9,acc4acc4,c,9
2497,2497,0,001c9fb,1,1,1,1,1,0411,0423,0,1,1,0000,00e92d90,00000000000000000000000000000000,03330334034404550455045604550445,1,"B_IDLE",0,0,0333,0,0,07241d9,acc4acc4,c,9
2498,2498,0,001c9fb,1,1,4,1,1,0411,0423,0,1,1,0000,00e92d90,00000000000000000000000000000000,03330334034404550455045604550445,1,"B_IDLE",0,0,0333,0,0,07241d9,acc4acc4,c,9
2499,2499,0,001c9fb,1,1,3,1,1,0411,0423,0,1,1,0000,00e92d90,00000000000000000000000000000000,03330334034404550455045604550445,1,"B_IDLE",0,0,0333,0,0,07241d9,acc4acc4,c,9
2500,2500,0,001c9fb,1,1,3,1,1,0411,0423,0,1,1,0000,00e92d90,00000000000000000000000000000000,03330334034404550455045604550445,1,"B_IDLE",0,0,0333,0,0,07241d9,acc4acc4,c,9
2501,2501,0,001c9fb,1,1,1,1,1,0411,0423,0,1,1,0000,00e92d90,00000000000000000000000000000000,03330334034404550455045604550445,1,"B_IDLE",0,0,0333,0,0,07241d9,acc4acc4,c,9
2502,2502,0,001c9fb,1,1,4,1,1,0411,0423,0,1,1,0000,00e92d90,00000000000000000000000000000000,03330334034404550455045604550445,1,"B_IDLE",0,0,0333,0,0,07241d9,acc4acc4,c,9
2503,2503,0,001c9fb,1,1,3,1,1,0411,0423,0,1,1,0000,00e92d90,00000000000000000000000000000000,03330334034404550455045604550445,1,"B_IDLE",0,0,0333,0,0,07241d9,acc4acc4,c,9
2504,2504,0,001c9fb,1,1,3,1,1,0411,0423,0,1,1,0000,00e92d90,00000000000000000000000000000000,03330334034404550455045604550445,1,"B_IDLE",0,0,0333,0,0,07241d9,acc4acc4,c,9
2505,2505,0,001c9fb,1,1,1,1,1,0411,0423,0,1,1,0000,00e92d90,00000000000000000000000000000000,03330334034404550455045604550445,1,"B_IDLE",0,0,0333,0,0,07241d9,acc4acc4,c,9
2506,2506,0,001c9fb,1,1,4,1,1,0411,0423,0,1,1,0000,00e92d90,00000000000000000000000000000000,03330334034404550455045604550445,1,"B_IDLE",0,0,0333,0,0,07241d9,acc4acc4,c,9
2507,2507,0,001c9fb,1,1,3,1,1,0411,0423,0,1,1,0000,00e92d90,00000000000000000000000000000000,03330334034404550455045604550445,1,"B_IDLE",0,0,0333,0,0,07241d9,acc4acc4,c,9
2508,2508,0,001c9fb,1,1,3,1,1,0411,0423,0,1,1,0000,00e92d90,00000000000000000000000000000000,03330334034404550455045604550445,1,"B_IDLE",0,0,0333,0,0,07241d9,acc4acc4,c,9
2509,2509,0,001c9fb,1,1,1,1,1,0411,0423,0,1,1,0000,00e92d90,00000000000000000000000000000000,03330334034404550455045604550445,1,"B_IDLE",0,0,0333,0,0,07241d9,acc4acc4,c,9
2510,2510,0,001c9fb,1,1,4,1,1,0411,0423,0,1,1,0000,00e92d90,00000000000000000000000000000000,03330334034404550455045604550445,1,"B_IDLE",0,0,0333,0,0,07241d9,acc4acc4,c,9
2511,2511,0,001c9fb,1,1,3,1,1,0411,0423,0,1,1,0000,00e92d90,00000000000000000000000000000000,03330334034404550455045604550445,1,"B_IDLE",0,0,0333,0,0,07241d9,acc4acc4,c,9
2512,2512,0,001c9fb,1,1,3,1,1,0411,0423,0,1,1,0000,00e92d90,00000000000000000000000000000000,03330334034404550455045604550445,1,"B_IDLE",0,0,0333,0,0,07241d9,acc4acc4,c,9
2513,2513,0,001c9fb,1,1,1,1,1,0411,0423,0,1,1,0000,00e92d90,00000000000000000000000000000000,03330334034404550455045604550445,1,"B_IDLE",0,0,0333,0,0,07241d9,acc4acc4,c,9
2514,2514,0,001c9fb,1,1,4,1,1,0411,0423,0,1,1,0000,00e92d90,00000000000000000000000000000000,03330334034404550455045604550445,1,"B_IDLE",0,0,0333,0,0,07241d9,acc4acc4,c,9
2515,2515,0,001c9fb,1,1,3,1,1,0411,0423,0,1,1,0000,00e92d90,00000000000000000000000000000000,03330334034404550455045604550445,1,"B_IDLE",0,0,0333,0,0,07241d9,acc4acc4,c,9
2516,2516,0,001c9fb,1,1,3,1,1,0411,0423,0,1,1,0000,00e92d90,00000000000000000000000000000000,03330334034404550455045604550445,1,"B_IDLE",0,0,0333,0,0,07241d9,acc4acc4,c,9
2517,2517,0,001c9fb,1,1,1,1,1,0411,0423,0,1,1,0000,00e92d90,00000000000000000000000000000000,03330334034404550455045604550445,1,"B_IDLE",0,0,0333,0,0,07241d9,acc4acc4,c,9
2518,2518,0,001c9fb,1,1,4,1,1,0411,0423,0,1,1,0000,00e92d90,00000000000000000000000000000000,03330334034404550455045604550445,1,"B_IDLE",0,0,0333,0,0,07241d9,acc4acc4,c,9
2519,2519,0,07496c9,2,1,3,0,0,0411,0423,0,1,1,0000,00e92d90,00000000000000000000000000000000,03330334034404550455045604550445,1,"B_IDLE",0,0,0333,0,0,07241d9,acc4acc4,c,9
2520,2520,0,07496c9,2,1,3,0,0,0411,0412,0,1,1,0000,00e92d90,00000000000000000000000000000000,03330334034404550455045604550445,1,"B_IDLE",0,0,0333,0,0,07241d9,acc4acc4,c,9
2521,2521,0,07496c9,2,1,1,0,0,0411,0412,0,1,1,0000,00e92d90,00000000000000000000000000000000,03330334034404550455045604550445,1,"B_IDLE",0,0,0333,0,0,07241d9,acc4acc4,c,9
2522,2522,0,07496c9,2,0,0,0,0,0411,0412,0,1,1,0000,00e92d90,00000000000000000000000000000000,03330334034404550455045604550445,1,"B_IDLE",0,0,0333,0,0,07241d9,acc4acc4,c,9
2523,2523,0,07496c9,2,0,0,0,0,0411,0412,0,1,1,0000,00e92d90,00000000000000000000000000000000,03330334034404550455045604550445,1,"B_IDLE",0,0,0333,0,0,07241d9,acc4acc4,c,9
2524,2524,0,07496c9,2,0,0,0,0,0411,0412,0,1,1,0000,00e92d90,00000000000000000000000000000000,03330334034404550455045604550445,1,"B_IDLE",0,0,0333,0,0,07241d9,acc4acc4,c,9
2525,2525,0,07496c9,2,0,0,0,0,0411,0455,1,1,1,0000,00e92d90,00000000000000000000000000000000,03330334034404550455045604550445,1,"B_IDLE",0,0,0333,0,0,07241d9,acc4acc4,c,9
2526,2526,0,07496c9,2,0,4,0,0,0411,0455,1,1,1,0000,00e92d90,00000000000000000000000000000000,03330334034404550455045604550445,1,"B_IDLE",0,0,0333,0,0,07241d9,acc4acc4,c,9
2527,2527,0,07496c9,1,1,3,1,1,0411,0455,1,1,1,0000,00e92d90,00000000000000000000000000000000,03330334034404550455045604550445,1,"B_IDLE",0,0,0333,0,0,07241d9,acc4acc4,c,9
2528,2528,0,07496c9,1,1,3,1,1,0411,0455,0,1,1,0000,00e92d90,00000000000000000000000000000000,03330334034404550455045604550445,1,"B_IDLE",0,0,0333,0,0,07241d9,acc4acc4,c,9
2529,2529,0,07496c9,1,1,1,1,1,0411,0455,0,1,1,0000,00e92d90,00000000000000000000000000000000,03330334034404550455045604550445,1,"B_IDLE",0,0,0333,0,0,07241d9,acc4acc4,c,9
2530,2530,0,07496c9,1,1,4,1,1,0411,0455,0,1,1,0000,00e92d90,00000000000000000000000000000000,03330334034404550455045604550445,1,"B_IDLE",0,0,0333,0,0,07241d9,acc4acc4,c,9
2531,2531,0,07496c9,1,1,3,1,1,0411,0455,0,1,1,0000,00e92d90,00000000000000000000000000000000,03330334034404550455045604550445,1,"B_IDLE",0,0,0333,0,0,07241d9,acc4acc4,c,9
2532,2532,0,07496c9,1,1,3,1,1,0411,0455,0,1,1,0000,00e92d90,00000000000000000000000000000000,03330334034404550455045604550445,1,"B_IDLE",0,0,0333,0,0,07241d9,acc4acc4,c,9
2533,2533,0,07496c9,1,1,1,1,1,0411,0455,0,1,1,0000,00e92d90,00000000000000000000000000000000,03330334034404550455045604550445,1,"B_IDLE",0,0,0333,0,0,07241d9,acc4acc4,c,9
2534,2534,0,07496c9,1,1,4,1,1,0411,0455,0,1,1,0000,00e92d90,00000000000000000000000000000000,03330334034404550455045604550445,1,"B_IDLE",0,0,0333,0,0,07241d9,acc4acc4,c,9
2535,2535,0,07496c9,1,1,3,1,1,0411,0455,0,1,1,0000,00e92d90,00000000000000000000000000000000,03330334034404550455045604550445,1,"B_IDLE",0,0,0333,0,0,07241d9,acc4acc4,c,9
2536,2536,0,07496c9,1,1,3,1,1,0411,0455,0,1,1,0000,00e92d90,00000000000000000000000000000000,03330334034404550455045604550445,1,"B_IDLE",0,0,0333,0,0,07241d9,acc4acc4,c,9
2537,2537,0,07496c9,1,1,1,1,1,0411,0455,0,1,1,0000,00e92d90,00000000000000000000000000000000,03330334034404550455045604550445,1,"B_IDLE",0,0,0333,0,0,07241d9,acc4acc4,c,9
2538,2538,0,07496c9,1,1,4,1,1,0411,0455,0,1,1,0000,00e92d90,00000000000000000000000000000000,03330334034404550455045604550445,1,"B_IDLE",0,0,0333,0,0,07241d9,acc4acc4,c,9
2539,2539,0,07496c9,1,1,3,1,1,0411,0455,0,1,1,0000,00e92d90,00000000000000000000000000000000,03330334034404550455045604550445,1,"B_IDLE",0,0,0333,0,0,07241d9,acc4acc4,c,9
2540,2540,0,07496c9,1,1,3,1,1,0411,0455,0,1,1,0000,00e92d90,00000000000000000000000000000000,03330334034404550455045604550445,1,"B_IDLE",0,0,0333,0,0,07241d9,acc4acc4,c,9
2541,2541,0,07496c9,1,1,1,1,1,0411,0455,0,1,1,0000,00e92d90,00000000000000000000000000000000,03330334034404550455045604550445,1,"B_IDLE",0,0,0333,0,0,07241d9,acc4acc4,c,9
2542,2542,0,07496c9,1,1,4,1,1,0411,0455,0,1,1,0000,00e92d90,00000000000000000000000000000000,03330334034404550455045604550445,1,"B_IDLE",0,0,0333,0,0,07241d9,acc4acc4,c,9
2543,2543,0,07496c9,1,1,3,1,1,0411,0455,0,1,1,0000,00e92d90,00000000000000000000000000000000,03330334034404550455045604550445,1,"B_IDLE",0,0,0333,0,0,07241d9,acc4acc4,c,9
2544,2544,0,07496c9,1,1,3,1,1,0411,0455,0,1,1,0000,00e92d90,00000000000000000000000000000000,03330334034404550455045604550445,1,"B_IDLE",0,0,0333,0,0,07241d9,acc4acc4,c,9
2545,2545,0,07496c9,1,1,1,1,1,0411,0455,0,1,1,0000,00e92d90,00000000000000000000000000000000,03330334034404550455045604550445,1,"B_IDLE",0,0,0333,0,0,07241d9,acc4acc4,c,9
2546,2546,0,07496c9,1,1,4,1,1,0411,0455,0,1,1,0000,00e92d90,00000000000000000000000000000000,03330334034404550455045604550445,1,"B_IDLE",0,0,0333,0,0,07241d9,acc4acc4,c,9
2547,2547,0,07496c9,1,1,3,1,1,0411,0455,0,1,1,0000,00e92d90,00000000000000000000000000000000,03330334034404550455045604550445,1,"B_IDLE",0,0,0333,0,0,07241d9,acc4acc4,c,9
2548,2548,0,07496c9,1,1,3,1,1,0411,0455,0,1,1,0000,00e92d90,00000000000000000000000000000000,03330334034404550455045604550445,1,"B_IDLE",0,0,0333,0,0,07241d9,acc4acc4,c,9
2549,2549,0,07496c9,1,1,1,1,1,0411,0455,0,1,1,0000,00e92d90,00000000000000000000000000000000,03330334034404550455045604550445,1,"B_IDLE",0,0,0333,0,0,07241d9,acc4acc4,c,9
2550,2550,0,07496c9,1,1,4,1,1,0411,0455,0,1,1,0000,00e92d90,00000000000000000000000000000000,03330334034404550455045604550445,1,"B_IDLE",0,0,0333,0,0,07241d9,acc4acc4,c,9
2551,2551,0,07496c9,1,1,3,1,1,0411,0455,0,1,1,0000,00e92d90,00000000000000000000000000000000,03330334034404550455045604550445,1,"B_IDLE",0,0,0333,0,0,07241d9,acc4acc4,c,9
2552,2552,0,07496c9,1,1,3,1,1,0411,0455,0,1,1,0000,00e92d90,00000000000000000000000000000000,03330334034404550455045604550445,1,"B_IDLE",0,0,0333,0,0,07241d9,acc4acc4,c,9
2553,2553,0,07496c9,1,1,1,1,1,0411,0455,0,1,1,0000,00e92d90,00000000000000000000000000000000,03330334034404550455045604550445,1,"B_IDLE",0,0,0333,0,0,07241d9,acc4acc4,c,9
2554,2554,0,07496c9,1,1,4,1,1,0411,0455,0,1,1,0000,00e92d90,00000000000000000000000000000000,03330334034404550455045604550445,1,"B_IDLE",0,0,0333,0,0,07241d9,acc4acc4,c,9
2555,2555,0,07496c9,1,1,3,1,1,0411,0455,0,1,1,0000,00e92d90,00000000000000000000000000000000,03330334034404550455045604550445,1,"B_IDLE",0,0,0333,0,0,07241d9,acc4acc4,c,9
2556,2556,0,07496c9,1,1,3,1,1,0411,0455,0,1,1,0000,00e92d90,00000000000000000000000000000000,03330334034404550455045604550445,1,"B_IDLE",0,0,0333,0,0,07241d9,acc4acc4,c,9
2557,2557,0,07496c9,1,1,1,1,1,0411,0455,0,1,1,0000,00e92d90,00000000000000000000000000000000,03330334034404550455045604550445,1,"B_IDLE",0,0,0333,0,0,07241d9,acc4acc4,c,9
2558,2558,0,07496c9,1,1,4,1,1,0411,0455,0,1,1,0000,00e92d90,00000000000000000000000000000000,03330334034404550455045604550445,1,"B_IDLE",0,0,0333,0,0,07241d9,acc4acc4,c,9
2559,2559,0,07496c9,1,1,3,1,1,0411,0455,0,1,1,0000,00e92d90,00000000000000000000000000000000,03330334034404550455045604550445,1,"B_IDLE",0,0,0333,0,0,07241d9,acc4acc4,c,9
2560,2560,0,07496c9,1,1,3,1,1,0411,0455,0,1,1,0000,00e92d90,00000000000000000000000000000000,03330334034404550455045604550445,1,"B_IDLE",0,0,0333,0,0,07241d9,acc4acc4,c,9
2561,2561,0,07496c9,1,1,1,1,1,0411,0455,0,1,1,0000,00e92d90,00000000000000000000000000000000,03330334034404550455045604550445,1,"B_IDLE",0,0,0333,0,0,07241d9,acc4acc4,c,9
2562,2562,0,07496c9,1,1,4,1,1,0411,0455,0,1,1,0000,00e92d90,00000000000000000000000000000000,03330334034404550455045604550445,1,"B_IDLE",0,0,0333,0,0,07241d9,acc4acc4,c,9
2563,2563,0,07496c9,1,1,3,1,1,0411,0455,0,1,1,0000,00e92d90,00000000000000000000000000000000,03330334034404550455045604550445,1,"B_IDLE",0,0,0333,0,0,07241d9,acc4acc4,c,9
2564,2564,0,07496c9,1,1,3,1,1,0411,0455,0,1,1,0000,00e92d90,00000000000000000000000000000000,03330334034404550455045604550445,1,"B_IDLE",0,0,0333,0,0,07241d9,acc4acc4,c,9
2565,2565,0,07496c9,1,1,1,1,1,0411,0455,0,1,1,0000,00e92d90,00000000000000000000000000000000,03330334034404550455045604550445,1,"B_IDLE",0,0,0333,0,0,07241d9,acc4acc4,c,9
2566,2566,0,07496c9,1,1,4,1,1,0411,0455,0,1,1,0000,00e92d90,00000000000000000000000000000000,03330334034404550455045604550445,1,"B_IDLE",0,0,0333,0,0,07241d9,acc4acc4,c,9
2567,2567,0,07496c9,1,1,3,1,1,0411,0455,0,1,1,0000,00e92d90,00000000000000000000000000000000,03330334034404550455045604550445,1,"B_IDLE",0,0,0333,0,0,07241d9,acc4acc4,c,9
2568,2568,0,07496c9,1,1,3,1,1,0411,0455,0,1,1,0000,00e92d90,00000000000000000000000000000000,03330334034404550455045604550445,1,"B_IDLE",0,0,0333,0,0,07241d9,acc4acc4,c,9
2569,2569,0,07496c9,1,1,1,1,1,0411,0455,0,1,1,0000,00e92d90,00000000000000000000000000000000,03330334034404550455045604550445,1,"B_IDLE",0,0,0333,0,0,07241d9,acc4acc4,c,9
2570,2570,0,07496c9,1,1,4,1,1,0411,0455,0,1,1,0000,00e92d90,00000000000000000000000000000000,03330334034404550455045604550445,1,"B_IDLE",0,0,0333,0,0,07241d9,acc4acc4,c,9
2571,2571,0,07496c9,1,1,3,1,1,0411,0455,0,1,1,0000,00e92d90,00000000000000000000000000000000,03330334034404550455045604550445,1,"B_IDLE",0,0,0333,0,0,07241d9,acc4acc4,c,9
2572,2572,0,07496c9,1,1,3,1,1,0411,0455,0,1,1,0000,00e92d90,00000000000000000000000000000000,03330334034404550455045604550445,1,"B_IDLE",0,0,0333,0,0,07241d9,acc4acc4,c,9
2573,2573,0,07496c9,1,1,1,1,1,0411,0455,0,1,1,0000,00e92d90,00000000000000000000000000000000,03330334034404550455045604550445,1,"B_IDLE",0,0,0333,0,0,07241d9,acc4acc4,c,9
2574,2574,0,07496c9,1,1,4,1,1,0411,0455,0,1,1,0000,00e92d90,00000000000000000000000000000000,03330334034404550455045604550445,1,"B_IDLE",0,0,0333,0,0,07241d9,acc4acc4,c,9
2575,2575,0,07496c9,1,1,3,1,1,0411,0455,0,1,1,0000,00e92d90,00000000000000000000000000000000,03330334034404550455045604550445,1,"B_IDLE",0,0,0333,0,0,07241d9,acc4acc4,c,9
2576,2576,0,07496c9,1,1,3,1,1,0411,0455,0,1,1,0000,00e92d90,00000000000000000000000000000000,03330334034404550455045604550445,1,"B_IDLE",0,0,0333,0,0,07241d9,acc4acc4,c,9
2577,2577,0,07496c9,1,1,1,1,1,0411,0455,0,1,1,0000,00e92d90,00000000000000000000000000000000,03330334034404550455045604550445,1,"B_IDLE",0,0,0333,0,0,07241d9,acc4acc4,c,9
2578,2578,0,07496c9,1,1,4,1,1,0411,0455,0,1,1,0000,00e92d90,00000000000000000000000000000000,03330334034404550455045604550445,1,"B_IDLE",0,0,0333,0,0,07241d9,acc4acc4,c,9
2579,2579,0,07496c9,1,1,3,1,1,0411,0455,0,1,1,0000,00e92d90,00000000000000000000000000000000,03330334034404550455045604550445,1,"B_IDLE",0,0,0333,0,0,07241d9,acc4acc4,c,9
2580,2580,0,07496c9,1,1,3,1,1,0411,0455,0,1,1,0000,00e92d90,00000000000000000000000000000000,03330334034404550455045604550445,1,"B_IDLE",0,0,0333,0,0,07241d9,acc4acc4,c,9
2581,2581,0,07496c9,1,1,1,1,1,0411,0455,0,1,1,0000,00e92d90,00000000000000000000000000000000,03330334034404550455045604550445,1,"B_IDLE",0,0,0333,0,0,07241d9,acc4acc4,c,9
2582,2582,0,07496c9,1,1,4,1,1,0411,0455,0,1,1,0000,00e92d90,00000000000000000000000000000000,03330334034404550455045604550445,1,"B_IDLE",0,0,0333,0,0,07241d9,acc4acc4,c,9
2583,2583,0,001cb2f,3,1,3,0,0,0455,0455,0,1,1,0000,00e92d90,00000000000000000000000000000000,03330334034404550455045604550445,1,"B_IDLE",0,0,0333,0,0,07241d9,acc4acc4,c,9
2584,2584,0,001cb2f,3,1,3,0,0,0455,0333,0,1,1,0000,00e92d90,00000000000000000000000000000000,03330334034404550455045604550445,1,"B_IDLE",0,0,0333,0,0,07241d9,acc4acc4,c,9
2585,2585,0,001cb2f,3,1,1,0,0,0455,0333,0,1,1,0000,00e92d90,00000000000000000000000000000000,03330334034404550455045604550445,1,"B_IDLE",0,0,0333,0,0,07241d9,acc4acc4,c,9
2586,2586,0,001cb2f,3,1,0,0,0,0455,0333,0,1,1,0000,00e92d90,00000000000000000000000000000000,03330334034404550455045604550445,1,"B_IDLE",0,0,0333,0,0,07241d9,acc4acc4,c,9
2587,2587,0,001cb2f,3,1,0,0,0,0455,0333,0,1,1,0000,00e92d90,00000000000000000000000000000000,03330334034404550455045604550445,1,"B_IDLE",0,0,0333,0,0,07241d9,acc4acc4,c,9
2588,2588,0,001cb2f,3,1,0,0,0,0455,0333,0,1,1,0000,00e92d90,00000000000000000000000000000000,03330334034404550455045604550445,1,"B_IDLE",0,0,0333,0,0,07241d9,acc4acc4,c,9
2589,2589,0,001cb2f,3,1,0,0,0,0455,0333,0,1,1,0000,00e92d90,00000000000000000000000000000000,03330334034404550455045604550445,1,"B_IDLE",0,0,0333,0,0,07241d9,acc4acc4,c,9
2590,2590,0,001cb2f,3,1,0,0,0,0455,0333,0,1,1,0000,00e92d90,00000000000000000000000000000000,03330334034404550455045604550445,1,"B_IDLE",0,0,0333,0,0,07241d9,acc4acc4,c,9
2591,2591,0,001cb2f,3,1,0,0,0,0455,0333,0,1,1,0000,00e92d90,00000000000000000000000000000000,03330334034404550455045604550445,1,"B_IDLE",0,0,0333,0,0,07241d9,acc4acc4,c,9
2592,2592,0,001cb2f,3,1,0,0,0,0455,0333,0,1,1,0000,00e92d90,00000000000000000000000000000000,03330334034404550455045604550445,1,"B_IDLE",0,0,0333,0,0,07241d9,acc4acc4,c,9
2593,2593,0,001cb2f,3,1,0,0,0,0455,0333,0,1,1,0000,00e92d90,00000000000000000000000000000000,03330334034404550455045604550445,1,"B_IDLE",0,0,0333,0,0,07241d9,acc4acc4,c,9
2594,2594,0,001cb2f,3,1,0,0,0,0455,0333,0,1,1,0000,00e92d90,00000000000000000000000000000000,03330334034404550455045604550445,1,"B_IDLE",0,0,0333,0,0,07241d9,acc4acc4,c,9
2595,2595,0,001cb2f,3,1,0,0,0,0455,0333,0,1,1,0000,00e92d90,00000000000000000000000000000000,03330334034404550455045604550445,1,"B_IDLE",0,0,0333,0,0,07241d9,acc4acc4,c,9
2596,2596,0,001cb2f,3,1,0,0,0,0455,0333,0,1,1,0000,00e92d90,00000000000000000000000000000000,03330334034404550455045604550445,1,"B_IDLE",0,0,0333,0,0,07241d9,acc4acc4,c,9
2597,2597,0,001cb2f,3,1,0,0,0,0455,0333,0,1,1,0000,00e92d90,00000000000000000000000000000000,03330334034404550455045604550445,1,"B_IDLE",0,0,0333,0,0,07241d9,acc4acc4,c,9
2598,2598,0,001cb2f,3,1,0,0,0,0455,0333,0,1,1,0000,00e92d90,00000000000000000000000000000000,03330334034404550455045604550445,1,"B_IDLE",0,0,0333,0,0,07241d9,acc4acc4,c,9
2599,2599,0,001cb2f,3,1,0,0,0,0455,0333,0,1,1,0000,00e92d90,00000000000000000000000000000000,03330334034404550455045604550445,1,"B_IDLE",0,0,0333,0,0,07241d9,acc4acc4,c,9
2600,2600,0,001cb2f,3,1,0,0,0,0455,0333,0,1,1,0000,00e92d90,00000000000000000000000000000000,03330334034404550455045604550445,1,"B_IDLE",0,0,0333,0,0,07241d9,acc4acc4,c,9
2601,2601,0,001cb2f,3,1,0,0,0,0455,0333,0,1,1,0000,00e92d90,00000000000000000000000000000000,03330334034404550455045604550445,1,"B_IDLE",0,0,0333,0,0,07241d9,acc4acc4,c,9
2602,2602,0,001cb2f,3,1,0,0,0,0455,0333,0,1,1,0000,00e92d90,00000000000000000000000000000000,03330334034404550455045604550445,1,"B_IDLE",0,0,0333,0,0,07241d9,acc4acc4,c,9
2603,2603,0,001cb2f,3,1,0,0,0,0455,0333,0,1,1,0000,00e92d90,00000000000000000000000000000000,03330334034404550455045604550445,1,"B_IDLE",0,0,0333,0,0,07241d9,acc4acc4,c,9
2604,2604,0,001cb2f,3,1,0,0,0,0455,0333,0,1,1,0000,00e92d90,00000000000000000000000000000000,03330334034404550455045604550445,1,"B_IDLE",0,0,0333,0,0,07241d9,acc4acc4,c,9
2605,2605,0,001cb2f,3,1,0,0,0,0455,0333,0,1,1,0000,00e92d90,00000000000000000000000000000000,03330334034404550455045604550445,1,"B_IDLE",0,0,0333,0,0,07241d9,acc4acc4,c,9
2606,2606,0,001cb2f,3,1,0,0,0,0455,0333,0,1,1,0000,00e92d90,00000000000000000000000000000000,03330334034404550455045604550445,1,"B_IDLE",0,0,0333,0,0,07241d9,acc4acc4,c,9
2607,2607,0,001cb2f,3,1,0,0,0,0455,0333,0,1,1,0000,00e92d90,00000000000000000000000000000000,03330334034404550455045604550445,1,"B_IDLE",0,0,0333,0,0,07241d9,acc4acc4,c,9
2608,2608,0,001cb2f,3,1,0,0,0,0455,0333,0,1,1,0000,00e92d90,00000000000000000000000000000000,03330334034404550455045604550445,1,"B_IDLE",0,0,0333,0,0,07241d9,acc4acc4,c,9
2609,2609,0,001cb2f,3,1,0,0,0,0455,0333,0,1,1,0000,00e92d90,00000000000000000000000000000000,03330334034404550455045604550445,1,"B_IDLE",0,0,0333,0,0,07241d9,acc4acc4,c,9
2610,2610,0,001cb2f,3,1,0,0,0,0455,0333,0,1,1,0000,00e92d90,00000000000000000000000000000000,03330334034404550455045604550445,1,"B_IDLE",0,0,0333,0,0,07241d9,acc4acc4,c,9
2611,2611,0,001cb2f,3,1,0,0,0,0455,0333,0,1,1,0000,00e92d90,00000000000000000000000000000000,03330334034404550455045604550445,1,"B_IDLE",0,0,0333,0,0,07241d9,acc4acc4,c,9
2612,2612,0,001cb2f,3,1,0,0,0,0455,0333,0,1,1,0000,00e92d90,00000000000000000000000000000000,03330334034404550455045604550445,1,"B_IDLE",0,0,0333,0,0,07241d9,acc4acc4,c,9
2613,2613,0,001cb2f,3,1,0,0,0,0455,0333,0,1,1,0000,00e92d90,00000000000000000000000000000000,03330334034404550455045604550445,1,"B_IDLE",0,0,0333,0,0,07241d9,acc4acc4,c,9
2614,2614,0,001cb2f,3,1,0,0,0,0455,0333,0,1,1,0000,00e92d90,00000000000000000000000000000000,03330334034404550455045604550445,1,"B_IDLE",0,0,0333,0,0,07241d9,acc4acc4,c,9
2615,2615,0,001cb2f,3,1,0,0,0,0455,0333,0,1,1,0000,00e92d90,00000000000000000000000000000000,03330334034404550455045604550445,1,"B_IDLE",0,0,0333,0,0,07241d9,acc4acc4,c,9
2616,2616,0,001cb2f,3,1,0,0,0,0455,0333,0,1,1,0000,00e92d90,00000000000000000000000000000000,03330334034404550455045604550445,1,"B_IDLE",0,0,0333,0,0,07241d9,acc4acc4,c,9
2617,2617,0,001cb2f,3,1,0,0,0,0455,0333,0,1,1,0000,00e92d90,00000000000000000000000000000000,03330334034404550455045604550445,1,"B_IDLE",0,0,0333,0,0,07241d9,acc4acc4,c,9
2618,2618,0,001cb2f,3,1,0,0,0,0455,0333,0,1,1,0000,00e92d90,00000000000000000000000000000000,03330334034404550455045604550445,1,"B_IDLE",0,0,0333,0,0,07241d9,acc4acc4,c,9
2619,2619,0,001cb2f,3,1,0,0,0,0455,0333,0,1,1,0000,00e92d90,00000000000000000000000000000000,03330334034404550455045604550445,1,"B_IDLE",0,0,0333,0,0,07241d9,acc4acc4,c,9
2620,2620,0,001cb2f,3,1,0,0,0,0455,0333,0,1,1,0000,00e92d90,00000000000000000000000000000000,03330334034404550455045604550445,1,"B_IDLE",0,0,0333,0,0,07241d9,acc4acc4,c,9
2621,2621,0,001cb2f,3,1,0,0,0,0455,0333,0,1,1,0000,00e92d90,00000000000000000000000000000000,03330334034404550455045604550445,1,"B_IDLE",0,0,0333,0,0,07241d9,acc4acc4,c,9
2622,2622,0,001cb2f,3,1,0,0,0,0455,0333,0,1,1,0000,00e92d90,00000000000000000000000000000000,03330334034404550455045604550445,1,"B_IDLE",0,0,0333,0,0,07241d9,acc4acc4,c,9
2623,2623,0,001cb2f,3,1,0,0,0,0455,0333,0,1,1,0000,00e92d90,00000000000000000000000000000000,03330334034404550455045604550445,1,"B_IDLE",0,0,0333,0,0,07241d9,acc4acc4,c,9
2624,2624,0,001cb2f,3,1,0,0,0,0455,0333,0,1,1,0000,00e92d90,00000000000000000000000000000000,03330334034404550455045604550445,1,"B_IDLE",0,0,0333,0,0,07241d9,acc4acc4,c,9
2625,2625,0,001cb2f,3,1,0,0,0,0455,0333,0,1,1,0000,00e92d90,00000000000000000000000000000000,03330334034404550455045604550445,1,"B_IDLE",0,0,0333,0,0,07241d9,acc4acc4,c,9
2626,2626,0,001cb2f,3,1,0,0,0,0455,0333,0,1,1,0000,00e92d90,00000000000000000000000000000000,03330334034404550455045604550445,1,"B_IDLE",0,0,0333,0,0,07241d9,acc4acc4,c,9
2627,2627,0,001cb2f,3,1,0,0,0,0455,0333,0,1,1,0000,00e92d90,00000000000000000000000000000000,03330334034404550455045604550445,1,"B_IDLE",0,0,0333,0,0,07241d9,acc4acc4,c,9
2628,2628,0,001cb2f,3,1,0,0,0,0455,0333,0,1,1,0000,00e92d90,00000000000000000000000000000000,03330334034404550455045604550445,1,"B_IDLE",0,0,0333,0,0,07241d9,acc4acc4,c,9
2629,2629,0,001cb2f,3,1,0,0,0,0455,0333,0,1,1,0000,00e92d90,00000000000000000000000000000000,03330334034404550455045604550445,1,"B_IDLE",0,0,0333,0,0,07241d9,acc4acc4,c,9
2630,2630,0,001cb2f,3,1,0,0,0,0455,0333,0,1,1,0000,00e92d90,00000000000000000000000000000000,03330334034404550455045604550445,1,"B_IDLE",0,0,0333,0,0,07241d9,acc4acc4,c,9
2631,2631,0,001cb2f,3,1,0,0,0,0455,0333,0,1,1,0000,00e92d90,00000000000000000000000000000000,03330334034404550455045604550445,1,"B_IDLE",0,0,0333,0,0,07241d9,acc4acc4,c,9
2632,2632,0,001cb2f,3,1,0,0,0,0455,0333,0,1,1,0000,00e92d90,00000000000000000000000000000000,03330334034404550455045604550445,1,"B_IDLE",0,0,0333,0,0,07241d9,acc4acc4,c,9
2633,2633,0,001cb2f,3,1,0,0,0,0455,0333,0,1,1,0000,00e92d90,00000000000000000000000000000000,03330334034404550455045604550445,1,"B_IDLE",0,0,0333,0,0,07241d9,acc4acc4,c,9
2634,2634,0,001cb2f,3,1,0,0,0,0455,0333,0,1,1,0000,00e92d90,00000000000000000000000000000000,03330334034404550455045604550445,1,"B_IDLE",0,0,0333,0,0,07241d9,acc4acc4,c,9
2635,2635,0,001cb2f,3,1,0,0,0,0455,0333,0,1,1,0000,00e92d90,00000000000000000000000000000000,03330334034404550455045604550445,1,"B_IDLE",0,0,0333,0,0,07241d9,acc4acc4,c,9
2636,2636,0,001cb2f,3,1,0,0,0,0455,0333,0,1,1,0000,00e92d90,00000000000000000000000000000000,03330334034404550455045604550445,1,"B_IDLE",0,0,0333,0,0,07241d9,acc4acc4,c,9
2637,2637,0,001cb2f,3,1,0,0,0,0455,0333,0,1,1,0000,00e92d90,00000000000000000000000000000000,03330334034404550455045604550445,1,"B_IDLE",0,0,0333,0,0,07241d9,acc4acc4,c,9
2638,2638,0,001cb2f,3,1,0,0,0,0455,0333,0,1,1,0000,00e92d90,00000000000000000000000000000000,03330334034404550455045604550445,1,"B_IDLE",0,0,0333,0,0,07241d9,acc4acc4,c,9
2639,2639,0,001cb2f,3,1,0,0,0,0455,0333,0,1,1,0000,00e92d90,00000000000000000000000000000000,03330334034404550455045604550445,1,"B_IDLE",0,0,0333,0,0,07241d9,acc4acc4,c,9
2640,2640,0,001cb2f,3,1,0,0,0,0455,0333,0,1,1,0000,00e92d90,00000000000000000000000000000000,03330334034404550455045604550445,1,"B_IDLE",0,0,0333,0,0,07241d9,acc4acc4,c,9
2641,2641,0,001cb2f,3,1,0,0,0,0455,0333,0,1,1,0000,00e92d90,00000000000000000000000000000000,03330334034404550455045604550445,1,"B_IDLE",0,0,0333,0,0,07241d9,acc4acc4,c,9
2642,2642,0,001cb2f,3,1,0,0,0,0455,0333,0,1,1,0000,00e92d90,00000000000000000000000000000000,03330334034404550455045604550445,1,"B_IDLE",0,0,0333,0,0,07241d9,acc4acc4,c,9
2643,2643,0,001cb2f,3,1,0,0,0,0455,0333,0,1,1,0000,00e92d90,00000000000000000000000000000000,03330334034404550455045604550445,1,"B_IDLE",0,0,0333,0,0,07241d9,acc4acc4,c,9
2644,2644,0,001cb2f,3,1,0,0,0,0455,0333,0,1,1,0000,00e92d90,00000000000000000000000000000000,03330334034404550455045604550445,1,"B_IDLE",0,0,0333,0,0,07241d9,acc4acc4,c,9
2645,2645,0,001cb2f,3,1,0,0,0,0455,0333,0,1,1,0000,00e92d90,00000000000000000000000000000000,03330334034404550455045604550445,1,"B_IDLE",0,0,0333,0,0,07241d9,acc4acc4,c,9
2646,2646,0,001cb2f,3,1,0,0,0,0455,0333,0,1,1,0000,00e92d90,00000000000000000000000000000000,03330334034404550455045604550445,1,"B_IDLE",0,0,0333,0,0,07241d9,acc4acc4,c,9
2647,2647,0,001cb2f,3,1,0,0,0,0455,0333,0,1,1,0000,00e92d90,00000000000000000000000000000000,03330334034404550455045604550445,1,"B_IDLE",0,0,0333,0,0,07241d9,acc4acc4,c,9
2648,2648,0,001cb2f,3,1,0,0,0,0455,0333,0,1,1,0000,00e92d90,00000000000000000000000000000000,03330334034404550455045604550445,1,"B_IDLE",0,0,0333,0,0,07241d9,acc4acc4,c,9
2649,2649,0,001cb2f,3,1,0,0,0,0455,0333,0,1,1,0000,00e92d90,00000000000000000000000000000000,03330334034404550455045604550445,1,"B_IDLE",0,0,0333,0,0,07241d9,acc4acc4,c,9
2650,2650,0,001cb2f,3,1,4,0,0,0455,0333,0,1,1,0000,00e92d90,00000000000000000000000000000000,03330334034404550455045604550445,1,"B_IDLE",0,0,0333,0,0,07241d9,acc4acc4,c,9
2651,2651,0,001cb2f,1,1,3,1,1,0455,0333,0,1,1,0000,00e92d90,00000000000000000000000000000000,03330334034404550455045604550445,1,"B_IDLE",0,0,0333,0,0,07241d9,acc4acc4,c,9
2652,2652,0,001cb2f,1,1,3,1,1,0455,0333,0,1,1,0000,00e92d90,00000000000000000000000000000000,03330334034404550455045604550445,1,"B_IDLE",0,0,0333,0,0,07241d9,acc4acc4,c,9
2653,2653,0,001cb2f,1,1,1,1,1,0455,0333,0,1,1,0000,00e92d90,00000000000000000000000000000000,03330334034404550455045604550445,1,"B_IDLE",0,0,0333,0,0,07241d9,acc4acc4,c,9
2654,2654,0,001cb2f,1,1,4,1,1,0455,0333,0,1,1,0000,00e92d90,00000000000000000000000000000000,03330334034404550455045604550445,1,"B_IDLE",0,0,0333,0,0,07241d9,acc4acc4,c,9
2655,2655,0,001cb2f,1,1,3,1,1,0455,0333,0,1,1,0000,00e92d90,00000000000000000000000000000000,03330334034404550455045604550445,1,"B_IDLE",0,0,0333,0,0,07241d9,acc4acc4,c,9
2656,2656,0,001cb2f,1,1,3,1,1,0455,0333,0,1,1,0000,00e92d90,00000000000000000000000000000000,03330334034404550455045604550445,1,"B_IDLE",0,0,0333,0,0,07241d9,acc4acc4,c,9
2657,2657,0,001cb2f,1,1,1,1,1,0455,0333,0,1,1,0000,00e92d90,00000000000000000000000000000000,03330334034404550455045604550445,1,"B_IDLE",0,0,0333,0,0,07241d9,acc4acc4,c,9
2658,2658,0,001cb2f,1,1,4,1,1,0455,0333,0,1,1,0000,00e92d90,00000000000000000000000000000000,03330334034404550455045604550445,1,"B_IDLE",0,0,0333,0,0,07241d9,acc4acc4,c,9
2659,2659,0,001cb2f,1,1,3,1,1,0455,0333,0,1,1,0000,00e92d90,00000000000000000000000000000000,03330334034404550455045604550445,1,"B_IDLE",0,0,0333,0,0,07241d9,acc4acc4,c,9
2660,2660,0,001cb2f,1,1,3,1,1,0455,0333,0,1,1,0000,00e92d90,00000000000000000000000000000000,03330334034404550455045604550445,1,"B_IDLE",0,0,0333,0,0,07241d9,acc4acc4,c,9
2661,2661,0,001cb2f,1,1,1,1,1,0455,0333,0,1,1,0000,00e92d90,00000000000000000000000000000000,03330334034404550455045604550445,1,"B_IDLE",0,0,0333,0,0,07241d9,acc4acc4,c,9
2662,2662,0,001cb2f,1,1,4,1,1,0455,0333,0,1,1,0000,00e92d90,00000000000000000000000000000000,03330334034404550455045604550445,1,"B_IDLE",0,0,0333,0,0,07241d9,acc4acc4,c,9
2663,2663,0,001cb2f,1,1,3,1,1,0455,0333,0,1,1,0000,00e92d90,00000000000000000000000000000000,03330334034404550455045604550445,1,"B_IDLE",0,0,0333,0,0,07241d9,acc4acc4,c,9
2664,2664,0,001cb2f,1,1,3,1,1,0455,0333,0,1,1,0000,00e92d90,00000000000000000000000000000000,03330334034404550455045604550445,1,"B_IDLE",0,0,0333,0,0,07241d9,acc4acc4,c,9
2665,2665,0,001cb2f,1,1,1,1,1,0455,0333,0,1,1,0000,00e92d90,00000000000000000000000000000000,03330334034404550455045604550445,1,"B_IDLE",0,0,0333,0,0,07241d9,acc4acc4,c,9
2666,2666,0,001cb2f,1,1,4,1,1,0455,0333,0,1,1,0000,00e92d90,00000000000000000000000000000000,03330334034404550455045604550445,1,"B_IDLE",0,0,0333,0,0,07241d9,acc4acc4,c,9
2667,2667,0,001cb2f,1,1,3,1,1,0455,0333,0,1,1,0000,00e92d90,00000000000000000000000000000000,03330334034404550455045604550445,1,"B_IDLE",0,0,0333,0,0,07241d9,acc4acc4,c,9
2668,2668,0,001cb2f,1,1,3,1,1,0455,0333,0,1,1,0000,00e92d90,00000000000000000000000000000000,03330334034404550455045604550445,1,"B_IDLE",0,0,0333,0,0,07241d9,acc4acc4,c,9
2669,2669,0,001cb2f,1,1,1,1,1,0455,0333,0,1,1,0000,00e92d90,00000000000000000000000000000000,03330334034404550455045604550445,1,"B_IDLE",0,0,0333,0,0,07241d9,acc4acc4,c,9
2670,2670,0,001cb2f,1,1,4,1,1,0455,0333,0,1,1,0000,00e92d90,00000000000000000000000000000000,03330334034404550455045604550445,1,"B_IDLE",0,0,0333,0,0,07241d9,acc4acc4,c,9
2671,2671,0,001cb2f,1,1,3,1,1,0455,0333,0,1,1,0000,00e92d90,00000000000000000000000000000000,03330334034404550455045604550445,1,"B_IDLE",0,0,0333,0,0,07241d9,acc4acc4,c,9
2672,2672,0,001cb2f,1,1,3,1,1,0455,0333,0,1,1,0000,00e92d90,00000000000000000000000000000000,03330334034404550455045604550445,1,"B_IDLE",0,0,0333,0,0,07241d9,acc4acc4,c,9
2673,2673,0,001cb2f,1,1,1,1,1,0455,0333,0,1,1,0000,00e92d90,00000000000000000000000000000000,03330334034404550455045604550445,1,"B_IDLE",0,0,0333,0,0,07241d9,acc4acc4,c,9
2674,2674,0,001cb2f,1,1,4,1,1,0455,0333,0,1,1,0000,00e92d90,00000000000000000000000000000000,03330334034404550455045604550445,1,"B_IDLE",0,0,0333,0,0,07241d9,acc4acc4,c,9
2675,2675,0,001cb2f,1,1,3,1,1,0455,0333,0,1,1,0000,00e92d90,00000000000000000000000000000000,03330334034404550455045604550445,1,"B_IDLE",0,0,0333,0,0,07241d9,acc4acc4,c,9
2676,2676,0,001cb2f,1,1,3,1,1,0455,0333,0,1,1,0000,00e92d90,00000000000000000000000000000000,03330334034404550455045604550445,1,"B_IDLE",0,0,0333,0,0,07241d9,acc4acc4,c,9
2677,2677,0,001cb2f,1,1,1,1,1,0455,0333,0,1,1,0000,00e92d90,00000000000000000000000000000000,03330334034404550455045604550445,1,"B_IDLE",0,0,0333,0,0,07241d9,acc4acc4,c,9
2678,2678,0,001cb2f,1,1,4,1,1,0455,0333,0,1,1,0000,00e92d90,00000000000000000000000000000000,03330334034404550455045604550445,1,"B_IDLE",0,0,0333,0,0,07241d9,acc4acc4,c,9
2679,2679,0,001cb2f,1,1,3,1,1,0455,0333,0,1,1,0000,00e92d90,00000000000000000000000000000000,03330334034404550455045604550445,1,"B_IDLE",0,0,0333,0,0,07241d9,acc4acc4,c,9
2680,2680,0,001cb2f,1,1,3,1,1,0455,0333,0,1,1,0000,00e92d90,00000000000000000000000000000000,03330334034404550455045604550445,1,"B_IDLE",0,0,0333,0,0,07241d9,acc4acc4,c,9
2681,2681,0,001cb2f,1,1,1,1,1,0455,0333,0,1,1,0000,00e92d90,00000000000000000000000000000000,03330334034404550455045604550445,1,"B_IDLE",0,0,0333,0,0,07241d9,acc4acc4,c,9
2682,2682,0,001cb2f,1,1,4,1,1,0455,0333,0,1,1,0000,00e92d90,00000000000000000000000000000000,03330334034404550455045604550445,1,"B_IDLE",0,0,0333,0,0,07241d9,acc4acc4,c,9
2683,2683,0,001cb2f,1,1,3,1,1,0455,0333,0,1,1,0000,00e92d90,00000000000000000000000000000000,03330334034404550455045604550445,1,"B_IDLE",0,0,0333,0,0,07241d9,acc4acc4,c,9
2684,2684,0,001cb2f,1,1,3,1,1,0455,0333,0,1,1,0000,00e92d90,00000000000000000000000000000000,03330334034404550455045604550445,1,"B_IDLE",0,0,0333,0,0,07241d9,acc4acc4,c,9
2685,2685,0,001cb2f,1,1,1,1,1,0455,0333,0,1,1,0000,00e92d90,00000000000000000000000000000000,03330334034404550455045604550445,1,"B_IDLE",0,0,0333,0,0,07241d9,acc4acc4,c,9
2686,2686,0,001cb2f,1,1,4,1,1,0455,0333,0,1,1,0000,00e92d90,00000000000000000000000000000000,03330334034404550455045604550445,1,"B_IDLE",0,0,0333,0,0,07241d9,acc4acc4,c,9
2687,2687,0,001cb2f,1,1,3,1,1,0455,0333,0,1,1,0000,00e92d90,00000000000000000000000000000000,03330334034404550455045604550445,1,"B_IDLE",0,0,0333,0,0,07241d9,acc4acc4,c,9
2688,2688,0,001cb2f,1,1,3,1,1,0455,0333,0,1,1,0000,00e92d90,00000000000000000000000000000000,03330334034404550455045604550445,1,"B_IDLE",0,0,0333,0,0,07241d9,acc4acc4,c,9
2689,2689,0,001cb2f,1,1,1,1,1,0455,0333,0,1,1,0000,00e92d90,00000000000000000000000000000000,03330334034404550455045604550445,1,"B_IDLE",0,0,0333,0,0,07241d9,acc4acc4,c,9
2690,2690,0,001cb2f,1,1,4,1,1,0455,0333,0,1,1,0000,00e92d90,00000000000000000000000000000000,03330334034404550455045604550445,1,"B_IDLE",0,0,0333,0,0,07241d9,acc4acc4,c,9
2691,2691,0,001cb2f,1,1,3,1,1,0455,0333,0,1,1,0000,00e92d90,00000000000000000000000000000000,03330334034404550455045604550445,1,"B_IDLE",0,0,0333,0,0,07241d9,acc4acc4,c,9
2692,2692,0,001cb2f,1,1,3,1,1,0455,0333,0,1,1,0000,00e92d90,00000000000000000000000000000000,03330334034404550455045604550445,1,"B_IDLE",0,0,0333,0,0,07241d9,acc4acc4,c,9
2693,2693,0,001cb2f,1,1,1,1,1,0455,0333,0,1,1,0000,00e92d90,00000000000000000000000000000000,03330334034404550455045604550445,1,"B_IDLE",0,0,0333,0,0,07241d9,acc4acc4,c,9
2694,2694,0,001cb2f,1,1,4,1,1,0455,0333,0,1,1,0000,00e92d90,00000000000000000000000000000000,03330334034404550455045604550445,1,"B_IDLE",0,0,0333,0,0,07241d9,acc4acc4,c,9
2695,2695,0,001cb2f,1,1,3,1,1,0455,0333,0,1,1,0000,00e92d90,00000000000000000000000000000000,03330334034404550455045604550445,1,"B_IDLE",0,0,0333,0,0,07241d9,acc4acc4,c,9
2696,2696,0,001cb2f,1,1,3,1,1,0455,0333,0,1,1,0000,00e92d90,00000000000000000000000000000000,03330334034404550455045604550445,1,"B_IDLE",0,0,0333,0,0,07241d9,acc4acc4,c,9
2697,2697,0,001cb2f,1,1,1,1,1,0455,0333,0,1,1,0000,00e92d90,00000000000000000000000000000000,03330334034404550455045604550445,1,"B_IDLE",0,0,0333,0,0,07241d9,acc4acc4,c,9
2698,2698,0,001cb2f,1,1,4,1,1,0455,0333,0,1,1,0000,00e92d90,00000000000000000000000000000000,03330334034404550455045604550445,1,"B_IDLE",0,0,0333,0,0,07241d9,acc4acc4,c,9
2699,2699,0,001cb2f,1,1,3,1,1,0455,0333,0,1,1,0000,00e92d90,00000000000000000000000000000000,03330334034404550455045604550445,1,"B_IDLE",0,0,0333,0,0,07241d9,acc4acc4,c,9
2700,2700,0,001cb2f,1,1,3,1,1,0455,0333,0,1,1,0000,00e92d90,00000000000000000000000000000000,03330334034404550455045604550445,1,"B_IDLE",0,0,0333,0,0,07241d9,acc4acc4,c,9
2701,2701,0,001cb2f,1,1,1,1,1,0455,0333,0,1,1,0000,00e92d90,00000000000000000000000000000000,03330334034404550455045604550445,1,"B_IDLE",0,0,0333,0,0,07241d9,acc4acc4,c,9
2702,2702,0,001cb2f,1,1,4,1,1,0455,0333,0,1,1,0000,00e92d90,00000000000000000000000000000000,03330334034404550455045604550445,1,"B_IDLE",0,0,0333,0,0,07241d9,acc4acc4,c,9
2703,2703,0,001cb2f,1,1,3,1,1,0455,0333,0,1,1,0000,00e92d90,00000000000000000000000000000000,03330334034404550455045604550445,1,"B_IDLE",0,0,0333,0,0,07241d9,acc4acc4,c,9
2704,2704,0,001cb2f,1,1,3,1,1,0455,0333,0,1,1,0000,00e92d90,00000000000000000000000000000000,03330334034404550455045604550445,1,"B_IDLE",0,0,0333,0,0,07241d9,acc4acc4,c,9
2705,2705,0,001cb2f,1,1,1,1,1,0455,0333,0,1,1,0000,00e92d90,00000000000000000000000000000000,03330334034404550455045604550445,1,"B_IDLE",0,0,0333,0,0,07241d9,acc4acc4,c,9
2706,2706,0,001cb2f,1,1,4,1,1,0455,0333,0,1,1,0000,00e92d90,00000000000000000000000000000000,03330334034404550455045604550445,1,"B_IDLE",0,0,0333,0,0,07241d9,acc4acc4,c,9
2707,2707,0,001cb2f,1,1,3,1,1,0455,0333,0,1,1,0000,00e92d90,00000000000000000000000000000000,03330334034404550455045604550445,1,"B_IDLE",0,0,0333,0,0,07241d9,acc4acc4,c,9
2708,2708,0,001cb2f,1,1,3,1,1,0455,0333,0,1,1,0000,00e92d90,00000000000000000000000000000000,03330334034404550455045604550445,1,"B_IDLE",0,0,0333,0,0,07241d9,acc4acc4,c,9
2709,2709,0,001cb2f,1,1,1,1,1,0455,0333,0,1,1,0000,00e92d90,00000000000000000000000000000000,03330334034404550455045604550445,1,"B_IDLE",0,0,0333,0,0,07241d9,acc4acc4,c,9
2710,2710,0,001cb2f,1,1,4,1,1,0455,0333,0,1,1,0000,00e92d90,00000000000000000000000000000000,03330334034404550455045604550445,1,"B_IDLE",0,0,0333,0,0,07241d9,acc4acc4,c,9
2711,2711,0,001cb2f,1,1,3,1,1,0455,0333,0,1,1,0000,00e92d90,00000000000000000000000000000000,03330334034404550455045604550445,1,"B_IDLE",0,0,0333,0,0,07241d9,acc4acc4,c,9
2712,2712,0,001cb2f,1,1,3,1,1,0455,0333,0,1,1,0000,00e92d90,00000000000000000000000000000000,03330334034404550455045604550445,1,"B_IDLE",0,0,0333,0,0,07241d9,acc4acc4,c,9
2713,2713,0,001cb2f,1,1,1,1,1,0455,0333,0,1,1,0000,00e92d90,00000000000000000000000000000000,03330334034404550455045604550445,1,"B_IDLE",0,0,0333,0,0,07241d9,acc4acc4,c,9
2714,2714,0,001cb2f,1,1,4,1,1,0455,0333,0,1,1,0000,00e92d90,00000000000000000000000000000000,03330334034404550455045604550445,1,"B_IDLE",0,0,0333,0,0,07241d9,acc4acc4,c,9
2715,2715,0,0749677,2,1,3,0,0,0455,0333,0,1,1,0000,00e92d90,00000000000000000000000000000000,03330334034404550455045604550445,1,"B_IDLE",0,0,0333,0,0,07241d9,acc4acc4,c,9
2716,2716,0,0749677,2,1,3,0,0,0455,0333,0,1,1,0000,00e92d90,00000000000000000000000000000000,03330334034404550455045604550445,1,"B_IDLE",0,0,0333,0,0,07241d9,acc4acc4,c,9
2717,2717,0,0749677,2,1,1,0,0,0455,0333,0,1,1,0000,00e92d90,00000000000000000000000000000000,03330334034404550455045604550445,1,"B_IDLE",0,0,0333,0,0,07241d9,acc4acc4,c,9
2718,2718,0,0749677,2,0,0,0,0,0455,0333,0,1,1,0000,00e92d90,00000000000000000000000000000000,03330334034404550455045604550445,1,"B_IDLE",0,0,0333,0,0,07241d9,acc4acc4,c,9
2719,2719,0,0749677,2,0,0,0,0,0455,0333,0,1,1,0000,00e92d90,00000000000000000000000000000000,03330334034404550455045604550445,1,"B_IDLE",0,0,0333,0,0,07241d9,acc4acc4,c,9
2720,2720,0,0749677,2,0,0,0,0,0455,0333,0,1,1,0000,00e92d90,00000000000000000000000000000000,03330334034404550455045604550445,1,"B_IDLE",1,0,0333,0,0,07241d9,acc4acc4,c,9
2721,2721,0,0749677,2,0,0,0,0,0455,0333,0,1,1,0000,00e92ce0,00000000000000000000000000000000,03330334034404550455045604550445,1,"B_READ",1,0,0333,0,0,07241d9,acc4acc4,c,d
2722,2722,0,0749677,2,0,0,0,0,0455,0333,0,1,1,0000,00e92ce0,00000000000000000000000000000000,03330334034404550455045604550445,1,"B_READ",1,0,0333,0,0,07241d9,acc4acc4,c,0
2723,2723,0,0749677,2,0,0,0,0,0455,0333,0,1,1,0000,00e92ce0,00000000000000000000000000000000,03330334034404550455045604550445,1,"B_READ",1,0,0333,0,0,07241d9,acc4acc4,c,0
2724,2724,0,0749677,2,0,0,0,0,0455,0333,0,1,1,0000,00e92ce0,00000000000000000000000000000000,03330334034404550455045604550445,1,"B_READ",1,0,0333,0,0,07241d9,acc4acc4,c,0
2725,2725,0,0749677,2,0,0,0,0,0455,0333,0,1,1,0000,00e92ce0,00000000000000000000000000000000,03330334034404550455045604550445,1,"B_READ",1,0,0333,0,0,07241d9,acc4acc4,c,0
2726,2726,0,0749677,2,0,0,0,0,0455,0333,0,1,1,0000,00e92ce0,00000000000000000000000000000000,03330334034404550455045604550445,1,"B_READ",1,0,0333,0,0,07241d9,acc4acc4,c,0
2727,2727,0,0749677,2,0,0,0,0,0455,0333,0,1,1,0000,00e92ce0,00000000000000000000000000000000,03330334034404550455045604550445,1,"B_READ",1,0,0333,0,0,07241d9,acc4acc4,c,0
2728,2728,0,0749677,2,0,0,0,0,0455,0333,0,1,1,0000,00e92ce0,00000000000000000000000000000000,03330334034404550455045604550445,1,"B_READ",1,0,0333,0,0,07241d9,acc4acc4,c,0
2729,2729,0,0749677,2,0,0,0,0,0455,0333,0,1,1,0000,00e92ce0,00000000000000000000000000000000,03330334034404550455045604550445,1,"B_READ",1,0,0333,0,0,07241d9,acc4acc4,c,0
2730,2730,0,0749677,2,0,0,0,0,0455,0333,0,1,1,0000,00e92ce0,00000000000000000000000000000000,03330334034404550455045604550445,1,"B_READ",1,0,0333,0,0,07241d9,acc4acc4,c,0
2731,2731,0,0749677,2,0,0,0,0,0455,0333,0,1,1,0000,00e92ce0,00000000000000000000000000000000,03330334034404550455045604550445,1,"B_READ",1,0,0333,0,0,07241d9,acc4acc4,c,0
2732,2732,0,0749677,2,0,0,0,0,0455,0333,0,1,1,0000,00e92ce0,00000000000000000000000000000000,03330334034404550455045604550445,1,"B_READ",1,0,0333,0,0,07241d9,acc4acc4,c,0
2733,2733,0,0749677,2,0,0,0,0,0455,0333,0,1,1,0000,00e92ce0,00000000000000000000000000000000,03330334034404550455045604550445,1,"B_READ",1,0,0333,0,0,07241d9,acc4acc4,c,0
2734,2734,0,0749677,2,0,0,0,0,0455,0333,0,1,1,0000,00e92ce0,00000000000000000000000000000000,03330334034404550455045604550445,1,"B_READ",1,0,0333,0,0,07241d9,acc4acc4,c,0
2735,2735,0,0749677,2,0,0,0,0,0455,0333,0,1,1,0000,00e92ce0,00000000000000000000000000000000,03330334034404550455045604550445,1,"B_READ",1,0,0333,0,0,07241d9,acc4acc4,c,0
2736,2736,0,0749677,2,0,0,0,0,0455,0333,0,1,1,0000,00e92ce0,00000000000000000000000000000000,03330334034404550455045604550445,1,"B_READ",1,0,0333,0,0,07241d9,acc4acc4,c,0
2737,2737,0,0749677,2,0,0,0,0,0455,0333,0,1,1,0000,00e92ce0,00000000000000000000000000000000,03330334034404550455045604550445,1,"B_READ",1,0,0333,0,0,07241d9,acc4acc4,c,0
2738,2738,0,0749677,2,0,0,0,0,0455,0333,0,1,1,0000,00e92ce0,00000000000000000000000000000000,03330334034404550455045604550445,1,"B_READ",1,0,0333,0,0,07241d9,acc4acc4,c,0
2739,2739,0,0749677,2,0,0,0,0,0455,0333,0,1,1,0000,00e92ce0,00000000000000000000000000000000,03330334034404550455045604550445,1,"B_READ",1,0,0333,0,0,07241d9,acc4acc4,c,0
2740,2740,0,0749677,2,0,0,0,0,0455,0333,0,1,1,0000,00e92ce0,00000000000000000000000000000000,03330334034404550455045604550445,1,"B_READ",1,0,0333,0,0,07241d9,acc4acc4,c,0
2741,2741,0,0749677,2,0,0,0,0,0455,0333,0,1,1,0000,00e92ce0,00000000000000000000000000000000,03330334034404550455045604550445,1,"B_READ",1,0,0333,0,0,07241d9,acc4acc4,c,0
2742,2742,0,0749677,2,0,0,0,0,0455,0333,0,1,1,0000,00e92ce0,00000000000000000000000000000000,03330334034404550455045604550445,1,"B_READ",1,0,0333,0,0,07241d9,acc4acc4,c,0
2743,2743,0,0749677,2,0,0,0,0,0455,0333,0,1,1,0000,00e92ce0,00000000000000000000000000000000,03330334034404550455045604550445,1,"B_READ",1,0,0333,0,0,07241d9,acc4acc4,c,0
2744,2744,0,0749677,2,0,0,0,0,0455,0333,0,1,1,0000,00e92ce0,00000000000000000000000000000000,03330334034404550455045604550445,1,"B_READ",1,0,0333,0,0,07241d9,acc4acc4,c,0
2745,2745,0,0749677,2,0,0,0,0,0455,0333,0,1,1,0000,00e92ce0,00000000000000000000000000000000,03330334034404550455045604550445,1,"B_READ",1,0,0333,0,0,07241d9,acc4acc4,c,0
2746,2746,0,0749677,2,0,0,0,0,0455,0333,0,1,1,0000,00e92ce0,00000000000000000000000000000000,03330334034404550455045604550445,1,"B_READ",1,0,0333,0,0,07241d9,acc4acc4,c,0
2747,2747,0,0749677,2,0,0,0,0,0455,0333,0,1,1,0000,00e92ce0,00000000000000000000000000000000,03330334034404550455045604550445,1,"B_READ",1,0,0333,0,0,07241d9,acc4acc4,c,0
2748,2748,0,0749677,2,0,0,0,0,0455,0333,0,1,1,0000,00e92ce0,00000000000000000000000000000000,03330334034404550455045604550445,1,"B_READ",1,0,0333,0,0,07241d9,acc4acc4,c,0
2749,2749,0,0749677,2,0,0,0,0,0455,0333,0,1,1,0000,00e92ce0,00000000000000000000000000000000,03330334034404550455045604550445,0,"B_READ",1,0,0333,0,0,07241d9,acc4acc4,c,0
2750,2750,0,0749677,2,0,0,0,0,0455,0333,0,1,1,0000,00e92ce0,00000000000000000000000000000000,04110411041104120422032203220222,0,"B_READ",1,0,0333,0,0,07241d9,acc4acc4,c,a
2751,2751,0,0749677,2,0,0,0,0,0455,0333,0,1,1,0000,00e92ce0,00000000000000000000000000000000,04110411041104120422032203220222,0,"B_DELIVER",1,0,0333,0,0,07241d9,acc4acc4,c,8
2752,2752,0,0749677,2,0,0,0,0,0455,0333,0,1,1,0000,00e92ce0,00000000000000000000000000000000,04110411041104120422032203220222,0,"B_DELIVER",1,1,0411,0,0,07241d9,acc4acc4,c,8
2753,2753,0,0749677,2,0,0,0,0,0455,0411,1,1,1,0000,00e92ce0,00000000000000000000000000000000,04110411041104120422032203220222,0,"B_DELIVER",0,1,0222,0,0,07241d9,acc4acc4,c,8
2754,2754,0,0749677,2,0,4,0,0,0455,0411,1,1,1,0000,00e92ce0,00000000000000000000000000000000,04110411041104120422032203220222,0,"B_DELIVER",0,1,0322,0,0,07241d9,acc4acc4,c,8
2755,2755,0,0749677,1,1,3,1,1,0455,0411,1,1,1,0000,00e92ce0,00000000000000000000000000000000,04110411041104120422032203220222,0,"B_DELIVER",0,1,0322,0,0,07241d9,acc4acc4,c,8
2756,2756,0,0749677,1,1,3,1,1,0455,0411,0,1,1,0000,00e92ce0,00000000000000000000000000000000,04110411041104120422032203220222,0,"B_DELIVER",0,1,0422,0,0,07241d9,acc4acc4,c,8
2757,2757,0,0749677,1,1,1,1,1,0455,0411,0,1,1,0000,00e92ce0,00000000000000000000000000000000,04110411041104120422032203220222,0,"B_DELIVER",0,1,0412,0,0,07241d9,acc4acc4,c,8
2758,2758,0,0749677,1,1,4,1,1,0455,0411,0,1,1,0000,00e92ce0,00000000000000000000000000000000,04110411041104120422032203220222,0,"B_DELIVER",0,1,0411,0,0,07241d9,acc4acc4,c,8
2759,2759,0,0749677,1,1,3,1,1,0455,0411,0,1,1,0000,00e92ce0,00000000000000000000000000000000,04110411041104120422032203220222,0,"B_IDLE",0,1,0411,0,0,07241d9,acc4acc4,c,8
2760,2760,0,0749677,1,1,3,1,1,0455,0411,0,1,1,0000,00e92ce0,00000000000000000000000000000000,04110411041104120422032203220222,0,"B_IDLE",0,0,0411,0,0,07241d9,acc4acc4,c,8
2761,2761,0,0749677,1,1,1,1,1,0455,0411,0,1,1,0000,00e92ce0,00000000000000000000000000000000,04110411041104120422032203220222,0,"B_IDLE",0,0,0411,0,0,07241d9,acc4acc4,c,8
2762,2762,0,0749677,1,1,4,1,1,0455,0411,0,1,1,0000,00e92ce0,00000000000000000000000000000000,04110411041104120422032203220222,0,"B_IDLE",0,0,0411,0,0,07241d9,acc4acc4,c,8
2763,2763,0,0749677,1,1,3,1,1,0455,0411,0,1,1,0000,00e92ce0,00000000000000000000000000000000,04110411041104120422032203220222,0,"B_IDLE",0,0,0411,0,0,07241d9,acc4acc4,c,8
2764,2764,0,0749677,1,1,3,1,1,0455,0411,0,1,1,0000,00e92ce0,00000000000000000000000000000000,04110411041104120422032203220222,0,"B_IDLE",0,0,0411,0,0,07241d9,acc4acc4,c,8
2765,2765,0,0749677,1,1,1,1,1,0455,0411,0,1,1,0000,00e92ce0,00000000000000000000000000000000,04110411041104120422032203220222,0,"B_IDLE",0,0,0411,0,0,07241d9,acc4acc4,c,8
2766,2766,0,0749677,1,1,4,1,1,0455,0411,0,1,1,0000,00e92ce0,00000000000000000000000000000000,04110411041104120422032203220222,0,"B_IDLE",0,0,0411,0,0,07241d9,acc4acc4,c,8
2767,2767,0,0749677,1,1,3,1,1,0455,0411,0,1,1,0000,00e92ce0,00000000000000000000000000000000,04110411041104120422032203220222,0,"B_IDLE",0,0,0411,0,0,07241d9,acc4acc4,c,8
2768,2768,0,0749677,1,1,3,1,1,0455,0411,0,1,1,0000,00e92ce0,00000000000000000000000000000000,04110411041104120422032203220222,0,"B_IDLE",0,0,0411,0,0,07241d9,acc4acc4,c,8
2769,2769,0,0749677,1,1,1,1,1,0455,0411,0,1,1,0000,00e92ce0,00000000000000000000000000000000,04110411041104120422032203220222,0,"B_IDLE",0,0,0411,0,0,07241d9,acc4acc4,c,8
2770,2770,0,0749677,1,1,4,1,1,0455,0411,0,1,1,0000,00e92ce0,00000000000000000000000000000000,04110411041104120422032203220222,0,"B_IDLE",0,0,0411,0,0,07241d9,acc4acc4,c,8
2771,2771,0,0749677,1,1,3,1,1,0455,0411,0,1,1,0000,00e92ce0,00000000000000000000000000000000,04110411041104120422032203220222,0,"B_IDLE",0,0,0411,0,0,07241d9,acc4acc4,c,8
2772,2772,0,0749677,1,1,3,1,1,0455,0411,0,1,1,0000,00e92ce0,00000000000000000000000000000000,04110411041104120422032203220222,0,"B_IDLE",0,0,0411,0,0,07241d9,acc4acc4,c,8
2773,2773,0,0749677,1,1,1,1,1,0455,0411,0,1,1,0000,00e92ce0,00000000000000000000000000000000,04110411041104120422032203220222,0,"B_IDLE",0,0,0411,0,0,07241d9,acc4acc4,c,8
2774,2774,0,0749677,1,1,4,1,1,0455,0411,0,1,1,0000,00e92ce0,00000000000000000000000000000000,04110411041104120422032203220222,0,"B_IDLE",0,0,0411,0,0,07241d9,acc4acc4,c,8
2775,2775,0,0749677,1,1,3,1,1,0455,0411,0,1,1,0000,00e92ce0,00000000000000000000000000000000,04110411041104120422032203220222,0,"B_IDLE",0,0,0411,0,0,07241d9,acc4acc4,c,8
2776,2776,0,0749677,1,1,3,1,1,0455,0411,0,1,1,0000,00e92ce0,00000000000000000000000000000000,04110411041104120422032203220222,0,"B_IDLE",0,0,0411,0,0,07241d9,acc4acc4,c,8
2777,2777,0,0749677,1,1,1,1,1,0455,0411,0,1,1,0000,00e92ce0,00000000000000000000000000000000,04110411041104120422032203220222,0,"B_IDLE",0,0,0411,0,0,07241d9,acc4acc4,c,8
2778,2778,0,0749677,1,1,4,1,1,0455,0411,0,1,1,0000,00e92ce0,00000000000000000000000000000000,04110411041104120422032203220222,0,"B_IDLE",0,0,0411,0,0,07241d9,acc4acc4,c,8
2779,2779,0,0749677,1,1,3,1,1,0455,0411,0,1,1,0000,00e92ce0,00000000000000000000000000000000,04110411041104120422032203220222,0,"B_IDLE",0,0,0411,0,0,07241d9,acc4acc4,c,8
2780,2780,0,0749677,1,1,3,1,1,0455,0411,0,1,1,0000,00e92ce0,00000000000000000000000000000000,04110411041104120422032203220222,0,"B_IDLE",0,0,0411,0,0,07241d9,acc4acc4,c,8
2781,2781,0,0749677,1,1,1,1,1,0455,0411,0,1,1,0000,00e92ce0,00000000000000000000000000000000,04110411041104120422032203220222,0,"B_IDLE",0,0,0411,0,0,07241d9,acc4acc4,c,8
2782,2782,0,0749677,1,1,4,1,1,0455,0411,0,1,1,0000,00e92ce0,00000000000000000000000000000000,04110411041104120422032203220222,0,"B_IDLE",0,0,0411,0,0,07241d9,acc4acc4,c,8
2783,2783,0,0749677,1,1,3,1,1,0455,0411,0,1,1,0000,00e92ce0,00000000000000000000000000000000,04110411041104120422032203220222,0,"B_IDLE",0,0,0411,0,0,07241d9,acc4acc4,c,8
2784,2784,0,0749677,1,1,3,1,1,0455,0411,0,1,1,0000,00e92ce0,00000000000000000000000000000000,04110411041104120422032203220222,0,"B_IDLE",0,0,0411,0,0,07241d9,acc4acc4,c,8
2785,2785,0,0749677,1,1,1,1,1,0455,0411,0,1,1,0000,00e92ce0,00000000000000000000000000000000,04110411041104120422032203220222,0,"B_IDLE",0,0,0411,0,0,07241d9,acc4acc4,c,8
2786,2786,0,0749677,1,1,4,1,1,0455,0411,0,1,1,0000,00e92ce0,00000000000000000000000000000000,04110411041104120422032203220222,0,"B_IDLE",0,0,0411,0,0,07241d9,acc4acc4,c,8
2787,2787,0,0749677,1,1,3,1,1,0455,0411,0,1,1,0000,00e92ce0,00000000000000000000000000000000,04110411041104120422032203220222,0,"B_IDLE",0,0,0411,0,0,07241d9,acc4acc4,c,8
2788,2788,0,0749677,1,1,3,1,1,0455,0411,0,1,1,0000,00e92ce0,00000000000000000000000000000000,04110411041104120422032203220222,0,"B_IDLE",0,0,0411,0,0,07241d9,acc4acc4,c,8
2789,2789,0,0749677,1,1,1,1,1,0455,0411,0,1,1,0000,00e92ce0,00000000000000000000000000000000,04110411041104120422032203220222,0,"B_IDLE",0,0,0411,0,0,07241d9,acc4acc4,c,8
2790,2790,0,0749677,1,1,4,1,1,0455,0411,0,1,1,0000,00e92ce0,00000000000000000000000000000000,04110411041104120422032203220222,0,"B_IDLE",0,0,0411,0,0,07241d9,acc4acc4,c,8
2791,2791,0,0749677,1,1,3,1,1,0455,0411,0,1,1,0000,00e92ce0,00000000000000000000000000000000,04110411041104120422032203220222,0,"B_IDLE",0,0,0411,0,0,07241d9,acc4acc4,c,8
2792,2792,0,0749677,1,1,3,1,1,0455,0411,0,1,1,0000,00e92ce0,00000000000000000000000000000000,04110411041104120422032203220222,0,"B_IDLE",0,0,0411,0,0,07241d9,acc4acc4,c,8
2793,2793,0,0749677,1,1,1,1,1,0455,0411,0,1,1,0000,00e92ce0,00000000000000000000000000000000,04110411041104120422032203220222,0,"B_IDLE",0,0,0411,0,0,07241d9,acc4acc4,c,8
2794,2794,0,0749677,1,1,4,1,1,0455,0411,0,1,1,0000,00e92ce0,00000000000000000000000000000000,04110411041104120422032203220222,0,"B_IDLE",0,0,0411,0,0,07241d9,acc4acc4,c,8
2795,2795,0,0749677,1,1,3,1,1,0455,0411,0,1,1,0000,00e92ce0,00000000000000000000000000000000,04110411041104120422032203220222,0,"B_IDLE",0,0,0411,0,0,07241d9,acc4acc4,c,8
2796,2796,0,0749677,1,1,3,1,1,0455,0411,0,1,1,0000,00e92ce0,00000000000000000000000000000000,04110411041104120422032203220222,0,"B_IDLE",0,0,0411,0,0,07241d9,acc4acc4,c,8
2797,2797,0,0749677,1,1,1,1,1,0455,0411,0,1,1,0000,00e92ce0,00000000000000000000000000000000,04110411041104120422032203220222,0,"B_IDLE",0,0,0411,0,0,07241d9,acc4acc4,c,8
2798,2798,0,0749677,1,1,4,1,1,0455,0411,0,1,1,0000,00e92ce0,00000000000000000000000000000000,04110411041104120422032203220222,0,"B_IDLE",0,0,0411,0,0,07241d9,acc4acc4,c,8
2799,2799,0,0749677,1,1,3,1,1,0455,0411,0,1,1,0000,00e92ce0,00000000000000000000000000000000,04110411041104120422032203220222,0,"B_IDLE",0,0,0411,0,0,07241d9,acc4acc4,c,8
2800,2800,0,0749677,1,1,3,1,1,0455,0411,0,1,1,0000,00e92ce0,00000000000000000000000000000000,04110411041104120422032203220222,0,"B_IDLE",0,0,0411,0,0,07241d9,acc4acc4,c,8
2801,2801,0,0749677,1,1,1,1,1,0455,0411,0,1,1,0000,00e92ce0,00000000000000000000000000000000,04110411041104120422032203220222,0,"B_IDLE",0,0,0411,0,0,07241d9,acc4acc4,c,8
2802,2802,0,0749677,1,1,4,1,1,0455,0411,0,1,1,0000,00e92ce0,00000000000000000000000000000000,04110411041104120422032203220222,0,"B_IDLE",0,0,0411,0,0,07241d9,acc4acc4,c,8
2803,2803,0,0749677,1,1,3,1,1,0455,0411,0,1,1,0000,00e92ce0,00000000000000000000000000000000,04110411041104120422032203220222,0,"B_IDLE",0,0,0411,0,0,07241d9,acc4acc4,c,8
2804,2804,0,0749677,1,1,3,1,1,0455,0411,0,1,1,0000,00e92ce0,00000000000000000000000000000000,04110411041104120422032203220222,0,"B_IDLE",0,0,0411,0,0,07241d9,acc4acc4,c,8
2805,2805,0,0749677,1,1,1,1,1,0455,0411,0,1,1,0000,00e92ce0,00000000000000000000000000000000,04110411041104120422032203220222,0,"B_IDLE",0,0,0411,0,0,07241d9,acc4acc4,c,8
2806,2806,0,0749677,1,1,4,1,1,0455,0411,0,1,1,0000,00e92ce0,00000000000000000000000000000000,04110411041104120422032203220222,0,"B_IDLE",0,0,0411,0,0,07241d9,acc4acc4,c,8
2807,2807,0,0749677,1,1,3,1,1,0455,0411,0,1,1,0000,00e92ce0,00000000000000000000000000000000,04110411041104120422032203220222,0,"B_IDLE",0,0,0411,0,0,07241d9,acc4acc4,c,8
2808,2808,0,0749677,1,1,3,1,1,0455,0411,0,1,1,0000,00e92ce0,00000000000000000000000000000000,04110411041104120422032203220222,0,"B_IDLE",0,0,0411,0,0,07241d9,acc4acc4,c,8
2809,2809,0,0749677,1,1,1,1,1,0455,0411,0,1,1,0000,00e92ce0,00000000000000000000000000000000,04110411041104120422032203220222,0,"B_IDLE",0,0,0411,0,0,07241d9,acc4acc4,c,8
2810,2810,0,0749677,1,1,4,1,1,0455,0411,0,1,1,0000,00e92ce0,00000000000000000000000000000000,04110411041104120422032203220222,0,"B_IDLE",0,0,0411,0,0,07241d9,acc4acc4,c,8
2811,2811,0,001c9f9,3,1,3,0,0,0411,0411,0,1,1,0000,00e92ce0,00000000000000000000000000000000,04110411041104120422032203220222,0,"B_IDLE",0,0,0411,0,0,07241d9,acc4acc4,c,8
2812,2812,0,001c9f9,3,1,3,0,0,0411,0322,0,1,1,0000,00e92ce0,00000000000000000000000000000000,04110411041104120422032203220222,0,"B_IDLE",0,0,0411,0,0,07241d9,acc4acc4,c,8
2813,2813,0,001c9f9,3,1,1,0,0,0411,0322,0,1,1,0000,00e92ce0,00000000000000000000000000000000,04110411041104120422032203220222,0,"B_IDLE",0,0,0411,0,0,07241d9,acc4acc4,c,8
2814,2814,0,001c9f9,3,1,0,0,0,0411,0322,0,1,1,0000,00e92ce0,00000000000000000000000000000000,04110411041104120422032203220222,0,"B_IDLE",0,0,0411,0,0,07241d9,acc4acc4,c,8
2815,2815,0,001c9f9,3,1,0,0,0,0411,0322,0,1,1,0000,00e92ce0,00000000000000000000000000000000,04110411041104120422032203220222,0,"B_IDLE",0,0,0411,0,0,07241d9,acc4acc4,c,8
2816,2816,0,001c9f9,3,1,0,0,0,0411,0322,0,1,1,0000,00e92ce0,00000000000000000000000000000000,04110411041104120422032203220222,0,"B_IDLE",0,0,0411,0,0,07241d9,acc4acc4,c,8
2817,2817,0,001c9f9,3,1,0,0,0,0411,0322,0,1,1,0000,00e92ce0,00000000000000000000000000000000,04110411041104120422032203220222,0,"B_IDLE",0,0,0411,0,0,07241d9,acc4acc4,c,8
2818,2818,0,001c9f9,3,1,0,0,0,0411,0322,0,1,1,0000,00e92ce0,00000000000000000000000000000000,04110411041104120422032203220222,0,"B_IDLE",0,0,0411,0,0,07241d9,acc4acc4,c,8
2819,2819,0,001c9f9,3,1,0,0,0,0411,0322,0,1,1,0000,00e92ce0,00000000000000000000000000000000,04110411041104120422032203220222,0,"B_IDLE",0,0,0411,0,0,07241d9,acc4acc4,c,8
2820,2820,0,001c9f9,3,1,0,0,0,0411,0322,0,1,1,0000,00e92ce0,00000000000000000000000000000000,04110411041104120422032203220222,0,"B_IDLE",0,0,0411,0,0,07241d9,acc4acc4,c,8
2821,2821,0,001c9f9,3,1,0,0,0,0411,0322,0,1,1,0000,00e92ce0,00000000000000000000000000000000,04110411041104120422032203220222,0,"B_IDLE",0,0,0411,0,0,07241d9,acc4acc4,c,8
2822,2822,0,001c9f9,3,1,0,0,0,0411,0322,0,1,1,0000,00e92ce0,00000000000000000000000000000000,04110411041104120422032203220222,0,"B_IDLE",0,0,0411,0,0,07241d9,acc4acc4,c,8
2823,2823,0,001c9f9,3,1,0,0,0,0411,0322,0,1,1,0000,00e92ce0,00000000000000000000000000000000,04110411041104120422032203220222,0,"B_IDLE",0,0,0411,0,0,07241d9,acc4acc4,c,8
2824,2824,0,001c9f9,3,1,0,0,0,0411,0322,0,1,1,0000,00e92ce0,00000000000000000000000000000000,04110411041104120422032203220222,0,"B_IDLE",0,0,0411,0,0,07241d9,acc4acc4,c,8
2825,2825,0,001c9f9,3,1,0,0,0,0411,0322,0,1,1,0000,00e92ce0,00000000000000000000000000000000,04110411041104120422032203220222,0,"B_IDLE",0,0,0411,0,0,07241d9,acc4acc4,c,8
2826,2826,0,001c9f9,3,1,0,0,0,0411,0322,0,1,1,0000,00e92ce0,00000000000000000000000000000000,04110411041104120422032203220222,0,"B_IDLE",0,0,0411,0,0,07241d9,acc4acc4,c,8
2827,2827,0,001c9f9,3,1,0,0,0,0411,0322,0,1,1,0000,00e92ce0,00000000000000000000000000000000,04110411041104120422032203220222,0,"B_IDLE",0,0,0411,0,0,07241d9,acc4acc4,c,8
2828,2828,0,001c9f9,3,1,0,0,0,0411,0322,0,1,1,0000,00e92ce0,00000000000000000000000000000000,04110411041104120422032203220222,0,"B_IDLE",0,0,0411,0,0,07241d9,acc4acc4,c,8
2829,2829,0,001c9f9,3,1,0,0,0,0411,0322,0,1,1,0000,00e92ce0,00000000000000000000000000000000,04110411041104120422032203220222,0,"B_IDLE",0,0,0411,0,0,07241d9,acc4acc4,c,8
2830,2830,0,001c9f9,3,1,0,0,0,0411,0322,0,1,1,0000,00e92ce0,00000000000000000000000000000000,04110411041104120422032203220222,0,"B_IDLE",0,0,0411,0,0,07241d9,acc4acc4,c,8
2831,2831,0,001c9f9,3,1,0,0,0,0411,0322,0,1,1,0000,00e92ce0,00000000000000000000000000000000,04110411041104120422032203220222,0,"B_IDLE",0,0,0411,0,0,07241d9,acc4acc4,c,8
2832,2832,0,001c9f9,3,1,0,0,0,0411,0322,0,1,1,0000,00e92ce0,00000000000000000000000000000000,04110411041104120422032203220222,0,"B_IDLE",0,0,0411,0,0,07241d9,acc4acc4,c,8
2833,2833,0,001c9f9,3,1,0,0,0,0411,0322,0,1,1,0000,00e92ce0,00000000000000000000000000000000,04110411041104120422032203220222,0,"B_IDLE",0,0,0411,0,0,07241d9,acc4acc4,c,8
2834,2834,0,001c9f9,3,1,0,0,0,0411,0322,0,1,1,0000,00e92ce0,00000000000000000000000000000000,04110411041104120422032203220222,0,"B_IDLE",0,0,0411,0,0,07241d9,acc4acc4,c,8
2835,2835,0,001c9f9,3,1,0,0,0,0411,0322,0,1,1,0000,00e92ce0,00000000000000000000000000000000,04110411041104120422032203220222,0,"B_IDLE",0,0,0411,0,0,07241d9,acc4acc4,c,8
2836,2836,0,001c9f9,3,1,0,0,0,0411,0322,0,1,1,0000,00e92ce0,00000000000000000000000000000000,04110411041104120422032203220222,0,"B_IDLE",0,0,0411,0,0,07241d9,acc4acc4,c,8
2837,2837,0,001c9f9,3,1,0,0,0,0411,0322,0,1,1,0000,00e92ce0,00000000000000000000000000000000,04110411041104120422032203220222,0,"B_IDLE",0,0,0411,0,0,07241d9,acc4acc4,c,8
2838,2838,0,001c9f9,3,1,0,0,0,0411,0322,0,1,1,0000,00e92ce0,00000000000000000000000000000000,04110411041104120422032203220222,0,"B_IDLE",0,0,0411,0,0,07241d9,acc4acc4,c,8
2839,2839,0,001c9f9,3,1,0,0,0,0411,0322,0,1,1,0000,00e92ce0,00000000000000000000000000000000,04110411041104120422032203220222,0,"B_IDLE",0,0,0411,0,0,07241d9,acc4acc4,c,8
2840,2840,0,001c9f9,3,1,0,0,0,0411,0322,0,1,1,0000,00e92ce0,00000000000000000000000000000000,04110411041104120422032203220222,0,"B_IDLE",0,0,0411,0,0,07241d9,acc4acc4,c,8
2841,2841,0,001c9f9,3,1,0,0,0,0411,0322,0,1,1,0000,00e92ce0,00000000000000000000000000000000,04110411041104120422032203220222,0,"B_IDLE",0,0,0411,0,0,07241d9,acc4acc4,c,8
2842,2842,0,001c9f9,3,1,0,0,0,0411,0322,0,1,1,0000,00e92ce0,00000000000000000000000000000000,04110411041104120422032203220222,0,"B_IDLE",0,0,0411,0,0,07241d9,acc4acc4,c,8
2843,2843,0,001c9f9,3,1,0,0,0,0411,0322,0,1,1,0000,00e92ce0,00000000000000000000000000000000,04110411041104120422032203220222,0,"B_IDLE",0,0,0411,0,0,07241d9,acc4acc4,c,8
2844,2844,0,001c9f9,3,1,0,0,0,0411,0322,0,1,1,0000,00e92ce0,00000000000000000000000000000000,04110411041104120422032203220222,0,"B_IDLE",0,0,0411,0,0,07241d9,acc4acc4,c,8
2845,2845,0,001c9f9,3,1,0,0,0,0411,0322,0,1,1,0000,00e92ce0,00000000000000000000000000000000,04110411041104120422032203220222,0,"B_IDLE",0,0,0411,0,0,07241d9,acc4acc4,c,8
2846,2846,0,001c9f9,3,1,0,0,0,0411,0322,0,1,1,0000,00e92ce0,00000000000000000000000000000000,04110411041104120422032203220222,0,"B_IDLE",0,0,0411,0,0,07241d9,acc4acc4,c,8
2847,2847,0,001c9f9,3,1,0,0,0,0411,0322,0,1,1,0000,00e92ce0,00000000000000000000000000000000,04110411041104120422032203220222,0,"B_IDLE",0,0,0411,0,0,07241d9,acc4acc4,c,8
2848,2848,0,001c9f9,3,1,0,0,0,0411,0322,0,1,1,0000,00e92ce0,00000000000000000000000000000000,04110411041104120422032203220222,0,"B_IDLE",0,0,0411,0,0,07241d9,acc4acc4,c,8
2849,2849,0,001c9f9,3,1,0,0,0,0411,0322,0,1,1,0000,00e92ce0,00000000000000000000000000000000,04110411041104120422032203220222,0,"B_IDLE",0,0,0411,0,0,07241d9,acc4acc4,c,8
2850,2850,0,001c9f9,3,1,0,0,0,0411,0322,0,1,1,0000,00e92ce0,00000000000000000000000000000000,04110411041104120422032203220222,0,"B_IDLE",0,0,0411,0,0,07241d9,acc4acc4,c,8
2851,2851,0,001c9f9,3,1,0,0,0,0411,0322,0,1,1,0000,00e92ce0,00000000000000000000000000000000,04110411041104120422032203220222,0,"B_IDLE",0,0,0411,0,0,07241d9,acc4acc4,c,8
2852,2852,0,001c9f9,3,1,0,0,0,0411,0322,0,1,1,0000,00e92ce0,00000000000000000000000000000000,04110411041104120422032203220222,0,"B_IDLE",0,0,0411,0,0,07241d9,acc4acc4,c,8
2853,2853,0,001c9f9,3,1,0,0,0,0411,0322,0,1,1,0000,00e92ce0,00000000000000000000000000000000,04110411041104120422032203220222,0,"B_IDLE",0,0,0411,0,0,07241d9,acc4acc4,c,8
2854,2854,0,001c9f9,3,1,0,0,0,0411,0322,0,1,1,0000,00e92ce0,00000000000000000000000000000000,04110411041104120422032203220222,0,"B_IDLE",0,0,0411,0,0,07241d9,acc4acc4,c,8
2855,2855,0,001c9f9,3,1,0,0,0,0411,0322,0,1,1,0000,00e92ce0,00000000000000000000000000000000,04110411041104120422032203220222,0,"B_IDLE",0,0,0411,0,0,07241d9,acc4acc4,c,8
2856,2856,0,001c9f9,3,1,0,0,0,0411,0322,0,1,1,0000,00e92ce0,00000000000000000000000000000000,04110411041104120422032203220222,0,"B_IDLE",0,0,0411,0,0,07241d9,acc4acc4,c,8
2857,2857,0,001c9f9,3,1,0,0,0,0411,0322,0,1,1,0000,00e92ce0,00000000000000000000000000000000,04110411041104120422032203220222,0,"B_IDLE",0,0,0411,0,0,07241d9,acc4acc4,c,8
2858,2858,0,001c9f9,3,1,0,0,0,0411,0322,0,1,1,0000,00e92ce0,00000000000000000000000000000000,04110411041104120422032203220222,0,"B_IDLE",0,0,0411,0,0,07241d9,acc4acc4,c,8
2859,2859,0,001c9f9,3,1,0,0,0,0411,0322,0,1,1,0000,00e92ce0,00000000000000000000000000000000,04110411041104120422032203220222,0,"B_IDLE",0,0,0411,0,0,07241d9,acc4acc4,c,8
2860,2860,0,001c9f9,3,1,0,0,0,0411,0322,0,1,1,0000,00e92ce0,00000000000000000000000000000000,04110411041104120422032203220222,0,"B_IDLE",0,0,0411,0,0,07241d9,acc4acc4,c,8
2861,2861,0,001c9f9,3,1,0,0,0,0411,0322,0,1,1,0000,00e92ce0,00000000000000000000000000000000,04110411041104120422032203220222,0,"B_IDLE",0,0,0411,0,0,07241d9,acc4acc4,c,8
2862,2862,0,001c9f9,3,1,0,0,0,0411,0322,0,1,1,0000,00e92ce0,00000000000000000000000000000000,04110411041104120422032203220222,0,"B_IDLE",0,0,0411,0,0,07241d9,acc4acc4,c,8
2863,2863,0,001c9f9,3,1,0,0,0,0411,0322,0,1,1,0000,00e92ce0,00000000000000000000000000000000,04110411041104120422032203220222,0,"B_IDLE",0,0,0411,0,0,07241d9,acc4acc4,c,8
2864,2864,0,001c9f9,3,1,0,0,0,0411,0322,0,1,1,0000,00e92ce0,00000000000000000000000000000000,04110411041104120422032203220222,0,"B_IDLE",0,0,0411,0,0,07241d9,acc4acc4,c,8
2865,2865,0,001c9f9,3,1,0,0,0,0411,0322,0,1,1,0000,00e92ce0,00000000000000000000000000000000,04110411041104120422032203220222,0,"B_IDLE",0,0,0411,0,0,07241d9,acc4acc4,c,8
2866,2866,0,001c9f9,3,1,0,0,0,0411,0322,0,1,1,0000,00e92ce0,00000000000000000000000000000000,04110411041104120422032203220222,0,"B_IDLE",0,0,0411,0,0,07241d9,acc4acc4,c,8
2867,2867,0,001c9f9,3,1,0,0,0,0411,0322,0,1,1,0000,00e92ce0,00000000000000000000000000000000,04110411041104120422032203220222,0,"B_IDLE",0,0,0411,0,0,07241d9,acc4acc4,c,8
2868,2868,0,001c9f9,3,1,0,0,0,0411,0322,0,1,1,0000,00e92ce0,00000000000000000000000000000000,04110411041104120422032203220222,0,"B_IDLE",0,0,0411,0,0,07241d9,acc4acc4,c,8
2869,2869,0,001c9f9,3,1,0,0,0,0411,0322,0,1,1,0000,00e92ce0,00000000000000000000000000000000,04110411041104120422032203220222,0,"B_IDLE",0,0,0411,0,0,07241d9,acc4acc4,c,8
2870,2870,0,001c9f9,3,1,0,0,0,0411,0322,0,1,1,0000,00e92ce0,00000000000000000000000000000000,04110411041104120422032203220222,0,"B_IDLE",0,0,0411,0,0,07241d9,acc4acc4,c,8
2871,2871,0,001c9f9,3,1,0,0,0,0411,0322,0,1,1,0000,00e92ce0,00000000000000000000000000000000,04110411041104120422032203220222,0,"B_IDLE",0,0,0411,0,0,07241d9,acc4acc4,c,8
2872,2872,0,001c9f9,3,1,0,0,0,0411,0322,0,1,1,0000,00e92ce0,00000000000000000000000000000000,04110411041104120422032203220222,0,"B_IDLE",0,0,0411,0,0,07241d9,acc4acc4,c,8
2873,2873,0,001c9f9,3,1,0,0,0,0411,0322,0,1,1,0000,00e92ce0,00000000000000000000000000000000,04110411041104120422032203220222,0,"B_IDLE",0,0,0411,0,0,07241d9,acc4acc4,c,8
2874,2874,0,001c9f9,3,1,0,0,0,0411,0322,0,1,1,0000,00e92ce0,00000000000000000000000000000000,04110411041104120422032203220222,0,"B_IDLE",0,0,0411,0,0,07241d9,acc4acc4,c,8
2875,2875,0,001c9f9,3,1,0,0,0,0411,0322,0,1,1,0000,00e92ce0,00000000000000000000000000000000,04110411041104120422032203220222,0,"B_IDLE",0,0,0411,0,0,07241d9,acc4acc4,c,8
2876,2876,0,001c9f9,3,1,0,0,0,0411,0322,0,1,1,0000,00e92ce0,00000000000000000000000000000000,04110411041104120422032203220222,0,"B_IDLE",0,0,0411,0,0,07241d9,acc4acc4,c,8
2877,2877,0,001c9f9,3,1,0,0,0,0411,0322,0,1,1,0000,00e92ce0,00000000000000000000000000000000,04110411041104120422032203220222,0,"B_IDLE",0,0,0411,0,0,07241d9,acc4acc4,c,8
2878,2878,0,001c9f9,3,1,0,0,0,0411,0322,0,1,1,0000,00e92ce0,00000000000000000000000000000000,04110411041104120422032203220222,0,"B_IDLE",0,0,0411,0,0,07241d9,acc4acc4,c,8
2879,2879,0,001c9f9,3,1,0,0,0,0411,0322,0,1,1,0000,00e92ce0,00000000000000000000000000000000,04110411041104120422032203220222,0,"B_IDLE",0,0,0411,0,0,07241d9,acc4acc4,c,8
2880,2880,0,001c9f9,3,1,0,0,0,0411,0322,0,1,1,0000,00e92ce0,00000000000000000000000000000000,04110411041104120422032203220222,0,"B_IDLE",0,0,0411,0,0,07241d9,acc4acc4,c,8
2881,2881,0,001c9f9,3,1,0,0,0,0411,0322,0,1,1,0000,00e92ce0,00000000000000000000000000000000,04110411041104120422032203220222,0,"B_IDLE",0,0,0411,0,0,07241d9,acc4acc4,c,8
2882,2882,0,001c9f9,3,1,0,0,0,0411,0322,0,1,1,0000,00e92ce0,00000000000000000000000000000000,04110411041104120422032203220222,0,"B_IDLE",0,0,0411,0,0,07241d9,acc4acc4,c,8
2883,2883,0,001c9f9,3,1,0,0,0,0411,0322,0,1,1,0000,00e92ce0,00000000000000000000000000000000,04110411041104120422032203220222,0,"B_IDLE",0,0,0411,0,0,07241d9,acc4acc4,c,8
2884,2884,0,001c9f9,3,1,0,0,0,0411,0322,0,1,1,0000,00e92ce0,00000000000000000000000000000000,04110411041104120422032203220222,0,"B_IDLE",0,0,0411,0,0,07241d9,acc4acc4,c,8
2885,2885,0,001c9f9,3,1,0,0,0,0411,0322,0,1,1,0000,00e92ce0,00000000000000000000000000000000,04110411041104120422032203220222,0,"B_IDLE",0,0,0411,0,0,07241d9,acc4acc4,c,8
2886,2886,0,001c9f9,3,1,0,0,0,0411,0322,0,1,1,0000,00e92ce0,00000000000000000000000000000000,04110411041104120422032203220222,0,"B_IDLE",0,0,0411,0,0,07241d9,acc4acc4,c,8
2887,2887,0,001c9f9,3,1,0,0,0,0411,0322,0,1,1,0000,00e92ce0,00000000000000000000000000000000,04110411041104120422032203220222,0,"B_IDLE",0,0,0411,0,0,07241d9,acc4acc4,c,8
2888,2888,0,001c9f9,3,1,0,0,0,0411,0322,0,1,1,0000,00e92ce0,00000000000000000000000000000000,04110411041104120422032203220222,0,"B_IDLE",0,0,0411,0,0,07241d9,acc4acc4,c,8
2889,2889,0,001c9f9,3,1,0,0,0,0411,0322,0,1,1,0000,00e92ce0,00000000000000000000000000000000,04110411041104120422032203220222,0,"B_IDLE",0,0,0411,0,0,07241d9,acc4acc4,c,8
2890,2890,0,001c9f9,3,1,0,0,0,0411,0322,0,1,1,0000,00e92ce0,00000000000000000000000000000000,04110411041104120422032203220222,0,"B_IDLE",0,0,0411,0,0,07241d9,acc4acc4,c,8
2891,2891,0,001c9f9,3,1,0,0,0,0411,0322,0,1,1,0000,00e92ce0,00000000000000000000000000000000,04110411041104120422032203220222,0,"B_IDLE",0,0,0411,0,0,07241d9,acc4acc4,c,8
2892,2892,0,001c9f9,3,1,0,0,0,0411,0322,0,1,1,0000,00e92ce0,00000000000000000000000000000000,04110411041104120422032203220222,0,"B_IDLE",0,0,0411,0,0,07241d9,acc4acc4,c,8
2893,2893,0,001c9f9,3,1,0,0,0,0411,0322,0,1,1,0000,00e92ce0,00000000000000000000000000000000,04110411041104120422032203220222,0,"B_IDLE",0,0,0411,0,0,07241d9,acc4acc4,c,8
2894,2894,0,001c9f9,3,1,0,0,0,0411,0322,0,1,1,0000,00e92ce0,00000000000000000000000000000000,04110411041104120422032203220222,0,"B_IDLE",0,0,0411,0,0,07241d9,acc4acc4,c,8
2895,2895,0,001c9f9,3,1,0,0,0,0411,0322,0,1,1,0000,00e92ce0,00000000000000000000000000000000,04110411041104120422032203220222,0,"B_IDLE",0,0,0411,0,0,07241d9,acc4acc4,c,8
2896,2896,0,001c9f9,3,1,0,0,0,0411,0322,0,1,1,0000,00e92ce0,00000000000000000000000000000000,04110411041104120422032203220222,0,"B_IDLE",0,0,0411,0,0,07241d9,acc4acc4,c,8
2897,2897,0,001c9f9,3,1,0,0,0,0411,0322,0,1,1,0000,00e92ce0,00000000000000000000000000000000,04110411041104120422032203220222,0,"B_IDLE",0,0,0411,0,0,07241d9,acc4acc4,c,8
2898,2898,0,001c9f9,3,1,0,0,0,0411,0322,0,1,1,0000,00e92ce0,00000000000000000000000000000000,04110411041104120422032203220222,0,"B_IDLE",0,0,0411,0,0,07241d9,acc4acc4,c,8
2899,2899,0,001c9f9,3,1,0,0,0,0411,0322,0,1,1,0000,00e92ce0,00000000000000000000000000000000,04110411041104120422032203220222,0,"B_IDLE",0,0,0411,0,0,07241d9,acc4acc4,c,8
2900,2900,0,001c9f9,3,1,0,0,0,0411,0322,0,1,1,0000,00e92ce0,00000000000000000000000000000000,04110411041104120422032203220222,0,"B_IDLE",0,0,0411,0,0,07241d9,acc4acc4,c,8
2901,2901,0,001c9f9,3,1,0,0,0,0411,0322,0,1,1,0000,00e92ce0,00000000000000000000000000000000,04110411041104120422032203220222,0,"B_IDLE",0,0,0411,0,0,07241d9,acc4acc4,c,8
2902,2902,0,001c9f9,3,1,0,0,0,0411,0322,0,1,1,0000,00e92ce0,00000000000000000000000000000000,04110411041104120422032203220222,0,"B_IDLE",0,0,0411,0,0,07241d9,acc4acc4,c,8
2903,2903,0,001c9f9,3,1,0,0,0,0411,0322,0,1,1,0000,00e92ce0,00000000000000000000000000000000,04110411041104120422032203220222,0,"B_IDLE",0,0,0411,0,0,07241d9,acc4acc4,c,8
2904,2904,0,001c9f9,3,1,0,0,0,0411,0322,0,1,1,0000,00e92ce0,00000000000000000000000000000000,04110411041104120422032203220222,0,"B_IDLE",0,0,0411,0,0,07241d9,acc4acc4,c,8
2905,2905,0,001c9f9,3,1,0,0,0,0411,0322,0,1,1,0000,00e92ce0,00000000000000000000000000000000,04110411041104120422032203220222,0,"B_IDLE",0,0,0411,0,0,07241d9,acc4acc4,c,8
2906,2906,0,001c9f9,3,1,4,0,0,0411,0322,0,1,1,0000,00e92ce0,00000000000000000000000000000000,04110411041104120422032203220222,0,"B_IDLE",0,0,0411,0,0,07241d9,acc4acc4,c,8
2907,2907,0,001c9f9,1,1,3,1,1,0411,0322,0,1,1,0000,00e92ce0,00000000000000000000000000000000,04110411041104120422032203220222,0,"B_IDLE",0,0,0411,0,0,07241d9,acc4acc4,c,8
2908,2908,0,001c9f9,1,1,3,1,1,0411,0322,0,1,1,0000,00e92ce0,00000000000000000000000000000000,04110411041104120422032203220222,0,"B_IDLE",0,0,0411,0,0,07241d9,acc4acc4,c,8
2909,2909,0,001c9f9,1,1,1,1,1,0411,0322,0,1,1,0000,00e92ce0,00000000000000000000000000000000,04110411041104120422032203220222,0,"B_IDLE",0,0,0411,0,0,07241d9,acc4acc4,c,8
2910,2910,0,001c9f9,1,1,4,1,1,0411,0322,0,1,1,0000,00e92ce0,00000000000000000000000000000000,04110411041104120422032203220222,0,"B_IDLE",0,0,0411,0,0,07241d9,acc4acc4,c,8
2911,2911,0,001c9f9,1,1,3,1,1,0411,0322,0,1,1,0000,00e92ce0,00000000000000000000000000000000,04110411041104120422032203220222,0,"B_IDLE",0,0,0411,0,0,07241d9,acc4acc4,c,8
2912,2912,0,001c9f9,1,1,3,1,1,0411,0322,0,1,1,0000,00e92ce0,00000000000000000000000000000000,04110411041104120422032203220222,0,"B_IDLE",0,0,0411,0,0,07241d9,acc4acc4,c,8
2913,2913,0,001c9f9,1,1,1,1,1,0411,0322,0,1,1,0000,00e92ce0,00000000000000000000000000000000,04110411041104120422032203220222,0,"B_IDLE",0,0,0411,0,0,07241d9,acc4acc4,c,8
2914,2914,0,001c9f9,1,1,4,1,1,0411,0322,0,1,1,0000,00e92ce0,00000000000000000000000000000000,04110411041104120422032203220222,0,"B_IDLE",0,0,0411,0,0,07241d9,acc4acc4,c,8
2915,2915,0,001c9f9,1,1,3,1,1,0411,0322,0,1,1,0000,00e92ce0,00000000000000000000000000000000,04110411041104120422032203220222,0,"B_IDLE",0,0,0411,0,0,07241d9,acc4acc4,c,8
2916,2916,0,001c9f9,1,1,3,1,1,0411,0322,0,1,1,0000,00e92ce0,00000000000000000000000000000000,04110411041104120422032203220222,0,"B_IDLE",0,0,0411,0,0,07241d9,acc4acc4,c,8
2917,2917,0,001c9f9,1,1,1,1,1,0411,0322,0,1,1,0000,00e92ce0,00000000000000000000000000000000,04110411041104120422032203220222,0,"B_IDLE",0,0,0411,0,0,07241d9,acc4acc4,c,8
2918,2918,0,001c9f9,1,1,4,1,1,0411,0322,0,1,1,0000,00e92ce0,00000000000000000000000000000000,04110411041104120422032203220222,0,"B_IDLE",0,0,0411,0,0,07241d9,acc4acc4,c,8
2919,2919,0,001c9f9,1,1,3,1,1,0411,0322,0,1,1,0000,00e92ce0,00000000000000000000000000000000,04110411041104120422032203220222,0,"B_IDLE",0,0,0411,0,0,07241d9,acc4acc4,c,8
2920,2920,0,001c9f9,1,1,3,1,1,0411,0322,0,1,1,0000,00e92ce0,00000000000000000000000000000000,04110411041104120422032203220222,0,"B_IDLE",0,0,0411,0,0,07241d9,acc4acc4,c,8
2921,2921,0,001c9f9,1,1,1,1,1,0411,0322,0,1,1,0000,00e92ce0,00000000000000000000000000000000,04110411041104120422032203220222,0,"B_IDLE",0,0,0411,0,0,07241d9,acc4acc4,c,8
2922,2922,0,001c9f9,1,1,4,1,1,0411,0322,0,1,1,0000,00e92ce0,00000000000000000000000000000000,04110411041104120422032203220222,0,"B_IDLE",0,0,0411,0,0,07241d9,acc4acc4,c,8
2923,2923,0,001c9f9,1,1,3,1,1,0411,0322,0,1,1,0000,00e92ce0,00000000000000000000000000000000,04110411041104120422032203220222,0,"B_IDLE",0,0,0411,0,0,07241d9,acc4acc4,c,8
2924,2924,0,001c9f9,1,1,3,1,1,0411,0322,0,1,1,0000,00e92ce0,00000000000000000000000000000000,04110411041104120422032203220222,0,"B_IDLE",0,0,0411,0,0,07241d9,acc4acc4,c,8
2925,2925,0,001c9f9,1,1,1,1,1,0411,0322,0,1,1,0000,00e92ce0,00000000000000000000000000000000,04110411041104120422032203220222,0,"B_IDLE",0,0,0411,0,0,07241d9,acc4acc4,c,8
2926,2926,0,001c9f9,1,1,4,1,1,0411,0322,0,1,1,0000,00e92ce0,00000000000000000000000000000000,04110411041104120422032203220222,0,"B_IDLE",0,0,0411,0,0,07241d9,acc4acc4,c,8
2927,2927,0,001c9f9,1,1,3,1,1,0411,0322,0,1,1,0000,00e92ce0,00000000000000000000000000000000,04110411041104120422032203220222,0,"B_IDLE",0,0,0411,0,0,07241d9,acc4acc4,c,8
2928,2928,0,001c9f9,1,1,3,1,1,0411,0322,0,1,1,0000,00e92ce0,00000000000000000000000000000000,04110411041104120422032203220222,0,"B_IDLE",0,0,0411,0,0,07241d9,acc4acc4,c,8
2929,2929,0,001c9f9,1,1,1,1,1,0411,0322,0,1,1,0000,00e92ce0,00000000000000000000000000000000,04110411041104120422032203220222,0,"B_IDLE",0,0,0411,0,0,07241d9,acc4acc4,c,8
2930,2930,0,001c9f9,1,1,4,1,1,0411,0322,0,1,1,0000,00e92ce0,00000000000000000000000000000000,04110411041104120422032203220222,0,"B_IDLE",0,0,0411,0,0,07241d9,acc4acc4,c,8
2931,2931,0,001c9f9,1,1,3,1,1,0411,0322,0,1,1,0000,00e92ce0,00000000000000000000000000000000,04110411041104120422032203220222,0,"B_IDLE",0,0,0411,0,0,07241d9,acc4acc4,c,8
2932,2932,0,001c9f9,1,1,3,1,1,0411,0322,0,1,1,0000,00e92ce0,00000000000000000000000000000000,04110411041104120422032203220222,0,"B_IDLE",0,0,0411,0,0,07241d9,acc4acc4,c,8
2933,2933,0,001c9f9,1,1,1,1,1,0411,0322,0,1,1,0000,00e92ce0,00000000000000000000000000000000,04110411041104120422032203220222,0,"B_IDLE",0,0,0411,0,0,07241d9,acc4acc4,c,8
2934,2934,0,001c9f9,1,1,4,1,1,0411,0322,0,1,1,0000,00e92ce0,00000000000000000000000000000000,04110411041104120422032203220222,0,"B_IDLE",0,0,0411,0,0,07241d9,acc4acc4,c,8
2935,2935,0,001c9f9,1,1,3,1,1,0411,0322,0,1,1,0000,00e92ce0,00000000000000000000000000000000,04110411041104120422032203220222,0,"B_IDLE",0,0,0411,0,0,07241d9,acc4acc4,c,8
2936,2936,0,001c9f9,1,1,3,1,1,0411,0322,0,1,1,0000,00e92ce0,00000000000000000000000000000000,04110411041104120422032203220222,0,"B_IDLE",0,0,0411,0,0,07241d9,acc4acc4,c,8
2937,2937,0,001c9f9,1,1,1,1,1,0411,0322,0,1,1,0000,00e92ce0,00000000000000000000000000000000,04110411041104120422032203220222,0,"B_IDLE",0,0,0411,0,0,07241d9,acc4acc4,c,8
2938,2938,0,001c9f9,1,1,4,1,1,0411,0322,0,1,1,0000,00e92ce0,00000000000000000000000000000000,04110411041104120422032203220222,0,"B_IDLE",0,0,0411,0,0,07241d9,acc4acc4,c,8
2939,2939,0,001c9f9,1,1,3,1,1,0411,0322,0,1,1,0000,00e92ce0,00000000000000000000000000000000,04110411041104120422032203220222,0,"B_IDLE",0,0,0411,0,0,07241d9,acc4acc4,c,8
2940,2940,0,001c9f9,1,1,3,1,1,0411,0322,0,1,1,0000,00e92ce0,00000000000000000000000000000000,04110411041104120422032203220222,0,"B_IDLE",0,0,0411,0,0,07241d9,acc4acc4,c,8
2941,2941,0,001c9f9,1,1,1,1,1,0411,0322,0,1,1,0000,00e92ce0,00000000000000000000000000000000,04110411041104120422032203220222,0,"B_IDLE",0,0,0411,0,0,07241d9,acc4acc4,c,8
2942,2942,0,001c9f9,1,1,4,1,1,0411,0322,0,1,1,0000,00e92ce0,00000000000000000000000000000000,04110411041104120422032203220222,0,"B_IDLE",0,0,0411,0,0,07241d9,acc4acc4,c,8
2943,2943,0,001c9f9,1,1,3,1,1,0411,0322,0,1,1,0000,00e92ce0,00000000000000000000000000000000,04110411041104120422032203220222,0,"B_IDLE",0,0,0411,0,0,07241d9,acc4acc4,c,8
2944,2944,0,001c9f9,1,1,3,1,1,0411,0322,0,1,1,0000,00e92ce0,00000000000000000000000000000000,04110411041104120422032203220222,0,"B_IDLE",0,0,0411,0,0,07241d9,acc4acc4,c,8
2945,2945,0,001c9f9,1,1,1,1,1,0411,0322,0,1,1,0000,00e92ce0,00000000000000000000000000000000,04110411041104120422032203220222,0,"B_IDLE",0,0,0411,0,0,07241d9,acc4acc4,c,8
2946,2946,0,001c9f9,1,1,4,1,1,0411,0322,0,1,1,0000,00e92ce0,00000000000000000000000000000000,04110411041104120422032203220222,0,"B_IDLE",0,0,0411,0,0,07241d9,acc4acc4,c,8
2947,2947,0,001c9f9,1,1,3,1,1,0411,0322,0,1,1,0000,00e92ce0,00000000000000000000000000000000,04110411041104120422032203220222,0,"B_IDLE",0,0,0411,0,0,07241d9,acc4acc4,c,8
2948,2948,0,001c9f9,1,1,3,1,1,0411,0322,0,1,1,0000,00e92ce0,00000000000000000000000000000000,04110411041104120422032203220222,0,"B_IDLE",0,0,0411,0,0,07241d9,acc4acc4,c,8
2949,2949,0,001c9f9,1,1,1,1,1,0411,0322,0,1,1,0000,00e92ce0,00000000000000000000000000000000,04110411041104120422032203220222,0,"B_IDLE",0,0,0411,0,0,07241d9,acc4acc4,c,8
2950,2950,0,001c9f9,1,1,4,1,1,0411,0322,0,1,1,0000,00e92ce0,00000000000000000000000000000000,04110411041104120422032203220222,0,"B_IDLE",0,0,0411,0,0,07241d9,acc4acc4,c,8
2951,2951,0,001c9f9,1,1,3,1,1,0411,0322,0,1,1,0000,00e92ce0,00000000000000000000000000000000,04110411041104120422032203220222,0,"B_IDLE",0,0,0411,0,0,07241d9,acc4acc4,c,8
2952,2952,0,001c9f9,1,1,3,1,1,0411,0322,0,1,1,0000,00e92ce0,00000000000000000000000000000000,04110411041104120422032203220222,0,"B_IDLE",0,0,0411,0,0,07241d9,acc4acc4,c,8
2953,2953,0,001c9f9,1,1,1,1,1,0411,0322,0,1,1,0000,00e92ce0,00000000000000000000000000000000,04110411041104120422032203220222,0,"B_IDLE",0,0,0411,0,0,07241d9,acc4acc4,c,8
2954,2954,0,001c9f9,1,1,4,1,1,0411,0322,0,1,1,0000,00e92ce0,00000000000000000000000000000000,04110411041104120422032203220222,0,"B_IDLE",0,0,0411,0,0,07241d9,acc4acc4,c,8
2955,2955,0,001c9f9,1,1,3,1,1,0411,0322,0,1,1,0000,00e92ce0,00000000000000000000000000000000,04110411041104120422032203220222,0,"B_IDLE",0,0,0411,0,0,07241d9,acc4acc4,c,8
2956,2956,0,001c9f9,1,1,3,1,1,0411,0322,0,1,1,0000,00e92ce0,00000000000000000000000000000000,04110411041104120422032203220222,0,"B_IDLE",0,0,0411,0,0,07241d9,acc4acc4,c,8
2957,2957,0,001c9f9,1,1,1,1,1,0411,0322,0,1,1,0000,00e92ce0,00000000000000000000000000000000,04110411041104120422032203220222,0,"B_IDLE",0,0,0411,0,0,07241d9,acc4acc4,c,8
2958,2958,0,001c9f9,1,1,4,1,1,0411,0322,0,1,1,0000,00e92ce0,00000000000000000000000000000000,04110411041104120422032203220222,0,"B_IDLE",0,0,0411,0,0,07241d9,acc4acc4,c,8
2959,2959,0,001c9f9,1,1,3,1,1,0411,0322,0,1,1,0000,00e92ce0,00000000000000000000000000000000,04110411041104120422032203220222,0,"B_IDLE",0,0,0411,0,0,07241d9,acc4acc4,c,8
2960,2960,0,001c9f9,1,1,3,1,1,0411,0322,0,1,1,0000,00e92ce0,00000000000000000000000000000000,04110411041104120422032203220222,0,"B_IDLE",0,0,0411,0,0,07241d9,acc4acc4,c,8
2961,2961,0,001c9f9,1,1,1,1,1,0411,0322,0,1,1,0000,00e92ce0,00000000000000000000000000000000,04110411041104120422032203220222,0,"B_IDLE",0,0,0411,0,0,07241d9,acc4acc4,c,8
2962,2962,0,001c9f9,1,1,4,1,1,0411,0322,0,1,1,0000,00e92ce0,00000000000000000000000000000000,04110411041104120422032203220222,0,"B_IDLE",0,0,0411,0,0,07241d9,acc4acc4,c,8
2963,2963,0,001c9f9,1,1,3,1,1,0411,0322,0,1,1,0000,00e92ce0,00000000000000000000000000000000,04110411041104120422032203220222,0,"B_IDLE",0,0,0411,0,0,07241d9,acc4acc4,c,8
2964,2964,0,001c9f9,1,1,3,1,1,0411,0322,0,1,1,0000,00e92ce0,00000000000000000000000000000000,04110411041104120422032203220222,0,"B_IDLE",0,0,0411,0,0,07241d9,acc4acc4,c,8
2965,2965,0,001c9f9,1,1,1,1,1,0411,0322,0,1,1,0000,00e92ce0,00000000000000000000000000000000,04110411041104120422032203220222,0,"B_IDLE",0,0,0411,0,0,07241d9,acc4acc4,c,8
2966,2966,0,001c9f9,1,1,4,1,1,0411,0322,0,1,1,0000,00e92ce0,00000000000000000000000000000000,04110411041104120422032203220222,0,"B_IDLE",0,0,0411,0,0,07241d9,acc4acc4,c,8
2967,2967,0,001c9f9,1,1,3,1,1,0411,0322,0,1,1,0000,00e92ce0,00000000000000000000000000000000,04110411041104120422032203220222,0,"B_IDLE",0,0,0411,0,0,07241d9,acc4acc4,c,8
2968,2968,0,001c9f9,1,1,3,1,1,0411,0322,0,1,1,0000,00e92ce0,00000000000000000000000000000000,04110411041104120422032203220222,0,"B_IDLE",0,0,0411,0,0,07241d9,acc4acc4,c,8
2969,2969,0,001c9f9,1,1,1,1,1,0411,0322,0,1,1,0000,00e92ce0,00000000000000000000000000000000,04110411041104120422032203220222,0,"B_IDLE",0,0,0411,0,0,07241d9,acc4acc4,c,8
2970,2970,0,001c9f9,1,1,4,1,1,0411,0322,0,1,1,0000,00e92ce0,00000000000000000000000000000000,04110411041104120422032203220222,0,"B_IDLE",0,0,0411,0,0,07241d9,acc4acc4,c,8
2971,2971,0,001c9f9,1,1,3,1,1,0411,0322,0,1,1,0000,00e92ce0,00000000000000000000000000000000,04110411041104120422032203220222,0,"B_IDLE",0,0,0411,0,0,07241d9,acc4acc4,c,8
2972,2972,0,001c9f9,1,1,3,1,1,0411,0322,0,1,1,0000,00e92ce0,00000000000000000000000000000000,04110411041104120422032203220222,0,"B_IDLE",0,0,0411,0,0,07241d9,acc4acc4,c,8
2973,2973,0,001c9f9,1,1,1,1,1,0411,0322,0,1,1,0000,00e92ce0,00000000000000000000000000000000,04110411041104120422032203220222,0,"B_IDLE",0,0,0411,0,0,07241d9,acc4acc4,c,8
2974,2974,0,001c9f9,1,1,4,1,1,0411,0322,0,1,1,0000,00e92ce0,00000000000000000000000000000000,04110411041104120422032203220222,0,"B_IDLE",0,0,0411,0,0,07241d9,acc4acc4,c,8
2975,2975,0,001c9f9,1,1,3,1,1,0411,0322,0,1,1,0000,00e92ce0,00000000000000000000000000000000,04110411041104120422032203220222,0,"B_IDLE",0,0,0411,0,0,07241d9,acc4acc4,c,8
2976,2976,0,001c9f9,1,1,3,1,1,0411,0322,0,1,1,0000,00e92ce0,00000000000000000000000000000000,04110411041104120422032203220222,0,"B_IDLE",0,0,0411,0,0,07241d9,acc4acc4,c,8
2977,2977,0,001c9f9,1,1,1,1,1,0411,0322,0,1,1,0000,00e92ce0,00000000000000000000000000000000,04110411041104120422032203220222,0,"B_IDLE",0,0,0411,0,0,07241d9,acc4acc4,c,8
2978,2978,0,001c9f9,1,1,4,1,1,0411,0322,0,1,1,0000,00e92ce0,00000000000000000000000000000000,04110411041104120422032203220222,0,"B_IDLE",0,0,0411,0,0,07241d9,acc4acc4,c,8
2979,2979,0,001c9f9,1,1,3,1,1,0411,0322,0,1,1,0000,00e92ce0,00000000000000000000000000000000,04110411041104120422032203220222,0,"B_IDLE",0,0,0411,0,0,07241d9,acc4acc4,c,8
2980,2980,0,001c9f9,1,1,3,1,1,0411,0322,0,1,1,0000,00e92ce0,00000000000000000000000000000000,04110411041104120422032203220222,0,"B_IDLE",0,0,0411,0,0,07241d9,acc4acc4,c,8
2981,2981,0,001c9f9,1,1,1,1,1,0411,0322,0,1,1,0000,00e92ce0,00000000000000000000000000000000,04110411041104120422032203220222,0,"B_IDLE",0,0,0411,0,0,07241d9,acc4acc4,c,8
2982,2982,0,001c9f9,1,1,4,1,1,0411,0322,0,1,1,0000,00e92ce0,00000000000000000000000000000000,04110411041104120422032203220222,0,"B_IDLE",0,0,0411,0,0,07241d9,acc4acc4,c,8
2983,2983,0,001c9f9,1,1,3,1,1,0411,0322,0,1,1,0000,00e92ce0,00000000000000000000000000000000,04110411041104120422032203220222,0,"B_IDLE",0,0,0411,0,0,07241d9,acc4acc4,c,8
2984,2984,0,001c9f9,1,1,3,1,1,0411,0322,0,1,1,0000,00e92ce0,00000000000000000000000000000000,04110411041104120422032203220222,0,"B_IDLE",0,0,0411,0,0,07241d9,acc4acc4,c,8
2985,2985,0,001c9f9,1,1,1,1,1,0411,0322,0,1,1,0000,00e92ce0,00000000000000000000000000000000,04110411041104120422032203220222,0,"B_IDLE",0,0,0411,0,0,07241d9,acc4acc4,c,8
2986,2986,0,001c9f9,1,1,4,1,1,0411,0322,0,1,1,0000,00e92ce0,00000000000000000000000000000000,04110411041104120422032203220222,0,"B_IDLE",0,0,0411,0,0,07241d9,acc4acc4,c,8
2987,2987,0,001c9f9,1,1,3,1,1,0411,0322,0,1,1,0000,00e92ce0,00000000000000000000000000000000,04110411041104120422032203220222,0,"B_IDLE",0,0,0411,0,0,07241d9,acc4acc4,c,8
2988,2988,0,001c9f9,1,1,3,1,1,0411,0322,0,1,1,0000,00e92ce0,00000000000000000000000000000000,04110411041104120422032203220222,0,"B_IDLE",0,0,0411,0,0,07241d9,acc4acc4,c,8
2989,2989,0,001c9f9,1,1,1,1,1,0411,0322,0,1,1,0000,00e92ce0,00000000000000000000000000000000,04110411041104120422032203220222,0,"B_IDLE",0,0,0411,0,0,07241d9,acc4acc4,c,8
2990,2990,0,001c9f9,1,1,4,1,1,0411,0322,0,1,1,0000,00e92ce0,00000000000000000000000000000000,04110411041104120422032203220222,0,"B_IDLE",0,0,0411,0,0,07241d9,acc4acc4,c,8
2991,2991,0,001c9f9,1,1,3,1,1,0411,0322,0,1,1,0000,00e92ce0,00000000000000000000000000000000,04110411041104120422032203220222,0,"B_IDLE",0,0,0411,0,0,07241d9,acc4acc4,c,8
2992,2992,0,001c9f9,1,1,3,1,1,0411,0322,0,1,1,0000,00e92ce0,00000000000000000000000000000000,04110411041104120422032203220222,0,"B_IDLE",0,0,0411,0,0,07241d9,acc4acc4,c,8
2993,2993,0,001c9f9,1,1,1,1,1,0411,0322,0,1,1,0000,00e92ce0,00000000000000000000000000000000,04110411041104120422032203220222,0,"B_IDLE",0,0,0411,0,0,07241d9,acc4acc4,c,8
2994,2994,0,001c9f9,1,1,4,1,1,0411,0322,0,1,1,0000,00e92ce0,00000000000000000000000000000000,04110411041104120422032203220222,0,"B_IDLE",0,0,0411,0,0,07241d9,acc4acc4,c,8
2995,2995,0,001c9f9,1,1,3,1,1,0411,0322,0,1,1,0000,00e92ce0,00000000000000000000000000000000,04110411041104120422032203220222,0,"B_IDLE",0,0,0411,0,0,07241d9,acc4acc4,c,8
2996,2996,0,001c9f9,1,1,3,1,1,0411,0322,0,1,1,0000,00e92ce0,00000000000000000000000000000000,04110411041104120422032203220222,0,"B_IDLE",0,0,0411,0,0,07241d9,acc4acc4,c,8
2997,2997,0,001c9f9,1,1,1,1,1,0411,0322,0,1,1,0000,00e92ce0,00000000000000000000000000000000,04110411041104120422032203220222,0,"B_IDLE",0,0,0411,0,0,07241d9,acc4acc4,c,8
2998,2998,0,001c9f9,1,1,4,1,1,0411,0322,0,1,1,0000,00e92ce0,00000000000000000000000000000000,04110411041104120422032203220222,0,"B_IDLE",0,0,0411,0,0,07241d9,acc4acc4,c,8
2999,2999,0,001c9f9,1,1,3,1,1,0411,0322,0,1,1,0000,00e92ce0,00000000000000000000000000000000,04110411041104120422032203220222,0,"B_IDLE",0,0,0411,0,0,07241d9,acc4acc4,c,8
3000,3000,0,001c9f9,1,1,3,1,1,0411,0322,0,1,1,0000,00e92ce0,00000000000000000000000000000000,04110411041104120422032203220222,0,"B_IDLE",0,0,0411,0,0,07241d9,acc4acc4,c,8
3001,3001,0,001c9f9,1,1,1,1,1,0411,0322,0,1,1,0000,00e92ce0,00000000000000000000000000000000,04110411041104120422032203220222,0,"B_IDLE",0,0,0411,0,0,07241d9,acc4acc4,c,8
3002,3002,0,001c9f9,1,1,4,1,1,0411,0322,0,1,1,0000,00e92ce0,00000000000000000000000000000000,04110411041104120422032203220222,0,"B_IDLE",0,0,0411,0,0,07241d9,acc4acc4,c,8
3003,3003,0,001c9f9,1,1,3,1,1,0411,0322,0,1,1,0000,00e92ce0,00000000000000000000000000000000,04110411041104120422032203220222,0,"B_IDLE",0,0,0411,0,0,07241d9,acc4acc4,c,8
3004,3004,0,001c9f9,1,1,3,1,1,0411,0322,0,1,1,0000,00e92ce0,00000000000000000000000000000000,04110411041104120422032203220222,0,"B_IDLE",0,0,0411,0,0,07241d9,acc4acc4,c,8
3005,3005,0,001c9f9,1,1,1,1,1,0411,0322,0,1,1,0000,00e92ce0,00000000000000000000000000000000,04110411041104120422032203220222,0,"B_IDLE",0,0,0411,0,0,07241d9,acc4acc4,c,8
3006,3006,0,001c9f9,1,1,4,1,1,0411,0322,0,1,1,0000,00e92ce0,00000000000000000000000000000000,04110411041104120422032203220222,0,"B_IDLE",0,0,0411,0,0,07241d9,acc4acc4,c,8
3007,3007,0,001c9f9,1,1,3,1,1,0411,0322,0,1,1,0000,00e92ce0,00000000000000000000000000000000,04110411041104120422032203220222,0,"B_IDLE",0,0,0411,0,0,07241d9,acc4acc4,c,8
3008,3008,0,001c9f9,1,1,3,1,1,0411,0322,0,1,1,0000,00e92ce0,00000000000000000000000000000000,04110411041104120422032203220222,0,"B_IDLE",0,0,0411,0,0,07241d9,acc4acc4,c,8
3009,3009,0,001c9f9,1,1,1,1,1,0411,0322,0,1,1,0000,00e92ce0,00000000000000000000000000000000,04110411041104120422032203220222,0,"B_IDLE",0,0,0411,0,0,07241d9,acc4acc4,c,8
3010,3010,0,001c9f9,1,1,4,1,1,0411,0322,0,1,1,0000,00e92ce0,00000000000000000000000000000000,04110411041104120422032203220222,0,"B_IDLE",0,0,0411,0,0,07241d9,acc4acc4,c,8
3011,3011,0,001c9f9,1,1,3,1,1,0411,0322,0,1,1,0000,00e92ce0,00000000000000000000000000000000,04110411041104120422032203220222,0,"B_IDLE",0,0,0411,0,0,07241d9,acc4acc4,c,8
3012,3012,0,001c9f9,1,1,3,1,1,0411,0322,0,1,1,0000,00e92ce0,00000000000000000000000000000000,04110411041104120422032203220222,0,"B_IDLE",0,0,0411,0,0,07241d9,acc4acc4,c,8
3013,3013,0,001c9f9,1,1,1,1,1,0411,0322,0,1,1,0000,00e92ce0,00000000000000000000000000000000,04110411041104120422032203220222,0,"B_IDLE",0,0,0411,0,0,07241d9,acc4acc4,c,8
3014,3014,0,001c9f9,1,1,4,1,1,0411,0322,0,1,1,0000,00e92ce0,00000000000000000000000000000000,04110411041104120422032203220222,0,"B_IDLE",0,0,0411,0,0,07241d9,acc4acc4,c,8
3015,3015,0,001c9f9,1,1,3,1,1,0411,0322,0,1,1,0000,00e92ce0,00000000000000000000000000000000,04110411041104120422032203220222,0,"B_IDLE",0,0,0411,0,0,07241d9,acc4acc4,c,8
3016,3016,0,001c9f9,1,1,3,1,1,0411,0322,0,1,1,0000,00e92ce0,00000000000000000000000000000000,04110411041104120422032203220222,0,"B_IDLE",0,0,0411,0,0,07241d9,acc4acc4,c,8
3017,3017,0,001c9f9,1,1,1,1,1,0411,0322,0,1,1,0000,00e92ce0,00000000000000000000000000000000,04110411041104120422032203220222,0,"B_IDLE",0,0,0411,0,0,07241d9,acc4acc4,c,8
3018,3018,0,001c9f9,1,1,4,1,1,0411,0322,0,1,1,0000,00e92ce0,00000000000000000000000000000000,04110411041104120422032203220222,0,"B_IDLE",0,0,0411,0,0,07241d9,acc4acc4,c,8
3019,3019,0,001c9f9,1,1,3,1,1,0411,0322,0,1,1,0000,00e92ce0,00000000000000000000000000000000,04110411041104120422032203220222,0,"B_IDLE",0,0,0411,0,0,07241d9,acc4acc4,c,8
3020,3020,0,001c9f9,1,1,3,1,1,0411,0322,0,1,1,0000,00e92ce0,00000000000000000000000000000000,04110411041104120422032203220222,0,"B_IDLE",0,0,0411,0,0,07241d9,acc4acc4,c,8
3021,3021,0,001c9f9,1,1,1,1,1,0411,0322,0,1,1,0000,00e92ce0,00000000000000000000000000000000,04110411041104120422032203220222,0,"B_IDLE",0,0,0411,0,0,07241d9,acc4acc4,c,8
3022,3022,0,001c9f9,1,1,4,1,1,0411,0322,0,1,1,0000,00e92ce0,00000000000000000000000000000000,04110411041104120422032203220222,0,"B_IDLE",0,0,0411,0,0,07241d9,acc4acc4,c,8
3023,3023,0,001c9f9,1,1,3,1,1,0411,0322,0,1,1,0000,00e92ce0,00000000000000000000000000000000,04110411041104120422032203220222,0,"B_IDLE",0,0,0411,0,0,07241d9,acc4acc4,c,8
3024,3024,0,001c9f9,1,1,3,1,1,0411,0322,0,1,1,0000,00e92ce0,00000000000000000000000000000000,04110411041104120422032203220222,0,"B_IDLE",0,0,0411,0,0,07241d9,acc4acc4,c,8
3025,3025,0,001c9f9,1,1,1,1,1,0411,0322,0,1,1,0000,00e92ce0,00000000000000000000000000000000,04110411041104120422032203220222,0,"B_IDLE",0,0,0411,0,0,07241d9,acc4acc4,c,8
3026,3026,0,001c9f9,1,1,4,1,1,0411,0322,0,1,1,0000,00e92ce0,00000000000000000000000000000000,04110411041104120422032203220222,0,"B_IDLE",0,0,0411,0,0,07241d9,acc4acc4,c,8
3027,3027,0,001c9f9,1,1,3,1,1,0411,0322,0,1,1,0000,00e92ce0,00000000000000000000000000000000,04110411041104120422032203220222,0,"B_IDLE",0,0,0411,0,0,07241d9,acc4acc4,c,8
3028,3028,0,001c9f9,1,1,3,1,1,0411,0322,0,1,1,0000,00e92ce0,00000000000000000000000000000000,04110411041104120422032203220222,0,"B_IDLE",0,0,0411,0,0,07241d9,acc4acc4,c,8
3029,3029,0,001c9f9,1,1,1,1,1,0411,0322,0,1,1,0000,00e92ce0,00000000000000000000000000000000,04110411041104120422032203220222,0,"B_IDLE",0,0,0411,0,0,07241d9,acc4acc4,c,8
3030,3030,0,001c9f9,1,1,4,1,1,0411,0322,0,1,1,0000,00e92ce0,00000000000000000000000000000000,04110411041104120422032203220222,0,"B_IDLE",0,0,0411,0,0,07241d9,acc4acc4,c,8
3031,3031,0,07496ca,2,1,3,0,0,0411,0322,0,1,1,0000,00e92ce0,00000000000000000000000000000000,04110411041104120422032203220222,0,"B_IDLE",0,0,0411,0,0,07241d9,acc4acc4,c,8
3032,3032,0,07496ca,2,1,3,0,0,0411,0322,0,1,1,0000,00e92ce0,00000000000000000000000000000000,04110411041104120422032203220222,0,"B_IDLE",0,0,0411,0,0,07241d9,acc4acc4,c,8
3033,3033,0,07496ca,2,1,1,0,0,0411,0322,0,1,1,0000,00e92ce0,00000000000000000000000000000000,04110411041104120422032203220222,0,"B_IDLE",0,0,0411,0,0,07241d9,acc4acc4,c,8
3034,3034,0,07496ca,2,0,0,0,0,0411,0322,0,1,1,0000,00e92ce0,00000000000000000000000000000000,04110411041104120422032203220222,0,"B_IDLE",0,0,0411,0,0,07241d9,acc4acc4,c,8
3035,3035,0,07496ca,2,0,0,0,0,0411,0322,0,1,1,0000,00e92ce0,00000000000000000000000000000000,04110411041104120422032203220222,0,"B_IDLE",0,0,0411,0,0,07241d9,acc4acc4,c,8
3036,3036,0,07496ca,2,0,0,0,0,0411,0322,0,1,1,0000,00e92ce0,00000000000000000000000000000000,04110411041104120422032203220222,0,"B_IDLE",0,0,0411,0,0,07241d9,acc4acc4,c,8
3037,3037,0,07496ca,2,0,0,0,0,0411,0456,1,1,1,0000,00e92ce0,00000000000000000000000000000000,04110411041104120422032203220222,0,"B_IDLE",0,0,0411,0,0,07241d9,acc4acc4,c,8
3038,3038,0,07496ca,2,0,4,0,0,0411,0456,1,1,1,0000,00e92ce0,00000000000000000000000000000000,04110411041104120422032203220222,0,"B_IDLE",0,0,0411,0,0,07241d9,acc4acc4,c,8
3039,3039,0,07496ca,1,1,3,1,1,0411,0456,1,1,1,0000,00e92ce0,00000000000000000000000000000000,04110411041104120422032203220222,0,"B_IDLE",0,0,0411,0,0,07241d9,acc4acc4,c,8
3040,3040,0,07496ca,1,1,3,1,1,0411,0456,0,1,1,0000,00e92ce0,00000000000000000000000000000000,04110411041104120422032203220222,0,"B_IDLE",0,0,0411,0,0,07241d9,acc4acc4,c,8
3041,3041,0,07496ca,1,1,1,1,1,0411,0456,0,1,1,0000,00e92ce0,00000000000000000000000000000000,04110411041104120422032203220222,0,"B_IDLE",0,0,0411,0,0,07241d9,acc4acc4,c,8
3042,3042,0,07496ca,1,1,4,1,1,0411,0456,0,1,1,0000,00e92ce0,00000000000000000000000000000000,04110411041104120422032203220222,0,"B_IDLE",0,0,0411,0,0,07241d9,acc4acc4,c,8
3043,3043,0,07496ca,1,1,3,1,1,0411,0456,0,1,1,0000,00e92ce0,00000000000000000000000000000000,04110411041104120422032203220222,0,"B_IDLE",0,0,0411,0,0,07241d9,acc4acc4,c,8
3044,3044,0,07496ca,1,1,3,1,1,0411,0456,0,1,1,0000,00e92ce0,00000000000000000000000000000000,04110411041104120422032203220222,0,"B_IDLE",0,0,0411,0,0,07241d9,acc4acc4,c,8
3045,3045,0,07496ca,1,1,1,1,1,0411,0456,0,1,1,0000,00e92ce0,00000000000000000000000000000000,04110411041104120422032203220222,0,"B_IDLE",0,0,0411,0,0,07241d9,acc4acc4,c,8
3046,3046,0,07496ca,1,1,4,1,1,0411,0456,0,1,1,0000,00e92ce0,00000000000000000000000000000000,04110411041104120422032203220222,0,"B_IDLE",0,0,0411,0,0,07241d9,acc4acc4,c,8
3047,3047,0,07496ca,1,1,3,1,1,0411,0456,0,1,1,0000,00e92ce0,00000000000000000000000000000000,04110411041104120422032203220222,0,"B_IDLE",0,0,0411,0,0,07241d9,acc4acc4,c,8
3048,3048,0,07496ca,1,1,3,1,1,0411,0456,0,1,1,0000,00e92ce0,00000000000000000000000000000000,04110411041104120422032203220222,0,"B_IDLE",0,0,0411,0,0,07241d9,acc4acc4,c,8
3049,3049,0,07496ca,1,1,1,1,1,0411,0456,0,1,1,0000,00e92ce0,00000000000000000000000000000000,04110411041104120422032203220222,0,"B_IDLE",0,0,0411,0,0,07241d9,acc4acc4,c,8
3050,3050,0,07496ca,1,1,4,1,1,0411,0456,0,1,1,0000,00e92ce0,00000000000000000000000000000000,04110411041104120422032203220222,0,"B_IDLE",0,0,0411,0,0,07241d9,acc4acc4,c,8
3051,3051,0,07496ca,1,1,3,1,1,0411,0456,0,1,1,0000,00e92ce0,00000000000000000000000000000000,04110411041104120422032203220222,0,"B_IDLE",0,0,0411,0,0,07241d9,acc4acc4,c,8
3052,3052,0,07496ca,1,1,3,1,1,0411,0456,0,1,1,0000,00e92ce0,00000000000000000000000000000000,04110411041104120422032203220222,0,"B_IDLE",0,0,0411,0,0,07241d9,acc4acc4,c,8
3053,3053,0,07496ca,1,1,1,1,1,0411,0456,0,1,1,0000,00e92ce0,00000000000000000000000000000000,04110411041104120422032203220222,0,"B_IDLE",0,0,0411,0,0,07241d9,acc4acc4,c,8
3054,3054,0,07496ca,1,1,4,1,1,0411,0456,0,1,1,0000,00e92ce0,00000000000000000000000000000000,04110411041104120422032203220222,0,"B_IDLE",0,0,0411,0,0,07241d9,acc4acc4,c,8
3055,3055,0,07496ca,1,1,3,1,1,0411,0456,0,1,1,0000,00e92ce0,00000000000000000000000000000000,04110411041104120422032203220222,0,"B_IDLE",0,0,0411,0,0,07241d9,acc4acc4,c,8
3056,3056,0,07496ca,1,1,3,1,1,0411,0456,0,1,1,0000,00e92ce0,00000000000000000000000000000000,04110411041104120422032203220222,0,"B_IDLE",0,0,0411,0,0,07241d9,acc4acc4,c,8
3057,3057,0,07496ca,1,1,1,1,1,0411,0456,0,1,1,0000,00e92ce0,00000000000000000000000000000000,04110411041104120422032203220222,0,"B_IDLE",0,0,0411,0,0,07241d9,acc4acc4,c,8
3058,3058,0,07496ca,1,1,4,1,1,0411,0456,0,1,1,0000,00e92ce0,00000000000000000000000000000000,04110411041104120422032203220222,0,"B_IDLE",0,0,0411,0,0,07241d9,acc4acc4,c,8
3059,3059,0,07496ca,1,1,3,1,1,0411,0456,0,1,1,0000,00e92ce0,00000000000000000000000000000000,04110411041104120422032203220222,0,"B_IDLE",0,0,0411,0,0,07241d9,acc4acc4,c,8
3060,3060,0,07496ca,1,1,3,1,1,0411,0456,0,1,1,0000,00e92ce0,00000000000000000000000000000000,04110411041104120422032203220222,0,"B_IDLE",0,0,0411,0,0,07241d9,acc4acc4,c,8
3061,3061,0,07496ca,1,1,1,1,1,0411,0456,0,1,1,0000,00e92ce0,00000000000000000000000000000000,04110411041104120422032203220222,0,"B_IDLE",0,0,0411,0,0,07241d9,acc4acc4,c,8
3062,3062,0,07496ca,1,1,4,1,1,0411,0456,0,1,1,0000,00e92ce0,00000000000000000000000000000000,04110411041104120422032203220222,0,"B_IDLE",0,0,0411,0,0,07241d9,acc4acc4,c,8
3063,3063,0,07496ca,1,1,3,1,1,0411,0456,0,1,1,0000,00e92ce0,00000000000000000000000000000000,04110411041104120422032203220222,0,"B_IDLE",0,0,0411,0,0,07241d9,acc4acc4,c,8
3064,3064,0,07496ca,1,1,3,1,1,0411,0456,0,1,1,0000,00e92ce0,00000000000000000000000000000000,04110411041104120422032203220222,0,"B_IDLE",0,0,0411,0,0,07241d9,acc4acc4,c,8
3065,3065,0,07496ca,1,1,1,1,1,0411,0456,0,1,1,0000,00e92ce0,00000000000000000000000000000000,04110411041104120422032203220222,0,"B_IDLE",0,0,0411,0,0,07241d9,acc4acc4,c,8
3066,3066,0,07496ca,1,1,4,1,1,0411,0456,0,1,1,0000,00e92ce0,00000000000000000000000000000000,04110411041104120422032203220222,0,"B_IDLE",0,0,0411,0,0,07241d9,acc4acc4,c,8
3067,3067,0,07496ca,1,1,3,1,1,0411,0456,0,1,1,0000,00e92ce0,00000000000000000000000000000000,04110411041104120422032203220222,0,"B_IDLE",0,0,0411,0,0,07241d9,acc4acc4,c,8
3068,3068,0,07496ca,1,1,3,1,1,0411,0456,0,1,1,0000,00e92ce0,00000000000000000000000000000000,04110411041104120422032203220222,0,"B_IDLE",0,0,0411,0,0,07241d9,acc4acc4,c,8
3069,3069,0,07496ca,1,1,1,1,1,0411,0456,0,1,1,0000,00e92ce0,00000000000000000000000000000000,04110411041104120422032203220222,0,"B_IDLE",0,0,0411,0,0,07241d9,acc4acc4,c,8
3070,3070,0,07496ca,1,1,4,1,1,0411,0456,0,1,1,0000,00e92ce0,00000000000000000000000000000000,04110411041104120422032203220222,0,"B_IDLE",0,0,0411,0,0,07241d9,acc4acc4,c,8
3071,3071,0,07496ca,1,1,3,1,1,0411,0456,0,1,1,0000,00e92ce0,00000000000000000000000000000000,04110411041104120422032203220222,0,"B_IDLE",0,0,0411,0,0,07241d9,acc4acc4,c,8
3072,3072,0,07496ca,1,1,3,1,1,0411,0456,0,1,1,0000,00e92ce0,00000000000000000000000000000000,04110411041104120422032203220222,0,"B_IDLE",0,0,0411,0,0,07241d9,acc4acc4,c,8
3073,3073,0,07496ca,1,1,1,1,1,0411,0456,0,1,1,0000,00e92ce0,00000000000000000000000000000000,04110411041104120422032203220222,0,"B_IDLE",0,0,0411,0,0,07241d9,acc4acc4,c,8
3074,3074,0,07496ca,1,1,4,1,1,0411,0456,0,1,1,0000,00e92ce0,00000000000000000000000000000000,04110411041104120422032203220222,0,"B_IDLE",0,0,0411,0,0,07241d9,acc4acc4,c,8
3075,3075,0,07496ca,1,1,3,1,1,0411,0456,0,1,1,0000,00e92ce0,00000000000000000000000000000000,04110411041104120422032203220222,0,"B_IDLE",0,0,0411,0,0,07241d9,acc4acc4,c,8
3076,3076,0,07496ca,1,1,3,1,1,0411,0456,0,1,1,0000,00e92ce0,00000000000000000000000000000000,04110411041104120422032203220222,0,"B_IDLE",0,0,0411,0,0,07241d9,acc4acc4,c,8
3077,3077,0,07496ca,1,1,1,1,1,0411,0456,0,1,1,0000,00e92ce0,00000000000000000000000000000000,04110411041104120422032203220222,0,"B_IDLE",0,0,0411,0,0,07241d9,acc4acc4,c,8
3078,3078,0,07496ca,1,1,4,1,1,0411,0456,0,1,1,0000,00e92ce0,00000000000000000000000000000000,04110411041104120422032203220222,0,"B_IDLE",0,0,0411,0,0,07241d9,acc4acc4,c,8
3079,3079,0,07496ca,1,1,3,1,1,0411,0456,0,1,1,0000,00e92ce0,00000000000000000000000000000000,04110411041104120422032203220222,0,"B_IDLE",0,0,0411,0,0,07241d9,acc4acc4,c,8
3080,3080,0,07496ca,1,1,3,1,1,0411,0456,0,1,1,0000,00e92ce0,00000000000000000000000000000000,04110411041104120422032203220222,0,"B_IDLE",0,0,0411,0,0,07241d9,acc4acc4,c,8
3081,3081,0,07496ca,1,1,1,1,1,0411,0456,0,1,1,0000,00e92ce0,00000000000000000000000000000000,04110411041104120422032203220222,0,"B_IDLE",0,0,0411,0,0,07241d9,acc4acc4,c,8
3082,3082,0,07496ca,1,1,4,1,1,0411,0456,0,1,1,0000,00e92ce0,00000000000000000000000000000000,04110411041104120422032203220222,0,"B_IDLE",0,0,0411,0,0,07241d9,acc4acc4,c,8
3083,3083,0,001cb31,3,1,3,0,0,0456,0456,0,1,1,0000,00e92ce0,00000000000000000000000000000000,04110411041104120422032203220222,0,"B_IDLE",0,0,0411,0,0,07241d9,acc4acc4,c,8
3084,3084,0,001cb31,3,1,3,0,0,0456,0455,0,1,1,0000,00e92ce0,00000000000000000000000000000000,04110411041104120422032203220222,0,"B_IDLE",0,0,0411,0,0,07241d9,acc4acc4,c,8
3085,3085,0,001cb31,3,1,1,0,0,0456,0455,0,1,1,0000,00e92ce0,00000000000000000000000000000000,04110411041104120422032203220222,0,"B_IDLE",0,0,0411,0,0,07241d9,acc4acc4,c,8
3086,3086,0,001cb31,3,1,0,0,0,0456,0455,0,1,1,0000,00e92ce0,00000000000000000000000000000000,04110411041104120422032203220222,0,"B_IDLE",0,0,0411,0,0,07241d9,acc4acc4,c,8
3087,3087,0,001cb31,3,1,0,0,0,0456,0455,0,1,1,0000,00e92ce0,00000000000000000000000000000000,04110411041104120422032203220222,0,"B_IDLE",0,0,0411,0,0,07241d9,acc4acc4,c,8
3088,3088,0,001cb31,3,1,0,0,0,0456,0455,0,1,1,0000,00e92ce0,00000000000000000000000000000000,04110411041104120422032203220222,0,"B_IDLE",0,0,0411,0,0,07241d9,acc4acc4,c,8
3089,3089,0,001cb31,3,1,0,0,0,0456,0455,0,1,1,0000,00e92ce0,00000000000000000000000000000000,04110411041104120422032203220222,0,"B_IDLE",0,0,0411,0,0,07241d9,acc4acc4,c,8
3090,3090,0,001cb31,3,1,0,0,0,0456,0455,0,1,1,0000,00e92ce0,00000000000000000000000000000000,04110411041104120422032203220222,0,"B_IDLE",0,0,0411,0,0,07241d9,acc4acc4,c,8
3091,3091,0,001cb31,3,1,0,0,0,0456,0455,0,1,1,0000,00e92ce0,00000000000000000000000000000000,04110411041104120422032203220222,0,"B_IDLE",0,0,0411,0,0,07241d9,acc4acc4,c,8
3092,3092,0,001cb31,3,1,0,0,0,0456,0455,0,1,1,0000,00e92ce0,00000000000000000000000000000000,04110411041104120422032203220222,0,"B_IDLE",0,0,0411,0,0,07241d9,acc4acc4,c,8
3093,3093,0,001cb31,3,1,0,0,0,0456,0455,0,1,1,0000,00e92ce0,00000000000000000000000000000000,04110411041104120422032203220222,0,"B_IDLE",0,0,0411,0,0,07241d9,acc4acc4,c,8
3094,3094,0,001cb31,3,1,0,0,0,0456,0455,0,1,1,0000,00e92ce0,00000000000000000000000000000000,04110411041104120422032203220222,0,"B_IDLE",0,0,0411,0,0,07241d9,acc4acc4,c,8
3095,3095,0,001cb31,3,1,0,0,0,0456,0455,0,1,1,0000,00e92ce0,00000000000000000000000000000000,04110411041104120422032203220222,0,"B_IDLE",0,0,0411,0,0,07241d9,acc4acc4,c,8
3096,3096,0,001cb31,3,1,0,0,0,0456,0455,0,1,1,0000,00e92ce0,00000000000000000000000000000000,04110411041104120422032203220222,0,"B_IDLE",0,0,0411,0,0,07241d9,acc4acc4,c,8
3097,3097,0,001cb31,3,1,0,0,0,0456,0455,0,1,1,0000,00e92ce0,00000000000000000000000000000000,04110411041104120422032203220222,0,"B_IDLE",0,0,0411,0,0,07241d9,acc4acc4,c,8
3098,3098,0,001cb31,3,1,0,0,0,0456,0455,0,1,1,0000,00e92ce0,00000000000000000000000000000000,04110411041104120422032203220222,0,"B_IDLE",0,0,0411,0,0,07241d9,acc4acc4,c,8
3099,3099,0,001cb31,3,1,0,0,0,0456,0455,0,1,1,0000,00e92ce0,00000000000000000000000000000000,04110411041104120422032203220222,0,"B_IDLE",0,0,0411,0,0,07241d9,acc4acc4,c,8
3100,3100,0,001cb31,3,1,0,0,0,0456,0455,0,1,1,0000,00e92ce0,00000000000000000000000000000000,04110411041104120422032203220222,0,"B_IDLE",0,0,0411,0,0,07241d9,acc4acc4,c,8
3101,3101,0,001cb31,3,1,0,0,0,0456,0455,0,1,1,0000,00e92ce0,00000000000000000000000000000000,04110411041104120422032203220222,0,"B_IDLE",0,0,0411,0,0,07241d9,acc4acc4,c,8
3102,3102,0,001cb31,3,1,0,0,0,0456,0455,0,1,1,0000,00e92ce0,00000000000000000000000000000000,04110411041104120422032203220222,0,"B_IDLE",0,0,0411,0,0,07241d9,acc4acc4,c,8
3103,3103,0,001cb31,3,1,0,0,0,0456,0455,0,1,1,0000,00e92ce0,00000000000000000000000000000000,04110411041104120422032203220222,0,"B_IDLE",0,0,0411,0,0,07241d9,acc4acc4,c,8
3104,3104,0,001cb31,3,1,0,0,0,0456,0455,0,1,1,0000,00e92ce0,00000000000000000000000000000000,04110411041104120422032203220222,0,"B_IDLE",0,0,0411,0,0,07241d9,acc4acc4,c,8
3105,3105,0,001cb31,3,1,0,0,0,0456,0455,0,1,1,0000,00e92ce0,00000000000000000000000000000000,04110411041104120422032203220222,0,"B_IDLE",0,0,0411,0,0,07241d9,acc4acc4,c,8
3106,3106,0,001cb31,3,1,0,0,0,0456,0455,0,1,1,0000,00e92ce0,00000000000000000000000000000000,04110411041104120422032203220222,0,"B_IDLE",0,0,0411,0,0,07241d9,acc4acc4,c,8
3107,3107,0,001cb31,3,1,0,0,0,0456,0455,0,1,1,0000,00e92ce0,00000000000000000000000000000000,04110411041104120422032203220222,0,"B_IDLE",0,0,0411,0,0,07241d9,acc4acc4,c,8
3108,3108,0,001cb31,3,1,0,0,0,0456,0455,0,1,1,0000,00e92ce0,00000000000000000000000000000000,04110411041104120422032203220222,0,"B_IDLE",0,0,0411,0,0,07241d9,acc4acc4,c,8
3109,3109,0,001cb31,3,1,0,0,0,0456,0455,0,1,1,0000,00e92ce0,00000000000000000000000000000000,04110411041104120422032203220222,0,"B_IDLE",0,0,0411,0,0,07241d9,acc4acc4,c,8
3110,3110,0,001cb31,3,1,0,0,0,0456,0455,0,1,1,0000,00e92ce0,00000000000000000000000000000000,04110411041104120422032203220222,0,"B_IDLE",0,0,0411,0,0,07241d9,acc4acc4,c,8
3111,3111,0,001cb31,3,1,0,0,0,0456,0455,0,1,1,0000,00e92ce0,00000000000000000000000000000000,04110411041104120422032203220222,0,"B_IDLE",0,0,0411,0,0,07241d9,acc4acc4,c,8
3112,3112,0,001cb31,3,1,0,0,0,0456,0455,0,1,1,0000,00e92ce0,00000000000000000000000000000000,04110411041104120422032203220222,0,"B_IDLE",0,0,0411,0,0,07241d9,acc4acc4,c,8
3113,3113,0,001cb31,3,1,0,0,0,0456,0455,0,1,1,0000,00e92ce0,00000000000000000000000000000000,04110411041104120422032203220222,0,"B_IDLE",0,0,0411,0,0,07241d9,acc4acc4,c,8
3114,3114,0,001cb31,3,1,0,0,0,0456,0455,0,1,1,0000,00e92ce0,00000000000000000000000000000000,04110411041104120422032203220222,0,"B_IDLE",0,0,0411,0,0,07241d9,acc4acc4,c,8
3115,3115,0,001cb31,3,1,0,0,0,0456,0455,0,1,1,0000,00e92ce0,00000000000000000000000000000000,04110411041104120422032203220222,0,"B_IDLE",0,0,0411,0,0,07241d9,acc4acc4,c,8
3116,3116,0,001cb31,3,1,0,0,0,0456,0455,0,1,1,0000,00e92ce0,00000000000000000000000000000000,04110411041104120422032203220222,0,"B_IDLE",0,0,0411,0,0,07241d9,acc4acc4,c,8
3117,3117,0,001cb31,3,1,0,0,0,0456,0455,0,1,1,0000,00e92ce0,00000000000000000000000000000000,04110411041104120422032203220222,0,"B_IDLE",0,0,0411,0,0,07241d9,acc4acc4,c,8
3118,3118,0,001cb31,3,1,0,0,0,0456,0455,0,1,1,0000,00e92ce0,00000000000000000000000000000000,04110411041104120422032203220222,0,"B_IDLE",0,0,0411,0,0,07241d9,acc4acc4,c,8
3119,3119,0,001cb31,3,1,0,0,0,0456,0455,0,1,1,0000,00e92ce0,00000000000000000000000000000000,04110411041104120422032203220222,0,"B_IDLE",0,0,0411,0,0,07241d9,acc4acc4,c,8
3120,3120,0,001cb31,3,1,0,0,0,0456,0455,0,1,1,0000,00e92ce0,00000000000000000000000000000000,04110411041104120422032203220222,0,"B_IDLE",0,0,0411,0,0,07241d9,acc4acc4,c,8
3121,3121,0,001cb31,3,1,0,0,0,0456,0455,0,1,1,0000,00e92ce0,00000000000000000000000000000000,04110411041104120422032203220222,0,"B_IDLE",0,0,0411,0,0,07241d9,acc4acc4,c,8
3122,3122,0,001cb31,3,1,0,0,0,0456,0455,0,1,1,0000,00e92ce0,00000000000000000000000000000000,04110411041104120422032203220222,0,"B_IDLE",0,0,0411,0,0,07241d9,acc4acc4,c,8
3123,3123,0,001cb31,3,1,0,0,0,0456,0455,0,1,1,0000,00e92ce0,00000000000000000000000000000000,04110411041104120422032203220222,0,"B_IDLE",0,0,0411,0,0,07241d9,acc4acc4,c,8
3124,3124,0,001cb31,3,1,0,0,0,0456,0455,0,1,1,0000,00e92ce0,00000000000000000000000000000000,04110411041104120422032203220222,0,"B_IDLE",0,0,0411,0,0,07241d9,acc4acc4,c,8
3125,3125,0,001cb31,3,1,0,0,0,0456,0455,0,1,1,0000,00e92ce0,00000000000000000000000000000000,04110411041104120422032203220222,0,"B_IDLE",0,0,0411,0,0,07241d9,acc4acc4,c,8
3126,3126,0,001cb31,3,1,0,0,0,0456,0455,0,1,1,0000,00e92ce0,00000000000000000000000000000000,04110411041104120422032203220222,0,"B_IDLE",0,0,0411,0,0,07241d9,acc4acc4,c,8
3127,3127,0,001cb31,3,1,0,0,0,0456,0455,0,1,1,0000,00e92ce0,00000000000000000000000000000000,04110411041104120422032203220222,0,"B_IDLE",0,0,0411,0,0,07241d9,acc4acc4,c,8
3128,3128,0,001cb31,3,1,0,0,0,0456,0455,0,1,1,0000,00e92ce0,00000000000000000000000000000000,04110411041104120422032203220222,0,"B_IDLE",0,0,0411,0,0,07241d9,acc4acc4,c,8
3129,3129,0,001cb31,3,1,0,0,0,0456,0455,0,1,1,0000,00e92ce0,00000000000000000000000000000000,04110411041104120422032203220222,0,"B_IDLE",0,0,0411,0,0,07241d9,acc4acc4,c,8
3130,3130,0,001cb31,3,1,0,0,0,0456,0455,0,1,1,0000,00e92ce0,00000000000000000000000000000000,04110411041104120422032203220222,0,"B_IDLE",0,0,0411,0,0,07241d9,acc4acc4,c,8
3131,3131,0,001cb31,3,1,0,0,0,0456,0455,0,1,1,0000,00e92ce0,00000000000000000000000000000000,04110411041104120422032203220222,0,"B_IDLE",0,0,0411,0,0,07241d9,acc4acc4,c,8
3132,3132,0,001cb31,3,1,0,0,0,0456,0455,0,1,1,0000,00e92ce0,00000000000000000000000000000000,04110411041104120422032203220222,0,"B_IDLE",0,0,0411,0,0,07241d9,acc4acc4,c,8
3133,3133,0,001cb31,3,1,0,0,0,0456,0455,0,1,1,0000,00e92ce0,00000000000000000000000000000000,04110411041104120422032203220222,0,"B_IDLE",0,0,0411,0,0,07241d9,acc4acc4,c,8
3134,3134,0,001cb31,3,1,0,0,0,0456,0455,0,1,1,0000,00e92ce0,00000000000000000000000000000000,04110411041104120422032203220222,0,"B_IDLE",0,0,0411,0,0,07241d9,acc4acc4,c,8
3135,3135,0,001cb31,3,1,0,0,0,0456,0455,0,1,1,0000,00e92ce0,00000000000000000000000000000000,04110411041104120422032203220222,0,"B_IDLE",0,0,0411,0,0,07241d9,acc4acc4,c,8
3136,3136,0,001cb31,3,1,0,0,0,0456,0455,0,1,1,0000,00e92ce0,00000000000000000000000000000000,04110411041104120422032203220222,0,"B_IDLE",0,0,0411,0,0,07241d9,acc4acc4,c,8
3137,3137,0,001cb31,3,1,0,0,0,0456,0455,0,1,1,0000,00e92ce0,00000000000000000000000000000000,04110411041104120422032203220222,0,"B_IDLE",0,0,0411,0,0,07241d9,acc4acc4,c,8
3138,3138,0,001cb31,3,1,0,0,0,0456,0455,0,1,1,0000,00e92ce0,00000000000000000000000000000000,04110411041104120422032203220222,0,"B_IDLE",0,0,0411,0,0,07241d9,acc4acc4,c,8
3139,3139,0,001cb31,3,1,0,0,0,0456,0455,0,1,1,0000,00e92ce0,00000000000000000000000000000000,04110411041104120422032203220222,0,"B_IDLE",0,0,0411,0,0,07241d9,acc4acc4,c,8
3140,3140,0,001cb31,3,1,0,0,0,0456,0455,0,1,1,0000,00e92ce0,00000000000000000000000000000000,04110411041104120422032203220222,0,"B_IDLE",0,0,0411,0,0,07241d9,acc4acc4,c,8
3141,3141,0,001cb31,3,1,0,0,0,0456,0455,0,1,1,0000,00e92ce0,00000000000000000000000000000000,04110411041104120422032203220222,0,"B_IDLE",0,0,0411,0,0,07241d9,acc4acc4,c,8
3142,3142,0,001cb31,3,1,0,0,0,0456,0455,0,1,1,0000,00e92ce0,00000000000000000000000000000000,04110411041104120422032203220222,0,"B_IDLE",0,0,0411,0,0,07241d9,acc4acc4,c,8
3143,3143,0,001cb31,3,1,0,0,0,0456,0455,0,1,1,0000,00e92ce0,00000000000000000000000000000000,04110411041104120422032203220222,0,"B_IDLE",0,0,0411,0,0,07241d9,acc4acc4,c,8
3144,3144,0,001cb31,3,1,0,0,0,0456,0455,0,1,1,0000,00e92ce0,00000000000000000000000000000000,04110411041104120422032203220222,0,"B_IDLE",0,0,0411,0,0,07241d9,acc4acc4,c,8
3145,3145,0,001cb31,3,1,0,0,0,0456,0455,0,1,1,0000,00e92ce0,00000000000000000000000000000000,04110411041104120422032203220222,0,"B_IDLE",0,0,0411,0,0,07241d9,acc4acc4,c,8
3146,3146,0,001cb31,3,1,0,0,0,0456,0455,0,1,1,0000,00e92ce0,00000000000000000000000000000000,04110411041104120422032203220222,0,"B_IDLE",0,0,0411,0,0,07241d9,acc4acc4,c,8
3147,3147,0,001cb31,3,1,0,0,0,0456,0455,0,1,1,0000,00e92ce0,00000000000000000000000000000000,04110411041104120422032203220222,0,"B_IDLE",0,0,0411,0,0,07241d9,acc4acc4,c,8
3148,3148,0,001cb31,3,1,0,0,0,0456,0455,0,1,1,0000,00e92ce0,00000000000000000000000000000000,04110411041104120422032203220222,0,"B_IDLE",0,0,0411,0,0,07241d9,acc4acc4,c,8
3149,3149,0,001cb31,3,1,0,0,0,0456,0455,0,1,1,0000,00e92ce0,00000000000000000000000000000000,04110411041104120422032203220222,0,"B_IDLE",0,0,0411,0,0,07241d9,acc4acc4,c,8
3150,3150,0,001cb31,3,1,0,0,0,0456,0455,0,1,1,0000,00e92ce0,00000000000000000000000000000000,04110411041104120422032203220222,0,"B_IDLE",0,0,0411,0,0,07241d9,acc4acc4,c,8
3151,3151,0,001cb31,3,1,0,0,0,0456,0455,0,1,1,0000,00e92ce0,00000000000000000000000000000000,04110411041104120422032203220222,0,"B_IDLE",0,0,0411,0,0,07241d9,acc4acc4,c,8
3152,3152,0,001cb31,3,1,0,0,0,0456,0455,0,1,1,0000,00e92ce0,00000000000000000000000000000000,04110411041104120422032203220222,0,"B_IDLE",0,0,0411,0,0,07241d9,acc4acc4,c,8
3153,3153,0,001cb31,3,1,0,0,0,0456,0455,0,1,1,0000,00e92ce0,00000000000000000000000000000000,04110411041104120422032203220222,0,"B_IDLE",0,0,0411,0,0,07241d9,acc4acc4,c,8
3154,3154,0,001cb31,3,1,0,0,0,0456,0455,0,1,1,0000,00e92ce0,00000000000000000000000000000000,04110411041104120422032203220222,0,"B_IDLE",0,0,0411,0,0,07241d9,acc4acc4,c,8
3155,3155,0,001cb31,3,1,0,0,0,0456,0455,0,1,1,0000,00e92ce0,00000000000000000000000000000000,04110411041104120422032203220222,0,"B_IDLE",0,0,0411,0,0,07241d9,acc4acc4,c,8
3156,3156,0,001cb31,3,1,0,0,0,0456,0455,0,1,1,0000,00e92ce0,00000000000000000000000000000000,04110411041104120422032203220222,0,"B_IDLE",0,0,0411,0,0,07241d9,acc4acc4,c,8
3157,3157,0,001cb31,3,1,0,0,0,0456,0455,0,1,1,0000,00e92ce0,00000000000000000000000000000000,04110411041104120422032203220222,0,"B_IDLE",0,0,0411,0,0,07241d9,acc4acc4,c,8
3158,3158,0,001cb31,3,1,0,0,0,0456,0455,0,1,1,0000,00e92ce0,00000000000000000000000000000000,04110411041104120422032203220222,0,"B_IDLE",0,0,0411,0,0,07241d9,acc4acc4,c,8
3159,3159,0,001cb31,3,1,0,0,0,0456,0455,0,1,1,0000,00e92ce0,00000000000000000000000000000000,04110411041104120422032203220222,0,"B_IDLE",0,0,0411,0,0,07241d9,acc4acc4,c,8
3160,3160,0,001cb31,3,1,0,0,0,0456,0455,0,1,1,0000,00e92ce0,00000000000000000000000000000000,04110411041104120422032203220222,0,"B_IDLE",0,0,0411,0,0,07241d9,acc4acc4,c,8
3161,3161,0,001cb31,3,1,0,0,0,0456,0455,0,1,1,0000,00e92ce0,00000000000000000000000000000000,04110411041104120422032203220222,0,"B_IDLE",0,0,0411,0,0,07241d9,acc4acc4,c,8
3162,3162,0,001cb31,3,1,4,0,0,0456,0455,0,1,1,0000,00e92ce0,00000000000000000000000000000000,04110411041104120422032203220222,0,"B_IDLE",0,0,0411,0,0,07241d9,acc4acc4,c,8
3163,3163,0,001cb31,1,1,3,1,1,0456,0455,0,1,1,0000,00e92ce0,00000000000000000000000000000000,04110411041104120422032203220222,0,"B_IDLE",0,0,0411,0,0,07241d9,acc4acc4,c,8
3164,3164,0,001cb31,1,1,3,1,1,0456,0455,0,1,1,0000,00e92ce0,00000000000000000000000000000000,04110411041104120422032203220222,0,"B_IDLE",0,0,0411,0,0,07241d9,acc4acc4,c,8
3165,3165,0,001cb31,1,1,1,1,1,0456,0455,0,1,1,0000,00e92ce0,00000000000000000000000000000000,04110411041104120422032203220222,0,"B_IDLE",0,0,0411,0,0,07241d9,acc4acc4,c,8
3166,3166,0,001cb31,1,1,4,1,1,0456,0455,0,1,1,0000,00e92ce0,00000000000000000000000000000000,04110411041104120422032203220222,0,"B_IDLE",0,0,0411,0,0,07241d9,acc4acc4,c,8
3167,3167,0,001cb31,1,1,3,1,1,0456,0455,0,1,1,0000,00e92ce0,00000000000000000000000000000000,04110411041104120422032203220222,0,"B_IDLE",0,0,0411,0,0,07241d9,acc4acc4,c,8
3168,3168,0,001cb31,1,1,3,1,1,0456,0455,0,1,1,0000,00e92ce0,00000000000000000000000000000000,04110411041104120422032203220222,0,"B_IDLE",0,0,0411,0,0,07241d9,acc4acc4,c,8
3169,3169,0,001cb31,1,1,1,1,1,0456,0455,0,1,1,0000,00e92ce0,00000000000000000000000000000000,04110411041104120422032203220222,0,"B_IDLE",0,0,0411,0,0,07241d9,acc4acc4,c,8
3170,3170,0,001cb31,1,1,4,1,1,0456,0455,0,1,1,0000,00e92ce0,00000000000000000000000000000000,04110411041104120422032203220222,0,"B_IDLE",0,0,0411,0,0,07241d9,acc4acc4,c,8
3171,3171,0,001cb31,1,1,3,1,1,0456,0455,0,1,1,0000,00e92ce0,00000000000000000000000000000000,04110411041104120422032203220222,0,"B_IDLE",0,0,0411,0,0,07241d9,acc4acc4,c,8
3172,3172,0,001cb31,1,1,3,1,1,0456,0455,0,1,1,0000,00e92ce0,00000000000000000000000000000000,04110411041104120422032203220222,0,"B_IDLE",0,0,0411,0,0,07241d9,acc4acc4,c,8
3173,3173,0,001cb31,1,1,1,1,1,0456,0455,0,1,1,0000,00e92ce0,00000000000000000000000000000000,04110411041104120422032203220222,0,"B_IDLE",0,0,0411,0,0,07241d9,acc4acc4,c,8
3174,3174,0,001cb31,1,1,4,1,1,0456,0455,0,1,1,0000,00e92ce0,00000000000000000000000000000000,04110411041104120422032203220222,0,"B_IDLE",0,0,0411,0,0,07241d9,acc4acc4,c,8
3175,3175,0,001cb31,1,1,3,1,1,0456,0455,0,1,1,0000,00e92ce0,00000000000000000000000000000000,04110411041104120422032203220222,0,"B_IDLE",0,0,0411,0,0,07241d9,acc4acc4,c,8
3176,3176,0,001cb31,1,1,3,1,1,0456,0455,0,1,1,0000,00e92ce0,00000000000000000000000000000000,04110411041104120422032203220222,0,"B_IDLE",0,0,0411,0,0,07241d9,acc4acc4,c,8
3177,3177,0,001cb31,1,1,1,1,1,0456,0455,0,1,1,0000,00e92ce0,00000000000000000000000000000000,04110411041104120422032203220222,0,"B_IDLE",0,0,0411,0,0,07241d9,acc4acc4,c,8
3178,3178,0,001cb31,1,1,4,1,1,0456,0455,0,1,1,0000,00e92ce0,00000000000000000000000000000000,04110411041104120422032203220222,0,"B_IDLE",0,0,0411,0,0,07241d9,acc4acc4,c,8
3179,3179,0,001cb31,1,1,3,1,1,0456,0455,0,1,1,0000,00e92ce0,00000000000000000000000000000000,04110411041104120422032203220222,0,"B_IDLE",0,0,0411,0,0,07241d9,acc4acc4,c,8
3180,3180,0,001cb31,1,1,3,1,1,0456,0455,0,1,1,0000,00e92ce0,00000000000000000000000000000000,04110411041104120422032203220222,0,"B_IDLE",0,0,0411,0,0,07241d9,acc4acc4,c,8
3181,3181,0,001cb31,1,1,1,1,1,0456,0455,0,1,1,0000,00e92ce0,00000000000000000000000000000000,04110411041104120422032203220222,0,"B_IDLE",0,0,0411,0,0,07241d9,acc4acc4,c,8
3182,3182,0,001cb31,1,1,4,1,1,0456,0455,0,1,1,0000,00e92ce0,00000000000000000000000000000000,04110411041104120422032203220222,0,"B_IDLE",0,0,0411,0,0,07241d9,acc4acc4,c,8
3183,3183,0,001cb31,1,1,3,1,1,0456,0455,0,1,1,0000,00e92ce0,00000000000000000000000000000000,04110411041104120422032203220222,0,"B_IDLE",0,0,0411,0,0,07241d9,acc4acc4,c,8
3184,3184,0,001cb31,1,1,3,1,1,0456,0455,0,1,1,0000,00e92ce0,00000000000000000000000000000000,04110411041104120422032203220222,0,"B_IDLE",0,0,0411,0,0,07241d9,acc4acc4,c,8
3185,3185,0,001cb31,1,1,1,1,1,0456,0455,0,1,1,0000,00e92ce0,00000000000000000000000000000000,04110411041104120422032203220222,0,"B_IDLE",0,0,0411,0,0,07241d9,acc4acc4,c,8
3186,3186,0,001cb31,1,1,4,1,1,0456,0455,0,1,1,0000,00e92ce0,00000000000000000000000000000000,04110411041104120422032203220222,0,"B_IDLE",0,0,0411,0,0,07241d9,acc4acc4,c,8
3187,3187,0,001cb31,1,1,3,1,1,0456,0455,0,1,1,0000,00e92ce0,00000000000000000000000000000000,04110411041104120422032203220222,0,"B_IDLE",0,0,0411,0,0,07241d9,acc4acc4,c,8
3188,3188,0,001cb31,1,1,3,1,1,0456,0455,0,1,1,0000,00e92ce0,00000000000000000000000000000000,04110411041104120422032203220222,0,"B_IDLE",0,0,0411,0,0,07241d9,acc4acc4,c,8
3189,3189,0,001cb31,1,1,1,1,1,0456,0455,0,1,1,0000,00e92ce0,00000000000000000000000000000000,04110411041104120422032203220222,0,"B_IDLE",0,0,0411,0,0,07241d9,acc4acc4,c,8
3190,3190,0,001cb31,1,1,4,1,1,0456,0455,0,1,1,0000,00e92ce0,00000000000000000000000000000000,04110411041104120422032203220222,0,"B_IDLE",0,0,0411,0,0,07241d9,acc4acc4,c,8
3191,3191,0,001cb31,1,1,3,1,1,0456,0455,0,1,1,0000,00e92ce0,00000000000000000000000000000000,04110411041104120422032203220222,0,"B_IDLE",0,0,0411,0,0,07241d9,acc4acc4,c,8
3192,3192,0,001cb31,1,1,3,1,1,0456,0455,0,1,1,0000,00e92ce0,00000000000000000000000000000000,04110411041104120422032203220222,0,"B_IDLE",0,0,0411,0,0,07241d9,acc4acc4,c,8
3193,3193,0,001cb31,1,1,1,1,1,0456,0455,0,1,1,0000,00e92ce0,00000000000000000000000000000000,04110411041104120422032203220222,0,"B_IDLE",0,0,0411,0,0,07241d9,acc4acc4,c,8
3194,3194,0,001cb31,1,1,4,1,1,0456,0455,0,1,1,0000,00e92ce0,00000000000000000000000000000000,04110411041104120422032203220222,0,"B_IDLE",0,0,0411,0,0,07241d9,acc4acc4,c,8
3195,3195,0,001cb31,1,1,3,1,1,0456,0455,0,1,1,0000,00e92ce0,00000000000000000000000000000000,04110411041104120422032203220222,0,"B_IDLE",0,0,0411,0,0,07241d9,acc4acc4,c,8
3196,3196,0,001cb31,1,1,3,1,1,0456,0455,0,1,1,0000,00e92ce0,00000000000000000000000000000000,04110411041104120422032203220222,0,"B_IDLE",0,0,0411,0,0,07241d9,acc4acc4,c,8
3197,3197,0,001cb31,1,1,1,1,1,0456,0455,0,1,1,0000,00e92ce0,00000000000000000000000000000000,04110411041104120422032203220222,0,"B_IDLE",0,0,0411,0,0,07241d9,acc4acc4,c,8
3198,3198,0,001cb31,1,1,4,1,1,0456,0455,0,1,1,0000,00e92ce0,00000000000000000000000000000000,04110411041104120422032203220222,0,"B_IDLE",0,0,0411,0,0,07241d9,acc4acc4,c,8
3199,3199,0,001cb31,1,1,3,1,1,0456,0455,0,1,1,0000,00e92ce0,00000000000000000000000000000000,04110411041104120422032203220222,0,"B_IDLE",0,0,0411,0,0,07241d9,acc4acc4,c,8
3200,3200,0,001cb31,1,1,3,1,1,0456,0455,0,1,1,0000,00e92ce0,00000000000000000000000000000000,04110411041104120422032203220222,0,"B_IDLE",0,0,0411,0,0,07241d9,acc4acc4,c,8
3201,3201,0,001cb31,1,1,1,1,1,0456,0455,0,1,1,0000,00e92ce0,00000000000000000000000000000000,04110411041104120422032203220222,0,"B_IDLE",0,0,0411,0,0,07241d9,acc4acc4,c,8
3202,3202,0,001cb31,1,1,4,1,1,0456,0455,0,1,1,0000,00e92ce0,00000000000000000000000000000000,04110411041104120422032203220222,0,"B_IDLE",0,0,0411,0,0,07241d9,acc4acc4,c,8
3203,3203,0,001cb31,1,1,3,1,1,0456,0455,0,1,1,0000,00e92ce0,00000000000000000000000000000000,04110411041104120422032203220222,0,"B_IDLE",0,0,0411,0,0,07241d9,acc4acc4,c,8
3204,3204,0,001cb31,1,1,3,1,1,0456,0455,0,1,1,0000,00e92ce0,00000000000000000000000000000000,04110411041104120422032203220222,0,"B_IDLE",0,0,0411,0,0,07241d9,acc4acc4,c,8
3205,3205,0,001cb31,1,1,1,1,1,0456,0455,0,1,1,0000,00e92ce0,00000000000000000000000000000000,04110411041104120422032203220222,0,"B_IDLE",0,0,0411,0,0,07241d9,acc4acc4,c,8
3206,3206,0,001cb31,1,1,4,1,1,0456,0455,0,1,1,0000,00e92ce0,00000000000000000000000000000000,04110411041104120422032203220222,0,"B_IDLE",0,0,0411,0,0,07241d9,acc4acc4,c,8
3207,3207,0,001cb31,1,1,3,1,1,0456,0455,0,1,1,0000,00e92ce0,00000000000000000000000000000000,04110411041104120422032203220222,0,"B_IDLE",0,0,0411,0,0,07241d9,acc4acc4,c,8
3208,3208,0,001cb31,1,1,3,1,1,0456,0455,0,1,1,0000,00e92ce0,00000000000000000000000000000000,04110411041104120422032203220222,0,"B_IDLE",0,0,0411,0,0,07241d9,acc4acc4,c,8
3209,3209,0,001cb31,1,1,1,1,1,0456,0455,0,1,1,0000,00e92ce0,00000000000000000000000000000000,04110411041104120422032203220222,0,"B_IDLE",0,0,0411,0,0,07241d9,acc4acc4,c,8
3210,3210,0,001cb31,1,1,4,1,1,0456,0455,0,1,1,0000,00e92ce0,00000000000000000000000000000000,04110411041104120422032203220222,0,"B_IDLE",0,0,0411,0,0,07241d9,acc4acc4,c,8
3211,3211,0,001cb31,1,1,3,1,1,0456,0455,0,1,1,0000,00e92ce0,00000000000000000000000000000000,04110411041104120422032203220222,0,"B_IDLE",0,0,0411,0,0,07241d9,acc4acc4,c,8
3212,3212,0,001cb31,1,1,3,1,1,0456,0455,0,1,1,0000,00e92ce0,00000000000000000000000000000000,04110411041104120422032203220222,0,"B_IDLE",0,0,0411,0,0,07241d9,acc4acc4,c,8
3213,3213,0,001cb31,1,1,1,1,1,0456,0455,0,1,1,0000,00e92ce0,00000000000000000000000000000000,04110411041104120422032203220222,0,"B_IDLE",0,0,0411,0,0,07241d9,acc4acc4,c,8
3214,3214,0,001cb31,1,1,4,1,1,0456,0455,0,1,1,0000,00e92ce0,00000000000000000000000000000000,04110411041104120422032203220222,0,"B_IDLE",0,0,0411,0,0,07241d9,acc4acc4,c,8
3215,3215,0,001cb31,1,1,3,1,1,0456,0455,0,1,1,0000,00e92ce0,00000000000000000000000000000000,04110411041104120422032203220222,0,"B_IDLE",0,0,0411,0,0,07241d9,acc4acc4,c,8
3216,3216,0,001cb31,1,1,3,1,1,0456,0455,0,1,1,0000,00e92ce0,00000000000000000000000000000000,04110411041104120422032203220222,0,"B_IDLE",0,0,0411,0,0,07241d9,acc4acc4,c,8
3217,3217,0,001cb31,1,1,1,1,1,0456,0455,0,1,1,0000,00e92ce0,00000000000000000000000000000000,04110411041104120422032203220222,0,"B_IDLE",0,0,0411,0,0,07241d9,acc4acc4,c,8
3218,3218,0,001cb31,1,1,4,1,1,0456,0455,0,1,1,0000,00e92ce0,00000000000000000000000000000000,04110411041104120422032203220222,0,"B_IDLE",0,0,0411,0,0,07241d9,acc4acc4,c,8
3219,3219,0,001cb31,1,1,3,1,1,0456,0455,0,1,1,0000,00e92ce0,00000000000000000000000000000000,04110411041104120422032203220222,0,"B_IDLE",0,0,0411,0,0,07241d9,acc4acc4,c,8
3220,3220,0,001cb31,1,1,3,1,1,0456,0455,0,1,1,0000,00e92ce0,00000000000000000000000000000000,04110411041104120422032203220222,0,"B_IDLE",0,0,0411,0,0,07241d9,acc4acc4,c,8
3221,3221,0,001cb31,1,1,1,1,1,0456,0455,0,1,1,0000,00e92ce0,00000000000000000000000000000000,04110411041104120422032203220222,0,"B_IDLE",0,0,0411,0,0,07241d9,acc4acc4,c,8
3222,3222,0,001cb31,1,1,4,1,1,0456,0455,0,1,1,0000,00e92ce0,00000000000000000000000000000000,04110411041104120422032203220222,0,"B_IDLE",0,0,0411,0,0,07241d9,acc4acc4,c,8
3223,3223,0,001cb31,1,1,3,1,1,0456,0455,0,1,1,0000,00e92ce0,00000000000000000000000000000000,04110411041104120422032203220222,0,"B_IDLE",0,0,0411,0,0,07241d9,acc4acc4,c,8
3224,3224,0,001cb31,1,1,3,1,1,0456,0455,0,1,1,0000,00e92ce0,00000000000000000000000000000000,04110411041104120422032203220222,0,"B_IDLE",0,0,0411,0,0,07241d9,acc4acc4,c,8
3225,3225,0,001cb31,1,1,1,1,1,0456,0455,0,1,1,0000,00e92ce0,00000000000000000000000000000000,04110411041104120422032203220222,0,"B_IDLE",0,0,0411,0,0,07241d9,acc4acc4,c,8
3226,3226,0,001cb31,1,1,4,1,1,0456,0455,0,1,1,0000,00e92ce0,00000000000000000000000000000000,04110411041104120422032203220222,0,"B_IDLE",0,0,0411,0,0,07241d9,acc4acc4,c,8
3227,3227,0,0749676,2,1,3,0,0,0456,0455,0,1,1,0000,00e92ce0,00000000000000000000000000000000,04110411041104120422032203220222,0,"B_IDLE",0,0,0411,0,0,07241d9,acc4acc4,c,8
3228,3228,0,0749676,2,1,3,0,0,0456,0334,0,1,1,0000,00e92ce0,00000000000000000000000000000000,04110411041104120422032203220222,0,"B_IDLE",0,0,0411,0,0,07241d9,acc4acc4,c,8
3229,3229,0,0749676,2,1,1,0,0,0456,0334,0,1,1,0000,00e92ce0,00000000000000000000000000000000,04110411041104120422032203220222,0,"B_IDLE",0,0,0411,0,0,07241d9,acc4acc4,c,8
3230,3230,0,0749676,2,0,0,0,0,0456,0334,0,1,1,0000,00e92ce0,00000000000000000000000000000000,04110411041104120422032203220222,0,"B_IDLE",0,0,0411,0,0,07241d9,acc4acc4,c,8
3231,3231,0,0749676,2,0,0,0,0,0456,0334,0,1,1,0000,00e92ce0,00000000000000000000000000000000,04110411041104120422032203220222,0,"B_IDLE",0,0,0411,0,0,07241d9,acc4acc4,c,8
3232,3232,0,0749676,2,0,0,0,0,0456,0334,0,1,1,0000,00e92ce0,00000000000000000000000000000000,04110411041104120422032203220222,0,"B_IDLE",0,0,0411,0,0,07241d9,acc4acc4,c,8
3233,3233,0,0749676,2,0,0,0,0,0456,0411,1,1,1,0000,00e92ce0,00000000000000000000000000000000,04110411041104120422032203220222,0,"B_IDLE",0,0,0411,0,0,07241d9,acc4acc4,c,8
3234,3234,0,0749676,2,0,4,0,0,0456,0411,1,1,1,0000,00e92ce0,00000000000000000000000000000000,04110411041104120422032203220222,0,"B_IDLE",0,0,0411,0,0,07241d9,acc4acc4,c,8
3235,3235,0,0749676,1,1,3,1,1,0456,0411,1,1,1,0000,00e92ce0,00000000000000000000000000000000,04110411041104120422032203220222,0,"B_IDLE",0,0,0411,0,0,07241d9,acc4acc4,c,8
3236,3236,0,0749676,1,1,3,1,1,0456,0411,0,1,1,0000,00e92ce0,00000000000000000000000000000000,04110411041104120422032203220222,0,"B_IDLE",0,0,0411,0,0,07241d9,acc4acc4,c,8
3237,3237,0,0749676,1,1,1,1,1,0456,0411,0,1,1,0000,00e92ce0,00000000000000000000000000000000,04110411041104120422032203220222,0,"B_IDLE",0,0,0411,0,0,07241d9,acc4acc4,c,8
3238,3238,0,0749676,1,1,4,1,1,0456,0411,0,1,1,0000,00e92ce0,00000000000000000000000000000000,04110411041104120422032203220222,0,"B_IDLE",0,0,0411,0,0,07241d9,acc4acc4,c,8
3239,3239,0,0749676,1,1,3,1,1,0456,0411,0,1,1,0000,00e92ce0,00000000000000000000000000000000,04110411041104120422032203220222,0,"B_IDLE",0,0,0411,0,0,07241d9,acc4acc4,c,8
3240,3240,0,0749676,1,1,3,1,1,0456,0411,0,1,1,0000,00e92ce0,00000000000000000000000000000000,04110411041104120422032203220222,0,"B_IDLE",0,0,0411,0,0,07241d9,acc4acc4,c,8
3241,3241,0,0749676,1,1,1,1,1,0456,0411,0,1,1,0000,00e92ce0,00000000000000000000000000000000,04110411041104120422032203220222,0,"B_IDLE",0,0,0411,0,0,07241d9,acc4acc4,c,8
3242,3242,0,0749676,1,1,4,1,1,0456,0411,0,1,1,0000,00e92ce0,00000000000000000000000000000000,04110411041104120422032203220222,0,"B_IDLE",0,0,0411,0,0,07241d9,acc4acc4,c,8
3243,3243,0,0749676,1,1,3,1,1,0456,0411,0,1,1,0000,00e92ce0,00000000000000000000000000000000,04110411041104120422032203220222,0,"B_IDLE",0,0,0411,0,0,07241d9,acc4acc4,c,8
3244,3244,0,0749676,1,1,3,1,1,0456,0411,0,1,1,0000,00e92ce0,00000000000000000000000000000000,04110411041104120422032203220222,0,"B_IDLE",0,0,0411,0,0,07241d9,acc4acc4,c,8
3245,3245,0,0749676,1,1,1,1,1,0456,0411,0,1,1,0000,00e92ce0,00000000000000000000000000000000,04110411041104120422032203220222,0,"B_IDLE",0,0,0411,0,0,07241d9,acc4acc4,c,8
3246,3246,0,0749676,1,1,4,1,1,0456,0411,0,1,1,0000,00e92ce0,00000000000000000000000000000000,04110411041104120422032203220222,0,"B_IDLE",0,0,0411,0,0,07241d9,acc4acc4,c,8
3247,3247,0,0749676,1,1,3,1,1,0456,0411,0,1,1,0000,00e92ce0,00000000000000000000000000000000,04110411041104120422032203220222,0,"B_IDLE",0,0,0411,0,0,07241d9,acc4acc4,c,8
3248,3248,0,0749676,1,1,3,1,1,0456,0411,0,1,1,0000,00e92ce0,00000000000000000000000000000000,04110411041104120422032203220222,0,"B_IDLE",0,0,0411,0,0,07241d9,acc4acc4,c,8
3249,3249,0,0749676,1,1,1,1,1,0456,0411,0,1,1,0000,00e92ce0,00000000000000000000000000000000,04110411041104120422032203220222,0,"B_IDLE",0,0,0411,0,0,07241d9,acc4acc4,c,8
3250,3250,0,0749676,1,1,4,1,1,0456,0411,0,1,1,0000,00e92ce0,00000000000000000000000000000000,04110411041104120422032203220222,0,"B_IDLE",0,0,0411,0,0,07241d9,acc4acc4,c,8
3251,3251,0,0749676,1,1,3,1,1,0456,0411,0,1,1,0000,00e92ce0,00000000000000000000000000000000,04110411041104120422032203220222,0,"B_IDLE",0,0,0411,0,0,07241d9,acc4acc4,c,8
3252,3252,0,0749676,1,1,3,1,1,0456,0411,0,1,1,0000,00e92ce0,00000000000000000000000000000000,04110411041104120422032203220222,0,"B_IDLE",0,0,0411,0,0,07241d9,acc4acc4,c,8
3253,3253,0,0749676,1,1,1,1,1,0456,0411,0,1,1,0000,00e92ce0,00000000000000000000000000000000,04110411041104120422032203220222,0,"B_IDLE",0,0,0411,0,0,07241d9,acc4acc4,c,8
3254,3254,0,0749676,1,1,4,1,1,0456,0411,0,1,1,0000,00e92ce0,00000000000000000000000000000000,04110411041104120422032203220222,0,"B_IDLE",0,0,0411,0,0,07241d9,acc4acc4,c,8
3255,3255,0,0749676,1,1,3,1,1,0456,0411,0,1,1,0000,00e92ce0,00000000000000000000000000000000,04110411041104120422032203220222,0,"B_IDLE",0,0,0411,0,0,07241d9,acc4acc4,c,8
3256,3256,0,0749676,1,1,3,1,1,0456,0411,0,1,1,0000,00e92ce0,00000000000000000000000000000000,04110411041104120422032203220222,0,"B_IDLE",0,0,0411,0,0,07241d9,acc4acc4,c,8
3257,3257,0,0749676,1,1,1,1,1,0456,0411,0,1,1,0000,00e92ce0,00000000000000000000000000000000,04110411041104120422032203220222,0,"B_IDLE",0,0,0411,0,0,07241d9,acc4acc4,c,8
3258,3258,0,0749676,1,1,4,1,1,0456,0411,0,1,1,0000,00e92ce0,00000000000000000000000000000000,04110411041104120422032203220222,0,"B_IDLE",0,0,0411,0,0,07241d9,acc4acc4,c,8
3259,3259,0,0749676,1,1,3,1,1,0456,0411,0,1,1,0000,00e92ce0,00000000000000000000000000000000,04110411041104120422032203220222,0,"B_IDLE",0,0,0411,0,0,07241d9,acc4acc4,c,8
3260,3260,0,0749676,1,1,3,1,1,0456,0411,0,1,1,0000,00e92ce0,00000000000000000000000000000000,04110411041104120422032203220222,0,"B_IDLE",0,0,0411,0,0,07241d9,acc4acc4,c,8
3261,3261,0,0749676,1,1,1,1,1,0456,0411,0,1,1,0000,00e92ce0,00000000000000000000000000000000,04110411041104120422032203220222,0,"B_IDLE",0,0,0411,0,0,07241d9,acc4acc4,c,8
3262,3262,0,0749676,1,1,4,1,1,0456,0411,0,1,1,0000,00e92ce0,00000000000000000000000000000000,04110411041104120422032203220222,0,"B_IDLE",0,0,0411,0,0,07241d9,acc4acc4,c,8
3263,3263,0,0749676,1,1,3,1,1,0456,0411,0,1,1,0000,00e92ce0,00000000000000000000000000000000,04110411041104120422032203220222,0,"B_IDLE",0,0,0411,0,0,07241d9,acc4acc4,c,8
3264,3264,0,0749676,1,1,3,1,1,0456,0411,0,1,1,0000,00e92ce0,00000000000000000000000000000000,04110411041104120422032203220222,0,"B_IDLE",0,0,0411,0,0,07241d9,acc4acc4,c,8
3265,3265,0,0749676,1,1,1,1,1,0456,0411,0,1,1,0000,00e92ce0,00000000000000000000000000000000,04110411041104120422032203220222,0,"B_IDLE",0,0,0411,0,0,07241d9,acc4acc4,c,8
3266,3266,0,0749676,1,1,4,1,1,0456,0411,0,1,1,0000,00e92ce0,00000000000000000000000000000000,04110411041104120422032203220222,0,"B_IDLE",0,0,0411,0,0,07241d9,acc4acc4,c,8
3267,3267,0,0749676,1,1,3,1,1,0456,0411,0,1,1,0000,00e92ce0,00000000000000000000000000000000,04110411041104120422032203220222,0,"B_IDLE",0,0,0411,0,0,07241d9,acc4acc4,c,8
3268,3268,0,0749676,1,1,3,1,1,0456,0411,0,1,1,0000,00e92ce0,00000000000000000000000000000000,04110411041104120422032203220222,0,"B_IDLE",0,0,0411,0,0,07241d9,acc4acc4,c,8
3269,3269,0,0749676,1,1,1,1,1,0456,0411,0,1,1,0000,00e92ce0,00000000000000000000000000000000,04110411041104120422032203220222,0,"B_IDLE",0,0,0411,0,0,07241d9,acc4acc4,c,8
3270,3270,0,0749676,1,1,4,1,1,0456,0411,0,1,1,0000,00e92ce0,00000000000000000000000000000000,04110411041104120422032203220222,0,"B_IDLE",0,0,0411,0,0,07241d9,acc4acc4,c,8
3271,3271,0,0749676,1,1,3,1,1,0456,0411,0,1,1,0000,00e92ce0,00000000000000000000000000000000,04110411041104120422032203220222,0,"B_IDLE",0,0,0411,0,0,07241d9,acc4acc4,c,8
3272,3272,0,0749676,1,1,3,1,1,0456,0411,0,1,1,0000,00e92ce0,00000000000000000000000000000000,04110411041104120422032203220222,0,"B_IDLE",0,0,0411,0,0,07241d9,acc4acc4,c,8
3273,3273,0,0749676,1,1,1,1,1,0456,0411,0,1,1,0000,00e92ce0,00000000000000000000000000000000,04110411041104120422032203220222,0,"B_IDLE",0,0,0411,0,0,07241d9,acc4acc4,c,8
3274,3274,0,0749676,1,1,4,1,1,0456,0411,0,1,1,0000,00e92ce0,00000000000000000000000000000000,04110411041104120422032203220222,0,"B_IDLE",0,0,0411,0,0,07241d9,acc4acc4,c,8
3275,3275,0,0749676,1,1,3,1,1,0456,0411,0,1,1,0000,00e92ce0,00000000000000000000000000000000,04110411041104120422032203220222,0,"B_IDLE",0,0,0411,0,0,07241d9,acc4acc4,c,8
3276,3276,0,0749676,1,1,3,1,1,0456,0411,0,1,1,0000,00e92ce0,00000000000000000000000000000000,04110411041104120422032203220222,0,"B_IDLE",0,0,0411,0,0,07241d9,acc4acc4,c,8
3277,3277,0,0749676,1,1,1,1,1,0456,0411,0,1,1,0000,00e92ce0,00000000000000000000000000000000,04110411041104120422032203220222,0,"B_IDLE",0,0,0411,0,0,07241d9,acc4acc4,c,8
3278,3278,0,0749676,1,1,4,1,1,0456,0411,0,1,1,0000,00e92ce0,00000000000000000000000000000000,04110411041104120422032203220222,0,"B_IDLE",0,0,0411,0,0,07241d9,acc4acc4,c,8
3279,3279,0,001c9f7,3,1,3,0,0,0411,0411,0,1,1,0000,00e92ce0,00000000000000000000000000000000,04110411041104120422032203220222,0,"B_IDLE",0,0,0411,0,0,07241d9,acc4acc4,c,8
3280,3280,0,001c9f7,3,1,3,0,0,0411,0411,0,1,1,0000,00e92ce0,00000000000000000000000000000000,04110411041104120422032203220222,0,"B_IDLE",0,0,0411,0,0,07241d9,acc4acc4,c,8
3281,3281,0,001c9f7,3,1,1,0,0,0411,0411,0,1,1,0000,00e92ce0,00000000000000000000000000000000,04110411041104120422032203220222,0,"B_IDLE",0,0,0411,0,0,07241d9,acc4acc4,c,8
3282,3282,0,001c9f7,3,1,0,0,0,0411,0411,0,1,1,0000,00e92ce0,00000000000000000000000000000000,04110411041104120422032203220222,0,"B_IDLE",0,0,0411,0,0,07241d9,acc4acc4,c,8
3283,3283,0,001c9f7,3,1,0,0,0,0411,0411,0,1,1,0000,00e92ce0,00000000000000000000000000000000,04110411041104120422032203220222,0,"B_IDLE",0,0,0411,0,0,07241d9,acc4acc4,c,8
3284,3284,0,001c9f7,3,1,0,0,0,0411,0411,0,1,1,0000,00e92ce0,00000000000000000000000000000000,04110411041104120422032203220222,0,"B_IDLE",0,0,0411,0,0,07241d9,acc4acc4,c,8
3285,3285,0,001c9f7,3,1,0,0,0,0411,0411,0,1,1,0000,00e92ce0,00000000000000000000000000000000,04110411041104120422032203220222,0,"B_IDLE",0,0,0411,0,0,07241d9,acc4acc4,c,8
3286,3286,0,001c9f7,3,1,0,0,0,0411,0411,0,1,1,0000,00e92ce0,00000000000000000000000000000000,04110411041104120422032203220222,0,"B_IDLE",0,0,0411,0,0,07241d9,acc4acc4,c,8
3287,3287,0,001c9f7,3,1,0,0,0,0411,0411,0,1,1,0000,00e92ce0,00000000000000000000000000000000,04110411041104120422032203220222,0,"B_IDLE",0,0,0411,0,0,07241d9,acc4acc4,c,8
3288,3288,0,001c9f7,3,1,0,0,0,0411,0411,0,1,1,0000,00e92ce0,00000000000000000000000000000000,04110411041104120422032203220222,0,"B_IDLE",0,0,0411,0,0,07241d9,acc4acc4,c,8
3289,3289,0,001c9f7,3,1,0,0,0,0411,0411,0,1,1,0000,00e92ce0,00000000000000000000000000000000,04110411041104120422032203220222,0,"B_IDLE",0,0,0411,0,0,07241d9,acc4acc4,c,8
3290,3290,0,001c9f7,3,1,0,0,0,0411,0411,0,1,1,0000,00e92ce0,00000000000000000000000000000000,04110411041104120422032203220222,0,"B_IDLE",0,0,0411,0,0,07241d9,acc4acc4,c,8
3291,3291,0,001c9f7,3,1,0,0,0,0411,0411,0,1,1,0000,00e92ce0,00000000000000000000000000000000,04110411041104120422032203220222,0,"B_IDLE",0,0,0411,0,0,07241d9,acc4acc4,c,8
3292,3292,0,001c9f7,3,1,0,0,0,0411,0411,0,1,1,0000,00e92ce0,00000000000000000000000000000000,04110411041104120422032203220222,0,"B_IDLE",0,0,0411,0,0,07241d9,acc4acc4,c,8
3293,3293,0,001c9f7,3,1,0,0,0,0411,0411,0,1,1,0000,00e92ce0,00000000000000000000000000000000,04110411041104120422032203220222,0,"B_IDLE",0,0,0411,0,0,07241d9,acc4acc4,c,8
3294,3294,0,001c9f7,3,1,0,0,0,0411,0411,0,1,1,0000,00e92ce0,00000000000000000000000000000000,04110411041104120422032203220222,0,"B_IDLE",0,0,0411,0,0,07241d9,acc4acc4,c,8
3295,3295,0,001c9f7,3,1,0,0,0,0411,0411,0,1,1,0000,00e92ce0,00000000000000000000000000000000,04110411041104120422032203220222,0,"B_IDLE",0,0,0411,0,0,07241d9,acc4acc4,c,8
3296,3296,0,001c9f7,3,1,0,0,0,0411,0411,0,1,1,0000,00e92ce0,00000000000000000000000000000000,04110411041104120422032203220222,0,"B_IDLE",0,0,0411,0,0,07241d9,acc4acc4,c,8
3297,3297,0,001c9f7,3,1,0,0,0,0411,0411,0,1,1,0000,00e92ce0,00000000000000000000000000000000,04110411041104120422032203220222,0,"B_IDLE",0,0,0411,0,0,07241d9,acc4acc4,c,8
3298,3298,0,001c9f7,3,1,0,0,0,0411,0411,0,1,1,0000,00e92ce0,00000000000000000000000000000000,04110411041104120422032203220222,0,"B_IDLE",0,0,0411,0,0,07241d9,acc4acc4,c,8
3299,3299,0,001c9f7,3,1,0,0,0,0411,0411,0,1,1,0000,00e92ce0,00000000000000000000000000000000,04110411041104120422032203220222,0,"B_IDLE",0,0,0411,0,0,07241d9,acc4acc4,c,8
3300,3300,0,001c9f7,3,1,0,0,0,0411,0411,0,1,1,0000,00e92ce0,00000000000000000000000000000000,04110411041104120422032203220222,0,"B_IDLE",0,0,0411,0,0,07241d9,acc4acc4,c,8
3301,3301,0,001c9f7,3,1,0,0,0,0411,0411,0,1,1,0000,00e92ce0,00000000000000000000000000000000,04110411041104120422032203220222,0,"B_IDLE",0,0,0411,0,0,07241d9,acc4acc4,c,8
3302,3302,0,001c9f7,3,1,0,0,0,0411,0411,0,1,1,0000,00e92ce0,00000000000000000000000000000000,04110411041104120422032203220222,0,"B_IDLE",0,0,0411,0,0,07241d9,acc4acc4,c,8
3303,3303,0,001c9f7,3,1,0,0,0,0411,0411,0,1,1,0000,00e92ce0,00000000000000000000000000000000,04110411041104120422032203220222,0,"B_IDLE",0,0,0411,0,0,07241d9,acc4acc4,c,8
3304,3304,0,001c9f7,3,1,0,0,0,0411,0411,0,1,1,0000,00e92ce0,00000000000000000000000000000000,04110411041104120422032203220222,0,"B_IDLE",0,0,0411,0,0,07241d9,acc4acc4,c,8
3305,3305,0,001c9f7,3,1,0,0,0,0411,0411,0,1,1,0000,00e92ce0,00000000000000000000000000000000,04110411041104120422032203220222,0,"B_IDLE",0,0,0411,0,0,07241d9,acc4acc4,c,8
3306,3306,0,001c9f7,3,1,0,0,0,0411,0411,0,1,1,0000,00e92ce0,00000000000000000000000000000000,04110411041104120422032203220222,0,"B_IDLE",0,0,0411,0,0,07241d9,acc4acc4,c,8
3307,3307,0,001c9f7,3,1,0,0,0,0411,0411,0,1,1,0000,00e92ce0,00000000000000000000000000000000,04110411041104120422032203220222,0,"B_IDLE",0,0,0411,0,0,07241d9,acc4acc4,c,8
3308,3308,0,001c9f7,3,1,0,0,0,0411,0411,0,1,1,0000,00e92ce0,00000000000000000000000000000000,04110411041104120422032203220222,0,"B_IDLE",0,0,0411,0,0,07241d9,acc4acc4,c,8
3309,3309,0,001c9f7,3,1,0,0,0,0411,0411,0,1,1,0000,00e92ce0,00000000000000000000000000000000,04110411041104120422032203220222,0,"B_IDLE",0,0,0411,0,0,07241d9,acc4acc4,c,8
3310,3310,0,001c9f7,3,1,0,0,0,0411,0411,0,1,1,0000,00e92ce0,00000000000000000000000000000000,04110411041104120422032203220222,0,"B_IDLE",0,0,0411,0,0,07241d9,acc4acc4,c,8
3311,3311,0,001c9f7,3,1,0,0,0,0411,0411,0,1,1,0000,00e92ce0,00000000000000000000000000000000,04110411041104120422032203220222,0,"B_IDLE",0,0,0411,0,0,07241d9,acc4acc4,c,8
3312,3312,0,001c9f7,3,1,0,0,0,0411,0411,0,1,1,0000,00e92ce0,00000000000000000000000000000000,04110411041104120422032203220222,0,"B_IDLE",0,0,0411,0,0,07241d9,acc4acc4,c,8
3313,3313,0,001c9f7,3,1,0,0,0,0411,0411,0,1,1,0000,00e92ce0,00000000000000000000000000000000,04110411041104120422032203220222,0,"B_IDLE",0,0,0411,0,0,07241d9,acc4acc4,c,8
3314,3314,0,001c9f7,3,1,0,0,0,0411,0411,0,1,1,0000,00e92ce0,00000000000000000000000000000000,04110411041104120422032203220222,0,"B_IDLE",0,0,0411,0,0,07241d9,acc4acc4,c,8
3315,3315,0,001c9f7,3,1,0,0,0,0411,0411,0,1,1,0000,00e92ce0,00000000000000000000000000000000,04110411041104120422032203220222,0,"B_IDLE",0,0,0411,0,0,07241d9,acc4acc4,c,8
3316,3316,0,001c9f7,3,1,0,0,0,0411,0411,0,1,1,0000,00e92ce0,00000000000000000000000000000000,04110411041104120422032203220222,0,"B_IDLE",0,0,0411,0,0,07241d9,acc4acc4,c,8
3317,3317,0,001c9f7,3,1,0,0,0,0411,0411,0,1,1,0000,00e92ce0,00000000000000000000000000000000,04110411041104120422032203220222,0,"B_IDLE",0,0,0411,0,0,07241d9,acc4acc4,c,8
3318,3318,0,001c9f7,3,1,0,0,0,0411,0411,0,1,1,0000,00e92ce0,00000000000000000000000000000000,04110411041104120422032203220222,0,"B_IDLE",0,0,0411,0,0,07241d9,acc4acc4,c,8
3319,3319,0,001c9f7,3,1,0,0,0,0411,0411,0,1,1,0000,00e92ce0,00000000000000000000000000000000,04110411041104120422032203220222,0,"B_IDLE",0,0,0411,0,0,07241d9,acc4acc4,c,8
3320,3320,0,001c9f7,3,1,0,0,0,0411,0411,0,1,1,0000,00e92ce0,00000000000000000000000000000000,04110411041104120422032203220222,0,"B_IDLE",0,0,0411,0,0,07241d9,acc4acc4,c,8
3321,3321,0,001c9f7,3,1,0,0,0,0411,0411,0,1,1,0000,00e92ce0,00000000000000000000000000000000,04110411041104120422032203220222,0,"B_IDLE",0,0,0411,0,0,07241d9,acc4acc4,c,8
3322,3322,0,001c9f7,3,1,0,0,0,0411,0411,0,1,1,0000,00e92ce0,00000000000000000000000000000000,04110411041104120422032203220222,0,"B_IDLE",0,0,0411,0,0,07241d9,acc4acc4,c,8
3323,3323,0,001c9f7,3,1,0,0,0,0411,0411,0,1,1,0000,00e92ce0,00000000000000000000000000000000,04110411041104120422032203220222,0,"B_IDLE",0,0,0411,0,0,07241d9,acc4acc4,c,8
3324,3324,0,001c9f7,3,1,0,0,0,0411,0411,0,1,1,0000,00e92ce0,00000000000000000000000000000000,04110411041104120422032203220222,0,"B_IDLE",0,0,0411,0,0,07241d9,acc4acc4,c,8
3325,3325,0,001c9f7,3,1,0,0,0,0411,0411,0,1,1,0000,00e92ce0,00000000000000000000000000000000,04110411041104120422032203220222,0,"B_IDLE",0,0,0411,0,0,07241d9,acc4acc4,c,8
3326,3326,0,001c9f7,3,1,0,0,0,0411,0411,0,1,1,0000,00e92ce0,00000000000000000000000000000000,04110411041104120422032203220222,0,"B_IDLE",0,0,0411,0,0,07241d9,acc4acc4,c,8
3327,3327,0,001c9f7,3,1,0,0,0,0411,0411,0,1,1,0000,00e92ce0,00000000000000000000000000000000,04110411041104120422032203220222,0,"B_IDLE",0,0,0411,0,0,07241d9,acc4acc4,c,8
3328,3328,0,001c9f7,3,1,0,0,0,0411,0411,0,1,1,0000,00e92ce0,00000000000000000000000000000000,04110411041104120422032203220222,0,"B_IDLE",0,0,0411,0,0,07241d9,acc4acc4,c,8
3329,3329,0,001c9f7,3,1,0,0,0,0411,0411,0,1,1,0000,00e92ce0,00000000000000000000000000000000,04110411041104120422032203220222,0,"B_IDLE",0,0,0411,0,0,07241d9,acc4acc4,c,8
3330,3330,0,001c9f7,3,1,0,0,0,0411,0411,0,1,1,0000,00e92ce0,00000000000000000000000000000000,04110411041104120422032203220222,0,"B_IDLE",0,0,0411,0,0,07241d9,acc4acc4,c,8
3331,3331,0,001c9f7,3,1,0,0,0,0411,0411,0,1,1,0000,00e92ce0,00000000000000000000000000000000,04110411041104120422032203220222,0,"B_IDLE",0,0,0411,0,0,07241d9,acc4acc4,c,8
3332,3332,0,001c9f7,3,1,0,0,0,0411,0411,0,1,1,0000,00e92ce0,00000000000000000000000000000000,04110411041104120422032203220222,0,"B_IDLE",0,0,0411,0,0,07241d9,acc4acc4,c,8
3333,3333,0,001c9f7,3,1,0,0,0,0411,0411,0,1,1,0000,00e92ce0,00000000000000000000000000000000,04110411041104120422032203220222,0,"B_IDLE",0,0,0411,0,0,07241d9,acc4acc4,c,8
3334,3334,0,001c9f7,3,1,0,0,0,0411,0411,0,1,1,0000,00e92ce0,00000000000000000000000000000000,04110411041104120422032203220222,0,"B_IDLE",0,0,0411,0,0,07241d9,acc4acc4,c,8
3335,3335,0,001c9f7,3,1,0,0,0,0411,0411,0,1,1,0000,00e92ce0,00000000000000000000000000000000,04110411041104120422032203220222,0,"B_IDLE",0,0,0411,0,0,07241d9,acc4acc4,c,8
3336,3336,0,001c9f7,3,1,0,0,0,0411,0411,0,1,1,0000,00e92ce0,00000000000000000000000000000000,04110411041104120422032203220222,0,"B_IDLE",0,0,0411,0,0,07241d9,acc4acc4,c,8
3337,3337,0,001c9f7,3,1,0,0,0,0411,0411,0,1,1,0000,00e92ce0,00000000000000000000000000000000,04110411041104120422032203220222,0,"B_IDLE",0,0,0411,0,0,07241d9,acc4acc4,c,8
3338,3338,0,001c9f7,3,1,0,0,0,0411,0411,0,1,1,0000,00e92ce0,00000000000000000000000000000000,04110411041104120422032203220222,0,"B_IDLE",0,0,0411,0,0,07241d9,acc4acc4,c,8
3339,3339,0,001c9f7,3,1,0,0,0,0411,0411,0,1,1,0000,00e92ce0,00000000000000000000000000000000,04110411041104120422032203220222,0,"B_IDLE",0,0,0411,0,0,07241d9,acc4acc4,c,8
3340,3340,0,001c9f7,3,1,0,0,0,0411,0411,0,1,1,0000,00e92ce0,00000000000000000000000000000000,04110411041104120422032203220222,0,"B_IDLE",0,0,0411,0,0,07241d9,acc4acc4,c,8
3341,3341,0,001c9f7,3,1,0,0,0,0411,0411,0,1,1,0000,00e92ce0,00000000000000000000000000000000,04110411041104120422032203220222,0,"B_IDLE",0,0,0411,0,0,07241d9,acc4acc4,c,8
3342,3342,0,001c9f7,3,1,0,0,0,0411,0411,0,1,1,0000,00e92ce0,00000000000000000000000000000000,04110411041104120422032203220222,0,"B_IDLE",0,0,0411,0,0,07241d9,acc4acc4,c,8
3343,3343,0,001c9f7,3,1,0,0,0,0411,0411,0,1,1,0000,00e92ce0,00000000000000000000000000000000,04110411041104120422032203220222,0,"B_IDLE",0,0,0411,0,0,07241d9,acc4acc4,c,8
3344,3344,0,001c9f7,3,1,0,0,0,0411,0411,0,1,1,0000,00e92ce0,00000000000000000000000000000000,04110411041104120422032203220222,0,"B_IDLE",0,0,0411,0,0,07241d9,acc4acc4,c,8
3345,3345,0,001c9f7,3,1,0,0,0,0411,0411,0,1,1,0000,00e92ce0,00000000000000000000000000000000,04110411041104120422032203220222,0,"B_IDLE",0,0,0411,0,0,07241d9,acc4acc4,c,8
3346,3346,0,001c9f7,3,1,0,0,0,0411,0411,0,1,1,0000,00e92ce0,00000000000000000000000000000000,04110411041104120422032203220222,0,"B_IDLE",0,0,0411,0,0,07241d9,acc4acc4,c,8
3347,3347,0,001c9f7,3,1,0,0,0,0411,0411,0,1,1,0000,00e92ce0,00000000000000000000000000000000,04110411041104120422032203220222,0,"B_IDLE",0,0,0411,0,0,07241d9,acc4acc4,c,8
3348,3348,0,001c9f7,3,1,0,0,0,0411,0411,0,1,1,0000,00e92ce0,00000000000000000000000000000000,04110411041104120422032203220222,0,"B_IDLE",0,0,0411,0,0,07241d9,acc4acc4,c,8
3349,3349,0,001c9f7,3,1,0,0,0,0411,0411,0,1,1,0000,00e92ce0,00000000000000000000000000000000,04110411041104120422032203220222,0,"B_IDLE",0,0,0411,0,0,07241d9,acc4acc4,c,8
3350,3350,0,001c9f7,3,1,0,0,0,0411,0411,0,1,1,0000,00e92ce0,00000000000000000000000000000000,04110411041104120422032203220222,0,"B_IDLE",0,0,0411,0,0,07241d9,acc4acc4,c,8
3351,3351,0,001c9f7,3,1,0,0,0,0411,0411,0,1,1,0000,00e92ce0,00000000000000000000000000000000,04110411041104120422032203220222,0,"B_IDLE",0,0,0411,0,0,07241d9,acc4acc4,c,8
3352,3352,0,001c9f7,3,1,0,0,0,0411,0411,0,1,1,0000,00e92ce0,00000000000000000000000000000000,04110411041104120422032203220222,0,"B_IDLE",0,0,0411,0,0,07241d9,acc4acc4,c,8
3353,3353,0,001c9f7,3,1,0,0,0,0411,0411,0,1,1,0000,00e92ce0,00000000000000000000000000000000,04110411041104120422032203220222,0,"B_IDLE",0,0,0411,0,0,07241d9,acc4acc4,c,8
3354,3354,0,001c9f7,3,1,4,0,0,0411,0411,0,1,1,0000,00e92ce0,00000000000000000000000000000000,04110411041104120422032203220222,0,"B_IDLE",0,0,0411,0,0,07241d9,acc4acc4,c,8
3355,3355,0,001c9f7,1,1,3,1,1,0411,0411,0,1,1,0000,00e92ce0,00000000000000000000000000000000,04110411041104120422032203220222,0,"B_IDLE",0,0,0411,0,0,07241d9,acc4acc4,c,8
3356,3356,0,001c9f7,1,1,3,1,1,0411,0411,0,1,1,0000,00e92ce0,00000000000000000000000000000000,04110411041104120422032203220222,0,"B_IDLE",0,0,0411,0,0,07241d9,acc4acc4,c,8
3357,3357,0,001c9f7,1,1,1,1,1,0411,0411,0,1,1,0000,00e92ce0,00000000000000000000000000000000,04110411041104120422032203220222,0,"B_IDLE",0,0,0411,0,0,07241d9,acc4acc4,c,8
3358,3358,0,001c9f7,1,1,4,1,1,0411,0411,0,1,1,0000,00e92ce0,00000000000000000000000000000000,04110411041104120422032203220222,0,"B_IDLE",0,0,0411,0,0,07241d9,acc4acc4,c,8
3359,3359,0,001c9f7,1,1,3,1,1,0411,0411,0,1,1,0000,00e92ce0,00000000000000000000000000000000,04110411041104120422032203220222,0,"B_IDLE",0,0,0411,0,0,07241d9,acc4acc4,c,8
3360,3360,0,001c9f7,1,1,3,1,1,0411,0411,0,1,1,0000,00e92ce0,00000000000000000000000000000000,04110411041104120422032203220222,0,"B_IDLE",0,0,0411,0,0,07241d9,acc4acc4,c,8
3361,3361,0,001c9f7,1,1,1,1,1,0411,0411,0,1,1,0000,00e92ce0,00000000000000000000000000000000,04110411041104120422032203220222,0,"B_IDLE",0,0,0411,0,0,07241d9,acc4acc4,c,8
3362,3362,0,001c9f7,1,1,4,1,1,0411,0411,0,1,1,0000,00e92ce0,00000000000000000000000000000000,04110411041104120422032203220222,0,"B_IDLE",0,0,0411,0,0,07241d9,acc4acc4,c,8
3363,3363,0,001c9f7,1,1,3,1,1,0411,0411,0,1,1,0000,00e92ce0,00000000000000000000000000000000,04110411041104120422032203220222,0,"B_IDLE",0,0,0411,0,0,07241d9,acc4acc4,c,8
3364,3364,0,001c9f7,1,1,3,1,1,0411,0411,0,1,1,0000,00e92ce0,00000000000000000000000000000000,04110411041104120422032203220222,0,"B_IDLE",0,0,0411,0,0,07241d9,acc4acc4,c,8
3365,3365,0,001c9f7,1,1,1,1,1,0411,0411,0,1,1,0000,00e92ce0,00000000000000000000000000000000,04110411041104120422032203220222,0,"B_IDLE",0,0,0411,0,0,07241d9,acc4acc4,c,8
3366,3366,0,001c9f7,1,1,4,1,1,0411,0411,0,1,1,0000,00e92ce0,00000000000000000000000000000000,04110411041104120422032203220222,0,"B_IDLE",0,0,0411,0,0,07241d9,acc4acc4,c,8
3367,3367,0,001c9f7,1,1,3,1,1,0411,0411,0,1,1,0000,00e92ce0,00000000000000000000000000000000,04110411041104120422032203220222,0,"B_IDLE",0,0,0411,0,0,07241d9,acc4acc4,c,8
3368,3368,0,001c9f7,1,1,3,1,1,0411,0411,0,1,1,0000,00e92ce0,00000000000000000000000000000000,04110411041104120422032203220222,0,"B_IDLE",0,0,0411,0,0,07241d9,acc4acc4,c,8
3369,3369,0,001c9f7,1,1,1,1,1,0411,0411,0,1,1,0000,00e92ce0,00000000000000000000000000000000,04110411041104120422032203220222,0,"B_IDLE",0,0,0411,0,0,07241d9,acc4acc4,c,8
3370,3370,0,001c9f7,1,1,4,1,1,0411,0411,0,1,1,0000,00e92ce0,00000000000000000000000000000000,04110411041104120422032203220222,0,"B_IDLE",0,0,0411,0,0,07241d9,acc4acc4,c,8
3371,3371,0,001c9f7,1,1,3,1,1,0411,0411,0,1,1,0000,00e92ce0,00000000000000000000000000000000,04110411041104120422032203220222,0,"B_IDLE",0,0,0411,0,0,07241d9,acc4acc4,c,8
3372,3372,0,001c9f7,1,1,3,1,1,0411,0411,0,1,1,0000,00e92ce0,00000000000000000000000000000000,04110411041104120422032203220222,0,"B_IDLE",0,0,0411,0,0,07241d9,acc4acc4,c,8
3373,3373,0,001c9f7,1,1,1,1,1,0411,0411,0,1,1,0000,00e92ce0,00000000000000000000000000000000,04110411041104120422032203220222,0,"B_IDLE",0,0,0411,0,0,07241d9,acc4acc4,c,8
3374,3374,0,001c9f7,1,1,4,1,1,0411,0411,0,1,1,0000,00e92ce0,00000000000000000000000000000000,04110411041104120422032203220222,0,"B_IDLE",0,0,0411,0,0,07241d9,acc4acc4,c,8
3375,3375,0,001c9f7,1,1,3,1,1,0411,0411,0,1,1,0000,00e92ce0,00000000000000000000000000000000,04110411041104120422032203220222,0,"B_IDLE",0,0,0411,0,0,07241d9,acc4acc4,c,8
3376,3376,0,001c9f7,1,1,3,1,1,0411,0411,0,1,1,0000,00e92ce0,00000000000000000000000000000000,04110411041104120422032203220222,0,"B_IDLE",0,0,0411,0,0,07241d9,acc4acc4,c,8
3377,3377,0,001c9f7,1,1,1,1,1,0411,0411,0,1,1,0000,00e92ce0,00000000000000000000000000000000,04110411041104120422032203220222,0,"B_IDLE",0,0,0411,0,0,07241d9,acc4acc4,c,8
3378,3378,0,001c9f7,1,1,4,1,1,0411,0411,0,1,1,0000,00e92ce0,00000000000000000000000000000000,04110411041104120422032203220222,0,"B_IDLE",0,0,0411,0,0,07241d9,acc4acc4,c,8
3379,3379,0,001c9f7,1,1,3,1,1,0411,0411,0,1,1,0000,00e92ce0,00000000000000000000000000000000,04110411041104120422032203220222,0,"B_IDLE",0,0,0411,0,0,07241d9,acc4acc4,c,8
3380,3380,0,001c9f7,1,1,3,1,1,0411,0411,0,1,1,0000,00e92ce0,00000000000000000000000000000000,04110411041104120422032203220222,0,"B_IDLE",0,0,0411,0,0,07241d9,acc4acc4,c,8
3381,3381,0,001c9f7,1,1,1,1,1,0411,0411,0,1,1,0000,00e92ce0,00000000000000000000000000000000,04110411041104120422032203220222,0,"B_IDLE",0,0,0411,0,0,07241d9,acc4acc4,c,8
3382,3382,0,001c9f7,1,1,4,1,1,0411,0411,0,1,1,0000,00e92ce0,00000000000000000000000000000000,04110411041104120422032203220222,0,"B_IDLE",0,0,0411,0,0,07241d9,acc4acc4,c,8
3383,3383,0,001c9f7,1,1,3,1,1,0411,0411,0,1,1,0000,00e92ce0,00000000000000000000000000000000,04110411041104120422032203220222,0,"B_IDLE",0,0,0411,0,0,07241d9,acc4acc4,c,8
3384,3384,0,001c9f7,1,1,3,1,1,0411,0411,0,1,1,0000,00e92ce0,00000000000000000000000000000000,04110411041104120422032203220222,0,"B_IDLE",0,0,0411,0,0,07241d9,acc4acc4,c,8
3385,3385,0,001c9f7,1,1,1,1,1,0411,0411,0,1,1,0000,00e92ce0,00000000000000000000000000000000,04110411041104120422032203220222,0,"B_IDLE",0,0,0411,0,0,07241d9,acc4acc4,c,8
3386,3386,0,001c9f7,1,1,4,1,1,0411,0411,0,1,1,0000,00e92ce0,00000000000000000000000000000000,04110411041104120422032203220222,0,"B_IDLE",0,0,0411,0,0,07241d9,acc4acc4,c,8
3387,3387,0,001c9f7,1,1,3,1,1,0411,0411,0,1,1,0000,00e92ce0,00000000000000000000000000000000,04110411041104120422032203220222,0,"B_IDLE",0,0,0411,0,0,07241d9,acc4acc4,c,8
3388,3388,0,001c9f7,1,1,3,1,1,0411,0411,0,1,1,0000,00e92ce0,00000000000000000000000000000000,04110411041104120422032203220222,0,"B_IDLE",0,0,0411,0,0,07241d9,acc4acc4,c,8
3389,3389,0,001c9f7,1,1,1,1,1,0411,0411,0,1,1,0000,00e92ce0,00000000000000000000000000000000,04110411041104120422032203220222,0,"B_IDLE",0,0,0411,0,0,07241d9,acc4acc4,c,8
3390,3390,0,001c9f7,1,1,4,1,1,0411,0411,0,1,1,0000,00e92ce0,00000000000000000000000000000000,04110411041104120422032203220222,0,"B_IDLE",0,0,0411,0,0,07241d9,acc4acc4,c,8
3391,3391,0,001c9f7,1,1,3,1,1,0411,0411,0,1,1,0000,00e92ce0,00000000000000000000000000000000,04110411041104120422032203220222,0,"B_IDLE",0,0,0411,0,0,07241d9,acc4acc4,c,8
3392,3392,0,001c9f7,1,1,3,1,1,0411,0411,0,1,1,0000,00e92ce0,00000000000000000000000000000000,04110411041104120422032203220222,0,"B_IDLE",0,0,0411,0,0,07241d9,acc4acc4,c,8
3393,3393,0,001c9f7,1,1,1,1,1,0411,0411,0,1,1,0000,00e92ce0,00000000000000000000000000000000,04110411041104120422032203220222,0,"B_IDLE",0,0,0411,0,0,07241d9,acc4acc4,c,8
3394,3394,0,001c9f7,1,1,4,1,1,0411,0411,0,1,1,0000,00e92ce0,00000000000000000000000000000000,04110411041104120422032203220222,0,"B_IDLE",0,0,0411,0,0,07241d9,acc4acc4,c,8
3395,3395,0,001c9f7,1,1,3,1,1,0411,0411,0,1,1,0000,00e92ce0,00000000000000000000000000000000,04110411041104120422032203220222,0,"B_IDLE",0,0,0411,0,0,07241d9,acc4acc4,c,8
3396,3396,0,001c9f7,1,1,3,1,1,0411,0411,0,1,1,0000,00e92ce0,00000000000000000000000000000000,04110411041104120422032203220222,0,"B_IDLE",0,0,0411,0,0,07241d9,acc4acc4,c,8
3397,3397,0,001c9f7,1,1,1,1,1,0411,0411,0,1,1,0000,00e92ce0,00000000000000000000000000000000,04110411041104120422032203220222,0,"B_IDLE",0,0,0411,0,0,07241d9,acc4acc4,c,8
3398,3398,0,001c9f7,1,1,4,1,1,0411,0411,0,1,1,0000,00e92ce0,00000000000000000000000000000000,04110411041104120422032203220222,0,"B_IDLE",0,0,0411,0,0,07241d9,acc4acc4,c,8
3399,3399,0,001c9f7,1,1,3,1,1,0411,0411,0,1,1,0000,00e92ce0,00000000000000000000000000000000,04110411041104120422032203220222,0,"B_IDLE",0,0,0411,0,0,07241d9,acc4acc4,c,8
3400,3400,0,001c9f7,1,1,3,1,1,0411,0411,0,1,1,0000,00e92ce0,00000000000000000000000000000000,04110411041104120422032203220222,0,"B_IDLE",0,0,0411,0,0,07241d9,acc4acc4,c,8
3401,3401,0,001c9f7,1,1,1,1,1,0411,0411,0,1,1,0000,00e92ce0,00000000000000000000000000000000,04110411041104120422032203220222,0,"B_IDLE",0,0,0411,0,0,07241d9,acc4acc4,c,8
3402,3402,0,001c9f7,1,1,4,1,1,0411,0411,0,1,1,0000,00e92ce0,00000000000000000000000000000000,04110411041104120422032203220222,0,"B_IDLE",0,0,0411,0,0,07241d9,acc4acc4,c,8
3403,3403,0,001c9f7,1,1,3,1,1,0411,0411,0,1,1,0000,00e92ce0,00000000000000000000000000000000,04110411041104120422032203220222,0,"B_IDLE",0,0,0411,0,0,07241d9,acc4acc4,c,8
3404,3404,0,001c9f7,1,1,3,1,1,0411,0411,0,1,1,0000,00e92ce0,00000000000000000000000000000000,04110411041104120422032203220222,0,"B_IDLE",0,0,0411,0,0,07241d9,acc4acc4,c,8
3405,3405,0,001c9f7,1,1,1,1,1,0411,0411,0,1,1,0000,00e92ce0,00000000000000000000000000000000,04110411041104120422032203220222,0,"B_IDLE",0,0,0411,0,0,07241d9,acc4acc4,c,8
3406,3406,0,001c9f7,1,1,4,1,1,0411,0411,0,1,1,0000,00e92ce0,00000000000000000000000000000000,04110411041104120422032203220222,0,"B_IDLE",0,0,0411,0,0,07241d9,acc4acc4,c,8
3407,3407,0,001c9f7,1,1,3,1,1,0411,0411,0,1,1,0000,00e92ce0,00000000000000000000000000000000,04110411041104120422032203220222,0,"B_IDLE",0,0,0411,0,0,07241d9,acc4acc4,c,8
3408,3408,0,001c9f7,1,1,3,1,1,0411,0411,0,1,1,0000,00e92ce0,00000000000000000000000000000000,04110411041104120422032203220222,0,"B_IDLE",0,0,0411,0,0,07241d9,acc4acc4,c,8
3409,3409,0,001c9f7,1,1,1,1,1,0411,0411,0,1,1,0000,00e92ce0,00000000000000000000000000000000,04110411041104120422032203220222,0,"B_IDLE",0,0,0411,0,0,07241d9,acc4acc4,c,8
3410,3410,0,001c9f7,1,1,4,1,1,0411,0411,0,1,1,0000,00e92ce0,00000000000000000000000000000000,04110411041104120422032203220222,0,"B_IDLE",0,0,0411,0,0,07241d9,acc4acc4,c,8
3411,3411,0,001c9f7,1,1,3,1,1,0411,0411,0,1,1,0000,00e92ce0,00000000000000000000000000000000,04110411041104120422032203220222,0,"B_IDLE",0,0,0411,0,0,07241d9,acc4acc4,c,8
3412,3412,0,001c9f7,1,1,3,1,1,0411,0411,0,1,1,0000,00e92ce0,00000000000000000000000000000000,04110411041104120422032203220222,0,"B_IDLE",0,0,0411,0,0,07241d9,acc4acc4,c,8
3413,3413,0,001c9f7,1,1,1,1,1,0411,0411,0,1,1,0000,00e92ce0,00000000000000000000000000000000,04110411041104120422032203220222,0,"B_IDLE",0,0,0411,0,0,07241d9,acc4acc4,c,8
3414,3414,0,001c9f7,1,1,4,1,1,0411,0411,0,1,1,0000,00e92ce0,00000000000000000000000000000000,04110411041104120422032203220222,0,"B_IDLE",0,0,0411,0,0,07241d9,acc4acc4,c,8
3415,3415,0,001c9f7,1,1,3,1,1,0411,0411,0,1,1,0000,00e92ce0,00000000000000000000000000000000,04110411041104120422032203220222,0,"B_IDLE",0,0,0411,0,0,07241d9,acc4acc4,c,8
3416,3416,0,001c9f7,1,1,3,1,1,0411,0411,0,1,1,0000,00e92ce0,00000000000000000000000000000000,04110411041104120422032203220222,0,"B_IDLE",0,0,0411,0,0,07241d9,acc4acc4,c,8
3417,3417,0,001c9f7,1,1,1,1,1,0411,0411,0,1,1,0000,00e92ce0,00000000000000000000000000000000,04110411041104120422032203220222,0,"B_IDLE",0,0,0411,0,0,07241d9,acc4acc4,c,8
3418,3418,0,001c9f7,1,1,4,1,1,0411,0411,0,1,1,0000,00e92ce0,00000000000000000000000000000000,04110411041104120422032203220222,0,"B_IDLE",0,0,0411,0,0,07241d9,acc4acc4,c,8
3419,3419,0,001c9f7,1,1,3,1,1,0411,0411,0,1,1,0000,00e92ce0,00000000000000000000000000000000,04110411041104120422032203220222,0,"B_IDLE",0,0,0411,0,0,07241d9,acc4acc4,c,8
3420,3420,0,001c9f7,1,1,3,1,1,0411,0411,0,1,1,0000,00e92ce0,00000000000000000000000000000000,04110411041104120422032203220222,0,"B_IDLE",0,0,0411,0,0,07241d9,acc4acc4,c,8
3421,3421,0,001c9f7,1,1,1,1,1,0411,0411,0,1,1,0000,00e92ce0,00000000000000000000000000000000,04110411041104120422032203220222,0,"B_IDLE",0,0,0411,0,0,07241d9,acc4acc4,c,8
3422,3422,0,001c9f7,1,1,4,1,1,0411,0411,0,1,1,0000,00e92ce0,00000000000000000000000000000000,04110411041104120422032203220222,0,"B_IDLE",0,0,0411,0,0,07241d9,acc4acc4,c,8
3423,3423,0,001c9f7,1,1,3,1,1,0411,0411,0,1,1,0000,00e92ce0,00000000000000000000000000000000,04110411041104120422032203220222,0,"B_IDLE",0,0,0411,0,0,07241d9,acc4acc4,c,8
3424,3424,0,001c9f7,1,1,3,1,1,0411,0411,0,1,1,0000,00e92ce0,00000000000000000000000000000000,04110411041104120422032203220222,0,"B_IDLE",0,0,0411,0,0,07241d9,acc4acc4,c,8
3425,3425,0,001c9f7,1,1,1,1,1,0411,0411,0,1,1,0000,00e92ce0,00000000000000000000000000000000,04110411041104120422032203220222,0,"B_IDLE",0,0,0411,0,0,07241d9,acc4acc4,c,8
3426,3426,0,001c9f7,1,1,4,1,1,0411,0411,0,1,1,0000,00e92ce0,00000000000000000000000000000000,04110411041104120422032203220222,0,"B_IDLE",0,0,0411,0,0,07241d9,acc4acc4,c,8
3427,3427,0,001c9f7,1,1,3,1,1,0411,0411,0,1,1,0000,00e92ce0,00000000000000000000000000000000,04110411041104120422032203220222,0,"B_IDLE",0,0,0411,0,0,07241d9,acc4acc4,c,8
3428,3428,0,001c9f7,1,1,3,1,1,0411,0411,0,1,1,0000,00e92ce0,00000000000000000000000000000000,04110411041104120422032203220222,0,"B_IDLE",0,0,0411,0,0,07241d9,acc4acc4,c,8
3429,3429,0,001c9f7,1,1,1,1,1,0411,0411,0,1,1,0000,00e92ce0,00000000000000000000000000000000,04110411041104120422032203220222,0,"B_IDLE",0,0,0411,0,0,07241d9,acc4acc4,c,8
3430,3430,0,001c9f7,1,1,4,1,1,0411,0411,0,1,1,0000,00e92ce0,00000000000000000000000000000000,04110411041104120422032203220222,0,"B_IDLE",0,0,0411,0,0,07241d9,acc4acc4,c,8
3431,3431,0,001c9f7,1,1,3,1,1,0411,0411,0,1,1,0000,00e92ce0,00000000000000000000000000000000,04110411041104120422032203220222,0,"B_IDLE",0,0,0411,0,0,07241d9,acc4acc4,c,8
3432,3432,0,001c9f7,1,1,3,1,1,0411,0411,0,1,1,0000,00e92ce0,00000000000000000000000000000000,04110411041104120422032203220222,0,"B_IDLE",0,0,0411,0,0,07241d9,acc4acc4,c,8
3433,3433,0,001c9f7,1,1,1,1,1,0411,0411,0,1,1,0000,00e92ce0,00000000000000000000000000000000,04110411041104120422032203220222,0,"B_IDLE",0,0,0411,0,0,07241d9,acc4acc4,c,8
3434,3434,0,001c9f7,1,1,4,1,1,0411,0411,0,1,1,0000,00e92ce0,00000000000000000000000000000000,04110411041104120422032203220222,0,"B_IDLE",0,0,0411,0,0,07241d9,acc4acc4,c,8
3435,3435,0,001c9f7,1,1,3,1,1,0411,0411,0,1,1,0000,00e92ce0,00000000000000000000000000000000,04110411041104120422032203220222,0,"B_IDLE",0,0,0411,0,0,07241d9,acc4acc4,c,8
3436,3436,0,001c9f7,1,1,3,1,1,0411,0411,0,1,1,0000,00e92ce0,00000000000000000000000000000000,04110411041104120422032203220222,0,"B_IDLE",0,0,0411,0,0,07241d9,acc4acc4,c,8
3437,3437,0,001c9f7,1,1,1,1,1,0411,0411,0,1,1,0000,00e92ce0,00000000000000000000000000000000,04110411041104120422032203220222,0,"B_IDLE",0,0,0411,0,0,07241d9,acc4acc4,c,8
3438,3438,0,001c9f7,1,1,4,1,1,0411,0411,0,1,1,0000,00e92ce0,00000000000000000000000000000000,04110411041104120422032203220222,0,"B_IDLE",0,0,0411,0,0,07241d9,acc4acc4,c,8
3439,3439,0,001c9f7,1,1,3,1,1,0411,0411,0,1,1,0000,00e92ce0,00000000000000000000000000000000,04110411041104120422032203220222,0,"B_IDLE",0,0,0411,0,0,07241d9,acc4acc4,c,8
3440,3440,0,001c9f7,1,1,3,1,1,0411,0411,0,1,1,0000,00e92ce0,00000000000000000000000000000000,04110411041104120422032203220222,0,"B_IDLE",0,0,0411,0,0,07241d9,acc4acc4,c,8
3441,3441,0,001c9f7,1,1,1,1,1,0411,0411,0,1,1,0000,00e92ce0,00000000000000000000000000000000,04110411041104120422032203220222,0,"B_IDLE",0,0,0411,0,0,07241d9,acc4acc4,c,8
3442,3442,0,001c9f7,1,1,4,1,1,0411,0411,0,1,1,0000,00e92ce0,00000000000000000000000000000000,04110411041104120422032203220222,0,"B_IDLE",0,0,0411,0,0,07241d9,acc4acc4,c,8
3443,3443,0,001c9f7,1,1,3,1,1,0411,0411,0,1,1,0000,00e92ce0,00000000000000000000000000000000,04110411041104120422032203220222,0,"B_IDLE",0,0,0411,0,0,07241d9,acc4acc4,c,8
3444,3444,0,001c9f7,1,1,3,1,1,0411,0411,0,1,1,0000,00e92ce0,00000000000000000000000000000000,04110411041104120422032203220222,0,"B_IDLE",0,0,0411,0,0,07241d9,acc4acc4,c,8
3445,3445,0,001c9f7,1,1,1,1,1,0411,0411,0,1,1,0000,00e92ce0,00000000000000000000000000000000,04110411041104120422032203220222,0,"B_IDLE",0,0,0411,0,0,07241d9,acc4acc4,c,8
3446,3446,0,001c9f7,1,1,4,1,1,0411,0411,0,1,1,0000,00e92ce0,00000000000000000000000000000000,04110411041104120422032203220222,0,"B_IDLE",0,0,0411,0,0,07241d9,acc4acc4,c,8
3447,3447,0,001c9f7,1,1,3,1,1,0411,0411,0,1,1,0000,00e92ce0,00000000000000000000000000000000,04110411041104120422032203220222,0,"B_IDLE",0,0,0411,0,0,07241d9,acc4acc4,c,8
3448,3448,0,001c9f7,1,1,3,1,1,0411,0411,0,1,1,0000,00e92ce0,00000000000000000000000000000000,04110411041104120422032203220222,0,"B_IDLE",0,0,0411,0,0,07241d9,acc4acc4,c,8
3449,3449,0,001c9f7,1,1,1,1,1,0411,0411,0,1,1,0000,00e92ce0,00000000000000000000000000000000,04110411041104120422032203220222,0,"B_IDLE",0,0,0411,0,0,07241d9,acc4acc4,c,8
3450,3450,0,001c9f7,1,1,4,1,1,0411,0411,0,1,1,0000,00e92ce0,00000000000000000000000000000000,04110411041104120422032203220222,0,"B_IDLE",0,0,0411,0,0,07241d9,acc4acc4,c,8
3451,3451,0,001c9f7,1,1,3,1,1,0411,0411,0,1,1,0000,00e92ce0,00000000000000000000000000000000,04110411041104120422032203220222,0,"B_IDLE",0,0,0411,0,0,07241d9,acc4acc4,c,8
3452,3452,0,001c9f7,1,1,3,1,1,0411,0411,0,1,1,0000,00e92ce0,00000000000000000000000000000000,04110411041104120422032203220222,0,"B_IDLE",0,0,0411,0,0,07241d9,acc4acc4,c,8
3453,3453,0,001c9f7,1,1,1,1,1,0411,0411,0,1,1,0000,00e92ce0,00000000000000000000000000000000,04110411041104120422032203220222,0,"B_IDLE",0,0,0411,0,0,07241d9,acc4acc4,c,8
3454,3454,0,001c9f7,1,1,4,1,1,0411,0411,0,1,1,0000,00e92ce0,00000000000000000000000000000000,04110411041104120422032203220222,0,"B_IDLE",0,0,0411,0,0,07241d9,acc4acc4,c,8
3455,3455,0,001c9f7,1,1,3,1,1,0411,0411,0,1,1,0000,00e92ce0,00000000000000000000000000000000,04110411041104120422032203220222,0,"B_IDLE",0,0,0411,0,0,07241d9,acc4acc4,c,8
3456,3456,0,001c9f7,1,1,3,1,1,0411,0411,0,1,1,0000,00e92ce0,00000000000000000000000000000000,04110411041104120422032203220222,0,"B_IDLE",0,0,0411,0,0,07241d9,acc4acc4,c,8
3457,3457,0,001c9f7,1,1,1,1,1,0411,0411,0,1,1,0000,00e92ce0,00000000000000000000000000000000,04110411041104120422032203220222,0,"B_IDLE",0,0,0411,0,0,07241d9,acc4acc4,c,8
3458,3458,0,001c9f7,1,1,4,1,1,0411,0411,0,1,1,0000,00e92ce0,00000000000000000000000000000000,04110411041104120422032203220222,0,"B_IDLE",0,0,0411,0,0,07241d9,acc4acc4,c,8
3459,3459,0,001c9f7,1,1,3,1,1,0411,0411,0,1,1,0000,00e92ce0,00000000000000000000000000000000,04110411041104120422032203220222,0,"B_IDLE",0,0,0411,0,0,07241d9,acc4acc4,c,8
3460,3460,0,001c9f7,1,1,3,1,1,0411,0411,0,1,1,0000,00e92ce0,00000000000000000000000000000000,04110411041104120422032203220222,0,"B_IDLE",0,0,0411,0,0,07241d9,acc4acc4,c,8
3461,3461,0,001c9f7,1,1,1,1,1,0411,0411,0,1,1,0000,00e92ce0,00000000000000000000000000000000,04110411041104120422032203220222,0,"B_IDLE",0,0,0411,0,0,07241d9,acc4acc4,c,8
3462,3462,0,001c9f7,1,1,4,1,1,0411,0411,0,1,1,0000,00e92ce0,00000000000000000000000000000000,04110411041104120422032203220222,0,"B_IDLE",0,0,0411,0,0,07241d9,acc4acc4,c,8
3463,3463,0,001c9f7,1,1,3,1,1,0411,0411,0,1,1,0000,00e92ce0,00000000000000000000000000000000,04110411041104120422032203220222,0,"B_IDLE",0,0,0411,0,0,07241d9,acc4acc4,c,8
3464,3464,0,001c9f7,1,1,3,1,1,0411,0411,0,1,1,0000,00e92ce0,00000000000000000000000000000000,04110411041104120422032203220222,0,"B_IDLE",0,0,0411,0,0,07241d9,acc4acc4,c,8
3465,3465,0,001c9f7,1,1,1,1,1,0411,0411,0,1,1,0000,00e92ce0,00000000000000000000000000000000,04110411041104120422032203220222,0,"B_IDLE",0,0,0411,0,0,07241d9,acc4acc4,c,8
3466,3466,0,001c9f7,1,1,4,1,1,0411,0411,0,1,1,0000,00e92ce0,00000000000000000000000000000000,04110411041104120422032203220222,0,"B_IDLE",0,0,0411,0,0,07241d9,acc4acc4,c,8
3467,3467,0,001c9f7,1,1,3,1,1,0411,0411,0,1,1,0000,00e92ce0,00000000000000000000000000000000,04110411041104120422032203220222,0,"B_IDLE",0,0,0411,0,0,07241d9,acc4acc4,c,8
3468,3468,0,001c9f7,1,1,3,1,1,0411,0411,0,1,1,0000,00e92ce0,00000000000000000000000000000000,04110411041104120422032203220222,0,"B_IDLE",0,0,0411,0,0,07241d9,acc4acc4,c,8
3469,3469,0,001c9f7,1,1,1,1,1,0411,0411,0,1,1,0000,00e92ce0,00000000000000000000000000000000,04110411041104120422032203220222,0,"B_IDLE",0,0,0411,0,0,07241d9,acc4acc4,c,8
3470,3470,0,001c9f7,1,1,4,1,1,0411,0411,0,1,1,0000,00e92ce0,00000000000000000000000000000000,04110411041104120422032203220222,0,"B_IDLE",0,0,0411,0,0,07241d9,acc4acc4,c,8
3471,3471,0,001c9f7,1,1,3,1,1,0411,0411,0,1,1,0000,00e92ce0,00000000000000000000000000000000,04110411041104120422032203220222,0,"B_IDLE",0,0,0411,0,0,07241d9,acc4acc4,c,8
3472,3472,0,001c9f7,1,1,3,1,1,0411,0411,0,1,1,0000,00e92ce0,00000000000000000000000000000000,04110411041104120422032203220222,0,"B_IDLE",0,0,0411,0,0,07241d9,acc4acc4,c,8
3473,3473,0,001c9f7,1,1,1,1,1,0411,0411,0,1,1,0000,00e92ce0,00000000000000000000000000000000,04110411041104120422032203220222,0,"B_IDLE",0,0,0411,0,0,07241d9,acc4acc4,c,8
3474,3474,0,001c9f7,1,1,4,1,1,0411,0411,0,1,1,0000,00e92ce0,00000000000000000000000000000000,04110411041104120422032203220222,0,"B_IDLE",0,0,0411,0,0,07241d9,acc4acc4,c,8
3475,3475,0,001c9f7,1,1,3,1,1,0411,0411,0,1,1,0000,00e92ce0,00000000000000000000000000000000,04110411041104120422032203220222,0,"B_IDLE",0,0,0411,0,0,07241d9,acc4acc4,c,8
3476,3476,0,001c9f7,1,1,3,1,1,0411,0411,0,1,1,0000,00e92ce0,00000000000000000000000000000000,04110411041104120422032203220222,0,"B_IDLE",0,0,0411,0,0,07241d9,acc4acc4,c,8
3477,3477,0,001c9f7,1,1,1,1,1,0411,0411,0,1,1,0000,00e92ce0,00000000000000000000000000000000,04110411041104120422032203220222,0,"B_IDLE",0,0,0411,0,0,07241d9,acc4acc4,c,8
3478,3478,0,001c9f7,1,1,4,1,1,0411,0411,0,1,1,0000,00e92ce0,00000000000000000000000000000000,04110411041104120422032203220222,0,"B_IDLE",0,0,0411,0,0,07241d9,acc4acc4,c,8
3479,3479,0,07496ca,2,1,3,0,0,0411,0411,0,1,1,0000,00e92ce0,00000000000000000000000000000000,04110411041104120422032203220222,0,"B_IDLE",0,0,0411,0,0,07241d9,acc4acc4,c,8
3480,3480,0,07496ca,2,1,3,0,0,0411,0322,0,1,1,0000,00e92ce0,00000000000000000000000000000000,04110411041104120422032203220222,0,"B_IDLE",0,0,0411,0,0,07241d9,acc4acc4,c,8
3481,3481,0,07496ca,2,1,1,0,0,0411,0322,0,1,1,0000,00e92ce0,00000000000000000000000000000000,04110411041104120422032203220222,0,"B_IDLE",0,0,0411,0,0,07241d9,acc4acc4,c,8
3482,3482,0,07496ca,2,0,0,0,0,0411,0322,0,1,1,0000,00e92ce0,00000000000000000000000000000000,04110411041104120422032203220222,0,"B_IDLE",0,0,0411,0,0,07241d9,acc4acc4,c,8
3483,3483,0,07496ca,2,0,0,0,0,0411,0322,0,1,1,0000,00e92ce0,00000000000000000000000000000000,04110411041104120422032203220222,0,"B_IDLE",0,0,0411,0,0,07241d9,acc4acc4,c,8
3484,3484,0,07496ca,2,0,0,0,0,0411,0322,0,1,1,0000,00e92ce0,00000000000000000000000000000000,04110411041104120422032203220222,0,"B_IDLE",0,0,0411,0,0,07241d9,acc4acc4,c,8
3485,3485,0,07496ca,2,0,0,0,0,0411,0456,1,1,1,0000,00e92ce0,00000000000000000000000000000000,04110411041104120422032203220222,0,"B_IDLE",0,0,0411,0,0,07241d9,acc4acc4,c,8
3486,3486,0,07496ca,2,0,4,0,0,0411,0456,1,1,1,0000,00e92ce0,00000000000000000000000000000000,04110411041104120422032203220222,0,"B_IDLE",0,0,0411,0,0,07241d9,acc4acc4,c,8
3487,3487,0,07496ca,1,1,3,1,1,0411,0456,1,1,1,0000,00e92ce0,00000000000000000000000000000000,04110411041104120422032203220222,0,"B_IDLE",0,0,0411,0,0,07241d9,acc4acc4,c,8
3488,3488,0,07496ca,1,1,3,1,1,0411,0456,0,1,1,0000,00e92ce0,00000000000000000000000000000000,04110411041104120422032203220222,0,"B_IDLE",0,0,0411,0,0,07241d9,acc4acc4,c,8
3489,3489,0,07496ca,1,1,1,1,1,0411,0456,0,1,1,0000,00e92ce0,00000000000000000000000000000000,04110411041104120422032203220222,0,"B_IDLE",0,0,0411,0,0,07241d9,acc4acc4,c,8
3490,3490,0,07496ca,1,1,4,1,1,0411,0456,0,1,1,0000,00e92ce0,00000000000000000000000000000000,04110411041104120422032203220222,0,"B_IDLE",0,0,0411,0,0,07241d9,acc4acc4,c,8
3491,3491,0,07496ca,1,1,3,1,1,0411,0456,0,1,1,0000,00e92ce0,00000000000000000000000000000000,04110411041104120422032203220222,0,"B_IDLE",0,0,0411,0,0,07241d9,acc4acc4,c,8
3492,3492,0,07496ca,1,1,3,1,1,0411,0456,0,1,1,0000,00e92ce0,00000000000000000000000000000000,04110411041104120422032203220222,0,"B_IDLE",0,0,0411,0,0,07241d9,acc4acc4,c,8
3493,3493,0,07496ca,1,1,1,1,1,0411,0456,0,1,1,0000,00e92ce0,00000000000000000000000000000000,04110411041104120422032203220222,0,"B_IDLE",0,0,0411,0,0,07241d9,acc4acc4,c,8
3494,3494,0,07496ca,1,1,4,1,1,0411,0456,0,1,1,0000,00e92ce0,00000000000000000000000000000000,04110411041104120422032203220222,0,"B_IDLE",0,0,0411,0,0,07241d9,acc4acc4,c,8
3495,3495,0,07496ca,1,1,3,1,1,0411,0456,0,1,1,0000,00e92ce0,00000000000000000000000000000000,04110411041104120422032203220222,0,"B_IDLE",0,0,0411,0,0,07241d9,acc4acc4,c,8
3496,3496,0,07496ca,1,1,3,1,1,0411,0456,0,1,1,0000,00e92ce0,00000000000000000000000000000000,04110411041104120422032203220222,0,"B_IDLE",0,0,0411,0,0,07241d9,acc4acc4,c,8
3497,3497,0,07496ca,1,1,1,1,1,0411,0456,0,1,1,0000,00e92ce0,00000000000000000000000000000000,04110411041104120422032203220222,0,"B_IDLE",0,0,0411,0,0,07241d9,acc4acc4,c,8
3498,3498,0,07496ca,1,1,4,1,1,0411,0456,0,1,1,0000,00e92ce0,00000000000000000000000000000000,04110411041104120422032203220222,0,"B_IDLE",0,0,0411,0,0,07241d9,acc4acc4,c,8
3499,3499,0,07496ca,1,1,3,1,1,0411,0456,0,1,1,0000,00e92ce0,00000000000000000000000000000000,04110411041104120422032203220222,0,"B_IDLE",0,0,0411,0,0,07241d9,acc4acc4,c,8
3500,3500,0,07496ca,1,1,3,1,1,0411,0456,0,1,1,0000,00e92ce0,00000000000000000000000000000000,04110411041104120422032203220222,0,"B_IDLE",0,0,0411,0,0,07241d9,acc4acc4,c,8
3501,3501,0,07496ca,1,1,1,1,1,0411,0456,0,1,1,0000,00e92ce0,00000000000000000000000000000000,04110411041104120422032203220222,0,"B_IDLE",0,0,0411,0,0,07241d9,acc4acc4,c,8
3502,3502,0,07496ca,1,1,4,1,1,0411,0456,0,1,1,0000,00e92ce0,00000000000000000000000000000000,04110411041104120422032203220222,0,"B_IDLE",0,0,0411,0,0,07241d9,acc4acc4,c,8
3503,3503,0,07496ca,1,1,3,1,1,0411,0456,0,1,1,0000,00e92ce0,00000000000000000000000000000000,04110411041104120422032203220222,0,"B_IDLE",0,0,0411,0,0,07241d9,acc4acc4,c,8
3504,3504,0,07496ca,1,1,3,1,1,0411,0456,0,1,1,0000,00e92ce0,00000000000000000000000000000000,04110411041104120422032203220222,0,"B_IDLE",0,0,0411,0,0,07241d9,acc4acc4,c,8
3505,3505,0,07496ca,1,1,1,1,1,0411,0456,0,1,1,0000,00e92ce0,00000000000000000000000000000000,04110411041104120422032203220222,0,"B_IDLE",0,0,0411,0,0,07241d9,acc4acc4,c,8
3506,3506,0,07496ca,1,1,4,1,1,0411,0456,0,1,1,0000,00e92ce0,00000000000000000000000000000000,04110411041104120422032203220222,0,"B_IDLE",0,0,0411,0,0,07241d9,acc4acc4,c,8
3507,3507,0,07496ca,1,1,3,1,1,0411,0456,0,1,1,0000,00e92ce0,00000000000000000000000000000000,04110411041104120422032203220222,0,"B_IDLE",0,0,0411,0,0,07241d9,acc4acc4,c,8
3508,3508,0,07496ca,1,1,3,1,1,0411,0456,0,1,1,0000,00e92ce0,00000000000000000000000000000000,04110411041104120422032203220222,0,"B_IDLE",0,0,0411,0,0,07241d9,acc4acc4,c,8
3509,3509,0,07496ca,1,1,1,1,1,0411,0456,0,1,1,0000,00e92ce0,00000000000000000000000000000000,04110411041104120422032203220222,0,"B_IDLE",0,0,0411,0,0,07241d9,acc4acc4,c,8
3510,3510,0,07496ca,1,1,4,1,1,0411,0456,0,1,1,0000,00e92ce0,00000000000000000000000000000000,04110411041104120422032203220222,0,"B_IDLE",0,0,0411,0,0,07241d9,acc4acc4,c,8
3511,3511,0,07496ca,1,1,3,1,1,0411,0456,0,1,1,0000,00e92ce0,00000000000000000000000000000000,04110411041104120422032203220222,0,"B_IDLE",0,0,0411,0,0,07241d9,acc4acc4,c,8
3512,3512,0,07496ca,1,1,3,1,1,0411,0456,0,1,1,0000,00e92ce0,00000000000000000000000000000000,04110411041104120422032203220222,0,"B_IDLE",0,0,0411,0,0,07241d9,acc4acc4,c,8
3513,3513,0,07496ca,1,1,1,1,1,0411,0456,0,1,1,0000,00e92ce0,00000000000000000000000000000000,04110411041104120422032203220222,0,"B_IDLE",0,0,0411,0,0,07241d9,acc4acc4,c,8
3514,3514,0,07496ca,1,1,4,1,1,0411,0456,0,1,1,0000,00e92ce0,00000000000000000000000000000000,04110411041104120422032203220222,0,"B_IDLE",0,0,0411,0,0,07241d9,acc4acc4,c,8
3515,3515,0,07496ca,1,1,3,1,1,0411,0456,0,1,1,0000,00e92ce0,00000000000000000000000000000000,04110411041104120422032203220222,0,"B_IDLE",0,0,0411,0,0,07241d9,acc4acc4,c,8
3516,3516,0,07496ca,1,1,3,1,1,0411,0456,0,1,1,0000,00e92ce0,00000000000000000000000000000000,04110411041104120422032203220222,0,"B_IDLE",0,0,0411,0,0,07241d9,acc4acc4,c,8
3517,3517,0,07496ca,1,1,1,1,1,0411,0456,0,1,1,0000,00e92ce0,00000000000000000000000000000000,04110411041104120422032203220222,0,"B_IDLE",0,0,0411,0,0,07241d9,acc4acc4,c,8
3518,3518,0,07496ca,1,1,4,1,1,0411,0456,0,1,1,0000,00e92ce0,00000000000000000000000000000000,04110411041104120422032203220222,0,"B_IDLE",0,0,0411,0,0,07241d9,acc4acc4,c,8
3519,3519,0,07496ca,1,1,3,1,1,0411,0456,0,1,1,0000,00e92ce0,00000000000000000000000000000000,04110411041104120422032203220222,0,"B_IDLE",0,0,0411,0,0,07241d9,acc4acc4,c,8
3520,3520,0,07496ca,1,1,3,1,1,0411,0456,0,1,1,0000,00e92ce0,00000000000000000000000000000000,04110411041104120422032203220222,0,"B_IDLE",0,0,0411,0,0,07241d9,acc4acc4,c,8
3521,3521,0,07496ca,1,1,1,1,1,0411,0456,0,1,1,0000,00e92ce0,00000000000000000000000000000000,04110411041104120422032203220222,0,"B_IDLE",0,0,0411,0,0,07241d9,acc4acc4,c,8
3522,3522,0,07496ca,1,1,4,1,1,0411,0456,0,1,1,0000,00e92ce0,00000000000000000000000000000000,04110411041104120422032203220222,0,"B_IDLE",0,0,0411,0,0,07241d9,acc4acc4,c,8
3523,3523,0,07496ca,1,1,3,1,1,0411,0456,0,1,1,0000,00e92ce0,00000000000000000000000000000000,04110411041104120422032203220222,0,"B_IDLE",0,0,0411,0,0,07241d9,acc4acc4,c,8
3524,3524,0,07496ca,1,1,3,1,1,0411,0456,0,1,1,0000,00e92ce0,00000000000000000000000000000000,04110411041104120422032203220222,0,"B_IDLE",0,0,0411,0,0,07241d9,acc4acc4,c,8
3525,3525,0,07496ca,1,1,1,1,1,0411,0456,0,1,1,0000,00e92ce0,00000000000000000000000000000000,04110411041104120422032203220222,0,"B_IDLE",0,0,0411,0,0,07241d9,acc4acc4,c,8
3526,3526,0,07496ca,1,1,4,1,1,0411,0456,0,1,1,0000,00e92ce0,00000000000000000000000000000000,04110411041104120422032203220222,0,"B_IDLE",0,0,0411,0,0,07241d9,acc4acc4,c,8
3527,3527,0,07496ca,1,1,3,1,1,0411,0456,0,1,1,0000,00e92ce0,00000000000000000000000000000000,04110411041104120422032203220222,0,"B_IDLE",0,0,0411,0,0,07241d9,acc4acc4,c,8
3528,3528,0,07496ca,1,1,3,1,1,0411,0456,0,1,1,0000,00e92ce0,00000000000000000000000000000000,04110411041104120422032203220222,0,"B_IDLE",0,0,0411,0,0,07241d9,acc4acc4,c,8
3529,3529,0,07496ca,1,1,1,1,1,0411,0456,0,1,1,0000,00e92ce0,00000000000000000000000000000000,04110411041104120422032203220222,0,"B_IDLE",0,0,0411,0,0,07241d9,acc4acc4,c,8
3530,3530,0,07496ca,1,1,4,1,1,0411,0456,0,1,1,0000,00e92ce0,00000000000000000000000000000000,04110411041104120422032203220222,0,"B_IDLE",0,0,0411,0,0,07241d9,acc4acc4,c,8
3531,3531,0,07496ca,1,1,3,1,1,0411,0456,0,1,1,0000,00e92ce0,00000000000000000000000000000000,04110411041104120422032203220222,0,"B_IDLE",0,0,0411,0,0,07241d9,acc4acc4,c,8
3532,3532,0,07496ca,1,1,3,1,1,0411,0456,0,1,1,0000,00e92ce0,00000000000000000000000000000000,04110411041104120422032203220222,0,"B_IDLE",0,0,0411,0,0,07241d9,acc4acc4,c,8
3533,3533,0,07496ca,1,1,1,1,1,0411,0456,0,1,1,0000,00e92ce0,00000000000000000000000000000000,04110411041104120422032203220222,0,"B_IDLE",0,0,0411,0,0,07241d9,acc4acc4,c,8
3534,3534,0,07496ca,1,1,4,1,1,0411,0456,0,1,1,0000,00e92ce0,00000000000000000000000000000000,04110411041104120422032203220222,0,"B_IDLE",0,0,0411,0,0,07241d9,acc4acc4,c,8
3535,3535,0,07496ca,1,1,3,1,1,0411,0456,0,1,1,0000,00e92ce0,00000000000000000000000000000000,04110411041104120422032203220222,0,"B_IDLE",0,0,0411,0,0,07241d9,acc4acc4,c,8
3536,3536,0,07496ca,1,1,3,1,1,0411,0456,0,1,1,0000,00e92ce0,00000000000000000000000000000000,04110411041104120422032203220222,0,"B_IDLE",0,0,0411,0,0,07241d9,acc4acc4,c,8
3537,3537,0,07496ca,1,1,1,1,1,0411,0456,0,1,1,0000,00e92ce0,00000000000000000000000000000000,04110411041104120422032203220222,0,"B_IDLE",0,0,0411,0,0,07241d9,acc4acc4,c,8
3538,3538,0,07496ca,1,1,4,1,1,0411,0456,0,1,1,0000,00e92ce0,00000000000000000000000000000000,04110411041104120422032203220222,0,"B_IDLE",0,0,0411,0,0,07241d9,acc4acc4,c,8
3539,3539,0,07496ca,1,1,3,1,1,0411,0456,0,1,1,0000,00e92ce0,00000000000000000000000000000000,04110411041104120422032203220222,0,"B_IDLE",0,0,0411,0,0,07241d9,acc4acc4,c,8
3540,3540,0,07496ca,1,1,3,1,1,0411,0456,0,1,1,0000,00e92ce0,00000000000000000000000000000000,04110411041104120422032203220222,0,"B_IDLE",0,0,0411,0,0,07241d9,acc4acc4,c,8
3541,3541,0,07496ca,1,1,1,1,1,0411,0456,0,1,1,0000,00e92ce0,00000000000000000000000000000000,04110411041104120422032203220222,0,"B_IDLE",0,0,0411,0,0,07241d9,acc4acc4,c,8
3542,3542,0,07496ca,1,1,4,1,1,0411,0456,0,1,1,0000,00e92ce0,00000000000000000000000000000000,04110411041104120422032203220222,0,"B_IDLE",0,0,0411,0,0,07241d9,acc4acc4,c,8
3543,3543,0,001cb33,3,1,3,0,0,0456,0456,0,1,1,0000,00e92ce0,00000000000000000000000000000000,04110411041104120422032203220222,0,"B_IDLE",0,0,0411,0,0,07241d9,acc4acc4,c,8
3544,3544,0,001cb33,3,1,3,0,0,0456,0455,0,1,1,0000,00e92ce0,00000000000000000000000000000000,04110411041104120422032203220222,0,"B_IDLE",0,0,0411,0,0,07241d9,acc4acc4,c,8
3545,3545,0,001cb33,3,1,1,0,0,0456,0455,0,1,1,0000,00e92ce0,00000000000000000000000000000000,04110411041104120422032203220222,0,"B_IDLE",0,0,0411,0,0,07241d9,acc4acc4,c,8
3546,3546,0,001cb33,3,1,0,0,0,0456,0455,0,1,1,0000,00e92ce0,00000000000000000000000000000000,04110411041104120422032203220222,0,"B_IDLE",0,0,0411,0,0,07241d9,acc4acc4,c,8
3547,3547,0,001cb33,3,1,0,0,0,0456,0455,0,1,1,0000,00e92ce0,00000000000000000000000000000000,04110411041104120422032203220222,0,"B_IDLE",0,0,0411,0,0,07241d9,acc4acc4,c,8
3548,3548,0,001cb33,3,1,0,0,0,0456,0455,0,1,1,0000,00e92ce0,00000000000000000000000000000000,04110411041104120422032203220222,0,"B_IDLE",0,0,0411,0,0,07241d9,acc4acc4,c,8
3549,3549,0,001cb33,3,1,0,0,0,0456,0455,0,1,1,0000,00e92ce0,00000000000000000000000000000000,04110411041104120422032203220222,0,"B_IDLE",0,0,0411,0,0,07241d9,acc4acc4,c,8
3550,3550,0,001cb33,3,1,0,0,0,0456,0455,0,1,1,0000,00e92ce0,00000000000000000000000000000000,04110411041104120422032203220222,0,"B_IDLE",0,0,0411,0,0,07241d9,acc4acc4,c,8
3551,3551,0,001cb33,3,1,0,0,0,0456,0455,0,1,1,0000,00e92ce0,00000000000000000000000000000000,04110411041104120422032203220222,0,"B_IDLE",0,0,0411,0,0,07241d9,acc4acc4,c,8
3552,3552,0,001cb33,3,1,0,0,0,0456,0455,0,1,1,0000,00e92ce0,00000000000000000000000000000000,04110411041104120422032203220222,0,"B_IDLE",0,0,0411,0,0,07241d9,acc4acc4,c,8
3553,3553,0,001cb33,3,1,0,0,0,0456,0455,0,1,1,0000,00e92ce0,00000000000000000000000000000000,04110411041104120422032203220222,0,"B_IDLE",0,0,0411,0,0,07241d9,acc4acc4,c,8
3554,3554,0,001cb33,3,1,0,0,0,0456,0455,0,1,1,0000,00e92ce0,00000000000000000000000000000000,04110411041104120422032203220222,0,"B_IDLE",0,0,0411,0,0,07241d9,acc4acc4,c,8
3555,3555,0,001cb33,3,1,0,0,0,0456,0455,0,1,1,0000,00e92ce0,00000000000000000000000000000000,04110411041104120422032203220222,0,"B_IDLE",0,0,0411,0,0,07241d9,acc4acc4,c,8
3556,3556,0,001cb33,3,1,0,0,0,0456,0455,0,1,1,0000,00e92ce0,00000000000000000000000000000000,04110411041104120422032203220222,0,"B_IDLE",0,0,0411,0,0,07241d9,acc4acc4,c,8
3557,3557,0,001cb33,3,1,0,0,0,0456,0455,0,1,1,0000,00e92ce0,00000000000000000000000000000000,04110411041104120422032203220222,0,"B_IDLE",0,0,0411,0,0,07241d9,acc4acc4,c,8
3558,3558,0,001cb33,3,1,0,0,0,0456,0455,0,1,1,0000,00e92ce0,00000000000000000000000000000000,04110411041104120422032203220222,0,"B_IDLE",0,0,0411,0,0,07241d9,acc4acc4,c,8
3559,3559,0,001cb33,3,1,0,0,0,0456,0455,0,1,1,0000,00e92ce0,00000000000000000000000000000000,04110411041104120422032203220222,0,"B_IDLE",0,0,0411,0,0,07241d9,acc4acc4,c,8
3560,3560,0,001cb33,3,1,0,0,0,0456,0455,0,1,1,0000,00e92ce0,00000000000000000000000000000000,04110411041104120422032203220222,0,"B_IDLE",0,0,0411,0,0,07241d9,acc4acc4,c,8
3561,3561,0,001cb33,3,1,0,0,0,0456,0455,0,1,1,0000,00e92ce0,00000000000000000000000000000000,04110411041104120422032203220222,0,"B_IDLE",0,0,0411,0,0,07241d9,acc4acc4,c,8
3562,3562,0,001cb33,3,1,0,0,0,0456,0455,0,1,1,0000,00e92ce0,00000000000000000000000000000000,04110411041104120422032203220222,0,"B_IDLE",0,0,0411,0,0,07241d9,acc4acc4,c,8
3563,3563,0,001cb33,3,1,0,0,0,0456,0455,0,1,1,0000,00e92ce0,00000000000000000000000000000000,04110411041104120422032203220222,0,"B_IDLE",0,0,0411,0,0,07241d9,acc4acc4,c,8
3564,3564,0,001cb33,3,1,0,0,0,0456,0455,0,1,1,0000,00e92ce0,00000000000000000000000000000000,04110411041104120422032203220222,0,"B_IDLE",0,0,0411,0,0,07241d9,acc4acc4,c,8
3565,3565,0,001cb33,3,1,0,0,0,0456,0455,0,1,1,0000,00e92ce0,00000000000000000000000000000000,04110411041104120422032203220222,0,"B_IDLE",0,0,0411,0,0,07241d9,acc4acc4,c,8
3566,3566,0,001cb33,3,1,0,0,0,0456,0455,0,1,1,0000,00e92ce0,00000000000000000000000000000000,04110411041104120422032203220222,0,"B_IDLE",0,0,0411,0,0,07241d9,acc4acc4,c,8
3567,3567,0,001cb33,3,1,0,0,0,0456,0455,0,1,1,0000,00e92ce0,00000000000000000000000000000000,04110411041104120422032203220222,0,"B_IDLE",0,0,0411,0,0,07241d9,acc4acc4,c,8
3568,3568,0,001cb33,3,1,0,0,0,0456,0455,0,1,1,0000,00e92ce0,00000000000000000000000000000000,04110411041104120422032203220222,0,"B_IDLE",0,0,0411,0,0,07241d9,acc4acc4,c,8
3569,3569,0,001cb33,3,1,0,0,0,0456,0455,0,1,1,0000,00e92ce0,00000000000000000000000000000000,04110411041104120422032203220222,0,"B_IDLE",0,0,0411,0,0,07241d9,acc4acc4,c,8
3570,3570,0,001cb33,3,1,0,0,0,0456,0455,0,1,1,0000,00e92ce0,00000000000000000000000000000000,04110411041104120422032203220222,0,"B_IDLE",0,0,0411,0,0,07241d9,acc4acc4,c,8
3571,3571,0,001cb33,3,1,0,0,0,0456,0455,0,1,1,0000,00e92ce0,00000000000000000000000000000000,04110411041104120422032203220222,0,"B_IDLE",0,0,0411,0,0,07241d9,acc4acc4,c,8
3572,3572,0,001cb33,3,1,0,0,0,0456,0455,0,1,1,0000,00e92ce0,00000000000000000000000000000000,04110411041104120422032203220222,0,"B_IDLE",0,0,0411,0,0,07241d9,acc4acc4,c,8
3573,3573,0,001cb33,3,1,0,0,0,0456,0455,0,1,1,0000,00e92ce0,00000000000000000000000000000000,04110411041104120422032203220222,0,"B_IDLE",0,0,0411,0,0,07241d9,acc4acc4,c,8
3574,3574,0,001cb33,3,1,0,0,0,0456,0455,0,1,1,0000,00e92ce0,00000000000000000000000000000000,04110411041104120422032203220222,0,"B_IDLE",0,0,0411,0,0,07241d9,acc4acc4,c,8
3575,3575,0,001cb33,3,1,0,0,0,0456,0455,0,1,1,0000,00e92ce0,00000000000000000000000000000000,04110411041104120422032203220222,0,"B_IDLE",0,0,0411,0,0,07241d9,acc4acc4,c,8
3576,3576,0,001cb33,3,1,0,0,0,0456,0455,0,1,1,0000,00e92ce0,00000000000000000000000000000000,04110411041104120422032203220222,0,"B_IDLE",0,0,0411,0,0,07241d9,acc4acc4,c,8
3577,3577,0,001cb33,3,1,0,0,0,0456,0455,0,1,1,0000,00e92ce0,00000000000000000000000000000000,04110411041104120422032203220222,0,"B_IDLE",0,0,0411,0,0,07241d9,acc4acc4,c,8
3578,3578,0,001cb33,3,1,0,0,0,0456,0455,0,1,1,0000,00e92ce0,00000000000000000000000000000000,04110411041104120422032203220222,0,"B_IDLE",0,0,0411,0,0,07241d9,acc4acc4,c,8
3579,3579,0,001cb33,3,1,0,0,0,0456,0455,0,1,1,0000,00e92ce0,00000000000000000000000000000000,04110411041104120422032203220222,0,"B_IDLE",0,0,0411,0,0,07241d9,acc4acc4,c,8
3580,3580,0,001cb33,3,1,0,0,0,0456,0455,0,1,1,0000,00e92ce0,00000000000000000000000000000000,04110411041104120422032203220222,0,"B_IDLE",0,0,0411,0,0,07241d9,acc4acc4,c,8
3581,3581,0,001cb33,3,1,0,0,0,0456,0455,0,1,1,0000,00e92ce0,00000000000000000000000000000000,04110411041104120422032203220222,0,"B_IDLE",0,0,0411,0,0,07241d9,acc4acc4,c,8
3582,3582,0,001cb33,3,1,0,0,0,0456,0455,0,1,1,0000,00e92ce0,00000000000000000000000000000000,04110411041104120422032203220222,0,"B_IDLE",0,0,0411,0,0,07241d9,acc4acc4,c,8
3583,3583,0,001cb33,3,1,0,0,0,0456,0455,0,1,1,0000,00e92ce0,00000000000000000000000000000000,04110411041104120422032203220222,0,"B_IDLE",0,0,0411,0,0,07241d9,acc4acc4,c,8
3584,3584,0,001cb33,3,1,0,0,0,0456,0455,0,1,1,0000,00e92ce0,00000000000000000000000000000000,04110411041104120422032203220222,0,"B_IDLE",0,0,0411,0,0,07241d9,acc4acc4,c,8
3585,3585,0,001cb33,3,1,0,0,0,0456,0455,0,1,1,0000,00e92ce0,00000000000000000000000000000000,04110411041104120422032203220222,0,"B_IDLE",0,0,0411,0,0,07241d9,acc4acc4,c,8
3586,3586,0,001cb33,3,1,0,0,0,0456,0455,0,1,1,0000,00e92ce0,00000000000000000000000000000000,04110411041104120422032203220222,0,"B_IDLE",0,0,0411,0,0,07241d9,acc4acc4,c,8
3587,3587,0,001cb33,3,1,0,0,0,0456,0455,0,1,1,0000,00e92ce0,00000000000000000000000000000000,04110411041104120422032203220222,0,"B_IDLE",0,0,0411,0,0,07241d9,acc4acc4,c,8
3588,3588,0,001cb33,3,1,0,0,0,0456,0455,0,1,1,0000,00e92ce0,00000000000000000000000000000000,04110411041104120422032203220222,0,"B_IDLE",0,0,0411,0,0,07241d9,acc4acc4,c,8
3589,3589,0,001cb33,3,1,0,0,0,0456,0455,0,1,1,0000,00e92ce0,00000000000000000000000000000000,04110411041104120422032203220222,0,"B_IDLE",0,0,0411,0,0,07241d9,acc4acc4,c,8
3590,3590,0,001cb33,3,1,0,0,0,0456,0455,0,1,1,0000,00e92ce0,00000000000000000000000000000000,04110411041104120422032203220222,0,"B_IDLE",0,0,0411,0,0,07241d9,acc4acc4,c,8
3591,3591,0,001cb33,3,1,0,0,0,0456,0455,0,1,1,0000,00e92ce0,00000000000000000000000000000000,04110411041104120422032203220222,0,"B_IDLE",0,0,0411,0,0,07241d9,acc4acc4,c,8
3592,3592,0,001cb33,3,1,0,0,0,0456,0455,0,1,1,0000,00e92ce0,00000000000000000000000000000000,04110411041104120422032203220222,0,"B_IDLE",0,0,0411,0,0,07241d9,acc4acc4,c,8
3593,3593,0,001cb33,3,1,0,0,0,0456,0455,0,1,1,0000,00e92ce0,00000000000000000000000000000000,04110411041104120422032203220222,0,"B_IDLE",0,0,0411,0,0,07241d9,acc4acc4,c,8
3594,3594,0,001cb33,3,1,0,0,0,0456,0455,0,1,1,0000,00e92ce0,00000000000000000000000000000000,04110411041104120422032203220222,0,"B_IDLE",0,0,0411,0,0,07241d9,acc4acc4,c,8
3595,3595,0,001cb33,3,1,0,0,0,0456,0455,0,1,1,0000,00e92ce0,00000000000000000000000000000000,04110411041104120422032203220222,0,"B_IDLE",0,0,0411,0,0,07241d9,acc4acc4,c,8
3596,3596,0,001cb33,3,1,0,0,0,0456,0455,0,1,1,0000,00e92ce0,00000000000000000000000000000000,04110411041104120422032203220222,0,"B_IDLE",0,0,0411,0,0,07241d9,acc4acc4,c,8
3597,3597,0,001cb33,3,1,0,0,0,0456,0455,0,1,1,0000,00e92ce0,00000000000000000000000000000000,04110411041104120422032203220222,0,"B_IDLE",0,0,0411,0,0,07241d9,acc4acc4,c,8
3598,3598,0,001cb33,3,1,0,0,0,0456,0455,0,1,1,0000,00e92ce0,00000000000000000000000000000000,04110411041104120422032203220222,0,"B_IDLE",0,0,0411,0,0,07241d9,acc4acc4,c,8
3599,3599,0,001cb33,3,1,0,0,0,0456,0455,0,1,1,0000,00e92ce0,00000000000000000000000000000000,04110411041104120422032203220222,0,"B_IDLE",0,0,0411,0,0,07241d9,acc4acc4,c,8
3600,3600,0,001cb33,3,1,0,0,0,0456,0455,0,1,1,0000,00e92ce0,00000000000000000000000000000000,04110411041104120422032203220222,0,"B_IDLE",0,0,0411,0,0,07241d9,acc4acc4,c,8
3601,3601,0,001cb33,3,1,0,0,0,0456,0455,0,1,1,0000,00e92ce0,00000000000000000000000000000000,04110411041104120422032203220222,0,"B_IDLE",0,0,0411,0,0,07241d9,acc4acc4,c,8
3602,3602,0,001cb33,3,1,0,0,0,0456,0455,0,1,1,0000,00e92ce0,00000000000000000000000000000000,04110411041104120422032203220222,0,"B_IDLE",0,0,0411,0,0,07241d9,acc4acc4,c,8
3603,3603,0,001cb33,3,1,0,0,0,0456,0455,0,1,1,0000,00e92ce0,00000000000000000000000000000000,04110411041104120422032203220222,0,"B_IDLE",0,0,0411,0,0,07241d9,acc4acc4,c,8
3604,3604,0,001cb33,3,1,0,0,0,0456,0455,0,1,1,0000,00e92ce0,00000000000000000000000000000000,04110411041104120422032203220222,0,"B_IDLE",0,0,0411,0,0,07241d9,acc4acc4,c,8
3605,3605,0,001cb33,3,1,0,0,0,0456,0455,0,1,1,0000,00e92ce0,00000000000000000000000000000000,04110411041104120422032203220222,0,"B_IDLE",0,0,0411,0,0,07241d9,acc4acc4,c,8
3606,3606,0,001cb33,3,1,0,0,0,0456,0455,0,1,1,0000,00e92ce0,00000000000000000000000000000000,04110411041104120422032203220222,0,"B_IDLE",0,0,0411,0,0,07241d9,acc4acc4,c,8
3607,3607,0,001cb33,3,1,0,0,0,0456,0455,0,1,1,0000,00e92ce0,00000000000000000000000000000000,04110411041104120422032203220222,0,"B_IDLE",0,0,0411,0,0,07241d9,acc4acc4,c,8
3608,3608,0,001cb33,3,1,0,0,0,0456,0455,0,1,1,0000,00e92ce0,00000000000000000000000000000000,04110411041104120422032203220222,0,"B_IDLE",0,0,0411,0,0,07241d9,acc4acc4,c,8
3609,3609,0,001cb33,3,1,0,0,0,0456,0455,0,1,1,0000,00e92ce0,00000000000000000000000000000000,04110411041104120422032203220222,0,"B_IDLE",0,0,0411,0,0,07241d9,acc4acc4,c,8
3610,3610,0,001cb33,3,1,4,0,0,0456,0455,0,1,1,0000,00e92ce0,00000000000000000000000000000000,04110411041104120422032203220222,0,"B_IDLE",0,0,0411,0,0,07241d9,acc4acc4,c,8
3611,3611,0,001cb33,1,1,3,1,1,0456,0455,0,1,1,0000,00e92ce0,00000000000000000000000000000000,04110411041104120422032203220222,0,"B_IDLE",0,0,0411,0,0,07241d9,acc4acc4,c,8
3612,3612,0,001cb33,1,1,3,1,1,0456,0455,0,1,1,0000,00e92ce0,00000000000000000000000000000000,04110411041104120422032203220222,0,"B_IDLE",0,0,0411,0,0,07241d9,acc4acc4,c,8
3613,3613,0,001cb33,1,1,1,1,1,0456,0455,0,1,1,0000,00e92ce0,00000000000000000000000000000000,04110411041104120422032203220222,0,"B_IDLE",0,0,0411,0,0,07241d9,acc4acc4,c,8
3614,3614,0,001cb33,1,1,4,1,1,0456,0455,0,1,1,0000,00e92ce0,00000000000000000000000000000000,04110411041104120422032203220222,0,"B_IDLE",0,0,0411,0,0,07241d9,acc4acc4,c,8
3615,3615,0,001cb33,1,1,3,1,1,0456,0455,0,1,1,0000,00e92ce0,00000000000000000000000000000000,04110411041104120422032203220222,0,"B_IDLE",0,0,0411,0,0,07241d9,acc4acc4,c,8
3616,3616,0,001cb33,1,1,3,1,1,0456,0455,0,1,1,0000,00e92ce0,00000000000000000000000000000000,04110411041104120422032203220222,0,"B_IDLE",0,0,0411,0,0,07241d9,acc4acc4,c,8
3617,3617,0,001cb33,1,1,1,1,1,0456,0455,0,1,1,0000,00e92ce0,00000000000000000000000000000000,04110411041104120422032203220222,0,"B_IDLE",0,0,0411,0,0,07241d9,acc4acc4,c,8
3618,3618,0,001cb33,1,1,4,1,1,0456,0455,0,1,1,0000,00e92ce0,00000000000000000000000000000000,04110411041104120422032203220222,0,"B_IDLE",0,0,0411,0,0,07241d9,acc4acc4,c,8
3619,3619,0,001cb33,1,1,3,1,1,0456,0455,0,1,1,0000,00e92ce0,00000000000000000000000000000000,04110411041104120422032203220222,0,"B_IDLE",0,0,0411,0,0,07241d9,acc4acc4,c,8
3620,3620,0,001cb33,1,1,3,1,1,0456,0455,0,1,1,0000,00e92ce0,00000000000000000000000000000000,04110411041104120422032203220222,0,"B_IDLE",0,0,0411,0,0,07241d9,acc4acc4,c,8
3621,3621,0,001cb33,1,1,1,1,1,0456,0455,0,1,1,0000,00e92ce0,00000000000000000000000000000000,04110411041104120422032203220222,0,"B_IDLE",0,0,0411,0,0,07241d9,acc4acc4,c,8
3622,3622,0,001cb33,1,1,4,1,1,0456,0455,0,1,1,0000,00e92ce0,00000000000000000000000000000000,04110411041104120422032203220222,0,"B_IDLE",0,0,0411,0,0,07241d9,acc4acc4,c,8
3623,3623,0,001cb33,1,1,3,1,1,0456,0455,0,1,1,0000,00e92ce0,00000000000000000000000000000000,04110411041104120422032203220222,0,"B_IDLE",0,0,0411,0,0,07241d9,acc4acc4,c,8
3624,3624,0,001cb33,1,1,3,1,1,0456,0455,0,1,1,0000,00e92ce0,00000000000000000000000000000000,04110411041104120422032203220222,0,"B_IDLE",0,0,0411,0,0,07241d9,acc4acc4,c,8
3625,3625,0,001cb33,1,1,1,1,1,0456,0455,0,1,1,0000,00e92ce0,00000000000000000000000000000000,04110411041104120422032203220222,0,"B_IDLE",0,0,0411,0,0,07241d9,acc4acc4,c,8
3626,3626,0,001cb33,1,1,4,1,1,0456,0455,0,1,1,0000,00e92ce0,00000000000000000000000000000000,04110411041104120422032203220222,0,"B_IDLE",0,0,0411,0,0,07241d9,acc4acc4,c,8
3627,3627,0,001cb33,1,1,3,1,1,0456,0455,0,1,1,0000,00e92ce0,00000000000000000000000000000000,04110411041104120422032203220222,0,"B_IDLE",0,0,0411,0,0,07241d9,acc4acc4,c,8
3628,3628,0,001cb33,1,1,3,1,1,0456,0455,0,1,1,0000,00e92ce0,00000000000000000000000000000000,04110411041104120422032203220222,0,"B_IDLE",0,0,0411,0,0,07241d9,acc4acc4,c,8
3629,3629,0,001cb33,1,1,1,1,1,0456,0455,0,1,1,0000,00e92ce0,00000000000000000000000000000000,04110411041104120422032203220222,0,"B_IDLE",0,0,0411,0,0,07241d9,acc4acc4,c,8
3630,3630,0,001cb33,1,1,4,1,1,0456,0455,0,1,1,0000,00e92ce0,00000000000000000000000000000000,04110411041104120422032203220222,0,"B_IDLE",0,0,0411,0,0,07241d9,acc4acc4,c,8
3631,3631,0,001cb33,1,1,3,1,1,0456,0455,0,1,1,0000,00e92ce0,00000000000000000000000000000000,04110411041104120422032203220222,0,"B_IDLE",0,0,0411,0,0,07241d9,acc4acc4,c,8
3632,3632,0,001cb33,1,1,3,1,1,0456,0455,0,1,1,0000,00e92ce0,00000000000000000000000000000000,04110411041104120422032203220222,0,"B_IDLE",0,0,0411,0,0,07241d9,acc4acc4,c,8
3633,3633,0,001cb33,1,1,1,1,1,0456,0455,0,1,1,0000,00e92ce0,00000000000000000000000000000000,04110411041104120422032203220222,0,"B_IDLE",0,0,0411,0,0,07241d9,acc4acc4,c,8
3634,3634,0,001cb33,1,1,4,1,1,0456,0455,0,1,1,0000,00e92ce0,00000000000000000000000000000000,04110411041104120422032203220222,0,"B_IDLE",0,0,0411,0,0,07241d9,acc4acc4,c,8
3635,3635,0,001cb33,1,1,3,1,1,0456,0455,0,1,1,0000,00e92ce0,00000000000000000000000000000000,04110411041104120422032203220222,0,"B_IDLE",0,0,0411,0,0,07241d9,acc4acc4,c,8
3636,3636,0,001cb33,1,1,3,1,1,0456,0455,0,1,1,0000,00e92ce0,00000000000000000000000000000000,04110411041104120422032203220222,0,"B_IDLE",0,0,0411,0,0,07241d9,acc4acc4,c,8
3637,3637,0,001cb33,1,1,1,1,1,0456,0455,0,1,1,0000,00e92ce0,00000000000000000000000000000000,04110411041104120422032203220222,0,"B_IDLE",0,0,0411,0,0,07241d9,acc4acc4,c,8
3638,3638,0,001cb33,1,1,4,1,1,0456,0455,0,1,1,0000,00e92ce0,00000000000000000000000000000000,04110411041104120422032203220222,0,"B_IDLE",0,0,0411,0,0,07241d9,acc4acc4,c,8
3639,3639,0,001cb33,1,1,3,1,1,0456,0455,0,1,1,0000,00e92ce0,00000000000000000000000000000000,04110411041104120422032203220222,0,"B_IDLE",0,0,0411,0,0,07241d9,acc4acc4,c,8
3640,3640,0,001cb33,1,1,3,1,1,0456,0455,0,1,1,0000,00e92ce0,00000000000000000000000000000000,04110411041104120422032203220222,0,"B_IDLE",0,0,0411,0,0,07241d9,acc4acc4,c,8
3641,3641,0,001cb33,1,1,1,1,1,0456,0455,0,1,1,0000,00e92ce0,00000000000000000000000000000000,04110411041104120422032203220222,0,"B_IDLE",0,0,0411,0,0,07241d9,acc4acc4,c,8
3642,3642,0,001cb33,1,1,4,1,1,0456,0455,0,1,1,0000,00e92ce0,00000000000000000000000000000000,04110411041104120422032203220222,0,"B_IDLE",0,0,0411,0,0,07241d9,acc4acc4,c,8
3643,3643,0,001cb33,1,1,3,1,1,0456,0455,0,1,1,0000,00e92ce0,00000000000000000000000000000000,04110411041104120422032203220222,0,"B_IDLE",0,0,0411,0,0,07241d9,acc4acc4,c,8
3644,3644,0,001cb33,1,1,3,1,1,0456,0455,0,1,1,0000,00e92ce0,00000000000000000000000000000000,04110411041104120422032203220222,0,"B_IDLE",0,0,0411,0,0,07241d9,acc4acc4,c,8
3645,3645,0,001cb33,1,1,1,1,1,0456,0455,0,1,1,0000,00e92ce0,00000000000000000000000000000000,04110411041104120422032203220222,0,"B_IDLE",0,0,0411,0,0,07241d9,acc4acc4,c,8
3646,3646,0,001cb33,1,1,4,1,1,0456,0455,0,1,1,0000,00e92ce0,00000000000000000000000000000000,04110411041104120422032203220222,0,"B_IDLE",0,0,0411,0,0,07241d9,acc4acc4,c,8
3647,3647,0,001cb33,1,1,3,1,1,0456,0455,0,1,1,0000,00e92ce0,00000000000000000000000000000000,04110411041104120422032203220222,0,"B_IDLE",0,0,0411,0,0,07241d9,acc4acc4,c,8
3648,3648,0,001cb33,1,1,3,1,1,0456,0455,0,1,1,0000,00e92ce0,00000000000000000000000000000000,04110411041104120422032203220222,0,"B_IDLE",0,0,0411,0,0,07241d9,acc4acc4,c,8
3649,3649,0,001cb33,1,1,1,1,1,0456,0455,0,1,1,0000,00e92ce0,00000000000000000000000000000000,04110411041104120422032203220222,0,"B_IDLE",0,0,0411,0,0,07241d9,acc4acc4,c,8
3650,3650,0,001cb33,1,1,4,1,1,0456,0455,0,1,1,0000,00e92ce0,00000000000000000000000000000000,04110411041104120422032203220222,0,"B_IDLE",0,0,0411,0,0,07241d9,acc4acc4,c,8
3651,3651,0,001cb33,1,1,3,1,1,0456,0455,0,1,1,0000,00e92ce0,00000000000000000000000000000000,04110411041104120422032203220222,0,"B_IDLE",0,0,0411,0,0,07241d9,acc4acc4,c,8
3652,3652,0,001cb33,1,1,3,1,1,0456,0455,0,1,1,0000,00e92ce0,00000000000000000000000000000000,04110411041104120422032203220222,0,"B_IDLE",0,0,0411,0,0,07241d9,acc4acc4,c,8
3653,3653,0,001cb33,1,1,1,1,1,0456,0455,0,1,1,0000,00e92ce0,00000000000000000000000000000000,04110411041104120422032203220222,0,"B_IDLE",0,0,0411,0,0,07241d9,acc4acc4,c,8
3654,3654,0,001cb33,1,1,4,1,1,0456,0455,0,1,1,0000,00e92ce0,00000000000000000000000000000000,04110411041104120422032203220222,0,"B_IDLE",0,0,0411,0,0,07241d9,acc4acc4,c,8
3655,3655,0,001cb33,1,1,3,1,1,0456,0455,0,1,1,0000,00e92ce0,00000000000000000000000000000000,04110411041104120422032203220222,0,"B_IDLE",0,0,0411,0,0,07241d9,acc4acc4,c,8
3656,3656,0,001cb33,1,1,3,1,1,0456,0455,0,1,1,0000,00e92ce0,00000000000000000000000000000000,04110411041104120422032203220222,0,"B_IDLE",0,0,0411,0,0,07241d9,acc4acc4,c,8
3657,3657,0,001cb33,1,1,1,1,1,0456,0455,0,1,1,0000,00e92ce0,00000000000000000000000000000000,04110411041104120422032203220222,0,"B_IDLE",0,0,0411,0,0,07241d9,acc4acc4,c,8
3658,3658,0,001cb33,1,1,4,1,1,0456,0455,0,1,1,0000,00e92ce0,00000000000000000000000000000000,04110411041104120422032203220222,0,"B_IDLE",0,0,0411,0,0,07241d9,acc4acc4,c,8
3659,3659,0,001cb33,1,1,3,1,1,0456,0455,0,1,1,0000,00e92ce0,00000000000000000000000000000000,04110411041104120422032203220222,0,"B_IDLE",0,0,0411,0,0,07241d9,acc4acc4,c,8
3660,3660,0,001cb33,1,1,3,1,1,0456,0455,0,1,1,0000,00e92ce0,00000000000000000000000000000000,04110411041104120422032203220222,0,"B_IDLE",0,0,0411,0,0,07241d9,acc4acc4,c,8
3661,3661,0,001cb33,1,1,1,1,1,0456,0455,0,1,1,0000,00e92ce0,00000000000000000000000000000000,04110411041104120422032203220222,0,"B_IDLE",0,0,0411,0,0,07241d9,acc4acc4,c,8
3662,3662,0,001cb33,1,1,4,1,1,0456,0455,0,1,1,0000,00e92ce0,00000000000000000000000000000000,04110411041104120422032203220222,0,"B_IDLE",0,0,0411,0,0,07241d9,acc4acc4,c,8
3663,3663,0,001cb33,1,1,3,1,1,0456,0455,0,1,1,0000,00e92ce0,00000000000000000000000000000000,04110411041104120422032203220222,0,"B_IDLE",0,0,0411,0,0,07241d9,acc4acc4,c,8
3664,3664,0,001cb33,1,1,3,1,1,0456,0455,0,1,1,0000,00e92ce0,00000000000000000000000000000000,04110411041104120422032203220222,0,"B_IDLE",0,0,0411,0,0,07241d9,acc4acc4,c,8
3665,3665,0,001cb33,1,1,1,1,1,0456,0455,0,1,1,0000,00e92ce0,00000000000000000000000000000000,04110411041104120422032203220222,0,"B_IDLE",0,0,0411,0,0,07241d9,acc4acc4,c,8
3666,3666,0,001cb33,1,1,4,1,1,0456,0455,0,1,1,0000,00e92ce0,00000000000000000000000000000000,04110411041104120422032203220222,0,"B_IDLE",0,0,0411,0,0,07241d9,acc4acc4,c,8
3667,3667,0,001cb33,1,1,3,1,1,0456,0455,0,1,1,0000,00e92ce0,00000000000000000000000000000000,04110411041104120422032203220222,0,"B_IDLE",0,0,0411,0,0,07241d9,acc4acc4,c,8
3668,3668,0,001cb33,1,1,3,1,1,0456,0455,0,1,1,0000,00e92ce0,00000000000000000000000000000000,04110411041104120422032203220222,0,"B_IDLE",0,0,0411,0,0,07241d9,acc4acc4,c,8
3669,3669,0,001cb33,1,1,1,1,1,0456,0455,0,1,1,0000,00e92ce0,00000000000000000000000000000000,04110411041104120422032203220222,0,"B_IDLE",0,0,0411,0,0,07241d9,acc4acc4,c,8
3670,3670,0,001cb33,1,1,4,1,1,0456,0455,0,1,1,0000,00e92ce0,00000000000000000000000000000000,04110411041104120422032203220222,0,"B_IDLE",0,0,0411,0,0,07241d9,acc4acc4,c,8
3671,3671,0,001cb33,1,1,3,1,1,0456,0455,0,1,1,0000,00e92ce0,00000000000000000000000000000000,04110411041104120422032203220222,0,"B_IDLE",0,0,0411,0,0,07241d9,acc4acc4,c,8
3672,3672,0,001cb33,1,1,3,1,1,0456,0455,0,1,1,0000,00e92ce0,00000000000000000000000000000000,04110411041104120422032203220222,0,"B_IDLE",0,0,0411,0,0,07241d9,acc4acc4,c,8
3673,3673,0,001cb33,1,1,1,1,1,0456,0455,0,1,1,0000,00e92ce0,00000000000000000000000000000000,04110411041104120422032203220222,0,"B_IDLE",0,0,0411,0,0,07241d9,acc4acc4,c,8
3674,3674,0,001cb33,1,1,4,1,1,0456,0455,0,1,1,0000,00e92ce0,00000000000000000000000000000000,04110411041104120422032203220222,0,"B_IDLE",0,0,0411,0,0,07241d9,acc4acc4,c,8
3675,3675,0,0749676,2,1,3,0,0,0456,0455,0,1,1,0000,00e92ce0,00000000000000000000000000000000,04110411041104120422032203220222,0,"B_IDLE",0,0,0411,0,0,07241d9,acc4acc4,c,8
3676,3676,0,0749676,2,1,3,0,0,0456,0334,0,1,1,0000,00e92ce0,00000000000000000000000000000000,04110411041104120422032203220222,0,"B_IDLE",0,0,0411,0,0,07241d9,acc4acc4,c,8
3677,3677,0,0749676,2,1,1,0,0,0456,0334,0,1,1,0000,00e92ce0,00000000000000000000000000000000,04110411041104120422032203220222,0,"B_IDLE",0,0,0411,0,0,07241d9,acc4acc4,c,8
3678,3678,0,0749676,2,0,0,0,0,0456,0334,0,1,1,0000,00e92ce0,00000000000000000000000000000000,04110411041104120422032203220222,0,"B_IDLE",0,0,0411,0,0,07241d9,acc4acc4,c,8
3679,3679,0,0749676,2,0,0,0,0,0456,0334,0,1,1,0000,00e92ce0,00000000000000000000000000000000,04110411041104120422032203220222,0,"B_IDLE",0,0,0411,0,0,07241d9,acc4acc4,c,8
3680,3680,0,0749676,2,0,0,0,0,0456,0334,0,1,1,0000,00e92ce0,00000000000000000000000000000000,04110411041104120422032203220222,0,"B_IDLE",0,0,0411,0,0,07241d9,acc4acc4,c,8
3681,3681,0,0749676,2,0,0,0,0,0456,0411,1,1,1,0000,00e92ce0,00000000000000000000000000000000,04110411041104120422032203220222,0,"B_IDLE",0,0,0411,0,0,07241d9,acc4acc4,c,8
3682,3682,0,0749676,2,0,4,0,0,0456,0411,1,1,1,0000,00e92ce0,00000000000000000000000000000000,04110411041104120422032203220222,0,"B_IDLE",0,0,0411,0,0,07241d9,acc4acc4,c,8
3683,3683,0,0749676,1,1,3,1,1,0456,0411,1,1,1,0000,00e92ce0,00000000000000000000000000000000,04110411041104120422032203220222,0,"B_IDLE",0,0,0411,0,0,07241d9,acc4acc4,c,8
3684,3684,0,0749676,1,1,3,1,1,0456,0411,0,1,1,0000,00e92ce0,00000000000000000000000000000000,04110411041104120422032203220222,0,"B_IDLE",0,0,0411,0,0,07241d9,acc4acc4,c,8
3685,3685,0,0749676,1,1,1,1,1,0456,0411,0,1,1,0000,00e92ce0,00000000000000000000000000000000,04110411041104120422032203220222,0,"B_IDLE",0,0,0411,0,0,07241d9,acc4acc4,c,8
3686,3686,0,0749676,1,1,4,1,1,0456,0411,0,1,1,0000,00e92ce0,00000000000000000000000000000000,04110411041104120422032203220222,0,"B_IDLE",0,0,0411,0,0,07241d9,acc4acc4,c,8
3687,3687,0,0749676,1,1,3,1,1,0456,0411,0,1,1,0000,00e92ce0,00000000000000000000000000000000,04110411041104120422032203220222,0,"B_IDLE",0,0,0411,0,0,07241d9,acc4acc4,c,8
3688,3688,0,0749676,1,1,3,1,1,0456,0411,0,1,1,0000,00e92ce0,00000000000000000000000000000000,04110411041104120422032203220222,0,"B_IDLE",0,0,0411,0,0,07241d9,acc4acc4,c,8
3689,3689,0,0749676,1,1,1,1,1,0456,0411,0,1,1,0000,00e92ce0,00000000000000000000000000000000,04110411041104120422032203220222,0,"B_IDLE",0,0,0411,0,0,07241d9,acc4acc4,c,8
3690,3690,0,0749676,1,1,4,1,1,0456,0411,0,1,1,0000,00e92ce0,00000000000000000000000000000000,04110411041104120422032203220222,0,"B_IDLE",0,0,0411,0,0,07241d9,acc4acc4,c,8
3691,3691,0,0749676,1,1,3,1,1,0456,0411,0,1,1,0000,00e92ce0,00000000000000000000000000000000,04110411041104120422032203220222,0,"B_IDLE",0,0,0411,0,0,07241d9,acc4acc4,c,8
3692,3692,0,0749676,1,1,3,1,1,0456,0411,0,1,1,0000,00e92ce0,00000000000000000000000000000000,04110411041104120422032203220222,0,"B_IDLE",0,0,0411,0,0,07241d9,acc4acc4,c,8
3693,3693,0,0749676,1,1,1,1,1,0456,0411,0,1,1,0000,00e92ce0,00000000000000000000000000000000,04110411041104120422032203220222,0,"B_IDLE",0,0,0411,0,0,07241d9,acc4acc4,c,8
3694,3694,0,0749676,1,1,4,1,1,0456,0411,0,1,1,0000,00e92ce0,00000000000000000000000000000000,04110411041104120422032203220222,0,"B_IDLE",0,0,0411,0,0,07241d9,acc4acc4,c,8
3695,3695,0,0749676,1,1,3,1,1,0456,0411,0,1,1,0000,00e92ce0,00000000000000000000000000000000,04110411041104120422032203220222,0,"B_IDLE",0,0,0411,0,0,07241d9,acc4acc4,c,8
3696,3696,0,0749676,1,1,3,1,1,0456,0411,0,1,1,0000,00e92ce0,00000000000000000000000000000000,04110411041104120422032203220222,0,"B_IDLE",0,0,0411,0,0,07241d9,acc4acc4,c,8
3697,3697,0,0749676,1,1,1,1,1,0456,0411,0,1,1,0000,00e92ce0,00000000000000000000000000000000,04110411041104120422032203220222,0,"B_IDLE",0,0,0411,0,0,07241d9,acc4acc4,c,8
3698,3698,0,0749676,1,1,4,1,1,0456,0411,0,1,1,0000,00e92ce0,00000000000000000000000000000000,04110411041104120422032203220222,0,"B_IDLE",0,0,0411,0,0,07241d9,acc4acc4,c,8
3699,3699,0,0749676,1,1,3,1,1,0456,0411,0,1,1,0000,00e92ce0,00000000000000000000000000000000,04110411041104120422032203220222,0,"B_IDLE",0,0,0411,0,0,07241d9,acc4acc4,c,8
3700,3700,0,0749676,1,1,3,1,1,0456,0411,0,1,1,0000,00e92ce0,00000000000000000000000000000000,04110411041104120422032203220222,0,"B_IDLE",0,0,0411,0,0,07241d9,acc4acc4,c,8
3701,3701,0,0749676,1,1,1,1,1,0456,0411,0,1,1,0000,00e92ce0,00000000000000000000000000000000,04110411041104120422032203220222,0,"B_IDLE",0,0,0411,0,0,07241d9,acc4acc4,c,8
3702,3702,0,0749676,1,1,4,1,1,0456,0411,0,1,1,0000,00e92ce0,00000000000000000000000000000000,04110411041104120422032203220222,0,"B_IDLE",0,0,0411,0,0,07241d9,acc4acc4,c,8
3703,3703,0,0749676,1,1,3,1,1,0456,0411,0,1,1,0000,00e92ce0,00000000000000000000000000000000,04110411041104120422032203220222,0,"B_IDLE",0,0,0411,0,0,07241d9,acc4acc4,c,8
3704,3704,0,0749676,1,1,3,1,1,0456,0411,0,1,1,0000,00e92ce0,00000000000000000000000000000000,04110411041104120422032203220222,0,"B_IDLE",0,0,0411,0,0,07241d9,acc4acc4,c,8
3705,3705,0,0749676,1,1,1,1,1,0456,0411,0,1,1,0000,00e92ce0,00000000000000000000000000000000,04110411041104120422032203220222,0,"B_IDLE",0,0,0411,0,0,07241d9,acc4acc4,c,8
3706,3706,0,0749676,1,1,4,1,1,0456,0411,0,1,1,0000,00e92ce0,00000000000000000000000000000000,04110411041104120422032203220222,0,"B_IDLE",0,0,0411,0,0,07241d9,acc4acc4,c,8
3707,3707,0,0749676,1,1,3,1,1,0456,0411,0,1,1,0000,00e92ce0,00000000000000000000000000000000,04110411041104120422032203220222,0,"B_IDLE",0,0,0411,0,0,07241d9,acc4acc4,c,8
3708,3708,0,0749676,1,1,3,1,1,0456,0411,0,1,1,0000,00e92ce0,00000000000000000000000000000000,04110411041104120422032203220222,0,"B_IDLE",0,0,0411,0,0,07241d9,acc4acc4,c,8
3709,3709,0,0749676,1,1,1,1,1,0456,0411,0,1,1,0000,00e92ce0,00000000000000000000000000000000,04110411041104120422032203220222,0,"B_IDLE",0,0,0411,0,0,07241d9,acc4acc4,c,8
3710,3710,0,0749676,1,1,4,1,1,0456,0411,0,1,1,0000,00e92ce0,00000000000000000000000000000000,04110411041104120422032203220222,0,"B_IDLE",0,0,0411,0,0,07241d9,acc4acc4,c,8
3711,3711,0,0749676,1,1,3,1,1,0456,0411,0,1,1,0000,00e92ce0,00000000000000000000000000000000,04110411041104120422032203220222,0,"B_IDLE",0,0,0411,0,0,07241d9,acc4acc4,c,8
3712,3712,0,0749676,1,1,3,1,1,0456,0411,0,1,1,0000,00e92ce0,00000000000000000000000000000000,04110411041104120422032203220222,0,"B_IDLE",0,0,0411,0,0,07241d9,acc4acc4,c,8
3713,3713,0,0749676,1,1,1,1,1,0456,0411,0,1,1,0000,00e92ce0,00000000000000000000000000000000,04110411041104120422032203220222,0,"B_IDLE",0,0,0411,0,0,07241d9,acc4acc4,c,8
3714,3714,0,0749676,1,1,4,1,1,0456,0411,0,1,1,0000,00e92ce0,00000000000000000000000000000000,04110411041104120422032203220222,0,"B_IDLE",0,0,0411,0,0,07241d9,acc4acc4,c,8
3715,3715,0,0749676,1,1,3,1,1,0456,0411,0,1,1,0000,00e92ce0,00000000000000000000000000000000,04110411041104120422032203220222,0,"B_IDLE",0,0,0411,0,0,07241d9,acc4acc4,c,8
3716,3716,0,0749676,1,1,3,1,1,0456,0411,0,1,1,0000,00e92ce0,00000000000000000000000000000000,04110411041104120422032203220222,0,"B_IDLE",0,0,0411,0,0,07241d9,acc4acc4,c,8
3717,3717,0,0749676,1,1,1,1,1,0456,0411,0,1,1,0000,00e92ce0,00000000000000000000000000000000,04110411041104120422032203220222,0,"B_IDLE",0,0,0411,0,0,07241d9,acc4acc4,c,8
3718,3718,0,0749676,1,1,4,1,1,0456,0411,0,1,1,0000,00e92ce0,00000000000000000000000000000000,04110411041104120422032203220222,0,"B_IDLE",0,0,0411,0,0,07241d9,acc4acc4,c,8
3719,3719,0,0749676,1,1,3,1,1,0456,0411,0,1,1,0000,00e92ce0,00000000000000000000000000000000,04110411041104120422032203220222,0,"B_IDLE",0,0,0411,0,0,07241d9,acc4acc4,c,8
3720,3720,0,0749676,1,1,3,1,1,0456,0411,0,1,1,0000,00e92ce0,00000000000000000000000000000000,04110411041104120422032203220222,0,"B_IDLE",0,0,0411,0,0,07241d9,acc4acc4,c,8
3721,3721,0,0749676,1,1,1,1,1,0456,0411,0,1,1,0000,00e92ce0,00000000000000000000000000000000,04110411041104120422032203220222,0,"B_IDLE",0,0,0411,0,0,07241d9,acc4acc4,c,8
3722,3722,0,0749676,1,1,4,1,1,0456,0411,0,1,1,0000,00e92ce0,00000000000000000000000000000000,04110411041104120422032203220222,0,"B_IDLE",0,0,0411,0,0,07241d9,acc4acc4,c,8
3723,3723,0,001c9f5,3,1,3,0,0,0411,0411,0,1,1,0000,00e92ce0,00000000000000000000000000000000,04110411041104120422032203220222,0,"B_IDLE",0,0,0411,0,0,07241d9,acc4acc4,c,8
3724,3724,0,001c9f5,3,1,3,0,0,0411,0411,0,1,1,0000,00e92ce0,00000000000000000000000000000000,04110411041104120422032203220222,0,"B_IDLE",0,0,0411,0,0,07241d9,acc4acc4,c,8
3725,3725,0,001c9f5,3,1,1,0,0,0411,0411,0,1,1,0000,00e92ce0,00000000000000000000000000000000,04110411041104120422032203220222,0,"B_IDLE",0,0,0411,0,0,07241d9,acc4acc4,c,8
3726,3726,0,001c9f5,3,1,0,0,0,0411,0411,0,1,1,0000,00e92ce0,00000000000000000000000000000000,04110411041104120422032203220222,0,"B_IDLE",0,0,0411,0,0,07241d9,acc4acc4,c,8
3727,3727,0,001c9f5,3,1,0,0,0,0411,0411,0,1,1,0000,00e92ce0,00000000000000000000000000000000,04110411041104120422032203220222,0,"B_IDLE",0,0,0411,0,0,07241d9,acc4acc4,c,8
3728,3728,0,001c9f5,3,1,0,0,0,0411,0411,0,1,1,0000,00e92ce0,00000000000000000000000000000000,04110411041104120422032203220222,0,"B_IDLE",0,0,0411,0,0,07241d9,acc4acc4,c,8
3729,3729,0,001c9f5,3,1,0,0,0,0411,0411,0,1,1,0000,00e92ce0,00000000000000000000000000000000,04110411041104120422032203220222,0,"B_IDLE",0,0,0411,0,0,07241d9,acc4acc4,c,8
3730,3730,0,001c9f5,3,1,0,0,0,0411,0411,0,1,1,0000,00e92ce0,00000000000000000000000000000000,04110411041104120422032203220222,0,"B_IDLE",0,0,0411,0,0,07241d9,acc4acc4,c,8
3731,3731,0,001c9f5,3,1,0,0,0,0411,0411,0,1,1,0000,00e92ce0,00000000000000000000000000000000,04110411041104120422032203220222,0,"B_IDLE",0,0,0411,0,0,07241d9,acc4acc4,c,8
3732,3732,0,001c9f5,3,1,0,0,0,0411,0411,0,1,1,0000,00e92ce0,00000000000000000000000000000000,04110411041104120422032203220222,0,"B_IDLE",0,0,0411,0,0,07241d9,acc4acc4,c,8
3733,3733,0,001c9f5,3,1,0,0,0,0411,0411,0,1,1,0000,00e92ce0,00000000000000000000000000000000,04110411041104120422032203220222,0,"B_IDLE",0,0,0411,0,0,07241d9,acc4acc4,c,8
3734,3734,0,001c9f5,3,1,0,0,0,0411,0411,0,1,1,0000,00e92ce0,00000000000000000000000000000000,04110411041104120422032203220222,0,"B_IDLE",0,0,0411,0,0,07241d9,acc4acc4,c,8
3735,3735,0,001c9f5,3,1,0,0,0,0411,0411,0,1,1,0000,00e92ce0,00000000000000000000000000000000,04110411041104120422032203220222,0,"B_IDLE",0,0,0411,0,0,07241d9,acc4acc4,c,8
3736,3736,0,001c9f5,3,1,0,0,0,0411,0411,0,1,1,0000,00e92ce0,00000000000000000000000000000000,04110411041104120422032203220222,0,"B_IDLE",0,0,0411,0,0,07241d9,acc4acc4,c,8
3737,3737,0,001c9f5,3,1,0,0,0,0411,0411,0,1,1,0000,00e92ce0,00000000000000000000000000000000,04110411041104120422032203220222,0,"B_IDLE",0,0,0411,0,0,07241d9,acc4acc4,c,8
3738,3738,0,001c9f5,3,1,0,0,0,0411,0411,0,1,1,0000,00e92ce0,00000000000000000000000000000000,04110411041104120422032203220222,0,"B_IDLE",0,0,0411,0,0,07241d9,acc4acc4,c,8
3739,3739,0,001c9f5,3,1,0,0,0,0411,0411,0,1,1,0000,00e92ce0,00000000000000000000000000000000,04110411041104120422032203220222,0,"B_IDLE",0,0,0411,0,0,07241d9,acc4acc4,c,8
3740,3740,0,001c9f5,3,1,0,0,0,0411,0411,0,1,1,0000,00e92ce0,00000000000000000000000000000000,04110411041104120422032203220222,0,"B_IDLE",0,0,0411,0,0,07241d9,acc4acc4,c,8
3741,3741,0,001c9f5,3,1,0,0,0,0411,0411,0,1,1,0000,00e92ce0,00000000000000000000000000000000,04110411041104120422032203220222,0,"B_IDLE",0,0,0411,0,0,07241d9,acc4acc4,c,8
3742,3742,0,001c9f5,3,1,0,0,0,0411,0411,0,1,1,0000,00e92ce0,00000000000000000000000000000000,04110411041104120422032203220222,0,"B_IDLE",0,0,0411,0,0,07241d9,acc4acc4,c,8
3743,3743,0,001c9f5,3,1,0,0,0,0411,0411,0,1,1,0000,00e92ce0,00000000000000000000000000000000,04110411041104120422032203220222,0,"B_IDLE",0,0,0411,0,0,07241d9,acc4acc4,c,8
3744,3744,0,001c9f5,3,1,0,0,0,0411,0411,0,1,1,0000,00e92ce0,00000000000000000000000000000000,04110411041104120422032203220222,0,"B_IDLE",0,0,0411,0,0,07241d9,acc4acc4,c,8
3745,3745,0,001c9f5,3,1,0,0,0,0411,0411,0,1,1,0000,00e92ce0,00000000000000000000000000000000,04110411041104120422032203220222,0,"B_IDLE",0,0,0411,0,0,07241d9,acc4acc4,c,8
3746,3746,0,001c9f5,3,1,0,0,0,0411,0411,0,1,1,0000,00e92ce0,00000000000000000000000000000000,04110411041104120422032203220222,0,"B_IDLE",0,0,0411,0,0,07241d9,acc4acc4,c,8
3747,3747,0,001c9f5,3,1,0,0,0,0411,0411,0,1,1,0000,00e92ce0,00000000000000000000000000000000,04110411041104120422032203220222,0,"B_IDLE",0,0,0411,0,0,07241d9,acc4acc4,c,8
3748,3748,0,001c9f5,3,1,0,0,0,0411,0411,0,1,1,0000,00e92ce0,00000000000000000000000000000000,04110411041104120422032203220222,0,"B_IDLE",0,0,0411,0,0,07241d9,acc4acc4,c,8
3749,3749,0,001c9f5,3,1,0,0,0,0411,0411,0,1,1,0000,00e92ce0,00000000000000000000000000000000,04110411041104120422032203220222,0,"B_IDLE",0,0,0411,0,0,07241d9,acc4acc4,c,8
3750,3750,0,001c9f5,3,1,0,0,0,0411,0411,0,1,1,0000,00e92ce0,00000000000000000000000000000000,04110411041104120422032203220222,0,"B_IDLE",0,0,0411,0,0,07241d9,acc4acc4,c,8
3751,3751,0,001c9f5,3,1,0,0,0,0411,0411,0,1,1,0000,00e92ce0,00000000000000000000000000000000,04110411041104120422032203220222,0,"B_IDLE",0,0,0411,0,0,07241d9,acc4acc4,c,8
3752,3752,0,001c9f5,3,1,0,0,0,0411,0411,0,1,1,0000,00e92ce0,00000000000000000000000000000000,04110411041104120422032203220222,0,"B_IDLE",0,0,0411,0,0,07241d9,acc4acc4,c,8
3753,3753,0,001c9f5,3,1,0,0,0,0411,0411,0,1,1,0000,00e92ce0,00000000000000000000000000000000,04110411041104120422032203220222,0,"B_IDLE",0,0,0411,0,0,07241d9,acc4acc4,c,8
3754,3754,0,001c9f5,3,1,0,0,0,0411,0411,0,1,1,0000,00e92ce0,00000000000000000000000000000000,04110411041104120422032203220222,0,"B_IDLE",0,0,0411,0,0,07241d9,acc4acc4,c,8
3755,3755,0,001c9f5,3,1,0,0,0,0411,0411,0,1,1,0000,00e92ce0,00000000000000000000000000000000,04110411041104120422032203220222,0,"B_IDLE",0,0,0411,0,0,07241d9,acc4acc4,c,8
3756,3756,0,001c9f5,3,1,0,0,0,0411,0411,0,1,1,0000,00e92ce0,00000000000000000000000000000000,04110411041104120422032203220222,0,"B_IDLE",0,0,0411,0,0,07241d9,acc4acc4,c,8
3757,3757,0,001c9f5,3,1,0,0,0,0411,0411,0,1,1,0000,00e92ce0,00000000000000000000000000000000,04110411041104120422032203220222,0,"B_IDLE",0,0,0411,0,0,07241d9,acc4acc4,c,8
3758,3758,0,001c9f5,3,1,0,0,0,0411,0411,0,1,1,0000,00e92ce0,00000000000000000000000000000000,04110411041104120422032203220222,0,"B_IDLE",0,0,0411,0,0,07241d9,acc4acc4,c,8
3759,3759,0,001c9f5,3,1,0,0,0,0411,0411,0,1,1,0000,00e92ce0,00000000000000000000000000000000,04110411041104120422032203220222,0,"B_IDLE",0,0,0411,0,0,07241d9,acc4acc4,c,8
3760,3760,0,001c9f5,3,1,0,0,0,0411,0411,0,1,1,0000,00e92ce0,00000000000000000000000000000000,04110411041104120422032203220222,0,"B_IDLE",0,0,0411,0,0,07241d9,acc4acc4,c,8
3761,3761,0,001c9f5,3,1,0,0,0,0411,0411,0,1,1,0000,00e92ce0,00000000000000000000000000000000,04110411041104120422032203220222,0,"B_IDLE",0,0,0411,0,0,07241d9,acc4acc4,c,8
3762,3762,0,001c9f5,3,1,0,0,0,0411,0411,0,1,1,0000,00e92ce0,00000000000000000000000000000000,04110411041104120422032203220222,0,"B_IDLE",0,0,0411,0,0,07241d9,acc4acc4,c,8
3763,3763,0,001c9f5,3,1,0,0,0,0411,0411,0,1,1,0000,00e92ce0,00000000000000000000000000000000,04110411041104120422032203220222,0,"B_IDLE",0,0,0411,0,0,07241d9,acc4acc4,c,8
3764,3764,0,001c9f5,3,1,0,0,0,0411,0411,0,1,1,0000,00e92ce0,00000000000000000000000000000000,04110411041104120422032203220222,0,"B_IDLE",0,0,0411,0,0,07241d9,acc4acc4,c,8
3765,3765,0,001c9f5,3,1,0,0,0,0411,0411,0,1,1,0000,00e92ce0,00000000000000000000000000000000,04110411041104120422032203220222,0,"B_IDLE",0,0,0411,0,0,07241d9,acc4acc4,c,8
3766,3766,0,001c9f5,3,1,0,0,0,0411,0411,0,1,1,0000,00e92ce0,00000000000000000000000000000000,04110411041104120422032203220222,0,"B_IDLE",0,0,0411,0,0,07241d9,acc4acc4,c,8
3767,3767,0,001c9f5,3,1,0,0,0,0411,0411,0,1,1,0000,00e92ce0,00000000000000000000000000000000,04110411041104120422032203220222,0,"B_IDLE",0,0,0411,0,0,07241d9,acc4acc4,c,8
3768,3768,0,001c9f5,3,1,0,0,0,0411,0411,0,1,1,0000,00e92ce0,00000000000000000000000000000000,04110411041104120422032203220222,0,"B_IDLE",0,0,0411,0,0,07241d9,acc4acc4,c,8
3769,3769,0,001c9f5,3,1,0,0,0,0411,0411,0,1,1,0000,00e92ce0,00000000000000000000000000000000,04110411041104120422032203220222,0,"B_IDLE",0,0,0411,0,0,07241d9,acc4acc4,c,8
3770,3770,0,001c9f5,3,1,0,0,0,0411,0411,0,1,1,0000,00e92ce0,00000000000000000000000000000000,04110411041104120422032203220222,0,"B_IDLE",0,0,0411,0,0,07241d9,acc4acc4,c,8
3771,3771,0,001c9f5,3,1,0,0,0,0411,0411,0,1,1,0000,00e92ce0,00000000000000000000000000000000,04110411041104120422032203220222,0,"B_IDLE",0,0,0411,0,0,07241d9,acc4acc4,c,8
3772,3772,0,001c9f5,3,1,0,0,0,0411,0411,0,1,1,0000,00e92ce0,00000000000000000000000000000000,04110411041104120422032203220222,0,"B_IDLE",0,0,0411,0,0,07241d9,acc4acc4,c,8
3773,3773,0,001c9f5,3,1,0,0,0,0411,0411,0,1,1,0000,00e92ce0,00000000000000000000000000000000,04110411041104120422032203220222,0,"B_IDLE",0,0,0411,0,0,07241d9,acc4acc4,c,8
3774,3774,0,001c9f5,3,1,0,0,0,0411,0411,0,1,1,0000,00e92ce0,00000000000000000000000000000000,04110411041104120422032203220222,0,"B_IDLE",0,0,0411,0,0,07241d9,acc4acc4,c,8
3775,3775,0,001c9f5,3,1,0,0,0,0411,0411,0,1,1,0000,00e92ce0,00000000000000000000000000000000,04110411041104120422032203220222,0,"B_IDLE",0,0,0411,0,0,07241d9,acc4acc4,c,8
3776,3776,0,001c9f5,3,1,0,0,0,0411,0411,0,1,1,0000,00e92ce0,00000000000000000000000000000000,04110411041104120422032203220222,0,"B_IDLE",0,0,0411,0,0,07241d9,acc4acc4,c,8
3777,3777,0,001c9f5,3,1,0,0,0,0411,0411,0,1,1,0000,00e92ce0,00000000000000000000000000000000,04110411041104120422032203220222,0,"B_IDLE",0,0,0411,0,0,07241d9,acc4acc4,c,8
3778,3778,0,001c9f5,3,1,0,0,0,0411,0411,0,1,1,0000,00e92ce0,00000000000000000000000000000000,04110411041104120422032203220222,0,"B_IDLE",0,0,0411,0,0,07241d9,acc4acc4,c,8
3779,3779,0,001c9f5,3,1,0,0,0,0411,0411,0,1,1,0000,00e92ce0,00000000000000000000000000000000,04110411041104120422032203220222,0,"B_IDLE",0,0,0411,0,0,07241d9,acc4acc4,c,8
3780,3780,0,001c9f5,3,1,0,0,0,0411,0411,0,1,1,0000,00e92ce0,00000000000000000000000000000000,04110411041104120422032203220222,0,"B_IDLE",0,0,0411,0,0,07241d9,acc4acc4,c,8
3781,3781,0,001c9f5,3,1,0,0,0,0411,0411,0,1,1,0000,00e92ce0,00000000000000000000000000000000,04110411041104120422032203220222,0,"B_IDLE",0,0,0411,0,0,07241d9,acc4acc4,c,8
3782,3782,0,001c9f5,3,1,0,0,0,0411,0411,0,1,1,0000,00e92ce0,00000000000000000000000000000000,04110411041104120422032203220222,0,"B_IDLE",0,0,0411,0,0,07241d9,acc4acc4,c,8
3783,3783,0,001c9f5,3,1,0,0,0,0411,0411,0,1,1,0000,00e92ce0,00000000000000000000000000000000,04110411041104120422032203220222,0,"B_IDLE",0,0,0411,0,0,07241d9,acc4acc4,c,8
3784,3784,0,001c9f5,3,1,0,0,0,0411,0411,0,1,1,0000,00e92ce0,00000000000000000000000000000000,04110411041104120422032203220222,0,"B_IDLE",0,0,0411,0,0,07241d9,acc4acc4,c,8
3785,3785,0,001c9f5,3,1,0,0,0,0411,0411,0,1,1,0000,00e92ce0,00000000000000000000000000000000,04110411041104120422032203220222,0,"B_IDLE",0,0,0411,0,0,07241d9,acc4acc4,c,8
3786,3786,0,001c9f5,3,1,0,0,0,0411,0411,0,1,1,0000,00e92ce0,00000000000000000000000000000000,04110411041104120422032203220222,0,"B_IDLE",0,0,0411,0,0,07241d9,acc4acc4,c,8
3787,3787,0,001c9f5,3,1,0,0,0,0411,0411,0,1,1,0000,00e92ce0,00000000000000000000000000000000,04110411041104120422032203220222,0,"B_IDLE",0,0,0411,0,0,07241d9,acc4acc4,c,8
3788,3788,0,001c9f5,3,1,0,0,0,0411,0411,0,1,1,0000,00e92ce0,00000000000000000000000000000000,04110411041104120422032203220222,0,"B_IDLE",0,0,0411,0,0,07241d9,acc4acc4,c,8
3789,3789,0,001c9f5,3,1,0,0,0,0411,0411,0,1,1,0000,00e92ce0,00000000000000000000000000000000,04110411041104120422032203220222,0,"B_IDLE",0,0,0411,0,0,07241d9,acc4acc4,c,8
3790,3790,0,001c9f5,3,1,0,0,0,0411,0411,0,1,1,0000,00e92ce0,00000000000000000000000000000000,04110411041104120422032203220222,0,"B_IDLE",0,0,0411,0,0,07241d9,acc4acc4,c,8
3791,3791,0,001c9f5,3,1,0,0,0,0411,0411,0,1,1,0000,00e92ce0,00000000000000000000000000000000,04110411041104120422032203220222,0,"B_IDLE",0,0,0411,0,0,07241d9,acc4acc4,c,8
3792,3792,0,001c9f5,3,1,0,0,0,0411,0411,0,1,1,0000,00e92ce0,00000000000000000000000000000000,04110411041104120422032203220222,0,"B_IDLE",0,0,0411,0,0,07241d9,acc4acc4,c,8
3793,3793,0,001c9f5,3,1,0,0,0,0411,0411,0,1,1,0000,00e92ce0,00000000000000000000000000000000,04110411041104120422032203220222,0,"B_IDLE",0,0,0411,0,0,07241d9,acc4acc4,c,8
3794,3794,0,001c9f5,3,1,0,0,0,0411,0411,0,1,1,0000,00e92ce0,00000000000000000000000000000000,04110411041104120422032203220222,0,"B_IDLE",0,0,0411,0,0,07241d9,acc4acc4,c,8
3795,3795,0,001c9f5,3,1,0,0,0,0411,0411,0,1,1,0000,00e92ce0,00000000000000000000000000000000,04110411041104120422032203220222,0,"B_IDLE",0,0,0411,0,0,07241d9,acc4acc4,c,8
3796,3796,0,001c9f5,3,1,0,0,0,0411,0411,0,1,1,0000,00e92ce0,00000000000000000000000000000000,04110411041104120422032203220222,0,"B_IDLE",0,0,0411,0,0,07241d9,acc4acc4,c,8
3797,3797,0,001c9f5,3,1,0,0,0,0411,0411,0,1,1,0000,00e92ce0,00000000000000000000000000000000,04110411041104120422032203220222,0,"B_IDLE",0,0,0411,0,0,07241d9,acc4acc4,c,8
3798,3798,0,001c9f5,3,1,0,0,0,0411,0411,0,1,1,0000,00e92ce0,00000000000000000000000000000000,04110411041104120422032203220222,0,"B_IDLE",0,0,0411,0,0,07241d9,acc4acc4,c,8
3799,3799,0,001c9f5,3,1,0,0,0,0411,0411,0,1,1,0000,00e92ce0,00000000000000000000000000000000,04110411041104120422032203220222,0,"B_IDLE",0,0,0411,0,0,07241d9,acc4acc4,c,8
3800,3800,0,001c9f5,3,1,0,0,0,0411,0411,0,1,1,0000,00e92ce0,00000000000000000000000000000000,04110411041104120422032203220222,0,"B_IDLE",0,0,0411,0,0,07241d9,acc4acc4,c,8
3801,3801,0,001c9f5,3,1,0,0,0,0411,0411,0,1,1,0000,00e92ce0,00000000000000000000000000000000,04110411041104120422032203220222,0,"B_IDLE",0,0,0411,0,0,07241d9,acc4acc4,c,8
3802,3802,0,001c9f5,3,1,0,0,0,0411,0411,0,1,1,0000,00e92ce0,00000000000000000000000000000000,04110411041104120422032203220222,0,"B_IDLE",0,0,0411,0,0,07241d9,acc4acc4,c,8
3803,3803,0,001c9f5,3,1,0,0,0,0411,0411,0,1,1,0000,00e92ce0,00000000000000000000000000000000,04110411041104120422032203220222,0,"B_IDLE",0,0,0411,0,0,07241d9,acc4acc4,c,8
3804,3804,0,001c9f5,3,1,0,0,0,0411,0411,0,1,1,0000,00e92ce0,00000000000000000000000000000000,04110411041104120422032203220222,0,"B_IDLE",0,0,0411,0,0,07241d9,acc4acc4,c,8
3805,3805,0,001c9f5,3,1,0,0,0,0411,0411,0,1,1,0000,00e92ce0,00000000000000000000000000000000,04110411041104120422032203220222,0,"B_IDLE",0,0,0411,0,0,07241d9,acc4acc4,c,8
3806,3806,0,001c9f5,3,1,0,0,0,0411,0411,0,1,1,0000,00e92ce0,00000000000000000000000000000000,04110411041104120422032203220222,0,"B_IDLE",0,0,0411,0,0,07241d9,acc4acc4,c,8
3807,3807,0,001c9f5,3,1,0,0,0,0411,0411,0,1,1,0000,00e92ce0,00000000000000000000000000000000,04110411041104120422032203220222,0,"B_IDLE",0,0,0411,0,0,07241d9,acc4acc4,c,8
3808,3808,0,001c9f5,3,1,0,0,0,0411,0411,0,1,1,0000,00e92ce0,00000000000000000000000000000000,04110411041104120422032203220222,0,"B_IDLE",0,0,0411,0,0,07241d9,acc4acc4,c,8
3809,3809,0,001c9f5,3,1,0,0,0,0411,0411,0,1,1,0000,00e92ce0,00000000000000000000000000000000,04110411041104120422032203220222,0,"B_IDLE",0,0,0411,0,0,07241d9,acc4acc4,c,8
3810,3810,0,001c9f5,3,1,0,0,0,0411,0411,0,1,1,0000,00e92ce0,00000000000000000000000000000000,04110411041104120422032203220222,0,"B_IDLE",0,0,0411,0,0,07241d9,acc4acc4,c,8
3811,3811,0,001c9f5,3,1,0,0,0,0411,0411,0,1,1,0000,00e92ce0,00000000000000000000000000000000,04110411041104120422032203220222,0,"B_IDLE",0,0,0411,0,0,07241d9,acc4acc4,c,8
3812,3812,0,001c9f5,3,1,0,0,0,0411,0411,0,1,1,0000,00e92ce0,00000000000000000000000000000000,04110411041104120422032203220222,0,"B_IDLE",0,0,0411,0,0,07241d9,acc4acc4,c,8
3813,3813,0,001c9f5,3,1,0,0,0,0411,0411,0,1,1,0000,00e92ce0,00000000000000000000000000000000,04110411041104120422032203220222,0,"B_IDLE",0,0,0411,0,0,07241d9,acc4acc4,c,8
3814,3814,0,001c9f5,3,1,0,0,0,0411,0411,0,1,1,0000,00e92ce0,00000000000000000000000000000000,04110411041104120422032203220222,0,"B_IDLE",0,0,0411,0,0,07241d9,acc4acc4,c,8
3815,3815,0,001c9f5,3,1,0,0,0,0411,0411,0,1,1,0000,00e92ce0,00000000000000000000000000000000,04110411041104120422032203220222,0,"B_IDLE",0,0,0411,0,0,07241d9,acc4acc4,c,8
3816,3816,0,001c9f5,3,1,0,0,0,0411,0411,0,1,1,0000,00e92ce0,00000000000000000000000000000000,04110411041104120422032203220222,0,"B_IDLE",0,0,0411,0,0,07241d9,acc4acc4,c,8
3817,3817,0,001c9f5,3,1,0,0,0,0411,0411,0,1,1,0000,00e92ce0,00000000000000000000000000000000,04110411041104120422032203220222,0,"B_IDLE",0,0,0411,0,0,07241d9,acc4acc4,c,8
3818,3818,0,001c9f5,3,1,0,0,0,0411,0411,0,1,1,0000,00e92ce0,00000000000000000000000000000000,04110411041104120422032203220222,0,"B_IDLE",0,0,0411,0,0,07241d9,acc4acc4,c,8
3819,3819,0,001c9f5,3,1,0,0,0,0411,0411,0,1,1,0000,00e92ce0,00000000000000000000000000000000,04110411041104120422032203220222,0,"B_IDLE",0,0,0411,0,0,07241d9,acc4acc4,c,8
3820,3820,0,001c9f5,3,1,0,0,0,0411,0411,0,1,1,0000,00e92ce0,00000000000000000000000000000000,04110411041104120422032203220222,0,"B_IDLE",0,0,0411,0,0,07241d9,acc4acc4,c,8
3821,3821,0,001c9f5,3,1,0,0,0,0411,0411,0,1,1,0000,00e92ce0,00000000000000000000000000000000,04110411041104120422032203220222,0,"B_IDLE",0,0,0411,0,0,07241d9,acc4acc4,c,8
3822,3822,0,001c9f5,3,1,0,0,0,0411,0411,0,1,1,0000,00e92ce0,00000000000000000000000000000000,04110411041104120422032203220222,0,"B_IDLE",0,0,0411,0,0,07241d9,acc4acc4,c,8
3823,3823,0,001c9f5,3,1,0,0,0,0411,0411,0,1,1,0000,00e92ce0,00000000000000000000000000000000,04110411041104120422032203220222,0,"B_IDLE",0,0,0411,0,0,07241d9,acc4acc4,c,8
3824,3824,0,001c9f5,3,1,0,0,0,0411,0411,0,1,1,0000,00e92ce0,00000000000000000000000000000000,04110411041104120422032203220222,0,"B_IDLE",0,0,0411,0,0,07241d9,acc4acc4,c,8
3825,3825,0,001c9f5,3,1,0,0,0,0411,0411,0,1,1,0000,00e92ce0,00000000000000000000000000000000,04110411041104120422032203220222,0,"B_IDLE",0,0,0411,0,0,07241d9,acc4acc4,c,8
3826,3826,0,001c9f5,3,1,0,0,0,0411,0411,0,1,1,0000,00e92ce0,00000000000000000000000000000000,04110411041104120422032203220222,0,"B_IDLE",0,0,0411,0,0,07241d9,acc4acc4,c,8
3827,3827,0,001c9f5,3,1,0,0,0,0411,0411,0,1,1,0000,00e92ce0,00000000000000000000000000000000,04110411041104120422032203220222,0,"B_IDLE",0,0,0411,0,0,07241d9,acc4acc4,c,8
3828,3828,0,001c9f5,3,1,0,0,0,0411,0411,0,1,1,0000,00e92ce0,00000000000000000000000000000000,04110411041104120422032203220222,0,"B_IDLE",0,0,0411,0,0,07241d9,acc4acc4,c,8
3829,3829,0,001c9f5,3,1,0,0,0,0411,0411,0,1,1,0000,00e92ce0,00000000000000000000000000000000,04110411041104120422032203220222,0,"B_IDLE",0,0,0411,0,0,07241d9,acc4acc4,c,8
3830,3830,0,001c9f5,3,1,0,0,0,0411,0411,0,1,1,0000,00e92ce0,00000000000000000000000000000000,04110411041104120422032203220222,0,"B_IDLE",0,0,0411,0,0,07241d9,acc4acc4,c,8
3831,3831,0,001c9f5,3,1,0,0,0,0411,0411,0,1,1,0000,00e92ce0,00000000000000000000000000000000,04110411041104120422032203220222,0,"B_IDLE",0,0,0411,0,0,07241d9,acc4acc4,c,8
3832,3832,0,001c9f5,3,1,0,0,0,0411,0411,0,1,1,0000,00e92ce0,00000000000000000000000000000000,04110411041104120422032203220222,0,"B_IDLE",0,0,0411,0,0,07241d9,acc4acc4,c,8
3833,3833,0,001c9f5,3,1,0,0,0,0411,0411,0,1,1,0000,00e92ce0,00000000000000000000000000000000,04110411041104120422032203220222,0,"B_IDLE",0,0,0411,0,0,07241d9,acc4acc4,c,8
3834,3834,0,001c9f5,3,1,0,0,0,0411,0411,0,1,1,0000,00e92ce0,00000000000000000000000000000000,04110411041104120422032203220222,0,"B_IDLE",0,0,0411,0,0,07241d9,acc4acc4,c,8
3835,3835,0,001c9f5,3,1,0,0,0,0411,0411,0,1,1,0000,00e92ce0,00000000000000000000000000000000,04110411041104120422032203220222,0,"B_IDLE",0,0,0411,0,0,07241d9,acc4acc4,c,8
3836,3836,0,001c9f5,3,1,0,0,0,0411,0411,0,1,1,0000,00e92ce0,00000000000000000000000000000000,04110411041104120422032203220222,0,"B_IDLE",0,0,0411,0,0,07241d9,acc4acc4,c,8
3837,3837,0,001c9f5,3,1,0,0,0,0411,0411,0,1,1,0000,00e92ce0,00000000000000000000000000000000,04110411041104120422032203220222,0,"B_IDLE",0,0,0411,0,0,07241d9,acc4acc4,c,8
3838,3838,0,001c9f5,3,1,0,0,0,0411,0411,0,1,1,0000,00e92ce0,00000000000000000000000000000000,04110411041104120422032203220222,0,"B_IDLE",0,0,0411,0,0,07241d9,acc4acc4,c,8
3839,3839,0,001c9f5,3,1,0,0,0,0411,0411,0,1,1,0000,00e92ce0,00000000000000000000000000000000,04110411041104120422032203220222,0,"B_IDLE",0,0,0411,0,0,07241d9,acc4acc4,c,8
3840,3840,0,001c9f5,3,1,0,0,0,0411,0411,0,1,1,0000,00e92ce0,00000000000000000000000000000000,04110411041104120422032203220222,0,"B_IDLE",0,0,0411,0,0,07241d9,acc4acc4,c,8
3841,3841,0,001c9f5,3,1,0,0,0,0411,0411,0,1,1,0000,00e92ce0,00000000000000000000000000000000,04110411041104120422032203220222,0,"B_IDLE",0,0,0411,0,0,07241d9,acc4acc4,c,8
3842,3842,0,001c9f5,3,1,0,0,0,0411,0411,0,1,1,0000,00e92ce0,00000000000000000000000000000000,04110411041104120422032203220222,0,"B_IDLE",0,0,0411,0,0,07241d9,acc4acc4,c,8
3843,3843,0,001c9f5,3,1,0,0,0,0411,0411,0,1,1,0000,00e92ce0,00000000000000000000000000000000,04110411041104120422032203220222,0,"B_IDLE",0,0,0411,0,0,07241d9,acc4acc4,c,8
3844,3844,0,001c9f5,3,1,0,0,0,0411,0411,0,1,1,0000,00e92ce0,00000000000000000000000000000000,04110411041104120422032203220222,0,"B_IDLE",0,0,0411,0,0,07241d9,acc4acc4,c,8
3845,3845,0,001c9f5,3,1,0,0,0,0411,0411,0,1,1,0000,00e92ce0,00000000000000000000000000000000,04110411041104120422032203220222,0,"B_IDLE",0,0,0411,0,0,07241d9,acc4acc4,c,8
3846,3846,0,001c9f5,3,1,0,0,0,0411,0411,0,1,1,0000,00e92ce0,00000000000000000000000000000000,04110411041104120422032203220222,0,"B_IDLE",0,0,0411,0,0,07241d9,acc4acc4,c,8
3847,3847,0,001c9f5,3,1,0,0,0,0411,0411,0,1,1,0000,00e92ce0,00000000000000000000000000000000,04110411041104120422032203220222,0,"B_IDLE",0,0,0411,0,0,07241d9,acc4acc4,c,8
3848,3848,0,001c9f5,3,1,0,0,0,0411,0411,0,1,1,0000,00e92ce0,00000000000000000000000000000000,04110411041104120422032203220222,0,"B_IDLE",0,0,0411,0,0,07241d9,acc4acc4,c,8
3849,3849,0,001c9f5,3,1,0,0,0,0411,0411,0,1,1,0000,00e92ce0,00000000000000000000000000000000,04110411041104120422032203220222,0,"B_IDLE",0,0,0411,0,0,07241d9,acc4acc4,c,8
3850,3850,0,001c9f5,3,1,0,0,0,0411,0411,0,1,1,0000,00e92ce0,00000000000000000000000000000000,04110411041104120422032203220222,0,"B_IDLE",0,0,0411,0,0,07241d9,acc4acc4,c,8
3851,3851,0,001c9f5,3,1,0,0,0,0411,0411,0,1,1,0000,00e92ce0,00000000000000000000000000000000,04110411041104120422032203220222,0,"B_IDLE",0,0,0411,0,0,07241d9,acc4acc4,c,8
3852,3852,0,001c9f5,3,1,0,0,0,0411,0411,0,1,1,0000,00e92ce0,00000000000000000000000000000000,04110411041104120422032203220222,0,"B_IDLE",0,0,0411,0,0,07241d9,acc4acc4,c,8
3853,3853,0,001c9f5,3,1,0,0,0,0411,0411,0,1,1,0000,00e92ce0,00000000000000000000000000000000,04110411041104120422032203220222,0,"B_IDLE",0,0,0411,0,0,07241d9,acc4acc4,c,8
3854,3854,0,001c9f5,3,1,0,0,0,0411,0411,0,1,1,0000,00e92ce0,00000000000000000000000000000000,04110411041104120422032203220222,0,"B_IDLE",0,0,0411,0,0,07241d9,acc4acc4,c,8
3855,3855,0,001c9f5,3,1,0,0,0,0411,0411,0,1,1,0000,00e92ce0,00000000000000000000000000000000,04110411041104120422032203220222,0,"B_IDLE",0,0,0411,0,0,07241d9,acc4acc4,c,8
3856,3856,0,001c9f5,3,1,0,0,0,0411,0411,0,1,1,0000,00e92ce0,00000000000000000000000000000000,04110411041104120422032203220222,0,"B_IDLE",0,0,0411,0,0,07241d9,acc4acc4,c,8
3857,3857,0,001c9f5,3,1,0,0,0,0411,0411,0,1,1,0000,00e92ce0,00000000000000000000000000000000,04110411041104120422032203220222,0,"B_IDLE",0,0,0411,0,0,07241d9,acc4acc4,c,8
3858,3858,0,001c9f5,3,1,0,0,0,0411,0411,0,1,1,0000,00e92ce0,00000000000000000000000000000000,04110411041104120422032203220222,0,"B_IDLE",0,0,0411,0,0,07241d9,acc4acc4,c,8
3859,3859,0,001c9f5,3,1,0,0,0,0411,0411,0,1,1,0000,00e92ce0,00000000000000000000000000000000,04110411041104120422032203220222,0,"B_IDLE",0,0,0411,0,0,07241d9,acc4acc4,c,8
3860,3860,0,001c9f5,3,1,0,0,0,0411,0411,0,1,1,0000,00e92ce0,00000000000000000000000000000000,04110411041104120422032203220222,0,"B_IDLE",0,0,0411,0,0,07241d9,acc4acc4,c,8
3861,3861,0,001c9f5,3,1,0,0,0,0411,0411,0,1,1,0000,00e92ce0,00000000000000000000000000000000,04110411041104120422032203220222,0,"B_IDLE",0,0,0411,0,0,07241d9,acc4acc4,c,8
3862,3862,0,001c9f5,3,1,0,0,0,0411,0411,0,1,1,0000,00e92ce0,00000000000000000000000000000000,04110411041104120422032203220222,0,"B_IDLE",0,0,0411,0,0,07241d9,acc4acc4,c,8
3863,3863,0,001c9f5,3,1,0,0,0,0411,0411,0,1,1,0000,00e92ce0,00000000000000000000000000000000,04110411041104120422032203220222,0,"B_IDLE",0,0,0411,0,0,07241d9,acc4acc4,c,8
3864,3864,0,001c9f5,3,1,0,0,0,0411,0411,0,1,1,0000,00e92ce0,00000000000000000000000000000000,04110411041104120422032203220222,0,"B_IDLE",0,0,0411,0,0,07241d9,acc4acc4,c,8
3865,3865,0,001c9f5,3,1,0,0,0,0411,0411,0,1,1,0000,00e92ce0,00000000000000000000000000000000,04110411041104120422032203220222,0,"B_IDLE",0,0,0411,0,0,07241d9,acc4acc4,c,8
3866,3866,0,001c9f5,3,1,4,0,0,0411,0411,0,1,1,0000,00e92ce0,00000000000000000000000000000000,04110411041104120422032203220222,0,"B_IDLE",0,0,0411,0,0,07241d9,acc4acc4,c,8
3867,3867,0,001c9f5,1,1,3,1,1,0411,0411,0,1,1,0000,00e92ce0,00000000000000000000000000000000,04110411041104120422032203220222,0,"B_IDLE",0,0,0411,0,0,07241d9,acc4acc4,c,8
3868,3868,0,001c9f5,1,1,3,1,1,0411,0411,0,1,1,0000,00e92ce0,00000000000000000000000000000000,04110411041104120422032203220222,0,"B_IDLE",0,0,0411,0,0,07241d9,acc4acc4,c,8
3869,3869,0,001c9f5,1,1,1,1,1,0411,0411,0,1,1,0000,00e92ce0,00000000000000000000000000000000,04110411041104120422032203220222,0,"B_IDLE",0,0,0411,0,0,07241d9,acc4acc4,c,8
3870,3870,0,001c9f5,1,1,4,1,1,0411,0411,0,1,1,0000,00e92ce0,00000000000000000000000000000000,04110411041104120422032203220222,0,"B_IDLE",0,0,0411,0,0,07241d9,acc4acc4,c,8
3871,3871,0,001c9f5,1,1,3,1,1,0411,0411,0,1,1,0000,00e92ce0,00000000000000000000000000000000,04110411041104120422032203220222,0,"B_IDLE",0,0,0411,0,0,07241d9,acc4acc4,c,8
3872,3872,0,001c9f5,1,1,3,1,1,0411,0411,0,1,1,0000,00e92ce0,00000000000000000000000000000000,04110411041104120422032203220222,0,"B_IDLE",0,0,0411,0,0,07241d9,acc4acc4,c,8
3873,3873,0,001c9f5,1,1,1,1,1,0411,0411,0,1,1,0000,00e92ce0,00000000000000000000000000000000,04110411041104120422032203220222,0,"B_IDLE",0,0,0411,0,0,07241d9,acc4acc4,c,8
3874,3874,0,001c9f5,1,1,4,1,1,0411,0411,0,1,1,0000,00e92ce0,00000000000000000000000000000000,04110411041104120422032203220222,0,"B_IDLE",0,0,0411,0,0,07241d9,acc4acc4,c,8
3875,3875,0,001c9f5,1,1,3,1,1,0411,0411,0,1,1,0000,00e92ce0,00000000000000000000000000000000,04110411041104120422032203220222,0,"B_IDLE",0,0,0411,0,0,07241d9,acc4acc4,c,8
3876,3876,0,001c9f5,1,1,3,1,1,0411,0411,0,1,1,0000,00e92ce0,00000000000000000000000000000000,04110411041104120422032203220222,0,"B_IDLE",0,0,0411,0,0,07241d9,acc4acc4,c,8
3877,3877,0,001c9f5,1,1,1,1,1,0411,0411,0,1,1,0000,00e92ce0,00000000000000000000000000000000,04110411041104120422032203220222,0,"B_IDLE",0,0,0411,0,0,07241d9,acc4acc4,c,8
3878,3878,0,001c9f5,1,1,4,1,1,0411,0411,0,1,1,0000,00e92ce0,00000000000000000000000000000000,04110411041104120422032203220222,0,"B_IDLE",0,0,0411,0,0,07241d9,acc4acc4,c,8
3879,3879,0,001c9f5,1,1,3,1,1,0411,0411,0,1,1,0000,00e92ce0,00000000000000000000000000000000,04110411041104120422032203220222,0,"B_IDLE",0,0,0411,0,0,07241d9,acc4acc4,c,8
3880,3880,0,001c9f5,1,1,3,1,1,0411,0411,0,1,1,0000,00e92ce0,00000000000000000000000000000000,04110411041104120422032203220222,0,"B_IDLE",0,0,0411,0,0,07241d9,acc4acc4,c,8
3881,3881,0,001c9f5,1,1,1,1,1,0411,0411,0,1,1,0000,00e92ce0,00000000000000000000000000000000,04110411041104120422032203220222,0,"B_IDLE",0,0,0411,0,0,07241d9,acc4acc4,c,8
3882,3882,0,001c9f5,1,1,4,1,1,0411,0411,0,1,1,0000,00e92ce0,00000000000000000000000000000000,04110411041104120422032203220222,0,"B_IDLE",0,0,0411,0,0,07241d9,acc4acc4,c,8
3883,3883,0,001c9f5,1,1,3,1,1,0411,0411,0,1,1,0000,00e92ce0,00000000000000000000000000000000,04110411041104120422032203220222,0,"B_IDLE",0,0,0411,0,0,07241d9,acc4acc4,c,8
3884,3884,0,001c9f5,1,1,3,1,1,0411,0411,0,1,1,0000,00e92ce0,00000000000000000000000000000000,04110411041104120422032203220222,0,"B_IDLE",0,0,0411,0,0,07241d9,acc4acc4,c,8
3885,3885,0,001c9f5,1,1,1,1,1,0411,0411,0,1,1,0000,00e92ce0,00000000000000000000000000000000,04110411041104120422032203220222,0,"B_IDLE",0,0,0411,0,0,07241d9,acc4acc4,c,8
3886,3886,0,001c9f5,1,1,4,1,1,0411,0411,0,1,1,0000,00e92ce0,00000000000000000000000000000000,04110411041104120422032203220222,0,"B_IDLE",0,0,0411,0,0,07241d9,acc4acc4,c,8
3887,3887,0,001c9f5,1,1,3,1,1,0411,0411,0,1,1,0000,00e92ce0,00000000000000000000000000000000,04110411041104120422032203220222,0,"B_IDLE",0,0,0411,0,0,07241d9,acc4acc4,c,8
3888,3888,0,001c9f5,1,1,3,1,1,0411,0411,0,1,1,0000,00e92ce0,00000000000000000000000000000000,04110411041104120422032203220222,0,"B_IDLE",0,0,0411,0,0,07241d9,acc4acc4,c,8
3889,3889,0,001c9f5,1,1,1,1,1,0411,0411,0,1,1,0000,00e92ce0,00000000000000000000000000000000,04110411041104120422032203220222,0,"B_IDLE",0,0,0411,0,0,07241d9,acc4acc4,c,8
3890,3890,0,001c9f5,1,1,4,1,1,0411,0411,0,1,1,0000,00e92ce0,00000000000000000000000000000000,04110411041104120422032203220222,0,"B_IDLE",0,0,0411,0,0,07241d9,acc4acc4,c,8
3891,3891,0,001c9f5,1,1,3,1,1,0411,0411,0,1,1,0000,00e92ce0,00000000000000000000000000000000,04110411041104120422032203220222,0,"B_IDLE",0,0,0411,0,0,07241d9,acc4acc4,c,8
3892,3892,0,001c9f5,1,1,3,1,1,0411,0411,0,1,1,0000,00e92ce0,00000000000000000000000000000000,04110411041104120422032203220222,0,"B_IDLE",0,0,0411,0,0,07241d9,acc4acc4,c,8
3893,3893,0,001c9f5,1,1,1,1,1,0411,0411,0,1,1,0000,00e92ce0,00000000000000000000000000000000,04110411041104120422032203220222,0,"B_IDLE",0,0,0411,0,0,07241d9,acc4acc4,c,8
3894,3894,0,001c9f5,1,1,4,1,1,0411,0411,0,1,1,0000,00e92ce0,00000000000000000000000000000000,04110411041104120422032203220222,0,"B_IDLE",0,0,0411,0,0,07241d9,acc4acc4,c,8
3895,3895,0,001c9f5,1,1,3,1,1,0411,0411,0,1,1,0000,00e92ce0,00000000000000000000000000000000,04110411041104120422032203220222,0,"B_IDLE",0,0,0411,0,0,07241d9,acc4acc4,c,8
3896,3896,0,001c9f5,1,1,3,1,1,0411,0411,0,1,1,0000,00e92ce0,00000000000000000000000000000000,04110411041104120422032203220222,0,"B_IDLE",0,0,0411,0,0,07241d9,acc4acc4,c,8
3897,3897,0,001c9f5,1,1,1,1,1,0411,0411,0,1,1,0000,00e92ce0,00000000000000000000000000000000,04110411041104120422032203220222,0,"B_IDLE",0,0,0411,0,0,07241d9,acc4acc4,c,8
3898,3898,0,001c9f5,1,1,4,1,1,0411,0411,0,1,1,0000,00e92ce0,00000000000000000000000000000000,04110411041104120422032203220222,0,"B_IDLE",0,0,0411,0,0,07241d9,acc4acc4,c,8
3899,3899,0,001c9f5,1,1,3,1,1,0411,0411,0,1,1,0000,00e92ce0,00000000000000000000000000000000,04110411041104120422032203220222,0,"B_IDLE",0,0,0411,0,0,07241d9,acc4acc4,c,8
3900,3900,0,001c9f5,1,1,3,1,1,0411,0411,0,1,1,0000,00e92ce0,00000000000000000000000000000000,04110411041104120422032203220222,0,"B_IDLE",0,0,0411,0,0,07241d9,acc4acc4,c,8
3901,3901,0,001c9f5,1,1,1,1,1,0411,0411,0,1,1,0000,00e92ce0,00000000000000000000000000000000,04110411041104120422032203220222,0,"B_IDLE",0,0,0411,0,0,07241d9,acc4acc4,c,8
3902,3902,0,001c9f5,1,1,4,1,1,0411,0411,0,1,1,0000,00e92ce0,00000000000000000000000000000000,04110411041104120422032203220222,0,"B_IDLE",0,0,0411,0,0,07241d9,acc4acc4,c,8
3903,3903,0,001c9f5,1,1,3,1,1,0411,0411,0,1,1,0000,00e92ce0,00000000000000000000000000000000,04110411041104120422032203220222,0,"B_IDLE",0,0,0411,0,0,07241d9,acc4acc4,c,8
3904,3904,0,001c9f5,1,1,3,1,1,0411,0411,0,1,1,0000,00e92ce0,00000000000000000000000000000000,04110411041104120422032203220222,0,"B_IDLE",0,0,0411,0,0,07241d9,acc4acc4,c,8
3905,3905,0,001c9f5,1,1,1,1,1,0411,0411,0,1,1,0000,00e92ce0,00000000000000000000000000000000,04110411041104120422032203220222,0,"B_IDLE",0,0,0411,0,0,07241d9,acc4acc4,c,8
3906,3906,0,001c9f5,1,1,4,1,1,0411,0411,0,1,1,0000,00e92ce0,00000000000000000000000000000000,04110411041104120422032203220222,0,"B_IDLE",0,0,0411,0,0,07241d9,acc4acc4,c,8
3907,3907,0,001c9f5,1,1,3,1,1,0411,0411,0,1,1,0000,00e92ce0,00000000000000000000000000000000,04110411041104120422032203220222,0,"B_IDLE",0,0,0411,0,0,07241d9,acc4acc4,c,8
3908,3908,0,001c9f5,1,1,3,1,1,0411,0411,0,1,1,0000,00e92ce0,00000000000000000000000000000000,04110411041104120422032203220222,0,"B_IDLE",0,0,0411,0,0,07241d9,acc4acc4,c,8
3909,3909,0,001c9f5,1,1,1,1,1,0411,0411,0,1,1,0000,00e92ce0,00000000000000000000000000000000,04110411041104120422032203220222,0,"B_IDLE",0,0,0411,0,0,07241d9,acc4acc4,c,8
3910,3910,0,001c9f5,1,1,4,1,1,0411,0411,0,1,1,0000,00e92ce0,00000000000000000000000000000000,04110411041104120422032203220222,0,"B_IDLE",0,0,0411,0,0,07241d9,acc4acc4,c,8
3911,3911,0,001c9f5,1,1,3,1,1,0411,0411,0,1,1,0000,00e92ce0,00000000000000000000000000000000,04110411041104120422032203220222,0,"B_IDLE",0,0,0411,0,0,07241d9,acc4acc4,c,8
3912,3912,0,001c9f5,1,1,3,1,1,0411,0411,0,1,1,0000,00e92ce0,00000000000000000000000000000000,04110411041104120422032203220222,0,"B_IDLE",0,0,0411,0,0,07241d9,acc4acc4,c,8
3913,3913,0,001c9f5,1,1,1,1,1,0411,0411,0,1,1,0000,00e92ce0,00000000000000000000000000000000,04110411041104120422032203220222,0,"B_IDLE",0,0,0411,0,0,07241d9,acc4acc4,c,8
3914,3914,0,001c9f5,1,1,4,1,1,0411,0411,0,1,1,0000,00e92ce0,00000000000000000000000000000000,04110411041104120422032203220222,0,"B_IDLE",0,0,0411,0,0,07241d9,acc4acc4,c,8
3915,3915,0,001c9f5,1,1,3,1,1,0411,0411,0,1,1,0000,00e92ce0,00000000000000000000000000000000,04110411041104120422032203220222,0,"B_IDLE",0,0,0411,0,0,07241d9,acc4acc4,c,8
3916,3916,0,001c9f5,1,1,3,1,1,0411,0411,0,1,1,0000,00e92ce0,00000000000000000000000000000000,04110411041104120422032203220222,0,"B_IDLE",0,0,0411,0,0,07241d9,acc4acc4,c,8
3917,3917,0,001c9f5,1,1,1,1,1,0411,0411,0,1,1,0000,00e92ce0,00000000000000000000000000000000,04110411041104120422032203220222,0,"B_IDLE",0,0,0411,0,0,07241d9,acc4acc4,c,8
3918,3918,0,001c9f5,1,1,4,1,1,0411,0411,0,1,1,0000,00e92ce0,00000000000000000000000000000000,04110411041104120422032203220222,0,"B_IDLE",0,0,0411,0,0,07241d9,acc4acc4,c,8
3919,3919,0,001c9f5,1,1,3,1,1,0411,0411,0,1,1,0000,00e92ce0,00000000000000000000000000000000,04110411041104120422032203220222,0,"B_IDLE",0,0,0411,0,0,07241d9,acc4acc4,c,8
3920,3920,0,001c9f5,1,1,3,1,1,0411,0411,0,1,1,0000,00e92ce0,00000000000000000000000000000000,04110411041104120422032203220222,0,"B_IDLE",0,0,0411,0,0,07241d9,acc4acc4,c,8
3921,3921,0,001c9f5,1,1,1,1,1,0411,0411,0,1,1,0000,00e92ce0,00000000000000000000000000000000,04110411041104120422032203220222,0,"B_IDLE",0,0,0411,0,0,07241d9,acc4acc4,c,8
3922,3922,0,001c9f5,1,1,4,1,1,0411,0411,0,1,1,0000,00e92ce0,00000000000000000000000000000000,04110411041104120422032203220222,0,"B_IDLE",0,0,0411,0,0,07241d9,acc4acc4,c,8
3923,3923,0,001c9f5,1,1,3,1,1,0411,0411,0,1,1,0000,00e92ce0,00000000000000000000000000000000,04110411041104120422032203220222,0,"B_IDLE",0,0,0411,0,0,07241d9,acc4acc4,c,8
3924,3924,0,001c9f5,1,1,3,1,1,0411,0411,0,1,1,0000,00e92ce0,00000000000000000000000000000000,04110411041104120422032203220222,0,"B_IDLE",0,0,0411,0,0,07241d9,acc4acc4,c,8
3925,3925,0,001c9f5,1,1,1,1,1,0411,0411,0,1,1,0000,00e92ce0,00000000000000000000000000000000,04110411041104120422032203220222,0,"B_IDLE",0,0,0411,0,0,07241d9,acc4acc4,c,8
3926,3926,0,001c9f5,1,1,4,1,1,0411,0411,0,1,1,0000,00e92ce0,00000000000000000000000000000000,04110411041104120422032203220222,0,"B_IDLE",0,0,0411,0,0,07241d9,acc4acc4,c,8
3927,3927,0,001c9f5,1,1,3,1,1,0411,0411,0,1,1,0000,00e92ce0,00000000000000000000000000000000,04110411041104120422032203220222,0,"B_IDLE",0,0,0411,0,0,07241d9,acc4acc4,c,8
3928,3928,0,001c9f5,1,1,3,1,1,0411,0411,0,1,1,0000,00e92ce0,00000000000000000000000000000000,04110411041104120422032203220222,0,"B_IDLE",0,0,0411,0,0,07241d9,acc4acc4,c,8
3929,3929,0,001c9f5,1,1,1,1,1,0411,0411,0,1,1,0000,00e92ce0,00000000000000000000000000000000,04110411041104120422032203220222,0,"B_IDLE",0,0,0411,0,0,07241d9,acc4acc4,c,8
3930,3930,0,001c9f5,1,1,4,1,1,0411,0411,0,1,1,0000,00e92ce0,00000000000000000000000000000000,04110411041104120422032203220222,0,"B_IDLE",0,0,0411,0,0,07241d9,acc4acc4,c,8
3931,3931,0,001c9f5,1,1,3,1,1,0411,0411,0,1,1,0000,00e92ce0,00000000000000000000000000000000,04110411041104120422032203220222,0,"B_IDLE",0,0,0411,0,0,07241d9,acc4acc4,c,8
3932,3932,0,001c9f5,1,1,3,1,1,0411,0411,0,1,1,0000,00e92ce0,00000000000000000000000000000000,04110411041104120422032203220222,0,"B_IDLE",0,0,0411,0,0,07241d9,acc4acc4,c,8
3933,3933,0,001c9f5,1,1,1,1,1,0411,0411,0,1,1,0000,00e92ce0,00000000000000000000000000000000,04110411041104120422032203220222,0,"B_IDLE",0,0,0411,0,0,07241d9,acc4acc4,c,8
3934,3934,0,001c9f5,1,1,4,1,1,0411,0411,0,1,1,0000,00e92ce0,00000000000000000000000000000000,04110411041104120422032203220222,0,"B_IDLE",0,0,0411,0,0,07241d9,acc4acc4,c,8
3935,3935,0,001c9f5,1,1,3,1,1,0411,0411,0,1,1,0000,00e92ce0,00000000000000000000000000000000,04110411041104120422032203220222,0,"B_IDLE",0,0,0411,0,0,07241d9,acc4acc4,c,8
3936,3936,0,001c9f5,1,1,3,1,1,0411,0411,0,1,1,0000,00e92ce0,00000000000000000000000000000000,04110411041104120422032203220222,0,"B_IDLE",0,0,0411,0,0,07241d9,acc4acc4,c,8
3937,3937,0,001c9f5,1,1,1,1,1,0411,0411,0,1,1,0000,00e92ce0,00000000000000000000000000000000,04110411041104120422032203220222,0,"B_IDLE",0,0,0411,0,0,07241d9,acc4acc4,c,8
3938,3938,0,001c9f5,1,1,4,1,1,0411,0411,0,1,1,0000,00e92ce0,00000000000000000000000000000000,04110411041104120422032203220222,0,"B_IDLE",0,0,0411,0,0,07241d9,acc4acc4,c,8
3939,3939,0,001c9f5,1,1,3,1,1,0411,0411,0,1,1,0000,00e92ce0,00000000000000000000000000000000,04110411041104120422032203220222,0,"B_IDLE",0,0,0411,0,0,07241d9,acc4acc4,c,8
3940,3940,0,001c9f5,1,1,3,1,1,0411,0411,0,1,1,0000,00e92ce0,00000000000000000000000000000000,04110411041104120422032203220222,0,"B_IDLE",0,0,0411,0,0,07241d9,acc4acc4,c,8
3941,3941,0,001c9f5,1,1,1,1,1,0411,0411,0,1,1,0000,00e92ce0,00000000000000000000000000000000,04110411041104120422032203220222,0,"B_IDLE",0,0,0411,0,0,07241d9,acc4acc4,c,8
3942,3942,0,001c9f5,1,1,4,1,1,0411,0411,0,1,1,0000,00e92ce0,00000000000000000000000000000000,04110411041104120422032203220222,0,"B_IDLE",0,0,0411,0,0,07241d9,acc4acc4,c,8
3943,3943,0,001c9f5,1,1,3,1,1,0411,0411,0,1,1,0000,00e92ce0,00000000000000000000000000000000,04110411041104120422032203220222,0,"B_IDLE",0,0,0411,0,0,07241d9,acc4acc4,c,8
3944,3944,0,001c9f5,1,1,3,1,1,0411,0411,0,1,1,0000,00e92ce0,00000000000000000000000000000000,04110411041104120422032203220222,0,"B_IDLE",0,0,0411,0,0,07241d9,acc4acc4,c,8
3945,3945,0,001c9f5,1,1,1,1,1,0411,0411,0,1,1,0000,00e92ce0,00000000000000000000000000000000,04110411041104120422032203220222,0,"B_IDLE",0,0,0411,0,0,07241d9,acc4acc4,c,8
3946,3946,0,001c9f5,1,1,4,1,1,0411,0411,0,1,1,0000,00e92ce0,00000000000000000000000000000000,04110411041104120422032203220222,0,"B_IDLE",0,0,0411,0,0,07241d9,acc4acc4,c,8
3947,3947,0,001c9f5,1,1,3,1,1,0411,0411,0,1,1,0000,00e92ce0,00000000000000000000000000000000,04110411041104120422032203220222,0,"B_IDLE",0,0,0411,0,0,07241d9,acc4acc4,c,8
3948,3948,0,001c9f5,1,1,3,1,1,0411,0411,0,1,1,0000,00e92ce0,00000000000000000000000000000000,04110411041104120422032203220222,0,"B_IDLE",0,0,0411,0,0,07241d9,acc4acc4,c,8
3949,3949,0,001c9f5,1,1,1,1,1,0411,0411,0,1,1,0000,00e92ce0,00000000000000000000000000000000,04110411041104120422032203220222,0,"B_IDLE",0,0,0411,0,0,07241d9,acc4acc4,c,8
3950,3950,0,001c9f5,1,1,4,1,1,0411,0411,0,1,1,0000,00e92ce0,00000000000000000000000000000000,04110411041104120422032203220222,0,"B_IDLE",0,0,0411,0,0,07241d9,acc4acc4,c,8
3951,3951,0,001c9f5,1,1,3,1,1,0411,0411,0,1,1,0000,00e92ce0,00000000000000000000000000000000,04110411041104120422032203220222,0,"B_IDLE",0,0,0411,0,0,07241d9,acc4acc4,c,8
3952,3952,0,001c9f5,1,1,3,1,1,0411,0411,0,1,1,0000,00e92ce0,00000000000000000000000000000000,04110411041104120422032203220222,0,"B_IDLE",0,0,0411,0,0,07241d9,acc4acc4,c,8
3953,3953,0,001c9f5,1,1,1,1,1,0411,0411,0,1,1,0000,00e92ce0,00000000000000000000000000000000,04110411041104120422032203220222,0,"B_IDLE",0,0,0411,0,0,07241d9,acc4acc4,c,8
3954,3954,0,001c9f5,1,1,4,1,1,0411,0411,0,1,1,0000,00e92ce0,00000000000000000000000000000000,04110411041104120422032203220222,0,"B_IDLE",0,0,0411,0,0,07241d9,acc4acc4,c,8
3955,3955,0,001c9f5,1,1,3,1,1,0411,0411,0,1,1,0000,00e92ce0,00000000000000000000000000000000,04110411041104120422032203220222,0,"B_IDLE",0,0,0411,0,0,07241d9,acc4acc4,c,8
3956,3956,0,001c9f5,1,1,3,1,1,0411,0411,0,1,1,0000,00e92ce0,00000000000000000000000000000000,04110411041104120422032203220222,0,"B_IDLE",0,0,0411,0,0,07241d9,acc4acc4,c,8
3957,3957,0,001c9f5,1,1,1,1,1,0411,0411,0,1,1,0000,00e92ce0,00000000000000000000000000000000,04110411041104120422032203220222,0,"B_IDLE",0,0,0411,0,0,07241d9,acc4acc4,c,8
3958,3958,0,001c9f5,1,1,4,1,1,0411,0411,0,1,1,0000,00e92ce0,00000000000000000000000000000000,04110411041104120422032203220222,0,"B_IDLE",0,0,0411,0,0,07241d9,acc4acc4,c,8
3959,3959,0,001c9f5,1,1,3,1,1,0411,0411,0,1,1,0000,00e92ce0,00000000000000000000000000000000,04110411041104120422032203220222,0,"B_IDLE",0,0,0411,0,0,07241d9,acc4acc4,c,8
3960,3960,0,001c9f5,1,1,3,1,1,0411,0411,0,1,1,0000,00e92ce0,00000000000000000000000000000000,04110411041104120422032203220222,0,"B_IDLE",0,0,0411,0,0,07241d9,acc4acc4,c,8
3961,3961,0,001c9f5,1,1,1,1,1,0411,0411,0,1,1,0000,00e92ce0,00000000000000000000000000000000,04110411041104120422032203220222,0,"B_IDLE",0,0,0411,0,0,07241d9,acc4acc4,c,8
3962,3962,0,001c9f5,1,1,4,1,1,0411,0411,0,1,1,0000,00e92ce0,00000000000000000000000000000000,04110411041104120422032203220222,0,"B_IDLE",0,0,0411,0,0,07241d9,acc4acc4,c,8
3963,3963,0,001c9f5,1,1,3,1,1,0411,0411,0,1,1,0000,00e92ce0,00000000000000000000000000000000,04110411041104120422032203220222,0,"B_IDLE",0,0,0411,0,0,07241d9,acc4acc4,c,8
3964,3964,0,001c9f5,1,1,3,1,1,0411,0411,0,1,1,0000,00e92ce0,00000000000000000000000000000000,04110411041104120422032203220222,0,"B_IDLE",0,0,0411,0,0,07241d9,acc4acc4,c,8
3965,3965,0,001c9f5,1,1,1,1,1,0411,0411,0,1,1,0000,00e92ce0,00000000000000000000000000000000,04110411041104120422032203220222,0,"B_IDLE",0,0,0411,0,0,07241d9,acc4acc4,c,8
3966,3966,0,001c9f5,1,1,4,1,1,0411,0411,0,1,1,0000,00e92ce0,00000000000000000000000000000000,04110411041104120422032203220222,0,"B_IDLE",0,0,0411,0,0,07241d9,acc4acc4,c,8
3967,3967,0,001c9f5,1,1,3,1,1,0411,0411,0,1,1,0000,00e92ce0,00000000000000000000000000000000,04110411041104120422032203220222,0,"B_IDLE",0,0,0411,0,0,07241d9,acc4acc4,c,8
3968,3968,0,001c9f5,1,1,3,1,1,0411,0411,0,1,1,0000,00e92ce0,00000000000000000000000000000000,04110411041104120422032203220222,0,"B_IDLE",0,0,0411,0,0,07241d9,acc4acc4,c,8
3969,3969,0,001c9f5,1,1,1,1,1,0411,0411,0,1,1,0000,00e92ce0,00000000000000000000000000000000,04110411041104120422032203220222,0,"B_IDLE",0,0,0411,0,0,07241d9,acc4acc4,c,8
3970,3970,0,001c9f5,1,1,4,1,1,0411,0411,0,1,1,0000,00e92ce0,00000000000000000000000000000000,04110411041104120422032203220222,0,"B_IDLE",0,0,0411,0,0,07241d9,acc4acc4,c,8
3971,3971,0,001c9f5,1,1,3,1,1,0411,0411,0,1,1,0000,00e92ce0,00000000000000000000000000000000,04110411041104120422032203220222,0,"B_IDLE",0,0,0411,0,0,07241d9,acc4acc4,c,8
3972,3972,0,001c9f5,1,1,3,1,1,0411,0411,0,1,1,0000,00e92ce0,00000000000000000000000000000000,04110411041104120422032203220222,0,"B_IDLE",0,0,0411,0,0,07241d9,acc4acc4,c,8
3973,3973,0,001c9f5,1,1,1,1,1,0411,0411,0,1,1,0000,00e92ce0,00000000000000000000000000000000,04110411041104120422032203220222,0,"B_IDLE",0,0,0411,0,0,07241d9,acc4acc4,c,8
3974,3974,0,001c9f5,1,1,4,1,1,0411,0411,0,1,1,0000,00e92ce0,00000000000000000000000000000000,04110411041104120422032203220222,0,"B_IDLE",0,0,0411,0,0,07241d9,acc4acc4,c,8
3975,3975,0,001c9f5,1,1,3,1,1,0411,0411,0,1,1,0000,00e92ce0,00000000000000000000000000000000,04110411041104120422032203220222,0,"B_IDLE",0,0,0411,0,0,07241d9,acc4acc4,c,8
3976,3976,0,001c9f5,1,1,3,1,1,0411,0411,0,1,1,0000,00e92ce0,00000000000000000000000000000000,04110411041104120422032203220222,0,"B_IDLE",0,0,0411,0,0,07241d9,acc4acc4,c,8
3977,3977,0,001c9f5,1,1,1,1,1,0411,0411,0,1,1,0000,00e92ce0,00000000000000000000000000000000,04110411041104120422032203220222,0,"B_IDLE",0,0,0411,0,0,07241d9,acc4acc4,c,8
3978,3978,0,001c9f5,1,1,4,1,1,0411,0411,0,1,1,0000,00e92ce0,00000000000000000000000000000000,04110411041104120422032203220222,0,"B_IDLE",0,0,0411,0,0,07241d9,acc4acc4,c,8
3979,3979,0,001c9f5,1,1,3,1,1,0411,0411,0,1,1,0000,00e92ce0,00000000000000000000000000000000,04110411041104120422032203220222,0,"B_IDLE",0,0,0411,0,0,07241d9,acc4acc4,c,8
3980,3980,0,001c9f5,1,1,3,1,1,0411,0411,0,1,1,0000,00e92ce0,00000000000000000000000000000000,04110411041104120422032203220222,0,"B_IDLE",0,0,0411,0,0,07241d9,acc4acc4,c,8
3981,3981,0,001c9f5,1,1,1,1,1,0411,0411,0,1,1,0000,00e92ce0,00000000000000000000000000000000,04110411041104120422032203220222,0,"B_IDLE",0,0,0411,0,0,07241d9,acc4acc4,c,8
3982,3982,0,001c9f5,1,1,4,1,1,0411,0411,0,1,1,0000,00e92ce0,00000000000000000000000000000000,04110411041104120422032203220222,0,"B_IDLE",0,0,0411,0,0,07241d9,acc4acc4,c,8
3983,3983,0,001c9f5,1,1,3,1,1,0411,0411,0,1,1,0000,00e92ce0,00000000000000000000000000000000,04110411041104120422032203220222,0,"B_IDLE",0,0,0411,0,0,07241d9,acc4acc4,c,8
3984,3984,0,001c9f5,1,1,3,1,1,0411,0411,0,1,1,0000,00e92ce0,00000000000000000000000000000000,04110411041104120422032203220222,0,"B_IDLE",0,0,0411,0,0,07241d9,acc4acc4,c,8
3985,3985,0,001c9f5,1,1,1,1,1,0411,0411,0,1,1,0000,00e92ce0,00000000000000000000000000000000,04110411041104120422032203220222,0,"B_IDLE",0,0,0411,0,0,07241d9,acc4acc4,c,8
3986,3986,0,001c9f5,1,1,4,1,1,0411,0411,0,1,1,0000,00e92ce0,00000000000000000000000000000000,04110411041104120422032203220222,0,"B_IDLE",0,0,0411,0,0,07241d9,acc4acc4,c,8
3987,3987,0,001c9f5,1,1,3,1,1,0411,0411,0,1,1,0000,00e92ce0,00000000000000000000000000000000,04110411041104120422032203220222,0,"B_IDLE",0,0,0411,0,0,07241d9,acc4acc4,c,8
3988,3988,0,001c9f5,1,1,3,1,1,0411,0411,0,1,1,0000,00e92ce0,00000000000000000000000000000000,04110411041104120422032203220222,0,"B_IDLE",0,0,0411,0,0,07241d9,acc4acc4,c,8
3989,3989,0,001c9f5,1,1,1,1,1,0411,0411,0,1,1,0000,00e92ce0,00000000000000000000000000000000,04110411041104120422032203220222,0,"B_IDLE",0,0,0411,0,0,07241d9,acc4acc4,c,8
3990,3990,0,001c9f5,1,1,4,1,1,0411,0411,0,1,1,0000,00e92ce0,00000000000000000000000000000000,04110411041104120422032203220222,0,"B_IDLE",0,0,0411,0,0,07241d9,acc4acc4,c,8
3991,3991,0,001c9f5,1,1,3,1,1,0411,0411,0,1,1,0000,00e92ce0,00000000000000000000000000000000,04110411041104120422032203220222,0,"B_IDLE",0,0,0411,0,0,07241d9,acc4acc4,c,8
3992,3992,0,001c9f5,1,1,3,1,1,0411,0411,0,1,1,0000,00e92ce0,00000000000000000000000000000000,04110411041104120422032203220222,0,"B_IDLE",0,0,0411,0,0,07241d9,acc4acc4,c,8
3993,3993,0,001c9f5,1,1,1,1,1,0411,0411,0,1,1,0000,00e92ce0,00000000000000000000000000000000,04110411041104120422032203220222,0,"B_IDLE",0,0,0411,0,0,07241d9,acc4acc4,c,8
3994,3994,0,001c9f5,1,1,4,1,1,0411,0411,0,1,1,0000,00e92ce0,00000000000000000000000000000000,04110411041104120422032203220222,0,"B_IDLE",0,0,0411,0,0,07241d9,acc4acc4,c,8
3995,3995,0,001c9f5,1,1,3,1,1,0411,0411,0,1,1,0000,00e92ce0,00000000000000000000000000000000,04110411041104120422032203220222,0,"B_IDLE",0,0,0411,0,0,07241d9,acc4acc4,c,8
3996,3996,0,001c9f5,1,1,3,1,1,0411,0411,0,1,1,0000,00e92ce0,00000000000000000000000000000000,04110411041104120422032203220222,0,"B_IDLE",0,0,0411,0,0,07241d9,acc4acc4,c,8
3997,3997,0,001c9f5,1,1,1,1,1,0411,0411,0,1,1,0000,00e92ce0,00000000000000000000000000000000,04110411041104120422032203220222,0,"B_IDLE",0,0,0411,0,0,07241d9,acc4acc4,c,8
3998,3998,0,001c9f5,1,1,4,1,1,0411,0411,0,1,1,0000,00e92ce0,00000000000000000000000000000000,04110411041104120422032203220222,0,"B_IDLE",0,0,0411,0,0,07241d9,acc4acc4,c,8
3999,3999,0,001c9f5,1,1,3,1,1,0411,0411,0,1,1,0000,00e92ce0,00000000000000000000000000000000,04110411041104120422032203220222,0,"B_IDLE",0,0,0411,0,0,07241d9,acc4acc4,c,8
4000,4000,0,001c9f5,1,1,3,1,1,0411,0411,0,1,1,0000,00e92ce0,00000000000000000000000000000000,04110411041104120422032203220222,0,"B_IDLE",0,0,0411,0,0,07241d9,acc4acc4,c,8
4001,4001,0,001c9f5,1,1,1,1,1,0411,0411,0,1,1,0000,00e92ce0,00000000000000000000000000000000,04110411041104120422032203220222,0,"B_IDLE",0,0,0411,0,0,07241d9,acc4acc4,c,8
4002,4002,0,001c9f5,1,1,4,1,1,0411,0411,0,1,1,0000,00e92ce0,00000000000000000000000000000000,04110411041104120422032203220222,0,"B_IDLE",0,0,0411,0,0,07241d9,acc4acc4,c,8
4003,4003,0,001c9f5,1,1,3,1,1,0411,0411,0,1,1,0000,00e92ce0,00000000000000000000000000000000,04110411041104120422032203220222,0,"B_IDLE",0,0,0411,0,0,07241d9,acc4acc4,c,8
4004,4004,0,001c9f5,1,1,3,1,1,0411,0411,0,1,1,0000,00e92ce0,00000000000000000000000000000000,04110411041104120422032203220222,0,"B_IDLE",0,0,0411,0,0,07241d9,acc4acc4,c,8
4005,4005,0,001c9f5,1,1,1,1,1,0411,0411,0,1,1,0000,00e92ce0,00000000000000000000000000000000,04110411041104120422032203220222,0,"B_IDLE",0,0,0411,0,0,07241d9,acc4acc4,c,8
4006,4006,0,001c9f5,1,1,4,1,1,0411,0411,0,1,1,0000,00e92ce0,00000000000000000000000000000000,04110411041104120422032203220222,0,"B_IDLE",0,0,0411,0,0,07241d9,acc4acc4,c,8
4007,4007,0,001c9f5,1,1,3,1,1,0411,0411,0,1,1,0000,00e92ce0,00000000000000000000000000000000,04110411041104120422032203220222,0,"B_IDLE",0,0,0411,0,0,07241d9,acc4acc4,c,8
4008,4008,0,001c9f5,1,1,3,1,1,0411,0411,0,1,1,0000,00e92ce0,00000000000000000000000000000000,04110411041104120422032203220222,0,"B_IDLE",0,0,0411,0,0,07241d9,acc4acc4,c,8
4009,4009,0,001c9f5,1,1,1,1,1,0411,0411,0,1,1,0000,00e92ce0,00000000000000000000000000000000,04110411041104120422032203220222,0,"B_IDLE",0,0,0411,0,0,07241d9,acc4acc4,c,8
4010,4010,0,001c9f5,1,1,4,1,1,0411,0411,0,1,1,0000,00e92ce0,00000000000000000000000000000000,04110411041104120422032203220222,0,"B_IDLE",0,0,0411,0,0,07241d9,acc4acc4,c,8
4011,4011,0,001c9f5,1,1,3,1,1,0411,0411,0,1,1,0000,00e92ce0,00000000000000000000000000000000,04110411041104120422032203220222,0,"B_IDLE",0,0,0411,0,0,07241d9,acc4acc4,c,8
4012,4012,0,001c9f5,1,1,3,1,1,0411,0411,0,1,1,0000,00e92ce0,00000000000000000000000000000000,04110411041104120422032203220222,0,"B_IDLE",0,0,0411,0,0,07241d9,acc4acc4,c,8
4013,4013,0,001c9f5,1,1,1,1,1,0411,0411,0,1,1,0000,00e92ce0,00000000000000000000000000000000,04110411041104120422032203220222,0,"B_IDLE",0,0,0411,0,0,07241d9,acc4acc4,c,8
4014,4014,0,001c9f5,1,1,4,1,1,0411,0411,0,1,1,0000,00e92ce0,00000000000000000000000000000000,04110411041104120422032203220222,0,"B_IDLE",0,0,0411,0,0,07241d9,acc4acc4,c,8
4015,4015,0,001c9f5,1,1,3,1,1,0411,0411,0,1,1,0000,00e92ce0,00000000000000000000000000000000,04110411041104120422032203220222,0,"B_IDLE",0,0,0411,0,0,07241d9,acc4acc4,c,8
4016,4016,0,001c9f5,1,1,3,1,1,0411,0411,0,1,1,0000,00e92ce0,00000000000000000000000000000000,04110411041104120422032203220222,0,"B_IDLE",0,0,0411,0,0,07241d9,acc4acc4,c,8
4017,4017,0,001c9f5,1,1,1,1,1,0411,0411,0,1,1,0000,00e92ce0,00000000000000000000000000000000,04110411041104120422032203220222,0,"B_IDLE",0,0,0411,0,0,07241d9,acc4acc4,c,8
4018,4018,0,001c9f5,1,1,4,1,1,0411,0411,0,1,1,0000,00e92ce0,00000000000000000000000000000000,04110411041104120422032203220222,0,"B_IDLE",0,0,0411,0,0,07241d9,acc4acc4,c,8
4019,4019,0,001c9f5,1,1,3,1,1,0411,0411,0,1,1,0000,00e92ce0,00000000000000000000000000000000,04110411041104120422032203220222,0,"B_IDLE",0,0,0411,0,0,07241d9,acc4acc4,c,8
4020,4020,0,001c9f5,1,1,3,1,1,0411,0411,0,1,1,0000,00e92ce0,00000000000000000000000000000000,04110411041104120422032203220222,0,"B_IDLE",0,0,0411,0,0,07241d9,acc4acc4,c,8
4021,4021,0,001c9f5,1,1,1,1,1,0411,0411,0,1,1,0000,00e92ce0,00000000000000000000000000000000,04110411041104120422032203220222,0,"B_IDLE",0,0,0411,0,0,07241d9,acc4acc4,c,8
4022,4022,0,001c9f5,1,1,4,1,1,0411,0411,0,1,1,0000,00e92ce0,00000000000000000000000000000000,04110411041104120422032203220222,0,"B_IDLE",0,0,0411,0,0,07241d9,acc4acc4,c,8
4023,4023,0,001c9f5,1,1,3,1,1,0411,0411,0,1,1,0000,00e92ce0,00000000000000000000000000000000,04110411041104120422032203220222,0,"B_IDLE",0,0,0411,0,0,07241d9,acc4acc4,c,8
4024,4024,0,001c9f5,1,1,3,1,1,0411,0411,0,1,1,0000,00e92ce0,00000000000000000000000000000000,04110411041104120422032203220222,0,"B_IDLE",0,0,0411,0,0,07241d9,acc4acc4,c,8
4025,4025,0,001c9f5,1,1,1,1,1,0411,0411,0,1,1,0000,00e92ce0,00000000000000000000000000000000,04110411041104120422032203220222,0,"B_IDLE",0,0,0411,0,0,07241d9,acc4acc4,c,8
4026,4026,0,001c9f5,1,1,4,1,1,0411,0411,0,1,1,0000,00e92ce0,00000000000000000000000000000000,04110411041104120422032203220222,0,"B_IDLE",0,0,0411,0,0,07241d9,acc4acc4,c,8
4027,4027,0,001c9f5,1,1,3,1,1,0411,0411,0,1,1,0000,00e92ce0,00000000000000000000000000000000,04110411041104120422032203220222,0,"B_IDLE",0,0,0411,0,0,07241d9,acc4acc4,c,8
4028,4028,0,001c9f5,1,1,3,1,1,0411,0411,0,1,1,0000,00e92ce0,00000000000000000000000000000000,04110411041104120422032203220222,0,"B_IDLE",0,0,0411,0,0,07241d9,acc4acc4,c,8
4029,4029,0,001c9f5,1,1,1,1,1,0411,0411,0,1,1,0000,00e92ce0,00000000000000000000000000000000,04110411041104120422032203220222,0,"B_IDLE",0,0,0411,0,0,07241d9,acc4acc4,c,8
4030,4030,0,001c9f5,1,1,4,1,1,0411,0411,0,1,1,0000,00e92ce0,00000000000000000000000000000000,04110411041104120422032203220222,0,"B_IDLE",0,0,0411,0,0,07241d9,acc4acc4,c,8
4031,4031,0,001c9f5,1,1,3,1,1,0411,0411,0,1,1,0000,00e92ce0,00000000000000000000000000000000,04110411041104120422032203220222,0,"B_IDLE",0,0,0411,0,0,07241d9,acc4acc4,c,8
4032,4032,0,001c9f5,1,1,3,1,1,0411,0411,0,1,1,0000,00e92ce0,00000000000000000000000000000000,04110411041104120422032203220222,0,"B_IDLE",0,0,0411,0,0,07241d9,acc4acc4,c,8
4033,4033,0,001c9f5,1,1,1,1,1,0411,0411,0,1,1,0000,00e92ce0,00000000000000000000000000000000,04110411041104120422032203220222,0,"B_IDLE",0,0,0411,0,0,07241d9,acc4acc4,c,8
4034,4034,0,001c9f5,1,1,4,1,1,0411,0411,0,1,1,0000,00e92ce0,00000000000000000000000000000000,04110411041104120422032203220222,0,"B_IDLE",0,0,0411,0,0,07241d9,acc4acc4,c,8
4035,4035,0,001c9f5,1,1,3,1,1,0411,0411,0,1,1,0000,00e92ce0,00000000000000000000000000000000,04110411041104120422032203220222,0,"B_IDLE",0,0,0411,0,0,07241d9,acc4acc4,c,8
4036,4036,0,001c9f5,1,1,3,1,1,0411,0411,0,1,1,0000,00e92ce0,00000000000000000000000000000000,04110411041104120422032203220222,0,"B_IDLE",0,0,0411,0,0,07241d9,acc4acc4,c,8
4037,4037,0,001c9f5,1,1,1,1,1,0411,0411,0,1,1,0000,00e92ce0,00000000000000000000000000000000,04110411041104120422032203220222,0,"B_IDLE",0,0,0411,0,0,07241d9,acc4acc4,c,8
4038,4038,0,001c9f5,1,1,4,1,1,0411,0411,0,1,1,0000,00e92ce0,00000000000000000000000000000000,04110411041104120422032203220222,0,"B_IDLE",0,0,0411,0,0,07241d9,acc4acc4,c,8
4039,4039,0,001c9f5,1,1,3,1,1,0411,0411,0,1,1,0000,00e92ce0,00000000000000000000000000000000,04110411041104120422032203220222,0,"B_IDLE",0,0,0411,0,0,07241d9,acc4acc4,c,8
4040,4040,0,001c9f5,1,1,3,1,1,0411,0411,0,1,1,0000,00e92ce0,00000000000000000000000000000000,04110411041104120422032203220222,0,"B_IDLE",0,0,0411,0,0,07241d9,acc4acc4,c,8
4041,4041,0,001c9f5,1,1,1,1,1,0411,0411,0,1,1,0000,00e92ce0,00000000000000000000000000000000,04110411041104120422032203220222,0,"B_IDLE",0,0,0411,0,0,07241d9,acc4acc4,c,8
4042,4042,0,001c9f5,1,1,4,1,1,0411,0411,0,1,1,0000,00e92ce0,00000000000000000000000000000000,04110411041104120422032203220222,0,"B_IDLE",0,0,0411,0,0,07241d9,acc4acc4,c,8
4043,4043,0,001c9f5,1,1,3,1,1,0411,0411,0,1,1,0000,00e92ce0,00000000000000000000000000000000,04110411041104120422032203220222,0,"B_IDLE",0,0,0411,0,0,07241d9,acc4acc4,c,8
4044,4044,0,001c9f5,1,1,3,1,1,0411,0411,0,1,1,0000,00e92ce0,00000000000000000000000000000000,04110411041104120422032203220222,0,"B_IDLE",0,0,0411,0,0,07241d9,acc4acc4,c,8
4045,4045,0,001c9f5,1,1,1,1,1,0411,0411,0,1,1,0000,00e92ce0,00000000000000000000000000000000,04110411041104120422032203220222,0,"B_IDLE",0,0,0411,0,0,07241d9,acc4acc4,c,8
4046,4046,0,001c9f5,1,1,4,1,1,0411,0411,0,1,1,0000,00e92ce0,00000000000000000000000000000000,04110411041104120422032203220222,0,"B_IDLE",0,0,0411,0,0,07241d9,acc4acc4,c,8
4047,4047,0,001c9f5,1,1,3,1,1,0411,0411,0,1,1,0000,00e92ce0,00000000000000000000000000000000,04110411041104120422032203220222,0,"B_IDLE",0,0,0411,0,0,07241d9,acc4acc4,c,8
4048,4048,0,001c9f5,1,1,3,1,1,0411,0411,0,1,1,0000,00e92ce0,00000000000000000000000000000000,04110411041104120422032203220222,0,"B_IDLE",0,0,0411,0,0,07241d9,acc4acc4,c,8
4049,4049,0,001c9f5,1,1,1,1,1,0411,0411,0,1,1,0000,00e92ce0,00000000000000000000000000000000,04110411041104120422032203220222,0,"B_IDLE",0,0,0411,0,0,07241d9,acc4acc4,c,8
4050,4050,0,001c9f5,1,1,4,1,1,0411,0411,0,1,1,0000,00e92ce0,00000000000000000000000000000000,04110411041104120422032203220222,0,"B_IDLE",0,0,0411,0,0,07241d9,acc4acc4,c,8
4051,4051,0,001c9f5,1,1,3,1,1,0411,0411,0,1,1,0000,00e92ce0,00000000000000000000000000000000,04110411041104120422032203220222,0,"B_IDLE",0,0,0411,0,0,07241d9,acc4acc4,c,8
4052,4052,0,001c9f5,1,1,3,1,1,0411,0411,0,1,1,0000,00e92ce0,00000000000000000000000000000000,04110411041104120422032203220222,0,"B_IDLE",0,0,0411,0,0,07241d9,acc4acc4,c,8
4053,4053,0,001c9f5,1,1,1,1,1,0411,0411,0,1,1,0000,00e92ce0,00000000000000000000000000000000,04110411041104120422032203220222,0,"B_IDLE",0,0,0411,0,0,07241d9,acc4acc4,c,8
4054,4054,0,001c9f5,1,1,4,1,1,0411,0411,0,1,1,0000,00e92ce0,00000000000000000000000000000000,04110411041104120422032203220222,0,"B_IDLE",0,0,0411,0,0,07241d9,acc4acc4,c,8
4055,4055,0,001c9f5,1,1,3,1,1,0411,0411,0,1,1,0000,00e92ce0,00000000000000000000000000000000,04110411041104120422032203220222,0,"B_IDLE",0,0,0411,0,0,07241d9,acc4acc4,c,8
4056,4056,0,001c9f5,1,1,3,1,1,0411,0411,0,1,1,0000,00e92ce0,00000000000000000000000000000000,04110411041104120422032203220222,0,"B_IDLE",0,0,0411,0,0,07241d9,acc4acc4,c,8
4057,4057,0,001c9f5,1,1,1,1,1,0411,0411,0,1,1,0000,00e92ce0,00000000000000000000000000000000,04110411041104120422032203220222,0,"B_IDLE",0,0,0411,0,0,07241d9,acc4acc4,c,8
4058,4058,0,001c9f5,1,1,4,1,1,0411,0411,0,1,1,0000,00e92ce0,00000000000000000000000000000000,04110411041104120422032203220222,0,"B_IDLE",0,0,0411,0,0,07241d9,acc4acc4,c,8
4059,4059,0,001c9f5,1,1,3,1,1,0411,0411,0,1,1,0000,00e92ce0,00000000000000000000000000000000,04110411041104120422032203220222,0,"B_IDLE",0,0,0411,0,0,07241d9,acc4acc4,c,8
4060,4060,0,001c9f5,1,1,3,1,1,0411,0411,0,1,1,0000,00e92ce0,00000000000000000000000000000000,04110411041104120422032203220222,0,"B_IDLE",0,0,0411,0,0,07241d9,acc4acc4,c,8
4061,4061,0,001c9f5,1,1,1,1,1,0411,0411,0,1,1,0000,00e92ce0,00000000000000000000000000000000,04110411041104120422032203220222,0,"B_IDLE",0,0,0411,0,0,07241d9,acc4acc4,c,8
4062,4062,0,001c9f5,1,1,4,1,1,0411,0411,0,1,1,0000,00e92ce0,00000000000000000000000000000000,04110411041104120422032203220222,0,"B_IDLE",0,0,0411,0,0,07241d9,acc4acc4,c,8
4063,4063,0,001c9f5,1,1,3,1,1,0411,0411,0,1,1,0000,00e92ce0,00000000000000000000000000000000,04110411041104120422032203220222,0,"B_IDLE",0,0,0411,0,0,07241d9,acc4acc4,c,8
4064,4064,0,001c9f5,1,1,3,1,1,0411,0411,0,1,1,0000,00e92ce0,00000000000000000000000000000000,04110411041104120422032203220222,0,"B_IDLE",0,0,0411,0,0,07241d9,acc4acc4,c,8
4065,4065,0,001c9f5,1,1,1,1,1,0411,0411,0,1,1,0000,00e92ce0,00000000000000000000000000000000,04110411041104120422032203220222,0,"B_IDLE",0,0,0411,0,0,07241d9,acc4acc4,c,8
4066,4066,0,001c9f5,1,1,4,1,1,0411,0411,0,1,1,0000,00e92ce0,00000000000000000000000000000000,04110411041104120422032203220222,0,"B_IDLE",0,0,0411,0,0,07241d9,acc4acc4,c,8
4067,4067,0,001c9f5,1,1,3,1,1,0411,0411,0,1,1,0000,00e92ce0,00000000000000000000000000000000,04110411041104120422032203220222,0,"B_IDLE",0,0,0411,0,0,07241d9,acc4acc4,c,8
4068,4068,0,001c9f5,1,1,3,1,1,0411,0411,0,1,1,0000,00e92ce0,00000000000000000000000000000000,04110411041104120422032203220222,0,"B_IDLE",0,0,0411,0,0,07241d9,acc4acc4,c,8
4069,4069,0,001c9f5,1,1,1,1,1,0411,0411,0,1,1,0000,00e92ce0,00000000000000000000000000000000,04110411041104120422032203220222,0,"B_IDLE",0,0,0411,0,0,07241d9,acc4acc4,c,8
4070,4070,0,001c9f5,1,1,4,1,1,0411,0411,0,1,1,0000,00e92ce0,00000000000000000000000000000000,04110411041104120422032203220222,0,"B_IDLE",0,0,0411,0,0,07241d9,acc4acc4,c,8
4071,4071,0,001c9f5,1,1,3,1,1,0411,0411,0,1,1,0000,00e92ce0,00000000000000000000000000000000,04110411041104120422032203220222,0,"B_IDLE",0,0,0411,0,0,07241d9,acc4acc4,c,8
4072,4072,0,001c9f5,1,1,3,1,1,0411,0411,0,1,1,0000,00e92ce0,00000000000000000000000000000000,04110411041104120422032203220222,0,"B_IDLE",0,0,0411,0,0,07241d9,acc4acc4,c,8
4073,4073,0,001c9f5,1,1,1,1,1,0411,0411,0,1,1,0000,00e92ce0,00000000000000000000000000000000,04110411041104120422032203220222,0,"B_IDLE",0,0,0411,0,0,07241d9,acc4acc4,c,8
4074,4074,0,001c9f5,1,1,4,1,1,0411,0411,0,1,1,0000,00e92ce0,00000000000000000000000000000000,04110411041104120422032203220222,0,"B_IDLE",0,0,0411,0,0,07241d9,acc4acc4,c,8
4075,4075,0,001c9f5,1,1,3,1,1,0411,0411,0,1,1,0000,00e92ce0,00000000000000000000000000000000,04110411041104120422032203220222,0,"B_IDLE",0,0,0411,0,0,07241d9,acc4acc4,c,8
4076,4076,0,001c9f5,1,1,3,1,1,0411,0411,0,1,1,0000,00e92ce0,00000000000000000000000000000000,04110411041104120422032203220222,0,"B_IDLE",0,0,0411,0,0,07241d9,acc4acc4,c,8
4077,4077,0,001c9f5,1,1,1,1,1,0411,0411,0,1,1,0000,00e92ce0,00000000000000000000000000000000,04110411041104120422032203220222,0,"B_IDLE",0,0,0411,0,0,07241d9,acc4acc4,c,8
4078,4078,0,001c9f5,1,1,4,1,1,0411,0411,0,1,1,0000,00e92ce0,00000000000000000000000000000000,04110411041104120422032203220222,0,"B_IDLE",0,0,0411,0,0,07241d9,acc4acc4,c,8
4079,4079,0,001c9f5,1,1,3,1,1,0411,0411,0,1,1,0000,00e92ce0,00000000000000000000000000000000,04110411041104120422032203220222,0,"B_IDLE",0,0,0411,0,0,07241d9,acc4acc4,c,8
4080,4080,0,001c9f5,1,1,3,1,1,0411,0411,0,1,1,0000,00e92ce0,00000000000000000000000000000000,04110411041104120422032203220222,0,"B_IDLE",0,0,0411,0,0,07241d9,acc4acc4,c,8
4081,4081,0,001c9f5,1,1,1,1,1,0411,0411,0,1,1,0000,00e92ce0,00000000000000000000000000000000,04110411041104120422032203220222,0,"B_IDLE",0,0,0411,0,0,07241d9,acc4acc4,c,8
4082,4082,0,001c9f5,1,1,4,1,1,0411,0411,0,1,1,0000,00e92ce0,00000000000000000000000000000000,04110411041104120422032203220222,0,"B_IDLE",0,0,0411,0,0,07241d9,acc4acc4,c,8
4083,4083,0,001c9f5,1,1,3,1,1,0411,0411,0,1,1,0000,00e92ce0,00000000000000000000000000000000,04110411041104120422032203220222,0,"B_IDLE",0,0,0411,0,0,07241d9,acc4acc4,c,8
4084,4084,0,001c9f5,1,1,3,1,1,0411,0411,0,1,1,0000,00e92ce0,00000000000000000000000000000000,04110411041104120422032203220222,0,"B_IDLE",0,0,0411,0,0,07241d9,acc4acc4,c,8
4085,4085,0,001c9f5,1,1,1,1,1,0411,0411,0,1,1,0000,00e92ce0,00000000000000000000000000000000,04110411041104120422032203220222,0,"B_IDLE",0,0,0411,0,0,07241d9,acc4acc4,c,8
4086,4086,0,001c9f5,1,1,4,1,1,0411,0411,0,1,1,0000,00e92ce0,00000000000000000000000000000000,04110411041104120422032203220222,0,"B_IDLE",0,0,0411,0,0,07241d9,acc4acc4,c,8
4087,4087,0,001c9f5,1,1,3,1,1,0411,0411,0,1,1,0000,00e92ce0,00000000000000000000000000000000,04110411041104120422032203220222,0,"B_IDLE",0,0,0411,0,0,07241d9,acc4acc4,c,8
4088,4088,0,001c9f5,1,1,3,1,1,0411,0411,0,1,1,0000,00e92ce0,00000000000000000000000000000000,04110411041104120422032203220222,0,"B_IDLE",0,0,0411,0,0,07241d9,acc4acc4,c,8
4089,4089,0,001c9f5,1,1,1,1,1,0411,0411,0,1,1,0000,00e92ce0,00000000000000000000000000000000,04110411041104120422032203220222,0,"B_IDLE",0,0,0411,0,0,07241d9,acc4acc4,c,8
4090,4090,0,001c9f5,1,1,4,1,1,0411,0411,0,1,1,0000,00e92ce0,00000000000000000000000000000000,04110411041104120422032203220222,0,"B_IDLE",0,0,0411,0,0,07241d9,acc4acc4,c,8
4091,4091,0,001c9f5,1,1,3,1,1,0411,0411,0,1,1,0000,00e92ce0,00000000000000000000000000000000,04110411041104120422032203220222,0,"B_IDLE",0,0,0411,0,0,07241d9,acc4acc4,c,8
4092,4092,0,001c9f5,1,1,3,1,1,0411,0411,0,1,1,0000,00e92ce0,00000000000000000000000000000000,04110411041104120422032203220222,0,"B_IDLE",0,0,0411,0,0,07241d9,acc4acc4,c,8
4093,4093,0,001c9f5,1,1,1,1,1,0411,0411,0,1,1,0000,00e92ce0,00000000000000000000000000000000,04110411041104120422032203220222,0,"B_IDLE",0,0,0411,0,0,07241d9,acc4acc4,c,8
4094,4094,0,001c9f5,1,1,4,1,1,0411,0411,0,1,1,0000,00e92ce0,00000000000000000000000000000000,04110411041104120422032203220222,0,"B_IDLE",0,0,0411,0,0,07241d9,acc4acc4,c,8
4095,4095,0,001c9f5,1,1,3,1,1,0411,0411,0,1,1,0000,00e92ce0,00000000000000000000000000000000,04110411041104120422032203220222,0,"B_IDLE",0,0,0411,0,0,07241d9,acc4acc4,c,8
