Sample in Buffer,Sample in Window,TRIGGER,openaars_virtual_top/dbg_pc[31:0],openaars_virtual_top/tg68_adr[31:0],openaars_virtual_top/tg68_dat_in[15:0],openaars_virtual_top/tg68_dat_out[15:0],openaars_virtual_top/g_cpu040_ila.bus_ctl[3:0],openaars_virtual_top/dbg_flags[3:0],openaars_virtual_top/dbg_ir[15:0],openaars_virtual_top/tg68_cpustate_1[6:0]
Radix - UNSIGNED,UNSIGNED,UNSIGNED,HEX,HEX,HEX,HEX,HEX,HEX,HEX,HEX
0,0,0,41ff1200,00166762,0000,9670,0,0,3341,07
1,1,0,41ff1200,00166762,0000,9670,0,0,3341,07
2,2,0,41ff1200,00166762,0000,9670,0,0,3341,07
3,3,0,41ff1200,00166762,0000,9670,0,0,3341,07
4,4,0,41ff1200,00166762,0000,9670,0,0,3341,07
5,5,0,41ff1200,00166762,0000,9670,0,0,3341,07
6,6,0,41ff1200,00166762,0000,9670,0,0,3341,07
7,7,0,41ff1200,00166762,0000,9670,0,0,3341,07
8,8,0,41ff1200,00166762,0000,9670,0,0,3341,07
9,9,0,41ff1200,00166762,0000,9670,0,0,3341,07
10,10,0,41ff1200,00166762,0000,9670,0,0,3341,07
11,11,0,41ff1200,00166762,0000,9670,0,0,3341,07
12,12,0,41ff1200,00166762,0000,9670,0,0,3341,07
13,13,0,41ff1200,00166762,0000,9670,0,0,3341,07
14,14,0,41ff1200,00166762,0000,9670,0,0,3341,07
15,15,0,41ff1200,00166762,0000,9670,0,0,3341,07
16,16,1,41ff1200,00166762,0000,9670,0,0,3341,07
17,17,0,41ff1200,00166762,0000,9670,0,0,3341,07
18,18,0,41ff1200,00166762,0000,9670,0,0,3341,07
19,19,0,41ff1200,00166762,0000,9670,0,0,3341,07
20,20,0,41ff1200,00166762,0000,9670,0,0,3341,07
21,21,0,41ff1200,00166762,0000,9670,0,0,3341,07
22,22,0,41ff1200,00166762,0000,9670,0,0,3341,07
23,23,0,41ff1200,00166762,0000,9670,0,0,3341,07
24,24,0,41ff1200,00166762,0000,9670,0,0,3341,07
25,25,0,41ff1200,00166762,0000,9670,0,0,3341,07
26,26,0,41ff1200,00166762,0000,9670,0,0,3341,07
27,27,0,41ff1200,00166762,0000,9670,0,0,3341,07
28,28,0,41ff1200,00166762,0000,9670,0,0,3341,07
29,29,0,41ff1200,00166762,0000,9670,0,0,3341,07
30,30,0,41ff1200,00166762,0000,9670,0,0,3341,07
31,31,0,41ff1200,00166762,0000,9670,0,0,3341,07
32,32,0,41ff1200,00166762,0000,9670,0,0,3341,07
33,33,0,41ff1200,00166762,0000,9670,0,0,3341,07
34,34,0,41ff1200,00166762,0000,9670,0,0,3341,07
35,35,0,41ff1200,00166762,0000,9670,0,0,3341,07
36,36,0,41ff1200,00166762,0000,9670,0,0,3341,07
37,37,0,41ff1200,00166762,0000,9670,0,0,3341,07
38,38,0,41ff1200,00166762,0000,9670,0,0,3341,07
39,39,0,41ff1200,00166762,0000,9670,0,0,3341,07
40,40,0,41ff1200,00166762,0000,9670,0,0,3341,07
41,41,0,41ff1200,00166762,0000,9670,0,0,3341,07
42,42,0,41ff1200,00166762,0000,9670,0,0,3341,07
43,43,0,41ff1200,00166762,0000,9670,0,0,3341,07
44,44,0,41ff1200,00166762,0000,9670,0,0,3341,07
45,45,0,41ff1200,00166762,0000,9670,0,0,3341,07
46,46,0,41ff1200,00166762,0000,9670,0,0,3341,07
47,47,0,41ff1200,00166762,0000,9670,0,0,3341,07
48,48,0,41ff1200,00166762,0000,9670,0,0,3341,07
49,49,0,41ff1200,00166762,0000,9670,0,0,3341,07
50,50,0,41ff1200,00166762,0000,9670,0,0,3341,07
51,51,0,41ff1200,00166762,0000,9670,0,0,3341,07
52,52,0,41ff1200,00166762,0000,9670,0,0,3341,07
53,53,0,41ff1200,00166762,0000,9670,0,0,3341,07
54,54,0,41ff1200,00166762,0000,9670,0,0,3341,07
55,55,0,41ff1200,00166762,0000,9670,0,0,3341,07
56,56,0,41ff1200,00166762,0000,9670,0,0,3341,07
57,57,0,41ff1200,00166762,0000,9670,0,0,3341,07
58,58,0,41ff1200,00166762,0000,9670,0,0,3341,07
59,59,0,41ff1200,00166762,0000,9670,0,0,3341,07
60,60,0,41ff1200,00166762,0000,9670,0,0,3341,07
61,61,0,41ff1200,00166762,0000,9670,0,0,3341,07
62,62,0,41ff1200,00166762,0000,9670,0,0,3341,07
63,63,0,41ff1200,00166762,0000,9670,0,0,3341,07
64,64,0,41ff1200,00166762,0000,9670,0,0,3341,07
65,65,0,41ff1200,00166762,0000,9670,0,0,3341,07
66,66,0,41ff1200,00166762,0000,9670,0,0,3341,07
67,67,0,41ff1200,00166762,0000,9670,0,0,3341,07
68,68,0,41ff1200,00166762,0000,9670,0,0,3341,07
69,69,0,41ff1200,00166762,0000,9670,0,0,3341,07
70,70,0,41ff1200,00166762,0000,9670,0,0,3341,07
71,71,0,41ff1200,00166762,0000,9670,0,0,3341,07
72,72,0,41ff1200,00166762,0000,9670,0,0,3341,07
73,73,0,41ff1200,00166762,0000,9670,0,0,3341,07
74,74,0,41ff1200,00166762,0000,9670,0,0,3341,07
75,75,0,41ff1200,00166762,0000,9670,0,0,3341,07
76,76,0,41ff1200,00166762,0000,9670,0,0,3341,07
77,77,0,41ff1200,00166762,0000,9670,0,0,3341,07
78,78,0,41ff1200,00166762,0000,9670,0,0,3341,07
79,79,0,41ff1200,00166762,0000,9670,0,0,3341,07
80,80,0,41ff1200,00166762,0000,9670,0,0,3341,07
81,81,0,41ff1200,00166762,0000,9670,0,0,3341,07
82,82,0,41ff1200,00166762,0000,9670,0,0,3341,07
83,83,0,41ff1200,00166762,0000,9670,0,0,3341,07
84,84,0,41ff1200,00166762,0000,9670,0,0,3341,07
85,85,0,41ff1200,00166762,0000,9670,0,0,3341,07
86,86,0,41ff1200,00166762,0000,9670,0,0,3341,07
87,87,0,41ff1200,00166762,0000,9670,0,0,3341,07
88,88,0,41ff1200,00166762,0000,9670,0,0,3341,07
89,89,0,41ff1200,00166762,0000,9670,0,0,3341,07
90,90,0,41ff1200,00166762,0000,9670,0,0,3341,07
91,91,0,41ff1200,00166762,0000,9670,0,0,3341,07
92,92,0,41ff1200,00166762,0000,9670,0,0,3341,07
93,93,0,41ff1200,00166762,0000,9670,0,0,3341,07
94,94,0,41ff1200,00166762,0000,9670,0,0,3341,07
95,95,0,41ff1200,00166762,0000,9670,0,0,3341,07
96,96,0,41ff1200,00166762,0000,9670,0,0,3341,07
97,97,0,41ff1200,00166762,0000,9670,0,0,3341,07
98,98,0,41ff1200,00166762,0000,9670,0,0,3341,07
99,99,0,41ff1200,00166762,0000,9670,0,0,3341,07
100,100,0,41ff1200,00166762,0000,9670,0,0,3341,07
101,101,0,41ff1200,00166762,0000,9670,0,0,3341,07
102,102,0,41ff1200,00166762,0000,9670,0,0,3341,07
103,103,0,41ff1200,00166762,0000,9670,0,0,3341,07
104,104,0,41ff1200,00166762,0000,9670,0,0,3341,07
105,105,0,41ff1200,00166762,0000,9670,0,0,3341,07
106,106,0,41ff1200,00166762,0000,9670,0,0,3341,07
107,107,0,41ff1200,00166762,0000,9670,0,0,3341,07
108,108,0,41ff1200,00166762,0000,9670,0,0,3341,07
109,109,0,41ff1200,00166762,0000,9670,0,0,3341,07
110,110,0,41ff1200,00166762,0000,9670,0,0,3341,07
111,111,0,41ff1200,00166762,0000,9670,0,0,3341,07
112,112,0,41ff1200,00166762,0000,9670,0,0,3341,07
113,113,0,41ff1200,00166762,0000,9670,0,0,3341,07
114,114,0,41ff1200,00166762,0000,9670,0,0,3341,07
115,115,0,41ff1200,00166762,0000,9670,0,0,3341,07
116,116,0,41ff1200,00166762,0000,9670,0,0,3341,07
117,117,0,41ff1200,00166762,0000,9670,0,0,3341,07
118,118,0,41ff1200,00166762,0000,9670,0,0,3341,07
119,119,0,41ff1200,00166762,0000,9670,0,0,3341,07
120,120,0,41ff1200,00166762,0000,9670,0,0,3341,07
121,121,0,41ff1200,00166762,0000,9670,0,0,3341,07
122,122,0,41ff1200,00166762,0000,9670,0,0,3341,07
123,123,0,41ff1200,00166762,0000,9670,0,0,3341,07
124,124,0,41ff1200,00166762,0000,9670,0,0,3341,07
125,125,0,41ff1200,00166762,0000,9670,0,0,3341,07
126,126,0,41ff1200,00166762,0000,9670,0,0,3341,07
127,127,0,41ff1200,00166762,0000,9670,0,0,3341,07
128,128,0,41ff1200,00166762,0000,9670,0,0,3341,07
129,129,0,41ff1200,00166762,0000,9670,0,0,3341,07
130,130,0,41ff1200,00166762,0000,9670,0,0,3341,07
131,131,0,41ff1200,00166762,0000,9670,0,0,3341,07
132,132,0,41ff1200,00166762,0000,9670,0,0,3341,07
133,133,0,41ff1200,00166762,0000,9670,0,0,3341,07
134,134,0,41ff1200,00166762,0000,9670,0,0,3341,07
135,135,0,41ff1200,00166762,0000,9670,0,0,3341,07
136,136,0,41ff1200,00166762,0000,9670,0,0,3341,07
137,137,0,41ff1200,00166762,0000,9670,0,0,3341,07
138,138,0,41ff1200,00166762,0000,9670,0,0,3341,07
139,139,0,41ff1200,00166762,0000,9670,0,0,3341,07
140,140,0,41ff1200,00166762,0000,9670,0,0,3341,07
141,141,0,41ff1200,00166762,0000,9670,0,0,3341,07
142,142,0,41ff1200,00166762,0000,9670,0,0,3341,07
143,143,0,41ff1200,00166762,0000,9670,0,0,3341,07
144,144,0,41ff1200,00166762,0000,9670,0,0,3341,07
145,145,0,41ff1200,00166762,0000,9670,0,0,3341,07
146,146,0,41ff1200,00166762,0000,9670,0,0,3341,07
147,147,0,41ff1200,00166762,0000,9670,0,0,3341,07
148,148,0,41ff1200,00166762,0000,9670,0,0,3341,07
149,149,0,41ff1200,00166762,0000,9670,0,0,3341,07
150,150,0,41ff1200,00166762,0000,9670,0,0,3341,07
151,151,0,41ff1200,00166762,0000,9670,0,0,3341,07
152,152,0,41ff1200,00166762,0000,9670,0,0,3341,07
153,153,0,41ff1200,00166762,0000,9670,0,0,3341,07
154,154,0,41ff1200,00166762,0000,9670,0,0,3341,07
155,155,0,41ff1200,00166762,0000,9670,0,0,3341,07
156,156,0,41ff1200,00166762,0000,9670,0,0,3341,07
157,157,0,41ff1200,00166762,0000,9670,0,0,3341,07
158,158,0,41ff1200,00166762,0000,9670,0,0,3341,07
159,159,0,41ff1200,00166762,0000,9670,0,0,3341,07
160,160,0,41ff1200,00166762,0000,9670,0,0,3341,07
161,161,0,41ff1200,00166762,0000,9670,0,0,3341,07
162,162,0,41ff1200,00166762,0000,9670,0,0,3341,07
163,163,0,41ff1200,00166762,0000,9670,0,0,3341,07
164,164,0,41ff1200,00166762,0000,9670,0,0,3341,07
165,165,0,41ff1200,00166762,0000,9670,0,0,3341,07
166,166,0,41ff1200,00166762,0000,9670,0,0,3341,07
167,167,0,41ff1200,00166762,0000,9670,0,0,3341,07
168,168,0,41ff1200,00166762,0000,9670,0,0,3341,07
169,169,0,41ff1200,00166762,0000,9670,f,0,3341,07
170,170,0,41ff1200,00166762,0000,9670,f,0,3341,07
171,171,0,41ff1200,00166762,0000,9670,f,0,3341,07
172,172,0,41ff1200,00166762,0000,9670,f,0,3341,07
173,173,0,41ff1200,00166762,0000,9670,f,0,3341,07
174,174,0,41ff1200,00166762,0000,9670,f,0,3341,07
175,175,0,41ff1200,00166762,0000,9670,f,0,3341,07
176,176,0,41ff1200,00166762,0000,9670,f,0,3341,07
177,177,0,41ff1200,00166762,0000,9670,f,0,3341,07
178,178,0,41ff1200,00166762,0000,9670,f,0,3341,07
179,179,0,41ff1200,00166762,0000,9670,f,0,3341,07
180,180,0,41ff1200,00166762,0000,9670,f,0,3341,07
181,181,0,41ff1200,00166762,0000,9670,f,0,3341,07
182,182,0,41ff1200,00166762,0000,9670,f,0,3341,07
183,183,0,41ff1200,00166762,0000,9670,f,0,3341,07
184,184,0,41ff1200,00166762,0000,9670,f,0,3341,27
185,185,0,41ff1200,00166762,0000,9670,f,0,3341,1d
186,186,0,41ff1200,00166762,0000,9670,f,0,3341,1d
187,187,0,41ff1200,00166762,0000,9670,f,0,3341,0d
188,188,0,41ff1200,00166762,0000,9670,f,0,3341,25
189,189,0,41ff1202,00166762,0000,9670,f,0,4841,1d
190,190,0,41ff1202,00166762,0000,9670,f,0,4841,1d
191,191,0,41ff1202,00166762,0000,9670,f,0,4841,0d
192,192,0,41ff1202,00166762,0000,9670,f,0,4841,25
193,193,0,41ff1202,00166762,0000,9670,f,0,4841,1d
194,194,0,41ff1202,00166762,0000,9670,f,0,4841,1d
195,195,0,41ff1202,00166762,0000,9670,f,0,4841,0d
196,196,0,41ff1202,00166762,0000,9670,f,0,4841,25
197,197,0,41ff1202,00166762,0000,9670,f,0,4841,1d
198,198,0,41ff1202,00166762,0000,9670,f,0,4841,1d
199,199,0,41ff1202,00166762,0000,9670,f,0,4841,0d
200,200,0,41ff1202,00166762,0000,9670,f,0,4841,25
201,201,0,41ff1202,00166762,0000,9670,f,0,4841,1d
202,202,0,41ff1202,00166762,0000,9670,f,0,4841,1d
203,203,0,41ff1202,00166762,0000,9670,f,0,4841,0d
204,204,0,41ff1202,00166762,0000,9670,f,0,4841,25
205,205,0,41ff1202,00166762,0000,9670,f,0,4841,1d
206,206,0,41ff1202,00166762,0000,9670,f,0,4841,1d
207,207,0,41ff1202,00166762,0000,9670,f,0,4841,0d
208,208,0,41ff1202,00166762,0000,9670,f,0,4841,25
209,209,0,41ff1204,00166762,0000,9670,f,0,3341,1d
210,210,0,41ff1204,00166762,0000,9670,f,0,3341,1d
211,211,0,41ff1204,00166762,0000,9670,f,0,3341,0d
212,212,0,41ff1204,00166762,0000,9670,f,0,3341,25
213,213,0,41ff1204,00166762,0000,9670,f,1,3341,1d
214,214,0,41ff1204,00166762,0000,9670,f,1,3341,1d
215,215,0,41ff1204,00166762,0000,9670,f,1,3341,0d
216,216,0,41ff1204,00166762,0000,9670,f,1,3341,25
217,217,0,41ff1204,00166762,0000,9670,f,1,3341,1d
218,218,0,41ff1204,00166762,0000,9670,f,1,3341,1d
219,219,0,41ff1204,00166762,0000,9670,f,1,3341,0d
220,220,0,41ff1204,00166762,0000,9670,f,1,3341,25
221,221,0,41ff1204,00166762,0000,9670,f,1,3341,1d
222,222,0,41ff1204,00166762,0000,9670,f,1,3341,1d
223,223,0,41ff1204,00166762,0000,9670,f,1,3341,0d
224,224,0,41ff1204,00166762,0000,9670,f,1,3341,25
225,225,0,41ff1204,00166762,0000,9670,f,0,3341,1d
226,226,0,41ff1204,00166762,0000,9670,f,0,3341,1d
227,227,0,41ff1204,00166762,0000,9670,f,0,3341,0d
228,228,0,41ff1204,00166762,0000,9670,f,0,3341,25
229,229,0,41ff1204,00166762,0000,9670,f,0,3341,1d
230,230,0,41ff1204,00166762,0000,9670,f,0,3341,1d
231,231,0,41ff1204,00166762,0000,9670,f,0,3341,0d
232,232,0,41ff1204,00166762,0000,9670,f,0,3341,25
233,233,0,41ff1206,00166762,0000,9670,f,0,3341,1d
234,234,0,41ff1206,00166762,0000,9670,f,0,3341,1d
235,235,0,41ff1206,00166762,0000,9670,f,0,3341,0d
236,236,0,41ff1206,00166762,0000,9670,f,0,3341,25
237,237,0,41ff1206,00166762,0000,9670,f,0,3341,1d
238,238,0,41ff1206,00166762,0000,9670,f,0,3341,1d
239,239,0,41ff1206,00166762,0000,9670,f,0,3341,0d
240,240,0,41ff1206,00166762,0000,9670,f,0,3341,25
241,241,0,41ff1206,00166762,0000,9670,f,0,3341,1d
242,242,0,41ff1206,00166762,0000,9670,f,0,3341,1d
243,243,0,41ff1206,00166762,0000,9670,f,0,3341,0d
244,244,0,41ff1206,00166762,0000,9670,f,0,3341,25
245,245,0,41ff1206,00166762,0000,9670,f,0,3341,1d
246,246,0,41ff1206,00166762,0000,9670,f,0,3341,1d
247,247,0,41ff1206,00166762,0000,9670,f,0,3341,0d
248,248,0,41ff1206,00166762,0000,9670,f,0,3341,25
249,249,0,41ff1206,00166762,0000,9670,f,1,3341,1d
250,250,0,41ff1206,00166762,0000,9670,f,1,3341,1d
251,251,0,41ff1206,00166762,0000,9670,f,1,3341,0d
252,252,0,41ff1206,00166762,0000,9670,f,1,3341,25
253,253,0,41ff1206,00166762,0000,9670,f,1,3341,1d
254,254,0,41ff1206,00166762,0000,9670,f,1,3341,1d
255,255,0,41ff1206,00166762,0000,9670,f,1,3341,0d
256,256,0,41ff1206,00166762,0000,9670,f,1,3341,25
257,257,0,41ff1206,00166762,0000,9670,f,0,3341,1f
258,258,0,41ff1206,00166762,0000,9670,f,0,3341,1f
259,259,0,41ff1206,00166762,0000,9670,f,0,3341,0f
260,260,0,41ff1206,00166762,0000,9670,f,0,3341,07
261,261,0,41ff1206,00166762,0000,9670,f,0,3341,07
262,262,0,41ff1206,00166762,0000,9670,f,0,3341,07
263,263,0,41ff1206,00166762,0000,9670,f,0,3341,07
264,264,0,41ff1206,00166762,0000,9670,f,0,3341,07
265,265,0,41ff1206,00166762,0000,9670,f,0,3341,07
266,266,0,41ff1206,00166762,0000,9670,f,0,3341,07
267,267,0,41ff1206,00166762,0000,9670,f,0,3341,07
268,268,0,41ff1206,00166762,0000,9670,f,0,3341,07
269,269,0,41ff1206,00166762,0000,9670,f,0,3341,07
270,270,0,41ff1206,00166762,0000,9670,f,0,3341,07
271,271,0,41ff1206,00166762,0000,9670,f,0,3341,07
272,272,0,41ff1206,00166762,0000,9670,f,0,3341,07
273,273,0,41ff1206,0016675e,0000,0019,0,0,3341,07
274,274,0,41ff1206,0016675e,0000,0019,0,0,3341,07
275,275,0,41ff1206,0016675e,0000,0019,0,0,3341,07
276,276,0,41ff1206,0016675e,0000,0019,0,0,3341,07
277,277,0,41ff1206,0016675e,0000,0019,0,0,3341,07
278,278,0,41ff1206,0016675e,0000,0019,0,0,3341,07
279,279,0,41ff1206,0016675e,0000,0019,0,0,3341,07
280,280,0,41ff1206,0016675e,0000,0019,0,0,3341,07
281,281,0,41ff1206,0016675e,0000,0019,0,0,3341,07
282,282,0,41ff1206,0016675e,0000,0019,0,0,3341,07
283,283,0,41ff1206,0016675e,0000,0019,0,0,3341,07
284,284,0,41ff1206,0016675e,0000,0019,0,0,3341,07
285,285,0,41ff1206,0016675e,0000,0019,0,0,3341,07
286,286,0,41ff1206,0016675e,0000,0019,0,0,3341,07
287,287,0,41ff1206,0016675e,0000,0019,0,0,3341,07
288,288,0,41ff1206,0016675e,0000,0019,0,0,3341,07
289,289,0,41ff1206,0016675e,0000,0019,0,0,3341,07
290,290,0,41ff1206,0016675e,0000,0019,0,0,3341,07
291,291,0,41ff1206,0016675e,0000,0019,0,0,3341,07
292,292,0,41ff1206,0016675e,0000,0019,0,0,3341,07
293,293,0,41ff1206,0016675e,0000,0019,0,0,3341,07
294,294,0,41ff1206,0016675e,0000,0019,0,0,3341,07
295,295,0,41ff1206,0016675e,0000,0019,0,0,3341,07
296,296,0,41ff1206,0016675e,0000,0019,0,0,3341,07
297,297,0,41ff1206,0016675e,0000,0019,0,0,3341,07
298,298,0,41ff1206,0016675e,0000,0019,0,0,3341,07
299,299,0,41ff1206,0016675e,0000,0019,0,0,3341,07
300,300,0,41ff1206,0016675e,0000,0019,0,0,3341,07
301,301,0,41ff1206,0016675e,0000,0019,0,0,3341,07
302,302,0,41ff1206,0016675e,0000,0019,0,0,3341,07
303,303,0,41ff1206,0016675e,0000,0019,0,0,3341,07
304,304,0,41ff1206,0016675e,0000,0019,0,0,3341,07
305,305,0,41ff1206,0016675e,0000,0019,0,0,3341,07
306,306,0,41ff1206,0016675e,0000,0019,0,0,3341,07
307,307,0,41ff1206,0016675e,0000,0019,0,0,3341,07
308,308,0,41ff1206,0016675e,0000,0019,0,0,3341,07
309,309,0,41ff1206,0016675e,0000,0019,0,0,3341,07
310,310,0,41ff1206,0016675e,0000,0019,0,0,3341,07
311,311,0,41ff1206,0016675e,0000,0019,0,0,3341,07
312,312,0,41ff1206,0016675e,0000,0019,0,0,3341,07
313,313,0,41ff1206,0016675e,0000,0019,0,0,3341,07
314,314,0,41ff1206,0016675e,0000,0019,0,0,3341,07
315,315,0,41ff1206,0016675e,0000,0019,0,0,3341,07
316,316,0,41ff1206,0016675e,0000,0019,0,0,3341,07
317,317,0,41ff1206,0016675e,0000,0019,0,0,3341,07
318,318,0,41ff1206,0016675e,0000,0019,0,0,3341,07
319,319,0,41ff1206,0016675e,0000,0019,0,0,3341,07
320,320,0,41ff1206,0016675e,0000,0019,0,0,3341,07
321,321,0,41ff1206,0016675e,0000,0019,0,0,3341,07
322,322,0,41ff1206,0016675e,0000,0019,0,0,3341,07
323,323,0,41ff1206,0016675e,0000,0019,0,0,3341,07
324,324,0,41ff1206,0016675e,0000,0019,0,0,3341,07
325,325,0,41ff1206,0016675e,0000,0019,0,0,3341,07
326,326,0,41ff1206,0016675e,0000,0019,0,0,3341,07
327,327,0,41ff1206,0016675e,0000,0019,0,0,3341,07
328,328,0,41ff1206,0016675e,0000,0019,0,0,3341,07
329,329,0,41ff1206,0016675e,0000,0019,f,0,3341,07
330,330,0,41ff1206,0016675e,0000,0019,f,0,3341,07
331,331,0,41ff1206,0016675e,0000,0019,f,0,3341,07
332,332,0,41ff1206,0016675e,0000,0019,f,0,3341,07
333,333,0,41ff1206,0016675e,0000,0019,f,0,3341,07
334,334,0,41ff1206,0016675e,0000,0019,f,0,3341,07
335,335,0,41ff1206,0016675e,0000,0019,f,0,3341,07
336,336,0,41ff1206,0016675e,0000,0019,f,0,3341,07
337,337,0,41ff1206,0016675e,0000,0019,f,0,3341,07
338,338,0,41ff1206,0016675e,0000,0019,f,0,3341,07
339,339,0,41ff1206,0016675e,0000,0019,f,0,3341,07
340,340,0,41ff1206,0016675e,0000,0019,f,0,3341,07
341,341,0,41ff1206,0016675e,0000,0019,f,0,3341,07
342,342,0,41ff1206,0016675e,0000,0019,f,0,3341,07
343,343,0,41ff1206,0016675e,0000,0019,f,0,3341,07
344,344,0,41ff1206,0016675e,0000,0019,f,0,3341,27
345,345,0,41ff1206,0016675e,0000,0019,f,0,3341,1d
346,346,0,41ff1206,0016675e,0000,0019,f,0,3341,1d
347,347,0,41ff1206,0016675e,0000,0019,f,0,3341,0d
348,348,0,41ff1206,0016675e,0000,0019,f,0,3341,25
349,349,0,41ff1208,0016675e,0000,0019,f,0,3342,1d
350,350,0,41ff1208,0016675e,0000,0019,f,0,3342,1d
351,351,0,41ff1208,0016675e,0000,0019,f,0,3342,0d
352,352,0,41ff1208,0016675e,0000,0019,f,0,3342,25
353,353,0,41ff1208,0016675e,0000,0019,f,1,3342,1d
354,354,0,41ff1208,0016675e,0000,0019,f,1,3342,1d
355,355,0,41ff1208,0016675e,0000,0019,f,1,3342,0d
356,356,0,41ff1208,0016675e,0000,0019,f,1,3342,25
357,357,0,41ff1208,0016675e,0000,0019,f,1,3342,1d
358,358,0,41ff1208,0016675e,0000,0019,f,1,3342,1d
359,359,0,41ff1208,0016675e,0000,0019,f,1,3342,0d
360,360,0,41ff1208,0016675e,0000,0019,f,1,3342,25
361,361,0,41ff1208,0016675e,0000,0019,f,1,3342,1d
362,362,0,41ff1208,0016675e,0000,0019,f,1,3342,1d
363,363,0,41ff1208,0016675e,0000,0019,f,1,3342,0d
364,364,0,41ff1208,0016675e,0000,0019,f,1,3342,25
365,365,0,41ff1208,0016675e,0000,0019,f,0,3342,1d
366,366,0,41ff1208,0016675e,0000,0019,f,0,3342,1d
367,367,0,41ff1208,0016675e,0000,0019,f,0,3342,0d
368,368,0,41ff1208,0016675e,0000,0019,f,0,3342,25
369,369,0,41ff1208,0016675e,0000,0019,f,0,3342,1d
370,370,0,41ff1208,0016675e,0000,0019,f,0,3342,1d
371,371,0,41ff1208,0016675e,0000,0019,f,0,3342,0d
372,372,0,41ff1208,0016675e,0000,0019,f,0,3342,25
373,373,0,41ff120a,0016675e,0000,0019,f,0,3342,1d
374,374,0,41ff120a,0016675e,0000,0019,f,0,3342,1d
375,375,0,41ff120a,0016675e,0000,0019,f,0,3342,0d
376,376,0,41ff120a,0016675e,0000,0019,f,0,3342,25
377,377,0,41ff120a,0016675e,0000,0019,f,0,3342,1d
378,378,0,41ff120a,0016675e,0000,0019,f,0,3342,1d
379,379,0,41ff120a,0016675e,0000,0019,f,0,3342,0d
380,380,0,41ff120a,0016675e,0000,0019,f,0,3342,25
381,381,0,41ff120a,0016675e,0000,0019,f,0,3342,1d
382,382,0,41ff120a,0016675e,0000,0019,f,0,3342,1d
383,383,0,41ff120a,0016675e,0000,0019,f,0,3342,0d
384,384,0,41ff120a,0016675e,0000,0019,f,0,3342,25
385,385,0,41ff120a,0016675e,0000,0019,f,0,3342,1d
386,386,0,41ff120a,0016675e,0000,0019,f,0,3342,1d
387,387,0,41ff120a,0016675e,0000,0019,f,0,3342,0d
388,388,0,41ff120a,0016675e,0000,0019,f,0,3342,25
389,389,0,41ff120a,0016675e,0000,0019,f,1,3342,1d
390,390,0,41ff120a,0016675e,0000,0019,f,1,3342,1d
391,391,0,41ff120a,0016675e,0000,0019,f,1,3342,0d
392,392,0,41ff120a,0016675e,0000,0019,f,1,3342,25
393,393,0,41ff120a,0016675e,0000,0019,f,1,3342,1d
394,394,0,41ff120a,0016675e,0000,0019,f,1,3342,1d
395,395,0,41ff120a,0016675e,0000,0019,f,1,3342,0d
396,396,0,41ff120a,0016675e,0000,0019,f,1,3342,25
397,397,0,41ff120a,0016675e,0000,0019,f,0,3342,1f
398,398,0,41ff120a,0016675e,0000,0019,f,0,3342,1f
399,399,0,41ff120a,0016675e,0000,0019,f,0,3342,0f
400,400,0,41ff120a,0016675e,0000,0019,f,0,3342,07
401,401,0,41ff120a,0016676a,0000,f670,0,0,3342,07
402,402,0,41ff120a,0016676a,0000,f670,0,0,3342,07
403,403,0,41ff120a,0016676a,0000,f670,0,0,3342,07
404,404,0,41ff120a,0016676a,0000,f670,0,0,3342,07
405,405,0,41ff120a,0016676a,0000,f670,0,0,3342,07
406,406,0,41ff120a,0016676a,0000,f670,0,0,3342,07
407,407,0,41ff120a,0016676a,0000,f670,0,0,3342,07
408,408,0,41ff120a,0016676a,0000,f670,0,0,3342,07
409,409,0,41ff120a,0016676a,0000,f670,0,0,3342,07
410,410,0,41ff120a,0016676a,0000,f670,0,0,3342,07
411,411,0,41ff120a,0016676a,0000,f670,0,0,3342,07
412,412,0,41ff120a,0016676a,0000,f670,0,0,3342,07
413,413,0,41ff120a,0016676a,0000,f670,0,0,3342,07
414,414,0,41ff120a,0016676a,0000,f670,0,0,3342,07
415,415,0,41ff120a,0016676a,0000,f670,0,0,3342,07
416,416,0,41ff120a,0016676a,0000,f670,0,0,3342,07
417,417,0,41ff120a,0016676a,0000,f670,0,0,3342,07
418,418,0,41ff120a,0016676a,0000,f670,0,0,3342,07
419,419,0,41ff120a,0016676a,0000,f670,0,0,3342,07
420,420,0,41ff120a,0016676a,0000,f670,0,0,3342,07
421,421,0,41ff120a,0016676a,0000,f670,0,0,3342,07
422,422,0,41ff120a,0016676a,0000,f670,0,0,3342,07
423,423,0,41ff120a,0016676a,0000,f670,0,0,3342,07
424,424,0,41ff120a,0016676a,0000,f670,0,0,3342,07
425,425,0,41ff120a,0016676a,0000,f670,0,0,3342,07
426,426,0,41ff120a,0016676a,0000,f670,0,0,3342,07
427,427,0,41ff120a,0016676a,0000,f670,0,0,3342,07
428,428,0,41ff120a,0016676a,0000,f670,0,0,3342,07
429,429,0,41ff120a,0016676a,0000,f670,0,0,3342,07
430,430,0,41ff120a,0016676a,0000,f670,0,0,3342,07
431,431,0,41ff120a,0016676a,0000,f670,0,0,3342,07
432,432,0,41ff120a,0016676a,0000,f670,0,0,3342,07
433,433,0,41ff120a,0016676a,0000,f670,0,0,3342,07
434,434,0,41ff120a,0016676a,0000,f670,0,0,3342,07
435,435,0,41ff120a,0016676a,0000,f670,0,0,3342,07
436,436,0,41ff120a,0016676a,0000,f670,0,0,3342,07
437,437,0,41ff120a,0016676a,0000,f670,0,0,3342,07
438,438,0,41ff120a,0016676a,0000,f670,0,0,3342,07
439,439,0,41ff120a,0016676a,0000,f670,0,0,3342,07
440,440,0,41ff120a,0016676a,0000,f670,0,0,3342,07
441,441,0,41ff120a,0016676a,0000,f670,0,0,3342,07
442,442,0,41ff120a,0016676a,0000,f670,0,0,3342,07
443,443,0,41ff120a,0016676a,0000,f670,0,0,3342,07
444,444,0,41ff120a,0016676a,0000,f670,0,0,3342,07
445,445,0,41ff120a,0016676a,0000,f670,0,0,3342,07
446,446,0,41ff120a,0016676a,0000,f670,0,0,3342,07
447,447,0,41ff120a,0016676a,0000,f670,0,0,3342,07
448,448,0,41ff120a,0016676a,0000,f670,0,0,3342,07
449,449,0,41ff120a,0016676a,0000,f670,0,0,3342,07
450,450,0,41ff120a,0016676a,0000,f670,0,0,3342,07
451,451,0,41ff120a,0016676a,0000,f670,0,0,3342,07
452,452,0,41ff120a,0016676a,0000,f670,0,0,3342,07
453,453,0,41ff120a,0016676a,0000,f670,0,0,3342,07
454,454,0,41ff120a,0016676a,0000,f670,0,0,3342,07
455,455,0,41ff120a,0016676a,0000,f670,0,0,3342,07
456,456,0,41ff120a,0016676a,0000,f670,0,0,3342,07
457,457,0,41ff120a,0016676a,0000,f670,f,0,3342,07
458,458,0,41ff120a,0016676a,0000,f670,f,0,3342,07
459,459,0,41ff120a,0016676a,0000,f670,f,0,3342,07
460,460,0,41ff120a,0016676a,0000,f670,f,0,3342,07
461,461,0,41ff120a,0016676a,0000,f670,f,0,3342,07
462,462,0,41ff120a,0016676a,0000,f670,f,0,3342,07
463,463,0,41ff120a,0016676a,0000,f670,f,0,3342,07
464,464,0,41ff120a,0016676a,0000,f670,f,0,3342,07
465,465,0,41ff120a,0016676a,0000,f670,f,0,3342,07
466,466,0,41ff120a,0016676a,0000,f670,f,0,3342,07
467,467,0,41ff120a,0016676a,0000,f670,f,0,3342,07
468,468,0,41ff120a,0016676a,0000,f670,f,0,3342,07
469,469,0,41ff120a,0016676a,0000,f670,f,0,3342,07
470,470,0,41ff120a,0016676a,0000,f670,f,0,3342,07
471,471,0,41ff120a,0016676a,0000,f670,f,0,3342,07
472,472,0,41ff120a,0016676a,0000,f670,f,0,3342,27
473,473,0,41ff120a,0016676a,0000,f670,f,0,3342,1d
474,474,0,41ff120a,0016676a,0000,f670,f,0,3342,1d
475,475,0,41ff120a,0016676a,0000,f670,f,0,3342,0d
476,476,0,41ff120a,0016676a,0000,f670,f,0,3342,25
477,477,0,41ff120c,0016676a,0000,f670,f,0,4842,1d
478,478,0,41ff120c,0016676a,0000,f670,f,0,4842,1d
479,479,0,41ff120c,0016676a,0000,f670,f,0,4842,0d
480,480,0,41ff120c,0016676a,0000,f670,f,0,4842,25
481,481,0,41ff120c,0016676a,0000,f670,f,1,4842,1d
482,482,0,41ff120c,0016676a,0000,f670,f,1,4842,1d
483,483,0,41ff120c,0016676a,0000,f670,f,1,4842,0d
484,484,0,41ff120c,0016676a,0000,f670,f,1,4842,25
485,485,0,41ff120c,0016676a,0000,f670,f,1,4842,1d
486,486,0,41ff120c,0016676a,0000,f670,f,1,4842,1d
487,487,0,41ff120c,0016676a,0000,f670,f,1,4842,0d
488,488,0,41ff120c,0016676a,0000,f670,f,1,4842,25
489,489,0,41ff120c,0016676a,0000,f670,f,1,4842,1d
490,490,0,41ff120c,0016676a,0000,f670,f,1,4842,1d
491,491,0,41ff120c,0016676a,0000,f670,f,1,4842,0d
492,492,0,41ff120c,0016676a,0000,f670,f,1,4842,25
493,493,0,41ff120c,0016676a,0000,f670,f,0,4842,1d
494,494,0,41ff120c,0016676a,0000,f670,f,0,4842,1d
495,495,0,41ff120c,0016676a,0000,f670,f,0,4842,0d
496,496,0,41ff120c,0016676a,0000,f670,f,0,4842,25
497,497,0,41ff120e,0016676a,0000,f670,f,0,3342,1d
498,498,0,41ff120e,0016676a,0000,f670,f,0,3342,1d
499,499,0,41ff120e,0016676a,0000,f670,f,0,3342,0d
500,500,0,41ff120e,0016676a,0000,f670,f,0,3342,25
501,501,0,41ff120e,0016676a,0000,f670,f,0,3342,1d
502,502,0,41ff120e,0016676a,0000,f670,f,0,3342,1d
503,503,0,41ff120e,0016676a,0000,f670,f,0,3342,0d
504,504,0,41ff120e,0016676a,0000,f670,f,0,3342,25
505,505,0,41ff120e,0016676a,0000,f670,f,0,3342,1d
506,506,0,41ff120e,0016676a,0000,f670,f,0,3342,1d
507,507,0,41ff120e,0016676a,0000,f670,f,0,3342,0d
508,508,0,41ff120e,0016676a,0000,f670,f,0,3342,25
509,509,0,41ff120e,0016676a,0000,f670,f,0,3342,1d
510,510,0,41ff120e,0016676a,0000,f670,f,0,3342,1d
511,511,0,41ff120e,0016676a,0000,f670,f,0,3342,0d
512,512,0,41ff120e,0016676a,0000,f670,f,0,3342,25
513,513,0,41ff120e,0016676a,0000,f670,f,0,3342,1d
514,514,0,41ff120e,0016676a,0000,f670,f,0,3342,1d
515,515,0,41ff120e,0016676a,0000,f670,f,0,3342,0d
516,516,0,41ff120e,0016676a,0000,f670,f,0,3342,25
517,517,0,41ff120e,0016676a,0000,f670,f,0,3342,1d
518,518,0,41ff120e,0016676a,0000,f670,f,0,3342,1d
519,519,0,41ff120e,0016676a,0000,f670,f,0,3342,0d
520,520,0,41ff120e,0016676a,0000,f670,f,0,3342,25
521,521,0,41ff1210,0016676a,0000,f670,f,0,3342,1d
522,522,0,41ff1210,0016676a,0000,f670,f,0,3342,1d
523,523,0,41ff1210,0016676a,0000,f670,f,0,3342,0d
524,524,0,41ff1210,0016676a,0000,f670,f,0,3342,25
525,525,0,41ff1210,0016676a,0000,f670,f,0,3342,1d
526,526,0,41ff1210,0016676a,0000,f670,f,0,3342,1d
527,527,0,41ff1210,0016676a,0000,f670,f,0,3342,0d
528,528,0,41ff1210,0016676a,0000,f670,f,0,3342,25
529,529,0,41ff1210,0016676a,0000,f670,f,0,3342,1d
530,530,0,41ff1210,0016676a,0000,f670,f,0,3342,1d
531,531,0,41ff1210,0016676a,0000,f670,f,0,3342,0d
532,532,0,41ff1210,0016676a,0000,f670,f,0,3342,25
533,533,0,41ff1210,0016676a,0000,f670,f,1,3342,1d
534,534,0,41ff1210,0016676a,0000,f670,f,1,3342,1d
535,535,0,41ff1210,0016676a,0000,f670,f,1,3342,0d
536,536,0,41ff1210,0016676a,0000,f670,f,1,3342,25
537,537,0,41ff1210,0016676a,0000,f670,f,1,3342,1d
538,538,0,41ff1210,0016676a,0000,f670,f,1,3342,1d
539,539,0,41ff1210,0016676a,0000,f670,f,1,3342,0d
540,540,0,41ff1210,0016676a,0000,f670,f,1,3342,25
541,541,0,41ff1210,0016676a,0000,f670,f,1,3342,1d
542,542,0,41ff1210,0016676a,0000,f670,f,1,3342,1d
543,543,0,41ff1210,0016676a,0000,f670,f,1,3342,0d
544,544,0,41ff1210,0016676a,0000,f670,f,1,3342,25
545,545,0,41ff1210,0016676a,0000,f670,f,0,3342,1d
546,546,0,41ff1210,0016676a,0000,f670,f,0,3342,1d
547,547,0,41ff1210,0016676a,0000,f670,f,0,3342,0d
548,548,0,41ff1210,0016676a,0000,f670,f,0,3342,25
549,549,0,41ff1210,0016676a,0000,f670,f,1,3342,1d
550,550,0,41ff1210,0016676a,0000,f670,f,1,3342,1d
551,551,0,41ff1210,0016676a,0000,f670,f,1,3342,0d
552,552,0,41ff1210,0016676a,0000,f670,f,1,3342,25
553,553,0,41ff1210,0016676a,0000,f670,f,1,3342,1d
554,554,0,41ff1210,0016676a,0000,f670,f,1,3342,1d
555,555,0,41ff1210,0016676a,0000,f670,f,1,3342,0d
556,556,0,41ff1210,0016676a,0000,f670,f,1,3342,25
557,557,0,41ff1210,0016676a,0000,f670,f,0,3342,1f
558,558,0,41ff1210,0016676a,0000,f670,f,0,3342,1f
559,559,0,41ff1210,0016676a,0000,f670,f,0,3342,0f
560,560,0,41ff1210,0016676a,0000,f670,f,0,3342,07
561,561,0,41ff1210,00166766,0000,0019,0,0,3342,07
562,562,0,41ff1210,00166766,0000,0019,0,0,3342,07
563,563,0,41ff1210,00166766,0000,0019,0,0,3342,07
564,564,0,41ff1210,00166766,0000,0019,0,0,3342,07
565,565,0,41ff1210,00166766,0000,0019,0,0,3342,07
566,566,0,41ff1210,00166766,0000,0019,0,0,3342,07
567,567,0,41ff1210,00166766,0000,0019,0,0,3342,07
568,568,0,41ff1210,00166766,0000,0019,0,0,3342,07
569,569,0,41ff1210,00166766,0000,0019,0,0,3342,07
570,570,0,41ff1210,00166766,0000,0019,0,0,3342,07
571,571,0,41ff1210,00166766,0000,0019,0,0,3342,07
572,572,0,41ff1210,00166766,0000,0019,0,0,3342,07
573,573,0,41ff1210,00166766,0000,0019,0,0,3342,07
574,574,0,41ff1210,00166766,0000,0019,0,0,3342,07
575,575,0,41ff1210,00166766,0000,0019,0,0,3342,07
576,576,0,41ff1210,00166766,0000,0019,0,0,3342,07
577,577,0,41ff1210,00166766,0000,0019,0,0,3342,07
578,578,0,41ff1210,00166766,0000,0019,0,0,3342,07
579,579,0,41ff1210,00166766,0000,0019,0,0,3342,07
580,580,0,41ff1210,00166766,0000,0019,0,0,3342,07
581,581,0,41ff1210,00166766,0000,0019,0,0,3342,07
582,582,0,41ff1210,00166766,0000,0019,0,0,3342,07
583,583,0,41ff1210,00166766,0000,0019,0,0,3342,07
584,584,0,41ff1210,00166766,0000,0019,0,0,3342,07
585,585,0,41ff1210,00166766,0000,0019,0,0,3342,07
586,586,0,41ff1210,00166766,0000,0019,0,0,3342,07
587,587,0,41ff1210,00166766,0000,0019,0,0,3342,07
588,588,0,41ff1210,00166766,0000,0019,0,0,3342,07
589,589,0,41ff1210,00166766,0000,0019,0,0,3342,07
590,590,0,41ff1210,00166766,0000,0019,0,0,3342,07
591,591,0,41ff1210,00166766,0000,0019,0,0,3342,07
592,592,0,41ff1210,00166766,0000,0019,0,0,3342,07
593,593,0,41ff1210,00166766,0000,0019,0,0,3342,07
594,594,0,41ff1210,00166766,0000,0019,0,0,3342,07
595,595,0,41ff1210,00166766,0000,0019,0,0,3342,07
596,596,0,41ff1210,00166766,0000,0019,0,0,3342,07
597,597,0,41ff1210,00166766,0000,0019,0,0,3342,07
598,598,0,41ff1210,00166766,0000,0019,0,0,3342,07
599,599,0,41ff1210,00166766,0000,0019,0,0,3342,07
600,600,0,41ff1210,00166766,0000,0019,0,0,3342,07
601,601,0,41ff1210,00166766,0000,0019,0,0,3342,07
602,602,0,41ff1210,00166766,0000,0019,0,0,3342,07
603,603,0,41ff1210,00166766,0000,0019,0,0,3342,07
604,604,0,41ff1210,00166766,0000,0019,0,0,3342,07
605,605,0,41ff1210,00166766,0000,0019,0,0,3342,07
606,606,0,41ff1210,00166766,0000,0019,0,0,3342,07
607,607,0,41ff1210,00166766,0000,0019,0,0,3342,07
608,608,0,41ff1210,00166766,0000,0019,0,0,3342,07
609,609,0,41ff1210,00166766,0000,0019,0,0,3342,07
610,610,0,41ff1210,00166766,0000,0019,0,0,3342,07
611,611,0,41ff1210,00166766,0000,0019,0,0,3342,07
612,612,0,41ff1210,00166766,0000,0019,0,0,3342,07
613,613,0,41ff1210,00166766,0000,0019,0,0,3342,07
614,614,0,41ff1210,00166766,0000,0019,0,0,3342,07
615,615,0,41ff1210,00166766,0000,0019,0,0,3342,07
616,616,0,41ff1210,00166766,0000,0019,0,0,3342,07
617,617,0,41ff1210,00166766,0000,0019,f,0,3342,07
618,618,0,41ff1210,00166766,0000,0019,f,0,3342,07
619,619,0,41ff1210,00166766,0000,0019,f,0,3342,07
620,620,0,41ff1210,00166766,0000,0019,f,0,3342,07
621,621,0,41ff1210,00166766,0000,0019,f,0,3342,07
622,622,0,41ff1210,00166766,0000,0019,f,0,3342,07
623,623,0,41ff1210,00166766,0000,0019,f,0,3342,07
624,624,0,41ff1210,00166766,0000,0019,f,0,3342,07
625,625,0,41ff1210,00166766,0000,0019,f,0,3342,07
626,626,0,41ff1210,00166766,0000,0019,f,0,3342,07
627,627,0,41ff1210,00166766,0000,0019,f,0,3342,07
628,628,0,41ff1210,00166766,0000,0019,f,0,3342,07
629,629,0,41ff1210,00166766,0000,0019,f,0,3342,07
630,630,0,41ff1210,00166766,0000,0019,f,0,3342,07
631,631,0,41ff1210,00166766,0000,0019,f,0,3342,07
632,632,0,41ff1210,00166766,0000,0019,f,0,3342,27
633,633,0,41ff1210,00166766,0000,0019,f,0,3342,1d
634,634,0,41ff1210,00166766,0000,0019,f,0,3342,1d
635,635,0,41ff1210,00166766,0000,0019,f,0,3342,0d
636,636,0,41ff1210,00166766,0000,0019,f,0,3342,25
637,637,0,41ff1212,00166766,0000,0019,f,0,3343,1d
638,638,0,41ff1212,00166766,0000,0019,f,0,3343,1d
639,639,0,41ff1212,00166766,0000,0019,f,0,3343,0d
640,640,0,41ff1212,00166766,0000,0019,f,0,3343,25
641,641,0,41ff1212,00166766,0000,0019,f,0,3343,1d
642,642,0,41ff1212,00166766,0000,0019,f,0,3343,1d
643,643,0,41ff1212,00166766,0000,0019,f,0,3343,0d
644,644,0,41ff1212,00166766,0000,0019,f,0,3343,25
645,645,0,41ff1212,00166766,0000,0019,f,0,3343,1d
646,646,0,41ff1212,00166766,0000,0019,f,0,3343,1d
647,647,0,41ff1212,00166766,0000,0019,f,0,3343,0d
648,648,0,41ff1212,00166766,0000,0019,f,0,3343,25
649,649,0,41ff1212,00166766,0000,0019,f,0,3343,1d
650,650,0,41ff1212,00166766,0000,0019,f,0,3343,1d
651,651,0,41ff1212,00166766,0000,0019,f,0,3343,0d
652,652,0,41ff1212,00166766,0000,0019,f,0,3343,25
653,653,0,41ff1212,00166766,0000,0019,f,0,3343,1d
654,654,0,41ff1212,00166766,0000,0019,f,0,3343,1d
655,655,0,41ff1212,00166766,0000,0019,f,0,3343,0d
656,656,0,41ff1212,00166766,0000,0019,f,0,3343,25
657,657,0,41ff1212,00166766,0000,0019,f,0,3343,1d
658,658,0,41ff1212,00166766,0000,0019,f,0,3343,1d
659,659,0,41ff1212,00166766,0000,0019,f,0,3343,0d
660,660,0,41ff1212,00166766,0000,0019,f,0,3343,25
661,661,0,41ff1214,00166766,0000,0019,f,0,3343,1d
662,662,0,41ff1214,00166766,0000,0019,f,0,3343,1d
663,663,0,41ff1214,00166766,0000,0019,f,0,3343,0d
664,664,0,41ff1214,00166766,0000,0019,f,0,3343,25
665,665,0,41ff1214,00166766,0000,0019,f,0,3343,1d
666,666,0,41ff1214,00166766,0000,0019,f,0,3343,1d
667,667,0,41ff1214,00166766,0000,0019,f,0,3343,0d
668,668,0,41ff1214,00166766,0000,0019,f,0,3343,25
669,669,0,41ff1214,00166766,0000,0019,f,0,3343,1d
670,670,0,41ff1214,00166766,0000,0019,f,0,3343,1d
671,671,0,41ff1214,00166766,0000,0019,f,0,3343,0d
672,672,0,41ff1214,00166766,0000,0019,f,0,3343,25
673,673,0,41ff1214,00166766,0000,0019,f,1,3343,1d
674,674,0,41ff1214,00166766,0000,0019,f,1,3343,1d
675,675,0,41ff1214,00166766,0000,0019,f,1,3343,0d
676,676,0,41ff1214,00166766,0000,0019,f,1,3343,25
677,677,0,41ff1214,00166766,0000,0019,f,1,3343,1d
678,678,0,41ff1214,00166766,0000,0019,f,1,3343,1d
679,679,0,41ff1214,00166766,0000,0019,f,1,3343,0d
680,680,0,41ff1214,00166766,0000,0019,f,1,3343,25
681,681,0,41ff1214,00166766,0000,0019,f,1,3343,1d
682,682,0,41ff1214,00166766,0000,0019,f,1,3343,1d
683,683,0,41ff1214,00166766,0000,0019,f,1,3343,0d
684,684,0,41ff1214,00166766,0000,0019,f,1,3343,25
685,685,0,41ff1214,00166766,0000,0019,f,0,3343,1d
686,686,0,41ff1214,00166766,0000,0019,f,0,3343,1d
687,687,0,41ff1214,00166766,0000,0019,f,0,3343,0d
688,688,0,41ff1214,00166766,0000,0019,f,0,3343,25
689,689,0,41ff1214,00166766,0000,0019,f,1,3343,1d
690,690,0,41ff1214,00166766,0000,0019,f,1,3343,1d
691,691,0,41ff1214,00166766,0000,0019,f,1,3343,0d
692,692,0,41ff1214,00166766,0000,0019,f,1,3343,25
693,693,0,41ff1214,00166766,0000,0019,f,1,3343,1d
694,694,0,41ff1214,00166766,0000,0019,f,1,3343,1d
695,695,0,41ff1214,00166766,0000,0019,f,1,3343,0d
696,696,0,41ff1214,00166766,0000,0019,f,1,3343,25
697,697,0,41ff1214,00166766,0000,0019,f,0,3343,1f
698,698,0,41ff1214,00166766,0000,0019,f,0,3343,1f
699,699,0,41ff1214,00166766,0000,0019,f,0,3343,0f
700,700,0,41ff1214,00166766,0000,0019,f,0,3343,07
701,701,0,41ff1214,00166766,0000,0019,f,0,3343,07
702,702,0,41ff1214,00166766,0000,0019,f,0,3343,07
703,703,0,41ff1214,00166766,0000,0019,f,0,3343,07
704,704,0,41ff1214,00166766,0000,0019,f,0,3343,07
705,705,0,41ff1214,00166772,0000,5670,0,0,3343,07
706,706,0,41ff1214,00166772,0000,5670,0,0,3343,07
707,707,0,41ff1214,00166772,0000,5670,0,0,3343,07
708,708,0,41ff1214,00166772,0000,5670,0,0,3343,07
709,709,0,41ff1214,00166772,0000,5670,0,0,3343,07
710,710,0,41ff1214,00166772,0000,5670,0,0,3343,07
711,711,0,41ff1214,00166772,0000,5670,0,0,3343,07
712,712,0,41ff1214,00166772,0000,5670,0,0,3343,07
713,713,0,41ff1214,00166772,0000,5670,0,0,3343,07
714,714,0,41ff1214,00166772,0000,5670,0,0,3343,07
715,715,0,41ff1214,00166772,0000,5670,0,0,3343,07
716,716,0,41ff1214,00166772,0000,5670,0,0,3343,07
717,717,0,41ff1214,00166772,0000,5670,0,0,3343,07
718,718,0,41ff1214,00166772,0000,5670,0,0,3343,07
719,719,0,41ff1214,00166772,0000,5670,0,0,3343,07
720,720,0,41ff1214,00166772,0000,5670,0,0,3343,07
721,721,0,41ff1214,00166772,0000,5670,0,0,3343,07
722,722,0,41ff1214,00166772,0000,5670,0,0,3343,07
723,723,0,41ff1214,00166772,0000,5670,0,0,3343,07
724,724,0,41ff1214,00166772,0000,5670,0,0,3343,07
725,725,0,41ff1214,00166772,0000,5670,0,0,3343,07
726,726,0,41ff1214,00166772,0000,5670,0,0,3343,07
727,727,0,41ff1214,00166772,0000,5670,0,0,3343,07
728,728,0,41ff1214,00166772,0000,5670,0,0,3343,07
729,729,0,41ff1214,00166772,0000,5670,0,0,3343,07
730,730,0,41ff1214,00166772,0000,5670,0,0,3343,07
731,731,0,41ff1214,00166772,0000,5670,0,0,3343,07
732,732,0,41ff1214,00166772,0000,5670,0,0,3343,07
733,733,0,41ff1214,00166772,0000,5670,0,0,3343,07
734,734,0,41ff1214,00166772,0000,5670,0,0,3343,07
735,735,0,41ff1214,00166772,0000,5670,0,0,3343,07
736,736,0,41ff1214,00166772,0000,5670,0,0,3343,07
737,737,0,41ff1214,00166772,0000,5670,0,0,3343,07
738,738,0,41ff1214,00166772,0000,5670,0,0,3343,07
739,739,0,41ff1214,00166772,0000,5670,0,0,3343,07
740,740,0,41ff1214,00166772,0000,5670,0,0,3343,07
741,741,0,41ff1214,00166772,0000,5670,0,0,3343,07
742,742,0,41ff1214,00166772,0000,5670,0,0,3343,07
743,743,0,41ff1214,00166772,0000,5670,0,0,3343,07
744,744,0,41ff1214,00166772,0000,5670,0,0,3343,07
745,745,0,41ff1214,00166772,0000,5670,f,0,3343,07
746,746,0,41ff1214,00166772,0000,5670,f,0,3343,07
747,747,0,41ff1214,00166772,0000,5670,f,0,3343,07
748,748,0,41ff1214,00166772,0000,5670,f,0,3343,07
749,749,0,41ff1214,00166772,0000,5670,f,0,3343,07
750,750,0,41ff1214,00166772,0000,5670,f,0,3343,07
751,751,0,41ff1214,00166772,0000,5670,f,0,3343,07
752,752,0,41ff1214,00166772,0000,5670,f,0,3343,07
753,753,0,41ff1214,00166772,0000,5670,f,0,3343,07
754,754,0,41ff1214,00166772,0000,5670,f,0,3343,07
755,755,0,41ff1214,00166772,0000,5670,f,0,3343,07
756,756,0,41ff1214,00166772,0000,5670,f,0,3343,07
757,757,0,41ff1214,00166772,0000,5670,f,0,3343,07
758,758,0,41ff1214,00166772,0000,5670,f,0,3343,07
759,759,0,41ff1214,00166772,0000,5670,f,0,3343,07
760,760,0,41ff1214,00166772,0000,5670,f,0,3343,27
761,761,0,41ff1214,00166772,0000,5670,f,0,3343,1d
762,762,0,41ff1214,00166772,0000,5670,f,0,3343,1d
763,763,0,41ff1214,00166772,0000,5670,f,0,3343,0d
764,764,0,41ff1214,00166772,0000,5670,f,0,3343,25
765,765,0,41ff1216,00166772,0000,5670,f,0,4843,1d
766,766,0,41ff1216,00166772,0000,5670,f,0,4843,1d
767,767,0,41ff1216,00166772,0000,5670,f,0,4843,0d
768,768,0,41ff1216,00166772,0000,5670,f,0,4843,25
769,769,0,41ff1216,00166772,0000,5670,f,0,4843,1d
770,770,0,41ff1216,00166772,0000,5670,f,0,4843,1d
771,771,0,41ff1216,00166772,0000,5670,f,0,4843,0d
772,772,0,41ff1216,00166772,0000,5670,f,0,4843,25
773,773,0,41ff1216,00166772,0000,5670,f,0,4843,1d
774,774,0,41ff1216,00166772,0000,5670,f,0,4843,1d
775,775,0,41ff1216,00166772,0000,5670,f,0,4843,0d
776,776,0,41ff1216,00166772,0000,5670,f,0,4843,25
777,777,0,41ff1216,00166772,0000,5670,f,0,4843,1d
778,778,0,41ff1216,00166772,0000,5670,f,0,4843,1d
779,779,0,41ff1216,00166772,0000,5670,f,0,4843,0d
780,780,0,41ff1216,00166772,0000,5670,f,0,4843,25
781,781,0,41ff1216,00166772,0000,5670,f,0,4843,1d
782,782,0,41ff1216,00166772,0000,5670,f,0,4843,1d
783,783,0,41ff1216,00166772,0000,5670,f,0,4843,0d
784,784,0,41ff1216,00166772,0000,5670,f,0,4843,25
785,785,0,41ff1218,00166772,0000,5670,f,0,3343,1d
786,786,0,41ff1218,00166772,0000,5670,f,0,3343,1d
787,787,0,41ff1218,00166772,0000,5670,f,0,3343,0d
788,788,0,41ff1218,00166772,0000,5670,f,0,3343,25
789,789,0,41ff1218,00166772,0000,5670,f,1,3343,1d
790,790,0,41ff1218,00166772,0000,5670,f,1,3343,1d
791,791,0,41ff1218,00166772,0000,5670,f,1,3343,0d
792,792,0,41ff1218,00166772,0000,5670,f,1,3343,25
793,793,0,41ff1218,00166772,0000,5670,f,1,3343,1d
794,794,0,41ff1218,00166772,0000,5670,f,1,3343,1d
795,795,0,41ff1218,00166772,0000,5670,f,1,3343,0d
796,796,0,41ff1218,00166772,0000,5670,f,1,3343,25
797,797,0,41ff1218,00166772,0000,5670,f,1,3343,1d
798,798,0,41ff1218,00166772,0000,5670,f,1,3343,1d
799,799,0,41ff1218,00166772,0000,5670,f,1,3343,0d
800,800,0,41ff1218,00166772,0000,5670,f,1,3343,25
801,801,0,41ff1218,00166772,0000,5670,f,0,3343,1d
802,802,0,41ff1218,00166772,0000,5670,f,0,3343,1d
803,803,0,41ff1218,00166772,0000,5670,f,0,3343,0d
804,804,0,41ff1218,00166772,0000,5670,f,0,3343,25
805,805,0,41ff1218,00166772,0000,5670,f,0,3343,1d
806,806,0,41ff1218,00166772,0000,5670,f,0,3343,1d
807,807,0,41ff1218,00166772,0000,5670,f,0,3343,0d
808,808,0,41ff1218,00166772,0000,5670,f,0,3343,25
809,809,0,41ff121a,00166772,0000,5670,f,0,3343,1d
810,810,0,41ff121a,00166772,0000,5670,f,0,3343,1d
811,811,0,41ff121a,00166772,0000,5670,f,0,3343,0d
812,812,0,41ff121a,00166772,0000,5670,f,0,3343,25
813,813,0,41ff121a,00166772,0000,5670,f,0,3343,1d
814,814,0,41ff121a,00166772,0000,5670,f,0,3343,1d
815,815,0,41ff121a,00166772,0000,5670,f,0,3343,0d
816,816,0,41ff121a,00166772,0000,5670,f,0,3343,25
817,817,0,41ff121a,00166772,0000,5670,f,0,3343,1d
818,818,0,41ff121a,00166772,0000,5670,f,0,3343,1d
819,819,0,41ff121a,00166772,0000,5670,f,0,3343,0d
820,820,0,41ff121a,00166772,0000,5670,f,0,3343,25
821,821,0,41ff121a,00166772,0000,5670,f,0,3343,1d
822,822,0,41ff121a,00166772,0000,5670,f,0,3343,1d
823,823,0,41ff121a,00166772,0000,5670,f,0,3343,0d
824,824,0,41ff121a,00166772,0000,5670,f,0,3343,25
825,825,0,41ff121a,00166772,0000,5670,f,1,3343,1d
826,826,0,41ff121a,00166772,0000,5670,f,1,3343,1d
827,827,0,41ff121a,00166772,0000,5670,f,1,3343,0d
828,828,0,41ff121a,00166772,0000,5670,f,1,3343,25
829,829,0,41ff121a,00166772,0000,5670,f,1,3343,1d
830,830,0,41ff121a,00166772,0000,5670,f,1,3343,1d
831,831,0,41ff121a,00166772,0000,5670,f,1,3343,0d
832,832,0,41ff121a,00166772,0000,5670,f,1,3343,25
833,833,0,41ff121a,00166772,0000,5670,f,0,3343,1f
834,834,0,41ff121a,00166772,0000,5670,f,0,3343,1f
835,835,0,41ff121a,00166772,0000,5670,f,0,3343,0f
836,836,0,41ff121a,00166772,0000,5670,f,0,3343,07
837,837,0,41ff121a,00166772,0000,5670,f,0,3343,07
838,838,0,41ff121a,00166772,0000,5670,f,0,3343,07
839,839,0,41ff121a,00166772,0000,5670,f,0,3343,07
840,840,0,41ff121a,00166772,0000,5670,f,0,3343,07
841,841,0,41ff121a,00166772,0000,5670,f,0,3343,07
842,842,0,41ff121a,00166772,0000,5670,f,0,3343,07
843,843,0,41ff121a,00166772,0000,5670,f,0,3343,07
844,844,0,41ff121a,00166772,0000,5670,f,0,3343,07
845,845,0,41ff121a,00166772,0000,5670,f,0,3343,07
846,846,0,41ff121a,00166772,0000,5670,f,0,3343,07
847,847,0,41ff121a,00166772,0000,5670,f,0,3343,07
848,848,0,41ff121a,00166772,0000,5670,f,0,3343,07
849,849,0,41ff121a,0016676e,0000,001a,0,0,3343,07
850,850,0,41ff121a,0016676e,0000,001a,0,0,3343,07
851,851,0,41ff121a,0016676e,0000,001a,0,0,3343,07
852,852,0,41ff121a,0016676e,0000,001a,0,0,3343,07
853,853,0,41ff121a,0016676e,0000,001a,0,0,3343,07
854,854,0,41ff121a,0016676e,0000,001a,0,0,3343,07
855,855,0,41ff121a,0016676e,0000,001a,0,0,3343,07
856,856,0,41ff121a,0016676e,0000,001a,0,0,3343,07
857,857,0,41ff121a,0016676e,0000,001a,0,0,3343,07
858,858,0,41ff121a,0016676e,0000,001a,0,0,3343,07
859,859,0,41ff121a,0016676e,0000,001a,0,0,3343,07
860,860,0,41ff121a,0016676e,0000,001a,0,0,3343,07
861,861,0,41ff121a,0016676e,0000,001a,0,0,3343,07
862,862,0,41ff121a,0016676e,0000,001a,0,0,3343,07
863,863,0,41ff121a,0016676e,0000,001a,0,0,3343,07
864,864,0,41ff121a,0016676e,0000,001a,0,0,3343,07
865,865,0,41ff121a,0016676e,0000,001a,0,0,3343,07
866,866,0,41ff121a,0016676e,0000,001a,0,0,3343,07
867,867,0,41ff121a,0016676e,0000,001a,0,0,3343,07
868,868,0,41ff121a,0016676e,0000,001a,0,0,3343,07
869,869,0,41ff121a,0016676e,0000,001a,0,0,3343,07
870,870,0,41ff121a,0016676e,0000,001a,0,0,3343,07
871,871,0,41ff121a,0016676e,0000,001a,0,0,3343,07
872,872,0,41ff121a,0016676e,0000,001a,0,0,3343,07
873,873,0,41ff121a,0016676e,0000,001a,0,0,3343,07
874,874,0,41ff121a,0016676e,0000,001a,0,0,3343,07
875,875,0,41ff121a,0016676e,0000,001a,0,0,3343,07
876,876,0,41ff121a,0016676e,0000,001a,0,0,3343,07
877,877,0,41ff121a,0016676e,0000,001a,0,0,3343,07
878,878,0,41ff121a,0016676e,0000,001a,0,0,3343,07
879,879,0,41ff121a,0016676e,0000,001a,0,0,3343,07
880,880,0,41ff121a,0016676e,0000,001a,0,0,3343,07
881,881,0,41ff121a,0016676e,0000,001a,0,0,3343,07
882,882,0,41ff121a,0016676e,0000,001a,0,0,3343,07
883,883,0,41ff121a,0016676e,0000,001a,0,0,3343,07
884,884,0,41ff121a,0016676e,0000,001a,0,0,3343,07
885,885,0,41ff121a,0016676e,0000,001a,0,0,3343,07
886,886,0,41ff121a,0016676e,0000,001a,0,0,3343,07
887,887,0,41ff121a,0016676e,0000,001a,0,0,3343,07
888,888,0,41ff121a,0016676e,0000,001a,0,0,3343,07
889,889,0,41ff121a,0016676e,0000,001a,0,0,3343,07
890,890,0,41ff121a,0016676e,0000,001a,0,0,3343,07
891,891,0,41ff121a,0016676e,0000,001a,0,0,3343,07
892,892,0,41ff121a,0016676e,0000,001a,0,0,3343,07
893,893,0,41ff121a,0016676e,0000,001a,0,0,3343,07
894,894,0,41ff121a,0016676e,0000,001a,0,0,3343,07
895,895,0,41ff121a,0016676e,0000,001a,0,0,3343,07
896,896,0,41ff121a,0016676e,0000,001a,0,0,3343,07
897,897,0,41ff121a,0016676e,0000,001a,0,0,3343,07
898,898,0,41ff121a,0016676e,0000,001a,0,0,3343,07
899,899,0,41ff121a,0016676e,0000,001a,0,0,3343,07
900,900,0,41ff121a,0016676e,0000,001a,0,0,3343,07
901,901,0,41ff121a,0016676e,0000,001a,0,0,3343,07
902,902,0,41ff121a,0016676e,0000,001a,0,0,3343,07
903,903,0,41ff121a,0016676e,0000,001a,0,0,3343,07
904,904,0,41ff121a,0016676e,0000,001a,0,0,3343,07
905,905,0,41ff121a,0016676e,0000,001a,f,0,3343,07
906,906,0,41ff121a,0016676e,0000,001a,f,0,3343,07
907,907,0,41ff121a,0016676e,0000,001a,f,0,3343,07
908,908,0,41ff121a,0016676e,0000,001a,f,0,3343,07
909,909,0,41ff121a,0016676e,0000,001a,f,0,3343,07
910,910,0,41ff121a,0016676e,0000,001a,f,0,3343,07
911,911,0,41ff121a,0016676e,0000,001a,f,0,3343,07
912,912,0,41ff121a,0016676e,0000,001a,f,0,3343,07
913,913,0,41ff121a,0016676e,0000,001a,f,0,3343,07
914,914,0,41ff121a,0016676e,0000,001a,f,0,3343,07
915,915,0,41ff121a,0016676e,0000,001a,f,0,3343,07
916,916,0,41ff121a,0016676e,0000,001a,f,0,3343,07
917,917,0,41ff121a,0016676e,0000,001a,f,0,3343,07
918,918,0,41ff121a,0016676e,0000,001a,f,0,3343,07
919,919,0,41ff121a,0016676e,0000,001a,f,0,3343,07
920,920,0,41ff121a,0016676e,0000,001a,f,0,3343,27
921,921,0,41ff121a,0016676e,0000,001a,f,0,3343,1d
922,922,0,41ff121a,0016676e,0000,001a,f,0,3343,1d
923,923,0,41ff121a,0016676e,0000,001a,f,0,3343,0d
924,924,0,41ff121a,0016676e,0000,001a,f,0,3343,25
925,925,0,41ff121c,0016676e,0000,001a,f,0,e94c,1d
926,926,0,41ff121c,0016676e,0000,001a,f,0,e94c,1d
927,927,0,41ff121c,0016676e,0000,001a,f,0,e94c,0d
928,928,0,41ff121c,0016676e,0000,001a,f,0,e94c,25
929,929,0,41ff121c,0016676e,0000,001a,f,1,e94c,1d
930,930,0,41ff121c,0016676e,0000,001a,f,1,e94c,1d
931,931,0,41ff121c,0016676e,0000,001a,f,1,e94c,0d
932,932,0,41ff121c,0016676e,0000,001a,f,1,e94c,25
933,933,0,41ff121c,0016676e,0000,001a,f,1,e94c,1d
934,934,0,41ff121c,0016676e,0000,001a,f,1,e94c,1d
935,935,0,41ff121c,0016676e,0000,001a,f,1,e94c,0d
936,936,0,41ff121c,0016676e,0000,001a,f,1,e94c,25
937,937,0,41ff121c,0016676e,0000,001a,f,1,e94c,1d
938,938,0,41ff121c,0016676e,0000,001a,f,1,e94c,1d
939,939,0,41ff121c,0016676e,0000,001a,f,1,e94c,0d
940,940,0,41ff121c,0016676e,0000,001a,f,1,e94c,25
941,941,0,41ff121c,0016676e,0000,001a,f,0,e94c,1d
942,942,0,41ff121c,0016676e,0000,001a,f,0,e94c,1d
943,943,0,41ff121c,0016676e,0000,001a,f,0,e94c,0d
944,944,0,41ff121c,0016676e,0000,001a,f,0,e94c,25
945,945,0,41ff121c,0016676e,0000,001a,f,0,e94c,1d
946,946,0,41ff121c,0016676e,0000,001a,f,0,e94c,1d
947,947,0,41ff121c,0016676e,0000,001a,f,0,e94c,0d
948,948,0,41ff121c,0016676e,0000,001a,f,0,e94c,25
949,949,0,41ff121c,0016676e,0000,001a,f,0,e94c,1d
950,950,0,41ff121c,0016676e,0000,001a,f,0,e94c,1d
951,951,0,41ff121c,0016676e,0000,001a,f,0,e94c,0d
952,952,0,41ff121c,0016676e,0000,001a,f,0,e94c,25
953,953,0,41ff121e,0016676e,0000,001a,f,0,3344,1d
954,954,0,41ff121e,0016676e,0000,001a,f,0,3344,1d
955,955,0,41ff121e,0016676e,0000,001a,f,0,3344,0d
956,956,0,41ff121e,0016676e,0000,001a,f,0,3344,25
957,957,0,41ff121e,0016676e,0000,001a,f,0,3344,1d
958,958,0,41ff121e,0016676e,0000,001a,f,0,3344,1d
959,959,0,41ff121e,0016676e,0000,001a,f,0,3344,0d
960,960,0,41ff121e,0016676e,0000,001a,f,0,3344,25
961,961,0,41ff121e,0016676e,0000,001a,f,0,3344,1d
962,962,0,41ff121e,0016676e,0000,001a,f,0,3344,1d
963,963,0,41ff121e,0016676e,0000,001a,f,0,3344,0d
964,964,0,41ff121e,0016676e,0000,001a,f,0,3344,25
965,965,0,41ff121e,0016676e,0000,001a,f,0,3344,1d
966,966,0,41ff121e,0016676e,0000,001a,f,0,3344,1d
967,967,0,41ff121e,0016676e,0000,001a,f,0,3344,0d
968,968,0,41ff121e,0016676e,0000,001a,f,0,3344,25
969,969,0,41ff121e,0016676e,0000,001a,f,0,3344,1d
970,970,0,41ff121e,0016676e,0000,001a,f,0,3344,1d
971,971,0,41ff121e,0016676e,0000,001a,f,0,3344,0d
972,972,0,41ff121e,0016676e,0000,001a,f,0,3344,25
973,973,0,41ff121e,0016676e,0000,001a,f,0,3344,1d
974,974,0,41ff121e,0016676e,0000,001a,f,0,3344,1d
975,975,0,41ff121e,0016676e,0000,001a,f,0,3344,0d
976,976,0,41ff121e,0016676e,0000,001a,f,0,3344,25
977,977,0,41ff1220,0016676e,0000,001a,f,0,3344,1d
978,978,0,41ff1220,0016676e,0000,001a,f,0,3344,1d
979,979,0,41ff1220,0016676e,0000,001a,f,0,3344,0d
980,980,0,41ff1220,0016676e,0000,001a,f,0,3344,25
981,981,0,41ff1220,0016676e,0000,001a,f,0,3344,1d
982,982,0,41ff1220,0016676e,0000,001a,f,0,3344,1d
983,983,0,41ff1220,0016676e,0000,001a,f,0,3344,0d
984,984,0,41ff1220,0016676e,0000,001a,f,0,3344,25
985,985,0,41ff1220,0016676e,0000,001a,f,0,3344,1d
986,986,0,41ff1220,0016676e,0000,001a,f,0,3344,1d
987,987,0,41ff1220,0016676e,0000,001a,f,0,3344,0d
988,988,0,41ff1220,0016676e,0000,001a,f,0,3344,25
989,989,0,41ff1220,0016676e,0000,001a,f,1,3344,1d
990,990,0,41ff1220,0016676e,0000,001a,f,1,3344,1d
991,991,0,41ff1220,0016676e,0000,001a,f,1,3344,0d
992,992,0,41ff1220,0016676e,0000,001a,f,1,3344,25
993,993,0,41ff1220,0016676e,0000,001a,f,1,3344,1d
994,994,0,41ff1220,0016676e,0000,001a,f,1,3344,1d
995,995,0,41ff1220,0016676e,0000,001a,f,1,3344,0d
996,996,0,41ff1220,0016676e,0000,001a,f,1,3344,25
997,997,0,41ff1220,0016676e,0000,001a,f,1,3344,1d
998,998,0,41ff1220,0016676e,0000,001a,f,1,3344,1d
999,999,0,41ff1220,0016676e,0000,001a,f,1,3344,0d
1000,1000,0,41ff1220,0016676e,0000,001a,f,1,3344,25
1001,1001,0,41ff1220,0016676e,0000,001a,f,0,3344,1d
1002,1002,0,41ff1220,0016676e,0000,001a,f,0,3344,1d
1003,1003,0,41ff1220,0016676e,0000,001a,f,0,3344,0d
1004,1004,0,41ff1220,0016676e,0000,001a,f,0,3344,25
1005,1005,0,41ff1220,0016676e,0000,001a,f,1,3344,1d
1006,1006,0,41ff1220,0016676e,0000,001a,f,1,3344,1d
1007,1007,0,41ff1220,0016676e,0000,001a,f,1,3344,0d
1008,1008,0,41ff1220,0016676e,0000,001a,f,1,3344,25
1009,1009,0,41ff1220,0016676e,0000,001a,f,1,3344,1d
1010,1010,0,41ff1220,0016676e,0000,001a,f,1,3344,1d
1011,1011,0,41ff1220,0016676e,0000,001a,f,1,3344,0d
1012,1012,0,41ff1220,0016676e,0000,001a,f,1,3344,25
1013,1013,0,41ff1220,0016676e,0000,001a,f,0,3344,1f
1014,1014,0,41ff1220,0016676e,0000,001a,f,0,3344,1f
1015,1015,0,41ff1220,0016676e,0000,001a,f,0,3344,0f
1016,1016,0,41ff1220,0016676e,0000,001a,f,0,3344,07
1017,1017,0,41ff1220,0016676e,0000,001a,f,0,3344,07
1018,1018,0,41ff1220,0016676e,0000,001a,f,0,3344,07
1019,1019,0,41ff1220,0016676e,0000,001a,f,0,3344,07
1020,1020,0,41ff1220,0016676e,0000,001a,f,0,3344,07
1021,1021,0,41ff1220,0016676e,0000,001a,f,0,3344,07
1022,1022,0,41ff1220,0016676e,0000,001a,f,0,3344,07
1023,1023,0,41ff1220,0016676e,0000,001a,f,0,3344,07
1024,1024,0,41ff1220,0016676e,0000,001a,f,0,3344,07
1025,1025,0,41ff1220,00166796,0000,4030,0,0,3344,07
1026,1026,0,41ff1220,00166796,0000,4030,0,0,3344,07
1027,1027,0,41ff1220,00166796,0000,4030,0,0,3344,07
1028,1028,0,41ff1220,00166796,0000,4030,0,0,3344,07
1029,1029,0,41ff1220,00166796,0000,4030,0,0,3344,07
1030,1030,0,41ff1220,00166796,0000,4030,0,0,3344,07
1031,1031,0,41ff1220,00166796,0000,4030,0,0,3344,07
1032,1032,0,41ff1220,00166796,0000,4030,0,0,3344,07
1033,1033,0,41ff1220,00166796,0000,4030,0,0,3344,07
1034,1034,0,41ff1220,00166796,0000,4030,0,0,3344,07
1035,1035,0,41ff1220,00166796,0000,4030,0,0,3344,07
1036,1036,0,41ff1220,00166796,0000,4030,0,0,3344,07
1037,1037,0,41ff1220,00166796,0000,4030,0,0,3344,07
1038,1038,0,41ff1220,00166796,0000,4030,0,0,3344,07
1039,1039,0,41ff1220,00166796,0000,4030,0,0,3344,07
1040,1040,0,41ff1220,00166796,0000,4030,0,0,3344,07
1041,1041,0,41ff1220,00166796,0000,4030,0,0,3344,07
1042,1042,0,41ff1220,00166796,0000,4030,0,0,3344,07
1043,1043,0,41ff1220,00166796,0000,4030,0,0,3344,07
1044,1044,0,41ff1220,00166796,0000,4030,0,0,3344,07
1045,1045,0,41ff1220,00166796,0000,4030,0,0,3344,07
1046,1046,0,41ff1220,00166796,0000,4030,0,0,3344,07
1047,1047,0,41ff1220,00166796,0000,4030,0,0,3344,07
1048,1048,0,41ff1220,00166796,0000,4030,0,0,3344,07
1049,1049,0,41ff1220,00166796,0000,4030,0,0,3344,07
1050,1050,0,41ff1220,00166796,0000,4030,0,0,3344,07
1051,1051,0,41ff1220,00166796,0000,4030,0,0,3344,07
1052,1052,0,41ff1220,00166796,0000,4030,0,0,3344,07
1053,1053,0,41ff1220,00166796,0000,4030,0,0,3344,07
1054,1054,0,41ff1220,00166796,0000,4030,0,0,3344,07
1055,1055,0,41ff1220,00166796,0000,4030,0,0,3344,07
1056,1056,0,41ff1220,00166796,0000,4030,0,0,3344,07
1057,1057,0,41ff1220,00166796,0000,4030,0,0,3344,07
1058,1058,0,41ff1220,00166796,0000,4030,0,0,3344,07
1059,1059,0,41ff1220,00166796,0000,4030,0,0,3344,07
1060,1060,0,41ff1220,00166796,0000,4030,0,0,3344,07
1061,1061,0,41ff1220,00166796,0000,4030,0,0,3344,07
1062,1062,0,41ff1220,00166796,0000,4030,0,0,3344,07
1063,1063,0,41ff1220,00166796,0000,4030,0,0,3344,07
1064,1064,0,41ff1220,00166796,0000,4030,0,0,3344,07
1065,1065,0,41ff1220,00166796,0000,4030,0,0,3344,07
1066,1066,0,41ff1220,00166796,0000,4030,0,0,3344,07
1067,1067,0,41ff1220,00166796,0000,4030,0,0,3344,07
1068,1068,0,41ff1220,00166796,0000,4030,0,0,3344,07
1069,1069,0,41ff1220,00166796,0000,4030,0,0,3344,07
1070,1070,0,41ff1220,00166796,0000,4030,0,0,3344,07
1071,1071,0,41ff1220,00166796,0000,4030,0,0,3344,07
1072,1072,0,41ff1220,00166796,0000,4030,0,0,3344,07
1073,1073,0,41ff1220,00166796,0000,4030,0,0,3344,07
1074,1074,0,41ff1220,00166796,0000,4030,0,0,3344,07
1075,1075,0,41ff1220,00166796,0000,4030,0,0,3344,07
1076,1076,0,41ff1220,00166796,0000,4030,0,0,3344,07
1077,1077,0,41ff1220,00166796,0000,4030,0,0,3344,07
1078,1078,0,41ff1220,00166796,0000,4030,0,0,3344,07
1079,1079,0,41ff1220,00166796,0000,4030,0,0,3344,07
1080,1080,0,41ff1220,00166796,0000,4030,0,0,3344,07
1081,1081,0,41ff1220,00166796,0000,4030,0,0,3344,07
1082,1082,0,41ff1220,00166796,0000,4030,0,0,3344,07
1083,1083,0,41ff1220,00166796,0000,4030,0,0,3344,07
1084,1084,0,41ff1220,00166796,0000,4030,0,0,3344,07
1085,1085,0,41ff1220,00166796,0000,4030,0,0,3344,07
1086,1086,0,41ff1220,00166796,0000,4030,0,0,3344,07
1087,1087,0,41ff1220,00166796,0000,4030,0,0,3344,07
1088,1088,0,41ff1220,00166796,0000,4030,0,0,3344,07
1089,1089,0,41ff1220,00166796,0000,4030,0,0,3344,07
1090,1090,0,41ff1220,00166796,0000,4030,0,0,3344,07
1091,1091,0,41ff1220,00166796,0000,4030,0,0,3344,07
1092,1092,0,41ff1220,00166796,0000,4030,0,0,3344,07
1093,1093,0,41ff1220,00166796,0000,4030,0,0,3344,07
1094,1094,0,41ff1220,00166796,0000,4030,0,0,3344,07
1095,1095,0,41ff1220,00166796,0000,4030,0,0,3344,07
1096,1096,0,41ff1220,00166796,0000,4030,0,0,3344,07
1097,1097,0,41ff1220,00166796,0000,4030,0,0,3344,07
1098,1098,0,41ff1220,00166796,0000,4030,0,0,3344,07
1099,1099,0,41ff1220,00166796,0000,4030,0,0,3344,07
1100,1100,0,41ff1220,00166796,0000,4030,0,0,3344,07
1101,1101,0,41ff1220,00166796,0000,4030,0,0,3344,07
1102,1102,0,41ff1220,00166796,0000,4030,0,0,3344,07
1103,1103,0,41ff1220,00166796,0000,4030,0,0,3344,07
1104,1104,0,41ff1220,00166796,0000,4030,0,0,3344,07
1105,1105,0,41ff1220,00166796,0000,4030,0,0,3344,07
1106,1106,0,41ff1220,00166796,0000,4030,0,0,3344,07
1107,1107,0,41ff1220,00166796,0000,4030,0,0,3344,07
1108,1108,0,41ff1220,00166796,0000,4030,0,0,3344,07
1109,1109,0,41ff1220,00166796,0000,4030,0,0,3344,07
1110,1110,0,41ff1220,00166796,0000,4030,0,0,3344,07
1111,1111,0,41ff1220,00166796,0000,4030,0,0,3344,07
1112,1112,0,41ff1220,00166796,0000,4030,0,0,3344,07
1113,1113,0,41ff1220,00166796,0000,4030,0,0,3344,07
1114,1114,0,41ff1220,00166796,0000,4030,0,0,3344,07
1115,1115,0,41ff1220,00166796,0000,4030,0,0,3344,07
1116,1116,0,41ff1220,00166796,0000,4030,0,0,3344,07
1117,1117,0,41ff1220,00166796,0000,4030,0,0,3344,07
1118,1118,0,41ff1220,00166796,0000,4030,0,0,3344,07
1119,1119,0,41ff1220,00166796,0000,4030,0,0,3344,07
1120,1120,0,41ff1220,00166796,0000,4030,0,0,3344,07
1121,1121,0,41ff1220,00166796,0000,4030,0,0,3344,07
1122,1122,0,41ff1220,00166796,0000,4030,0,0,3344,07
1123,1123,0,41ff1220,00166796,0000,4030,0,0,3344,07
1124,1124,0,41ff1220,00166796,0000,4030,0,0,3344,07
1125,1125,0,41ff1220,00166796,0000,4030,0,0,3344,07
1126,1126,0,41ff1220,00166796,0000,4030,0,0,3344,07
1127,1127,0,41ff1220,00166796,0000,4030,0,0,3344,07
1128,1128,0,41ff1220,00166796,0000,4030,0,0,3344,07
1129,1129,0,41ff1220,00166796,0000,4030,0,0,3344,07
1130,1130,0,41ff1220,00166796,0000,4030,0,0,3344,07
1131,1131,0,41ff1220,00166796,0000,4030,0,0,3344,07
1132,1132,0,41ff1220,00166796,0000,4030,0,0,3344,07
1133,1133,0,41ff1220,00166796,0000,4030,0,0,3344,07
1134,1134,0,41ff1220,00166796,0000,4030,0,0,3344,07
1135,1135,0,41ff1220,00166796,0000,4030,0,0,3344,07
1136,1136,0,41ff1220,00166796,0000,4030,0,0,3344,07
1137,1137,0,41ff1220,00166796,0000,4030,0,0,3344,07
1138,1138,0,41ff1220,00166796,0000,4030,0,0,3344,07
1139,1139,0,41ff1220,00166796,0000,4030,0,0,3344,07
1140,1140,0,41ff1220,00166796,0000,4030,0,0,3344,07
1141,1141,0,41ff1220,00166796,0000,4030,0,0,3344,07
1142,1142,0,41ff1220,00166796,0000,4030,0,0,3344,07
1143,1143,0,41ff1220,00166796,0000,4030,0,0,3344,07
1144,1144,0,41ff1220,00166796,0000,4030,0,0,3344,07
1145,1145,0,41ff1220,00166796,0000,4030,0,0,3344,07
1146,1146,0,41ff1220,00166796,0000,4030,0,0,3344,07
1147,1147,0,41ff1220,00166796,0000,4030,0,0,3344,07
1148,1148,0,41ff1220,00166796,0000,4030,0,0,3344,07
1149,1149,0,41ff1220,00166796,0000,4030,0,0,3344,07
1150,1150,0,41ff1220,00166796,0000,4030,0,0,3344,07
1151,1151,0,41ff1220,00166796,0000,4030,0,0,3344,07
1152,1152,0,41ff1220,00166796,0000,4030,0,0,3344,07
1153,1153,0,41ff1220,00166796,0000,4030,0,0,3344,07
1154,1154,0,41ff1220,00166796,0000,4030,0,0,3344,07
1155,1155,0,41ff1220,00166796,0000,4030,0,0,3344,07
1156,1156,0,41ff1220,00166796,0000,4030,0,0,3344,07
1157,1157,0,41ff1220,00166796,0000,4030,0,0,3344,07
1158,1158,0,41ff1220,00166796,0000,4030,0,0,3344,07
1159,1159,0,41ff1220,00166796,0000,4030,0,0,3344,07
1160,1160,0,41ff1220,00166796,0000,4030,0,0,3344,07
1161,1161,0,41ff1220,00166796,0000,4030,0,0,3344,07
1162,1162,0,41ff1220,00166796,0000,4030,0,0,3344,07
1163,1163,0,41ff1220,00166796,0000,4030,0,0,3344,07
1164,1164,0,41ff1220,00166796,0000,4030,0,0,3344,07
1165,1165,0,41ff1220,00166796,0000,4030,0,0,3344,07
1166,1166,0,41ff1220,00166796,0000,4030,0,0,3344,07
1167,1167,0,41ff1220,00166796,0000,4030,0,0,3344,07
1168,1168,0,41ff1220,00166796,0000,4030,0,0,3344,07
1169,1169,0,41ff1220,00166796,0000,4030,0,0,3344,07
1170,1170,0,41ff1220,00166796,0000,4030,0,0,3344,07
1171,1171,0,41ff1220,00166796,0000,4030,0,0,3344,07
1172,1172,0,41ff1220,00166796,0000,4030,0,0,3344,07
1173,1173,0,41ff1220,00166796,0000,4030,0,0,3344,07
1174,1174,0,41ff1220,00166796,0000,4030,0,0,3344,07
1175,1175,0,41ff1220,00166796,0000,4030,0,0,3344,07
1176,1176,0,41ff1220,00166796,0000,4030,0,0,3344,07
1177,1177,0,41ff1220,00166796,0000,4030,0,0,3344,07
1178,1178,0,41ff1220,00166796,0000,4030,0,0,3344,07
1179,1179,0,41ff1220,00166796,0000,4030,0,0,3344,07
1180,1180,0,41ff1220,00166796,0000,4030,0,0,3344,07
1181,1181,0,41ff1220,00166796,0000,4030,0,0,3344,07
1182,1182,0,41ff1220,00166796,0000,4030,0,0,3344,07
1183,1183,0,41ff1220,00166796,0000,4030,0,0,3344,07
1184,1184,0,41ff1220,00166796,0000,4030,0,0,3344,07
1185,1185,0,41ff1220,00166796,0000,4030,0,0,3344,07
1186,1186,0,41ff1220,00166796,0000,4030,0,0,3344,07
1187,1187,0,41ff1220,00166796,0000,4030,0,0,3344,07
1188,1188,0,41ff1220,00166796,0000,4030,0,0,3344,07
1189,1189,0,41ff1220,00166796,0000,4030,0,0,3344,07
1190,1190,0,41ff1220,00166796,0000,4030,0,0,3344,07
1191,1191,0,41ff1220,00166796,0000,4030,0,0,3344,07
1192,1192,0,41ff1220,00166796,0000,4030,0,0,3344,07
1193,1193,0,41ff1220,00166796,0000,4030,f,0,3344,07
1194,1194,0,41ff1220,00166796,0000,4030,f,0,3344,07
1195,1195,0,41ff1220,00166796,0000,4030,f,0,3344,07
1196,1196,0,41ff1220,00166796,0000,4030,f,0,3344,07
1197,1197,0,41ff1220,00166796,0000,4030,f,0,3344,07
1198,1198,0,41ff1220,00166796,0000,4030,f,0,3344,07
1199,1199,0,41ff1220,00166796,0000,4030,f,0,3344,07
1200,1200,0,41ff1220,00166796,0000,4030,f,0,3344,07
1201,1201,0,41ff1220,00166796,0000,4030,f,0,3344,07
1202,1202,0,41ff1220,00166796,0000,4030,f,0,3344,07
1203,1203,0,41ff1220,00166796,0000,4030,f,0,3344,07
1204,1204,0,41ff1220,00166796,0000,4030,f,0,3344,07
1205,1205,0,41ff1220,00166796,0000,4030,f,0,3344,07
1206,1206,0,41ff1220,00166796,0000,4030,f,0,3344,07
1207,1207,0,41ff1220,00166796,0000,4030,f,0,3344,07
1208,1208,0,41ff1220,00166796,0000,4030,f,0,3344,27
1209,1209,0,41ff1220,00166796,0000,4030,f,0,3344,1d
1210,1210,0,41ff1220,00166796,0000,4030,f,0,3344,1d
1211,1211,0,41ff1220,00166796,0000,4030,f,0,3344,0d
1212,1212,0,41ff1220,00166796,0000,4030,f,0,3344,25
1213,1213,0,41ff1222,00166796,0000,4030,f,0,bd45,1d
1214,1214,0,41ff1222,00166796,0000,4030,f,0,bd45,1d
1215,1215,0,41ff1222,00166796,0000,4030,f,0,bd45,0d
1216,1216,0,41ff1222,00166796,0000,4030,f,0,bd45,25
1217,1217,0,41ff1222,00166796,0000,4030,f,0,bd45,1d
1218,1218,0,41ff1222,00166796,0000,4030,f,0,bd45,1d
1219,1219,0,41ff1222,00166796,0000,4030,f,0,bd45,0d
1220,1220,0,41ff1222,00166796,0000,4030,f,0,bd45,25
1221,1221,0,41ff1222,00166796,0000,4030,f,0,bd45,1d
1222,1222,0,41ff1222,00166796,0000,4030,f,0,bd45,1d
1223,1223,0,41ff1222,00166796,0000,4030,f,0,bd45,0d
1224,1224,0,41ff1222,00166796,0000,4030,f,0,bd45,25
1225,1225,0,41ff1222,00166796,0000,4030,f,0,bd45,1d
1226,1226,0,41ff1222,00166796,0000,4030,f,0,bd45,1d
1227,1227,0,41ff1222,00166796,0000,4030,f,0,bd45,0d
1228,1228,0,41ff1222,00166796,0000,4030,f,0,bd45,25
1229,1229,0,41ff1222,00166796,0000,4030,f,0,bd45,1d
1230,1230,0,41ff1222,00166796,0000,4030,f,0,bd45,1d
1231,1231,0,41ff1222,00166796,0000,4030,f,0,bd45,0d
1232,1232,0,41ff1222,00166796,0000,4030,f,0,bd45,25
1233,1233,0,41ff1224,00166796,0000,4030,f,0,da45,1d
1234,1234,0,41ff1224,00166796,0000,4030,f,0,da45,1d
1235,1235,0,41ff1224,00166796,0000,4030,f,0,da45,0d
1236,1236,0,41ff1224,00166796,0000,4030,f,0,da45,25
1237,1237,0,41ff1224,00166796,0000,4030,f,1,da45,1d
1238,1238,0,41ff1224,00166796,0000,4030,f,1,da45,1d
1239,1239,0,41ff1224,00166796,0000,4030,f,1,da45,0d
1240,1240,0,41ff1224,00166796,0000,4030,f,1,da45,25
1241,1241,0,41ff1224,00166796,0000,4030,f,1,da45,1d
1242,1242,0,41ff1224,00166796,0000,4030,f,1,da45,1d
1243,1243,0,41ff1224,00166796,0000,4030,f,1,da45,0d
1244,1244,0,41ff1224,00166796,0000,4030,f,1,da45,25
1245,1245,0,41ff1224,00166796,0000,4030,f,1,da45,1d
1246,1246,0,41ff1224,00166796,0000,4030,f,1,da45,1d
1247,1247,0,41ff1224,00166796,0000,4030,f,1,da45,0d
1248,1248,0,41ff1224,00166796,0000,4030,f,1,da45,25
1249,1249,0,41ff1224,00166796,0000,4030,f,0,da45,1d
1250,1250,0,41ff1224,00166796,0000,4030,f,0,da45,1d
1251,1251,0,41ff1224,00166796,0000,4030,f,0,da45,0d
1252,1252,0,41ff1224,00166796,0000,4030,f,0,da45,25
1253,1253,0,41ff1226,00166796,0000,4030,f,0,3345,1d
1254,1254,0,41ff1226,00166796,0000,4030,f,0,3345,1d
1255,1255,0,41ff1226,00166796,0000,4030,f,0,3345,0d
1256,1256,0,41ff1226,00166796,0000,4030,f,0,3345,25
1257,1257,0,41ff1226,00166796,0000,4030,f,0,3345,1d
1258,1258,0,41ff1226,00166796,0000,4030,f,0,3345,1d
1259,1259,0,41ff1226,00166796,0000,4030,f,0,3345,0d
1260,1260,0,41ff1226,00166796,0000,4030,f,0,3345,25
1261,1261,0,41ff1226,00166796,0000,4030,f,0,3345,1d
1262,1262,0,41ff1226,00166796,0000,4030,f,0,3345,1d
1263,1263,0,41ff1226,00166796,0000,4030,f,0,3345,0d
1264,1264,0,41ff1226,00166796,0000,4030,f,0,3345,25
1265,1265,0,41ff1226,00166796,0000,4030,f,0,3345,1d
1266,1266,0,41ff1226,00166796,0000,4030,f,0,3345,1d
1267,1267,0,41ff1226,00166796,0000,4030,f,0,3345,0d
1268,1268,0,41ff1226,00166796,0000,4030,f,0,3345,25
1269,1269,0,41ff1226,00166796,0000,4030,f,0,3345,1d
1270,1270,0,41ff1226,00166796,0000,4030,f,0,3345,1d
1271,1271,0,41ff1226,00166796,0000,4030,f,0,3345,0d
1272,1272,0,41ff1226,00166796,0000,4030,f,0,3345,25
1273,1273,0,41ff1226,00166796,0000,4030,f,0,3345,1d
1274,1274,0,41ff1226,00166796,0000,4030,f,0,3345,1d
1275,1275,0,41ff1226,00166796,0000,4030,f,0,3345,0d
1276,1276,0,41ff1226,00166796,0000,4030,f,0,3345,25
1277,1277,0,41ff1228,00166796,0000,4030,f,0,3345,1d
1278,1278,0,41ff1228,00166796,0000,4030,f,0,3345,1d
1279,1279,0,41ff1228,00166796,0000,4030,f,0,3345,0d
1280,1280,0,41ff1228,00166796,0000,4030,f,0,3345,25
1281,1281,0,41ff1228,00166796,0000,4030,f,0,3345,1d
1282,1282,0,41ff1228,00166796,0000,4030,f,0,3345,1d
1283,1283,0,41ff1228,00166796,0000,4030,f,0,3345,0d
1284,1284,0,41ff1228,00166796,0000,4030,f,0,3345,25
1285,1285,0,41ff1228,00166796,0000,4030,f,0,3345,1d
1286,1286,0,41ff1228,00166796,0000,4030,f,0,3345,1d
1287,1287,0,41ff1228,00166796,0000,4030,f,0,3345,0d
1288,1288,0,41ff1228,00166796,0000,4030,f,0,3345,25
1289,1289,0,41ff1228,00166796,0000,4030,f,1,3345,1d
1290,1290,0,41ff1228,00166796,0000,4030,f,1,3345,1d
1291,1291,0,41ff1228,00166796,0000,4030,f,1,3345,0d
1292,1292,0,41ff1228,00166796,0000,4030,f,1,3345,25
1293,1293,0,41ff1228,00166796,0000,4030,f,1,3345,1d
1294,1294,0,41ff1228,00166796,0000,4030,f,1,3345,1d
1295,1295,0,41ff1228,00166796,0000,4030,f,1,3345,0d
1296,1296,0,41ff1228,00166796,0000,4030,f,1,3345,25
1297,1297,0,41ff1228,00166796,0000,4030,f,1,3345,1d
1298,1298,0,41ff1228,00166796,0000,4030,f,1,3345,1d
1299,1299,0,41ff1228,00166796,0000,4030,f,1,3345,0d
1300,1300,0,41ff1228,00166796,0000,4030,f,1,3345,25
1301,1301,0,41ff1228,00166796,0000,4030,f,0,3345,1d
1302,1302,0,41ff1228,00166796,0000,4030,f,0,3345,1d
1303,1303,0,41ff1228,00166796,0000,4030,f,0,3345,0d
1304,1304,0,41ff1228,00166796,0000,4030,f,0,3345,25
1305,1305,0,41ff1228,00166796,0000,4030,f,1,3345,1d
1306,1306,0,41ff1228,00166796,0000,4030,f,1,3345,1d
1307,1307,0,41ff1228,00166796,0000,4030,f,1,3345,0d
1308,1308,0,41ff1228,00166796,0000,4030,f,1,3345,25
1309,1309,0,41ff1228,00166796,0000,4030,f,1,3345,1d
1310,1310,0,41ff1228,00166796,0000,4030,f,1,3345,1d
1311,1311,0,41ff1228,00166796,0000,4030,f,1,3345,0d
1312,1312,0,41ff1228,00166796,0000,4030,f,1,3345,25
1313,1313,0,41ff1228,00166796,0000,4030,f,0,3345,1f
1314,1314,0,41ff1228,00166796,0000,4030,f,0,3345,1f
1315,1315,0,41ff1228,00166796,0000,4030,f,0,3345,0f
1316,1316,0,41ff1228,00166796,0000,4030,f,0,3345,07
1317,1317,0,41ff1228,00166796,0000,4030,f,0,3345,07
1318,1318,0,41ff1228,00166796,0000,4030,f,0,3345,07
1319,1319,0,41ff1228,00166796,0000,4030,f,0,3345,07
1320,1320,0,41ff1228,00166796,0000,4030,f,0,3345,07
1321,1321,0,41ff1228,00166796,0000,4030,f,0,3345,07
1322,1322,0,41ff1228,00166796,0000,4030,f,0,3345,07
1323,1323,0,41ff1228,00166796,0000,4030,f,0,3345,07
1324,1324,0,41ff1228,00166796,0000,4030,f,0,3345,07
1325,1325,0,41ff1228,00166796,0000,4030,f,0,3345,07
1326,1326,0,41ff1228,00166796,0000,4030,f,0,3345,07
1327,1327,0,41ff1228,00166796,0000,4030,f,0,3345,07
1328,1328,0,41ff1228,00166796,0000,4030,f,0,3345,07
1329,1329,0,41ff1228,0016679a,0000,0000,0,0,3345,07
1330,1330,0,41ff1228,0016679a,0000,0000,0,0,3345,07
1331,1331,0,41ff1228,0016679a,0000,0000,0,0,3345,07
1332,1332,0,41ff1228,0016679a,0000,0000,0,0,3345,07
1333,1333,0,41ff1228,0016679a,0000,0000,0,0,3345,07
1334,1334,0,41ff1228,0016679a,0000,0000,0,0,3345,07
1335,1335,0,41ff1228,0016679a,0000,0000,0,0,3345,07
1336,1336,0,41ff1228,0016679a,0000,0000,0,0,3345,07
1337,1337,0,41ff1228,0016679a,0000,0000,0,0,3345,07
1338,1338,0,41ff1228,0016679a,0000,0000,0,0,3345,07
1339,1339,0,41ff1228,0016679a,0000,0000,0,0,3345,07
1340,1340,0,41ff1228,0016679a,0000,0000,0,0,3345,07
1341,1341,0,41ff1228,0016679a,0000,0000,0,0,3345,07
1342,1342,0,41ff1228,0016679a,0000,0000,0,0,3345,07
1343,1343,0,41ff1228,0016679a,0000,0000,0,0,3345,07
1344,1344,0,41ff1228,0016679a,0000,0000,0,0,3345,07
1345,1345,0,41ff1228,0016679a,0000,0000,0,0,3345,07
1346,1346,0,41ff1228,0016679a,0000,0000,0,0,3345,07
1347,1347,0,41ff1228,0016679a,0000,0000,0,0,3345,07
1348,1348,0,41ff1228,0016679a,0000,0000,0,0,3345,07
1349,1349,0,41ff1228,0016679a,0000,0000,0,0,3345,07
1350,1350,0,41ff1228,0016679a,0000,0000,0,0,3345,07
1351,1351,0,41ff1228,0016679a,0000,0000,0,0,3345,07
1352,1352,0,41ff1228,0016679a,0000,0000,0,0,3345,07
1353,1353,0,41ff1228,0016679a,0000,0000,0,0,3345,07
1354,1354,0,41ff1228,0016679a,0000,0000,0,0,3345,07
1355,1355,0,41ff1228,0016679a,0000,0000,0,0,3345,07
1356,1356,0,41ff1228,0016679a,0000,0000,0,0,3345,07
1357,1357,0,41ff1228,0016679a,0000,0000,0,0,3345,07
1358,1358,0,41ff1228,0016679a,0000,0000,0,0,3345,07
1359,1359,0,41ff1228,0016679a,0000,0000,0,0,3345,07
1360,1360,0,41ff1228,0016679a,0000,0000,0,0,3345,07
1361,1361,0,41ff1228,0016679a,0000,0000,0,0,3345,07
1362,1362,0,41ff1228,0016679a,0000,0000,0,0,3345,07
1363,1363,0,41ff1228,0016679a,0000,0000,0,0,3345,07
1364,1364,0,41ff1228,0016679a,0000,0000,0,0,3345,07
1365,1365,0,41ff1228,0016679a,0000,0000,0,0,3345,07
1366,1366,0,41ff1228,0016679a,0000,0000,0,0,3345,07
1367,1367,0,41ff1228,0016679a,0000,0000,0,0,3345,07
1368,1368,0,41ff1228,0016679a,0000,0000,0,0,3345,07
1369,1369,0,41ff1228,0016679a,0000,0000,0,0,3345,07
1370,1370,0,41ff1228,0016679a,0000,0000,0,0,3345,07
1371,1371,0,41ff1228,0016679a,0000,0000,0,0,3345,07
1372,1372,0,41ff1228,0016679a,0000,0000,0,0,3345,07
1373,1373,0,41ff1228,0016679a,0000,0000,0,0,3345,07
1374,1374,0,41ff1228,0016679a,0000,0000,0,0,3345,07
1375,1375,0,41ff1228,0016679a,0000,0000,0,0,3345,07
1376,1376,0,41ff1228,0016679a,0000,0000,0,0,3345,07
1377,1377,0,41ff1228,0016679a,0000,0000,0,0,3345,07
1378,1378,0,41ff1228,0016679a,0000,0000,0,0,3345,07
1379,1379,0,41ff1228,0016679a,0000,0000,0,0,3345,07
1380,1380,0,41ff1228,0016679a,0000,0000,0,0,3345,07
1381,1381,0,41ff1228,0016679a,0000,0000,0,0,3345,07
1382,1382,0,41ff1228,0016679a,0000,0000,0,0,3345,07
1383,1383,0,41ff1228,0016679a,0000,0000,0,0,3345,07
1384,1384,0,41ff1228,0016679a,0000,0000,0,0,3345,07
1385,1385,0,41ff1228,0016679a,0000,0000,0,0,3345,07
1386,1386,0,41ff1228,0016679a,0000,0000,0,0,3345,07
1387,1387,0,41ff1228,0016679a,0000,0000,0,0,3345,07
1388,1388,0,41ff1228,0016679a,0000,0000,0,0,3345,07
1389,1389,0,41ff1228,0016679a,0000,0000,0,0,3345,07
1390,1390,0,41ff1228,0016679a,0000,0000,0,0,3345,07
1391,1391,0,41ff1228,0016679a,0000,0000,0,0,3345,07
1392,1392,0,41ff1228,0016679a,0000,0000,0,0,3345,07
1393,1393,0,41ff1228,0016679a,0000,0000,0,0,3345,07
1394,1394,0,41ff1228,0016679a,0000,0000,0,0,3345,07
1395,1395,0,41ff1228,0016679a,0000,0000,0,0,3345,07
1396,1396,0,41ff1228,0016679a,0000,0000,0,0,3345,07
1397,1397,0,41ff1228,0016679a,0000,0000,0,0,3345,07
1398,1398,0,41ff1228,0016679a,0000,0000,0,0,3345,07
1399,1399,0,41ff1228,0016679a,0000,0000,0,0,3345,07
1400,1400,0,41ff1228,0016679a,0000,0000,0,0,3345,07
1401,1401,0,41ff1228,0016679a,0000,0000,0,0,3345,07
1402,1402,0,41ff1228,0016679a,0000,0000,0,0,3345,07
1403,1403,0,41ff1228,0016679a,0000,0000,0,0,3345,07
1404,1404,0,41ff1228,0016679a,0000,0000,0,0,3345,07
1405,1405,0,41ff1228,0016679a,0000,0000,0,0,3345,07
1406,1406,0,41ff1228,0016679a,0000,0000,0,0,3345,07
1407,1407,0,41ff1228,0016679a,0000,0000,0,0,3345,07
1408,1408,0,41ff1228,0016679a,0000,0000,0,0,3345,07
1409,1409,0,41ff1228,0016679a,0000,0000,0,0,3345,07
1410,1410,0,41ff1228,0016679a,0000,0000,0,0,3345,07
1411,1411,0,41ff1228,0016679a,0000,0000,0,0,3345,07
1412,1412,0,41ff1228,0016679a,0000,0000,0,0,3345,07
1413,1413,0,41ff1228,0016679a,0000,0000,0,0,3345,07
1414,1414,0,41ff1228,0016679a,0000,0000,0,0,3345,07
1415,1415,0,41ff1228,0016679a,0000,0000,0,0,3345,07
1416,1416,0,41ff1228,0016679a,0000,0000,0,0,3345,07
1417,1417,0,41ff1228,0016679a,0000,0000,f,0,3345,07
1418,1418,0,41ff1228,0016679a,0000,0000,f,0,3345,07
1419,1419,0,41ff1228,0016679a,0000,0000,f,0,3345,07
1420,1420,0,41ff1228,0016679a,0000,0000,f,0,3345,07
1421,1421,0,41ff1228,0016679a,0000,0000,f,0,3345,07
1422,1422,0,41ff1228,0016679a,0000,0000,f,0,3345,07
1423,1423,0,41ff1228,0016679a,0000,0000,f,0,3345,07
1424,1424,0,41ff1228,0016679a,0000,0000,f,0,3345,07
1425,1425,0,41ff1228,0016679a,0000,0000,f,0,3345,07
1426,1426,0,41ff1228,0016679a,0000,0000,f,0,3345,07
1427,1427,0,41ff1228,0016679a,0000,0000,f,0,3345,07
1428,1428,0,41ff1228,0016679a,0000,0000,f,0,3345,07
1429,1429,0,41ff1228,0016679a,0000,0000,f,0,3345,07
1430,1430,0,41ff1228,0016679a,0000,0000,f,0,3345,07
1431,1431,0,41ff1228,0016679a,0000,0000,f,0,3345,07
1432,1432,0,41ff1228,0016679a,0000,0000,f,0,3345,27
1433,1433,0,41ff1228,0016679a,0000,0000,f,0,3345,1d
1434,1434,0,41ff1228,0016679a,0000,0000,f,0,3345,1d
1435,1435,0,41ff1228,0016679a,0000,0000,f,0,3345,0d
1436,1436,0,41ff1228,0016679a,0000,0000,f,0,3345,25
1437,1437,0,41ff122a,0016679a,0000,0000,f,0,43e9,1d
1438,1438,0,41ff122a,0016679a,0000,0000,f,0,43e9,1d
1439,1439,0,41ff122a,0016679a,0000,0000,f,0,43e9,0d
1440,1440,0,41ff122a,0016679a,0000,0000,f,0,43e9,25
1441,1441,0,41ff122a,0016679a,0000,0000,f,0,43e9,1d
1442,1442,0,41ff122a,0016679a,0000,0000,f,0,43e9,1d
1443,1443,0,41ff122a,0016679a,0000,0000,f,0,43e9,0d
1444,1444,0,41ff122a,0016679a,0000,0000,f,0,43e9,25
1445,1445,0,41ff122a,0016679a,0000,0000,f,0,43e9,1d
1446,1446,0,41ff122a,0016679a,0000,0000,f,0,43e9,1d
1447,1447,0,41ff122a,0016679a,0000,0000,f,0,43e9,0d
1448,1448,0,41ff122a,0016679a,0000,0000,f,0,43e9,25
1449,1449,0,41ff122c,0016679a,0000,0000,f,0,43e9,1d
1450,1450,0,41ff122c,0016679a,0000,0000,f,0,43e9,1d
1451,1451,0,41ff122c,0016679a,0000,0000,f,0,43e9,0d
1452,1452,0,41ff122c,0016679a,0000,0000,f,0,43e9,25
1453,1453,0,41ff122c,0016679a,0000,0000,f,0,43e9,1d
1454,1454,0,41ff122c,0016679a,0000,0000,f,0,43e9,1d
1455,1455,0,41ff122c,0016679a,0000,0000,f,0,43e9,0d
1456,1456,0,41ff122c,0016679a,0000,0000,f,0,43e9,25
1457,1457,0,41ff122c,0016679a,0000,0000,f,1,43e9,1d
1458,1458,0,41ff122c,0016679a,0000,0000,f,1,43e9,1d
1459,1459,0,41ff122c,0016679a,0000,0000,f,1,43e9,0d
1460,1460,0,41ff122c,0016679a,0000,0000,f,1,43e9,25
1461,1461,0,41ff122e,0016679a,0000,0000,f,1,51cf,1d
1462,1462,0,41ff122e,0016679a,0000,0000,f,1,51cf,1d
1463,1463,0,41ff122e,0016679a,0000,0000,f,1,51cf,0d
1464,1464,0,41ff122e,0016679a,0000,0000,f,1,51cf,25
1465,1465,0,41ff122e,0016679a,0000,0000,f,1,51cf,1d
1466,1466,0,41ff122e,0016679a,0000,0000,f,1,51cf,1d
1467,1467,0,41ff122e,0016679a,0000,0000,f,1,51cf,0d
1468,1468,0,41ff122e,0016679a,0000,0000,f,1,51cf,25
1469,1469,0,41ff1230,0016679a,0000,0000,f,0,51cf,1d
1470,1470,0,41ff1230,0016679a,0000,0000,f,0,51cf,1d
1471,1471,0,41ff1230,0016679a,0000,0000,f,0,51cf,0d
1472,1472,0,41ff1230,0016679a,0000,0000,f,0,51cf,25
1473,1473,0,41ff1230,0016679a,0000,0000,f,1,51cf,1d
1474,1474,0,41ff1230,0016679a,0000,0000,f,1,51cf,1d
1475,1475,0,41ff1230,0016679a,0000,0000,f,1,51cf,0d
1476,1476,0,41ff1230,0016679a,0000,0000,f,1,51cf,25
1477,1477,0,41ff1148,0016679a,0000,0000,f,1,51cf,1d
1478,1478,0,41ff1148,0016679a,0000,0000,f,1,51cf,1d
1479,1479,0,41ff1148,0016679a,0000,0000,f,1,51cf,0d
1480,1480,0,41ff1148,0016679a,0000,0000,f,1,51cf,25
1481,1481,0,41ff1148,0016679a,0000,0000,f,1,51cf,1d
1482,1482,0,41ff1148,0016679a,0000,0000,f,1,51cf,1d
1483,1483,0,41ff1148,0016679a,0000,0000,f,1,51cf,0d
1484,1484,0,41ff1148,0016679a,0000,0000,f,1,51cf,25
1485,1485,0,41ff1148,0016679a,0000,0000,f,0,51cf,1d
1486,1486,0,41ff1148,0016679a,0000,0000,f,0,51cf,1d
1487,1487,0,41ff1148,0016679a,0000,0000,f,0,51cf,0d
1488,1488,0,41ff1148,0016679a,0000,0000,f,0,51cf,25
1489,1489,0,41ff1148,0016679a,0000,0000,f,1,51cf,1d
1490,1490,0,41ff1148,0016679a,0000,0000,f,1,51cf,1d
1491,1491,0,41ff1148,0016679a,0000,0000,f,1,51cf,0d
1492,1492,0,41ff1148,0016679a,0000,0000,f,1,51cf,25
1493,1493,0,41ff1148,0016679a,0000,0000,f,1,51cf,1d
1494,1494,0,41ff1148,0016679a,0000,0000,f,1,51cf,1d
1495,1495,0,41ff1148,0016679a,0000,0000,f,1,51cf,0d
1496,1496,0,41ff1148,0016679a,0000,0000,f,1,51cf,25
1497,1497,0,41ff1148,0016679a,0000,0000,f,1,51cf,1d
1498,1498,0,41ff1148,0016679a,0000,0000,f,1,51cf,1d
1499,1499,0,41ff1148,0016679a,0000,0000,f,1,51cf,0d
1500,1500,0,41ff1148,0016679a,0000,0000,f,1,51cf,25
1501,1501,0,41ff114a,0016679a,0000,0000,f,0,7c00,1d
1502,1502,0,41ff114a,0016679a,0000,0000,f,0,7c00,1d
1503,1503,0,41ff114a,0016679a,0000,0000,f,0,7c00,0d
1504,1504,0,41ff114a,0016679a,0000,0000,f,0,7c00,25
1505,1505,0,41ff114a,0016679a,0000,0000,f,1,7c00,1d
1506,1506,0,41ff114a,0016679a,0000,0000,f,1,7c00,1d
1507,1507,0,41ff114a,0016679a,0000,0000,f,1,7c00,0d
1508,1508,0,41ff114a,0016679a,0000,0000,f,1,7c00,25
1509,1509,0,41ff114c,0016679a,0000,0000,f,1,2618,1d
1510,1510,0,41ff114c,0016679a,0000,0000,f,1,2618,1d
1511,1511,0,41ff114c,0016679a,0000,0000,f,1,2618,0d
1512,1512,0,41ff114c,0016679a,0000,0000,f,1,2618,25
1513,1513,0,41ff114c,0016679a,0000,0000,f,1,2618,1d
1514,1514,0,41ff114c,0016679a,0000,0000,f,1,2618,1d
1515,1515,0,41ff114c,0016679a,0000,0000,f,1,2618,0d
1516,1516,0,41ff114c,0016679a,0000,0000,f,1,2618,25
1517,1517,0,41ff114c,0016679a,0000,0000,f,0,2618,1d
1518,1518,0,41ff114c,0016679a,0000,0000,f,0,2618,1d
1519,1519,0,41ff114c,0016679a,0000,0000,f,0,2618,0d
1520,1520,0,41ff114c,0016679a,0000,0000,f,0,2618,25
1521,1521,0,41ff114c,0016679a,0000,0000,f,0,2618,1d
1522,1522,0,41ff114c,0016679a,0000,0000,f,0,2618,1d
1523,1523,0,41ff114c,0016679a,0000,0000,f,0,2618,0d
1524,1524,0,41ff114c,0016679a,0000,0000,f,0,2618,25
1525,1525,0,41ff114c,0016679a,0000,0000,f,0,2618,1d
1526,1526,0,41ff114c,0016679a,0000,0000,f,0,2618,1d
1527,1527,0,41ff114c,0016679a,0000,0000,f,0,2618,0d
1528,1528,0,41ff114c,0016679a,0000,0000,f,0,2618,25
1529,1529,0,41ff114c,0016679a,0000,0000,f,0,2618,1d
1530,1530,0,41ff114c,0016679a,0000,0000,f,0,2618,1d
1531,1531,0,41ff114c,0016679a,0000,0000,f,0,2618,0d
1532,1532,0,41ff114c,0016679a,0000,0000,f,0,2618,25
1533,1533,0,41ff114c,0016679a,0000,0000,f,1,2618,1d
1534,1534,0,41ff114c,0016679a,0000,0000,f,1,2618,1d
1535,1535,0,41ff114c,0016679a,0000,0000,f,1,2618,0d
1536,1536,0,41ff114c,0016679a,0000,0000,f,1,2618,25
1537,1537,0,41ff114c,0016679a,0000,0000,f,1,2618,1d
1538,1538,0,41ff114c,0016679a,0000,0000,f,1,2618,1d
1539,1539,0,41ff114c,0016679a,0000,0000,f,1,2618,0d
1540,1540,0,41ff114c,0016679a,0000,0000,f,1,2618,25
1541,1541,0,41ff114c,0016679a,0000,0000,f,1,2618,1e
1542,1542,0,41ff114c,0016679a,0000,0000,f,1,2618,1e
1543,1543,0,41ff114c,0016679a,0000,0000,f,1,2618,0e
1544,1544,0,41ff114c,0016679a,0000,0000,f,1,2618,06
1545,1545,0,41ff114c,0016679a,0000,0000,f,1,2618,06
1546,1546,0,41ff114c,0016679a,0000,0000,f,1,2618,06
1547,1547,0,41ff114c,0016679a,0000,0000,f,1,2618,06
1548,1548,0,41ff114c,0016679a,0000,0000,f,1,2618,26
1549,1549,0,41ff114c,0016679a,0000,0000,f,1,2618,1d
1550,1550,0,41ff114c,0016679a,0000,0000,f,1,2618,1d
1551,1551,0,41ff114c,0016679a,0000,0000,f,1,2618,0d
1552,1552,0,41ff114c,0016679a,0000,0000,f,1,2618,25
1553,1553,0,41ff114c,0016679a,0000,0000,f,1,2618,1e
1554,1554,0,41ff114c,0016679a,0000,0000,f,1,2618,1e
1555,1555,0,41ff114c,0016679a,0000,0000,f,1,2618,0e
1556,1556,0,41ff114c,0016679a,0000,0000,f,1,2618,26
1557,1557,0,41ff114c,0016679a,0000,0000,f,1,2618,1d
1558,1558,0,41ff114c,0016679a,0000,0000,f,1,2618,1d
1559,1559,0,41ff114c,0016679a,0000,0000,f,1,2618,0d
1560,1560,0,41ff114c,0016679a,0000,0000,f,1,2618,25
1561,1561,0,41ff114c,0016679a,0000,0000,f,0,2618,1d
1562,1562,0,41ff114c,0016679a,0000,0000,f,0,2618,1d
1563,1563,0,41ff114c,0016679a,0000,0000,f,0,2618,0d
1564,1564,0,41ff114c,0016679a,0000,0000,f,0,2618,25
1565,1565,0,41ff114c,0016679a,0000,0000,f,1,2618,1d
1566,1566,0,41ff114c,0016679a,0000,0000,f,1,2618,1d
1567,1567,0,41ff114c,0016679a,0000,0000,f,1,2618,0d
1568,1568,0,41ff114c,0016679a,0000,0000,f,1,2618,25
1569,1569,0,41ff114c,0016679a,0000,0000,f,1,2618,1d
1570,1570,0,41ff114c,0016679a,0000,0000,f,1,2618,1d
1571,1571,0,41ff114c,0016679a,0000,0000,f,1,2618,0d
1572,1572,0,41ff114c,0016679a,0000,0000,f,1,2618,25
1573,1573,0,41ff114e,0016679a,0000,0000,f,1,6700,1d
1574,1574,0,41ff114e,0016679a,0000,0000,f,1,6700,1d
1575,1575,0,41ff114e,0016679a,0000,0000,f,1,6700,0d
1576,1576,0,41ff114e,0016679a,0000,0000,f,1,6700,25
1577,1577,0,41ff114e,0016679a,0000,0000,f,0,6700,1d
1578,1578,0,41ff114e,0016679a,0000,0000,f,0,6700,1d
1579,1579,0,41ff114e,0016679a,0000,0000,f,0,6700,0d
1580,1580,0,41ff114e,0016679a,0000,0000,f,0,6700,25
1581,1581,0,41ff1150,0016679a,0000,0000,f,1,6700,1d
1582,1582,0,41ff1150,0016679a,0000,0000,f,1,6700,1d
1583,1583,0,41ff1150,0016679a,0000,0000,f,1,6700,0d
1584,1584,0,41ff1150,0016679a,0000,0000,f,1,6700,25
1585,1585,0,41ff1150,0016679a,0000,0000,f,1,6700,1d
1586,1586,0,41ff1150,0016679a,0000,0000,f,1,6700,1d
1587,1587,0,41ff1150,0016679a,0000,0000,f,1,6700,0d
1588,1588,0,41ff1150,0016679a,0000,0000,f,1,6700,25
1589,1589,0,41ff1152,0016679a,0000,0000,f,1,6a06,1d
1590,1590,0,41ff1152,0016679a,0000,0000,f,1,6a06,1d
1591,1591,0,41ff1152,0016679a,0000,0000,f,1,6a06,0d
1592,1592,0,41ff1152,0016679a,0000,0000,f,1,6a06,25
1593,1593,0,41ff1158,0016679a,0000,0000,f,0,6a06,1d
1594,1594,0,41ff1158,0016679a,0000,0000,f,0,6a06,1d
1595,1595,0,41ff1158,0016679a,0000,0000,f,0,6a06,0d
1596,1596,0,41ff1158,0016679a,0000,0000,f,0,6a06,25
1597,1597,0,41ff1158,0016679a,0000,0000,f,1,6a06,1d
1598,1598,0,41ff1158,0016679a,0000,0000,f,1,6a06,1d
1599,1599,0,41ff1158,0016679a,0000,0000,f,1,6a06,0d
1600,1600,0,41ff1158,0016679a,0000,0000,f,1,6a06,25
1601,1601,0,41ff1158,0016679a,0000,0000,f,1,6a06,1d
1602,1602,0,41ff1158,0016679a,0000,0000,f,1,6a06,1d
1603,1603,0,41ff1158,0016679a,0000,0000,f,1,6a06,0d
1604,1604,0,41ff1158,0016679a,0000,0000,f,1,6a06,25
1605,1605,0,41ff1158,0016679a,0000,0000,f,1,6a06,1d
1606,1606,0,41ff1158,0016679a,0000,0000,f,1,6a06,1d
1607,1607,0,41ff1158,0016679a,0000,0000,f,1,6a06,0d
1608,1608,0,41ff1158,0016679a,0000,0000,f,1,6a06,25
1609,1609,0,41ff115a,0016679a,0000,0000,f,0,45f9,1d
1610,1610,0,41ff115a,0016679a,0000,0000,f,0,45f9,1d
1611,1611,0,41ff115a,0016679a,0000,0000,f,0,45f9,0d
1612,1612,0,41ff115a,0016679a,0000,0000,f,0,45f9,25
1613,1613,0,41ff115a,0016679a,0000,0000,f,1,45f9,1d
1614,1614,0,41ff115a,0016679a,0000,0000,f,1,45f9,1d
1615,1615,0,41ff115a,0016679a,0000,0000,f,1,45f9,0d
1616,1616,0,41ff115a,0016679a,0000,0000,f,1,45f9,25
1617,1617,0,41ff115a,0016679a,0000,0000,f,1,45f9,1d
1618,1618,0,41ff115a,0016679a,0000,0000,f,1,45f9,1d
1619,1619,0,41ff115a,0016679a,0000,0000,f,1,45f9,0d
1620,1620,0,41ff115a,0016679a,0000,0000,f,1,45f9,25
1621,1621,0,41ff115c,0016679a,0000,0000,f,1,45f9,1d
1622,1622,0,41ff115c,0016679a,0000,0000,f,1,45f9,1d
1623,1623,0,41ff115c,0016679a,0000,0000,f,1,45f9,0d
1624,1624,0,41ff115c,0016679a,0000,0000,f,1,45f9,25
1625,1625,0,41ff115e,0016679a,0000,0000,f,0,45f9,1d
1626,1626,0,41ff115e,0016679a,0000,0000,f,0,45f9,1d
1627,1627,0,41ff115e,0016679a,0000,0000,f,0,45f9,0d
1628,1628,0,41ff115e,0016679a,0000,0000,f,0,45f9,25
1629,1629,0,41ff115e,0016679a,0000,0000,f,0,45f9,1d
1630,1630,0,41ff115e,0016679a,0000,0000,f,0,45f9,1d
1631,1631,0,41ff115e,0016679a,0000,0000,f,0,45f9,0d
1632,1632,0,41ff115e,0016679a,0000,0000,f,0,45f9,25
1633,1633,0,41ff115e,0016679a,0000,0000,f,1,45f9,1d
1634,1634,0,41ff115e,0016679a,0000,0000,f,1,45f9,1d
1635,1635,0,41ff115e,0016679a,0000,0000,f,1,45f9,0d
1636,1636,0,41ff115e,0016679a,0000,0000,f,1,45f9,25
1637,1637,0,41ff1160,0016679a,0000,0000,f,1,b6bc,1d
1638,1638,0,41ff1160,0016679a,0000,0000,f,1,b6bc,1d
1639,1639,0,41ff1160,0016679a,0000,0000,f,1,b6bc,0d
1640,1640,0,41ff1160,0016679a,0000,0000,f,1,b6bc,25
1641,1641,0,41ff1160,0016679a,0000,0000,f,1,b6bc,1d
1642,1642,0,41ff1160,0016679a,0000,0000,f,1,b6bc,1d
1643,1643,0,41ff1160,0016679a,0000,0000,f,1,b6bc,0d
1644,1644,0,41ff1160,0016679a,0000,0000,f,1,b6bc,25
1645,1645,0,41ff1164,0016679a,0000,0000,f,0,b6bc,1d
1646,1646,0,41ff1164,0016679a,0000,0000,f,0,b6bc,1d
1647,1647,0,41ff1164,0016679a,0000,0000,f,0,b6bc,0d
1648,1648,0,41ff1164,0016679a,0000,0000,f,0,b6bc,25
1649,1649,0,41ff1164,0016679a,0000,0000,f,1,b6bc,1d
1650,1650,0,41ff1164,0016679a,0000,0000,f,1,b6bc,1d
1651,1651,0,41ff1164,0016679a,0000,0000,f,1,b6bc,0d
1652,1652,0,41ff1164,0016679a,0000,0000,f,1,b6bc,25
1653,1653,0,41ff1164,0016679a,0000,0000,f,1,b6bc,1d
1654,1654,0,41ff1164,0016679a,0000,0000,f,1,b6bc,1d
1655,1655,0,41ff1164,0016679a,0000,0000,f,1,b6bc,0d
1656,1656,0,41ff1164,0016679a,0000,0000,f,1,b6bc,25
1657,1657,0,41ff1164,0016679a,0000,0000,f,1,b6bc,1d
1658,1658,0,41ff1164,0016679a,0000,0000,f,1,b6bc,1d
1659,1659,0,41ff1164,0016679a,0000,0000,f,1,b6bc,0d
1660,1660,0,41ff1164,0016679a,0000,0000,f,1,b6bc,25
1661,1661,0,41ff1166,0016679a,0000,0000,f,0,6400,1d
1662,1662,0,41ff1166,0016679a,0000,0000,f,0,6400,1d
1663,1663,0,41ff1166,0016679a,0000,0000,f,0,6400,0d
1664,1664,0,41ff1166,0016679a,0000,0000,f,0,6400,25
1665,1665,0,41ff1166,0016679a,0000,0000,f,1,6400,1d
1666,1666,0,41ff1166,0016679a,0000,0000,f,1,6400,1d
1667,1667,0,41ff1166,0016679a,0000,0000,f,1,6400,0d
1668,1668,0,41ff1166,0016679a,0000,0000,f,1,6400,25
1669,1669,0,41ff1168,0016679a,0000,0000,f,1,6400,1d
1670,1670,0,41ff1168,0016679a,0000,0000,f,1,6400,1d
1671,1671,0,41ff1168,0016679a,0000,0000,f,1,6400,0d
1672,1672,0,41ff1168,0016679a,0000,0000,f,1,6400,25
1673,1673,0,41ff1168,0016679a,0000,0000,f,1,6400,1d
1674,1674,0,41ff1168,0016679a,0000,0000,f,1,6400,1d
1675,1675,0,41ff1168,0016679a,0000,0000,f,1,6400,0d
1676,1676,0,41ff1168,0016679a,0000,0000,f,1,6400,25
1677,1677,0,41ff116a,0016679a,0000,0000,f,0,b6bc,1d
1678,1678,0,41ff116a,0016679a,0000,0000,f,0,b6bc,1d
1679,1679,0,41ff116a,0016679a,0000,0000,f,0,b6bc,0d
1680,1680,0,41ff116a,0016679a,0000,0000,f,0,b6bc,25
1681,1681,0,41ff116a,0016679a,0000,0000,f,1,b6bc,1d
1682,1682,0,41ff116a,0016679a,0000,0000,f,1,b6bc,1d
1683,1683,0,41ff116a,0016679a,0000,0000,f,1,b6bc,0d
1684,1684,0,41ff116a,0016679a,0000,0000,f,1,b6bc,25
1685,1685,0,41ff116c,0016679a,0000,0000,f,1,b6bc,1d
1686,1686,0,41ff116c,0016679a,0000,0000,f,1,b6bc,1d
1687,1687,0,41ff116c,0016679a,0000,0000,f,1,b6bc,0d
1688,1688,0,41ff116c,0016679a,0000,0000,f,1,b6bc,25
1689,1689,0,41ff116c,0016679a,0000,0000,f,1,b6bc,1d
1690,1690,0,41ff116c,0016679a,0000,0000,f,1,b6bc,1d
1691,1691,0,41ff116c,0016679a,0000,0000,f,1,b6bc,0d
1692,1692,0,41ff116c,0016679a,0000,0000,f,1,b6bc,25
1693,1693,0,41ff116e,0016679a,0000,0000,f,0,b6bc,1d
1694,1694,0,41ff116e,0016679a,0000,0000,f,0,b6bc,1d
1695,1695,0,41ff116e,0016679a,0000,0000,f,0,b6bc,0d
1696,1696,0,41ff116e,0016679a,0000,0000,f,0,b6bc,25
1697,1697,0,41ff116e,0016679a,0000,0000,f,1,b6bc,1d
1698,1698,0,41ff116e,0016679a,0000,0000,f,1,b6bc,1d
1699,1699,0,41ff116e,0016679a,0000,0000,f,1,b6bc,0d
1700,1700,0,41ff116e,0016679a,0000,0000,f,1,b6bc,25
1701,1701,0,41ff116e,0016679a,0000,0000,f,1,b6bc,1d
1702,1702,0,41ff116e,0016679a,0000,0000,f,1,b6bc,1d
1703,1703,0,41ff116e,0016679a,0000,0000,f,1,b6bc,0d
1704,1704,0,41ff116e,0016679a,0000,0000,f,1,b6bc,25
1705,1705,0,41ff116e,0016679a,0000,0000,f,1,b6bc,1d
1706,1706,0,41ff116e,0016679a,0000,0000,f,1,b6bc,1d
1707,1707,0,41ff116e,0016679a,0000,0000,f,1,b6bc,0d
1708,1708,0,41ff116e,0016679a,0000,0000,f,1,b6bc,25
1709,1709,0,41ff1170,0016679a,0000,0000,f,0,6506,1d
1710,1710,0,41ff1170,0016679a,0000,0000,f,0,6506,1d
1711,1711,0,41ff1170,0016679a,0000,0000,f,0,6506,0d
1712,1712,0,41ff1170,0016679a,0000,0000,f,0,6506,25
1713,1713,0,41ff1176,0016679a,0000,0000,f,1,6506,1d
1714,1714,0,41ff1176,0016679a,0000,0000,f,1,6506,1d
1715,1715,0,41ff1176,0016679a,0000,0000,f,1,6506,0d
1716,1716,0,41ff1176,0016679a,0000,0000,f,1,6506,25
1717,1717,0,41ff1176,0016679a,0000,0000,f,1,6506,1d
1718,1718,0,41ff1176,0016679a,0000,0000,f,1,6506,1d
1719,1719,0,41ff1176,0016679a,0000,0000,f,1,6506,0d
1720,1720,0,41ff1176,0016679a,0000,0000,f,1,6506,25
1721,1721,0,41ff1176,0016679a,0000,0000,f,1,6506,1d
1722,1722,0,41ff1176,0016679a,0000,0000,f,1,6506,1d
1723,1723,0,41ff1176,0016679a,0000,0000,f,1,6506,0d
1724,1724,0,41ff1176,0016679a,0000,0000,f,1,6506,25
1725,1725,0,41ff1178,0016679a,0000,0000,f,0,b6bc,1d
1726,1726,0,41ff1178,0016679a,0000,0000,f,0,b6bc,1d
1727,1727,0,41ff1178,0016679a,0000,0000,f,0,b6bc,0d
1728,1728,0,41ff1178,0016679a,0000,0000,f,0,b6bc,25
1729,1729,0,41ff1178,0016679a,0000,0000,f,1,b6bc,1d
1730,1730,0,41ff1178,0016679a,0000,0000,f,1,b6bc,1d
1731,1731,0,41ff1178,0016679a,0000,0000,f,1,b6bc,0d
1732,1732,0,41ff1178,0016679a,0000,0000,f,1,b6bc,25
1733,1733,0,41ff1178,0016679a,0000,0000,f,1,b6bc,1d
1734,1734,0,41ff1178,0016679a,0000,0000,f,1,b6bc,1d
1735,1735,0,41ff1178,0016679a,0000,0000,f,1,b6bc,0d
1736,1736,0,41ff1178,0016679a,0000,0000,f,1,b6bc,25
1737,1737,0,41ff1178,0016679a,0000,0000,f,1,b6bc,1d
1738,1738,0,41ff1178,0016679a,0000,0000,f,1,b6bc,1d
1739,1739,0,41ff1178,0016679a,0000,0000,f,1,b6bc,0d
1740,1740,0,41ff1178,0016679a,0000,0000,f,1,b6bc,25
1741,1741,0,41ff117c,0016679a,0000,0000,f,0,b6bc,1d
1742,1742,0,41ff117c,0016679a,0000,0000,f,0,b6bc,1d
1743,1743,0,41ff117c,0016679a,0000,0000,f,0,b6bc,0d
1744,1744,0,41ff117c,0016679a,0000,0000,f,0,b6bc,25
1745,1745,0,41ff117c,0016679a,0000,0000,f,1,b6bc,1d
1746,1746,0,41ff117c,0016679a,0000,0000,f,1,b6bc,1d
1747,1747,0,41ff117c,0016679a,0000,0000,f,1,b6bc,0d
1748,1748,0,41ff117c,0016679a,0000,0000,f,1,b6bc,25
1749,1749,0,41ff117c,0016679a,0000,0000,f,1,b6bc,1d
1750,1750,0,41ff117c,0016679a,0000,0000,f,1,b6bc,1d
1751,1751,0,41ff117c,0016679a,0000,0000,f,1,b6bc,0d
1752,1752,0,41ff117c,0016679a,0000,0000,f,1,b6bc,25
1753,1753,0,41ff117c,0016679a,0000,0000,f,1,b6bc,1d
1754,1754,0,41ff117c,0016679a,0000,0000,f,1,b6bc,1d
1755,1755,0,41ff117c,0016679a,0000,0000,f,1,b6bc,0d
1756,1756,0,41ff117c,0016679a,0000,0000,f,1,b6bc,25
1757,1757,0,41ff117e,0016679a,0000,0000,f,0,6506,1d
1758,1758,0,41ff117e,0016679a,0000,0000,f,0,6506,1d
1759,1759,0,41ff117e,0016679a,0000,0000,f,0,6506,0d
1760,1760,0,41ff117e,0016679a,0000,0000,f,0,6506,25
1761,1761,0,41ff117e,0016679a,0000,0000,f,1,6506,1d
1762,1762,0,41ff117e,0016679a,0000,0000,f,1,6506,1d
1763,1763,0,41ff117e,0016679a,0000,0000,f,1,6506,0d
1764,1764,0,41ff117e,0016679a,0000,0000,f,1,6506,25
1765,1765,0,41ff1180,0016679a,0000,0000,f,1,e68b,1d
1766,1766,0,41ff1180,0016679a,0000,0000,f,1,e68b,1d
1767,1767,0,41ff1180,0016679a,0000,0000,f,1,e68b,0d
1768,1768,0,41ff1180,0016679a,0000,0000,f,1,e68b,25
1769,1769,0,41ff1180,0016679a,0000,0000,f,1,e68b,1d
1770,1770,0,41ff1180,0016679a,0000,0000,f,1,e68b,1d
1771,1771,0,41ff1180,0016679a,0000,0000,f,1,e68b,0d
1772,1772,0,41ff1180,0016679a,0000,0000,f,1,e68b,25
1773,1773,0,41ff1180,0016679a,0000,0000,f,0,e68b,1d
1774,1774,0,41ff1180,0016679a,0000,0000,f,0,e68b,1d
1775,1775,0,41ff1180,0016679a,0000,0000,f,0,e68b,0d
1776,1776,0,41ff1180,0016679a,0000,0000,f,0,e68b,25
1777,1777,0,41ff1180,0016679a,0000,0000,f,1,e68b,1d
1778,1778,0,41ff1180,0016679a,0000,0000,f,1,e68b,1d
1779,1779,0,41ff1180,0016679a,0000,0000,f,1,e68b,0d
1780,1780,0,41ff1180,0016679a,0000,0000,f,1,e68b,25
1781,1781,0,41ff1180,0016679a,0000,0000,f,1,e68b,1d
1782,1782,0,41ff1180,0016679a,0000,0000,f,1,e68b,1d
1783,1783,0,41ff1180,0016679a,0000,0000,f,1,e68b,0d
1784,1784,0,41ff1180,0016679a,0000,0000,f,1,e68b,25
1785,1785,0,41ff1180,0016679a,0000,0000,f,1,e68b,1d
1786,1786,0,41ff1180,0016679a,0000,0000,f,1,e68b,1d
1787,1787,0,41ff1180,0016679a,0000,0000,f,1,e68b,0d
1788,1788,0,41ff1180,0016679a,0000,0000,f,1,e68b,25
1789,1789,0,41ff1180,0016679a,0000,0000,f,0,e68b,1d
1790,1790,0,41ff1180,0016679a,0000,0000,f,0,e68b,1d
1791,1791,0,41ff1180,0016679a,0000,0000,f,0,e68b,0d
1792,1792,0,41ff1180,0016679a,0000,0000,f,0,e68b,25
1793,1793,0,41ff1182,0016679a,0000,0000,f,1,45ea,1d
1794,1794,0,41ff1182,0016679a,0000,0000,f,1,45ea,1d
1795,1795,0,41ff1182,0016679a,0000,0000,f,1,45ea,0d
1796,1796,0,41ff1182,0016679a,0000,0000,f,1,45ea,25
1797,1797,0,41ff1182,0016679a,0000,0000,f,1,45ea,1d
1798,1798,0,41ff1182,0016679a,0000,0000,f,1,45ea,1d
1799,1799,0,41ff1182,0016679a,0000,0000,f,1,45ea,0d
1800,1800,0,41ff1182,0016679a,0000,0000,f,1,45ea,25
1801,1801,0,41ff1182,0016679a,0000,0000,f,1,45ea,1d
1802,1802,0,41ff1182,0016679a,0000,0000,f,1,45ea,1d
1803,1803,0,41ff1182,0016679a,0000,0000,f,1,45ea,0d
1804,1804,0,41ff1182,0016679a,0000,0000,f,1,45ea,25
1805,1805,0,41ff1184,0016679a,0000,0000,f,0,45ea,1d
1806,1806,0,41ff1184,0016679a,0000,0000,f,0,45ea,1d
1807,1807,0,41ff1184,0016679a,0000,0000,f,0,45ea,0d
1808,1808,0,41ff1184,0016679a,0000,0000,f,0,45ea,25
1809,1809,0,41ff1184,0016679a,0000,0000,f,0,45ea,1d
1810,1810,0,41ff1184,0016679a,0000,0000,f,0,45ea,1d
1811,1811,0,41ff1184,0016679a,0000,0000,f,0,45ea,0d
1812,1812,0,41ff1184,0016679a,0000,0000,f,0,45ea,25
1813,1813,0,41ff1184,0016679a,0000,0000,f,1,45ea,1d
1814,1814,0,41ff1184,0016679a,0000,0000,f,1,45ea,1d
1815,1815,0,41ff1184,0016679a,0000,0000,f,1,45ea,0d
1816,1816,0,41ff1184,0016679a,0000,0000,f,1,45ea,25
1817,1817,0,41ff1186,0016679a,0000,0000,f,1,b6bc,1d
1818,1818,0,41ff1186,0016679a,0000,0000,f,1,b6bc,1d
1819,1819,0,41ff1186,0016679a,0000,0000,f,1,b6bc,0d
1820,1820,0,41ff1186,0016679a,0000,0000,f,1,b6bc,25
1821,1821,0,41ff1186,0016679a,0000,0000,f,1,b6bc,1d
1822,1822,0,41ff1186,0016679a,0000,0000,f,1,b6bc,1d
1823,1823,0,41ff1186,0016679a,0000,0000,f,1,b6bc,0d
1824,1824,0,41ff1186,0016679a,0000,0000,f,1,b6bc,25
1825,1825,0,41ff118a,0016679a,0000,0000,f,0,b6bc,1d
1826,1826,0,41ff118a,0016679a,0000,0000,f,0,b6bc,1d
1827,1827,0,41ff118a,0016679a,0000,0000,f,0,b6bc,0d
1828,1828,0,41ff118a,0016679a,0000,0000,f,0,b6bc,25
1829,1829,0,41ff118a,0016679a,0000,0000,f,1,b6bc,1d
1830,1830,0,41ff118a,0016679a,0000,0000,f,1,b6bc,1d
1831,1831,0,41ff118a,0016679a,0000,0000,f,1,b6bc,0d
1832,1832,0,41ff118a,0016679a,0000,0000,f,1,b6bc,25
1833,1833,0,41ff118a,0016679a,0000,0000,f,1,b6bc,1d
1834,1834,0,41ff118a,0016679a,0000,0000,f,1,b6bc,1d
1835,1835,0,41ff118a,0016679a,0000,0000,f,1,b6bc,0d
1836,1836,0,41ff118a,0016679a,0000,0000,f,1,b6bc,25
1837,1837,0,41ff118a,0016679a,0000,0000,f,1,b6bc,1d
1838,1838,0,41ff118a,0016679a,0000,0000,f,1,b6bc,1d
1839,1839,0,41ff118a,0016679a,0000,0000,f,1,b6bc,0d
1840,1840,0,41ff118a,0016679a,0000,0000,f,1,b6bc,25
1841,1841,0,41ff118c,0016679a,0000,0000,f,0,6506,1d
1842,1842,0,41ff118c,0016679a,0000,0000,f,0,6506,1d
1843,1843,0,41ff118c,0016679a,0000,0000,f,0,6506,0d
1844,1844,0,41ff118c,0016679a,0000,0000,f,0,6506,25
1845,1845,0,41ff1192,0016679a,0000,0000,f,1,6506,1d
1846,1846,0,41ff1192,0016679a,0000,0000,f,1,6506,1d
1847,1847,0,41ff1192,0016679a,0000,0000,f,1,6506,0d
1848,1848,0,41ff1192,0016679a,0000,0000,f,1,6506,25
1849,1849,0,41ff1192,0016679a,0000,0000,f,1,6506,1d
1850,1850,0,41ff1192,0016679a,0000,0000,f,1,6506,1d
1851,1851,0,41ff1192,0016679a,0000,0000,f,1,6506,0d
1852,1852,0,41ff1192,0016679a,0000,0000,f,1,6506,25
1853,1853,0,41ff1192,0016679a,0000,0000,f,1,6506,1d
1854,1854,0,41ff1192,0016679a,0000,0000,f,1,6506,1d
1855,1855,0,41ff1192,0016679a,0000,0000,f,1,6506,0d
1856,1856,0,41ff1192,0016679a,0000,0000,f,1,6506,25
1857,1857,0,41ff1194,0016679a,0000,0000,f,0,b6bc,1d
1858,1858,0,41ff1194,0016679a,0000,0000,f,0,b6bc,1d
1859,1859,0,41ff1194,0016679a,0000,0000,f,0,b6bc,0d
1860,1860,0,41ff1194,0016679a,0000,0000,f,0,b6bc,25
1861,1861,0,41ff1194,0016679a,0000,0000,f,1,b6bc,1d
1862,1862,0,41ff1194,0016679a,0000,0000,f,1,b6bc,1d
1863,1863,0,41ff1194,0016679a,0000,0000,f,1,b6bc,0d
1864,1864,0,41ff1194,0016679a,0000,0000,f,1,b6bc,25
1865,1865,0,41ff1194,0016679a,0000,0000,f,1,b6bc,1d
1866,1866,0,41ff1194,0016679a,0000,0000,f,1,b6bc,1d
1867,1867,0,41ff1194,0016679a,0000,0000,f,1,b6bc,0d
1868,1868,0,41ff1194,0016679a,0000,0000,f,1,b6bc,25
1869,1869,0,41ff1194,0016679a,0000,0000,f,1,b6bc,1d
1870,1870,0,41ff1194,0016679a,0000,0000,f,1,b6bc,1d
1871,1871,0,41ff1194,0016679a,0000,0000,f,1,b6bc,0d
1872,1872,0,41ff1194,0016679a,0000,0000,f,1,b6bc,25
1873,1873,0,41ff1198,0016679a,0000,0000,f,0,b6bc,1d
1874,1874,0,41ff1198,0016679a,0000,0000,f,0,b6bc,1d
1875,1875,0,41ff1198,0016679a,0000,0000,f,0,b6bc,0d
1876,1876,0,41ff1198,0016679a,0000,0000,f,0,b6bc,25
1877,1877,0,41ff1198,0016679a,0000,0000,f,1,b6bc,1d
1878,1878,0,41ff1198,0016679a,0000,0000,f,1,b6bc,1d
1879,1879,0,41ff1198,0016679a,0000,0000,f,1,b6bc,0d
1880,1880,0,41ff1198,0016679a,0000,0000,f,1,b6bc,25
1881,1881,0,41ff1198,0016679a,0000,0000,f,1,b6bc,1d
1882,1882,0,41ff1198,0016679a,0000,0000,f,1,b6bc,1d
1883,1883,0,41ff1198,0016679a,0000,0000,f,1,b6bc,0d
1884,1884,0,41ff1198,0016679a,0000,0000,f,1,b6bc,25
1885,1885,0,41ff1198,0016679a,0000,0000,f,1,b6bc,1d
1886,1886,0,41ff1198,0016679a,0000,0000,f,1,b6bc,1d
1887,1887,0,41ff1198,0016679a,0000,0000,f,1,b6bc,0d
1888,1888,0,41ff1198,0016679a,0000,0000,f,1,b6bc,25
1889,1889,0,41ff119a,0016679a,0000,0000,f,0,6506,1d
1890,1890,0,41ff119a,0016679a,0000,0000,f,0,6506,1d
1891,1891,0,41ff119a,0016679a,0000,0000,f,0,6506,0d
1892,1892,0,41ff119a,0016679a,0000,0000,f,0,6506,25
1893,1893,0,41ff119a,0016679a,0000,0000,f,1,6506,1d
1894,1894,0,41ff119a,0016679a,0000,0000,f,1,6506,1d
1895,1895,0,41ff119a,0016679a,0000,0000,f,1,6506,0d
1896,1896,0,41ff119a,0016679a,0000,0000,f,1,6506,25
1897,1897,0,41ff119c,0016679a,0000,0000,f,1,e28b,1d
1898,1898,0,41ff119c,0016679a,0000,0000,f,1,e28b,1d
1899,1899,0,41ff119c,0016679a,0000,0000,f,1,e28b,0d
1900,1900,0,41ff119c,0016679a,0000,0000,f,1,e28b,25
1901,1901,0,41ff119c,0016679a,0000,0000,f,1,e28b,1d
1902,1902,0,41ff119c,0016679a,0000,0000,f,1,e28b,1d
1903,1903,0,41ff119c,0016679a,0000,0000,f,1,e28b,0d
1904,1904,0,41ff119c,0016679a,0000,0000,f,1,e28b,25
1905,1905,0,41ff119c,0016679a,0000,0000,f,0,e28b,1d
1906,1906,0,41ff119c,0016679a,0000,0000,f,0,e28b,1d
1907,1907,0,41ff119c,0016679a,0000,0000,f,0,e28b,0d
1908,1908,0,41ff119c,0016679a,0000,0000,f,0,e28b,25
1909,1909,0,41ff119c,0016679a,0000,0000,f,1,e28b,1d
1910,1910,0,41ff119c,0016679a,0000,0000,f,1,e28b,1d
1911,1911,0,41ff119c,0016679a,0000,0000,f,1,e28b,0d
1912,1912,0,41ff119c,0016679a,0000,0000,f,1,e28b,25
1913,1913,0,41ff119c,0016679a,0000,0000,f,1,e28b,1d
1914,1914,0,41ff119c,0016679a,0000,0000,f,1,e28b,1d
1915,1915,0,41ff119c,0016679a,0000,0000,f,1,e28b,0d
1916,1916,0,41ff119c,0016679a,0000,0000,f,1,e28b,25
1917,1917,0,41ff119c,0016679a,0000,0000,f,1,e28b,1d
1918,1918,0,41ff119c,0016679a,0000,0000,f,1,e28b,1d
1919,1919,0,41ff119c,0016679a,0000,0000,f,1,e28b,0d
1920,1920,0,41ff119c,0016679a,0000,0000,f,1,e28b,25
1921,1921,0,41ff119c,0016679a,0000,0000,f,0,e28b,1d
1922,1922,0,41ff119c,0016679a,0000,0000,f,0,e28b,1d
1923,1923,0,41ff119c,0016679a,0000,0000,f,0,e28b,0d
1924,1924,0,41ff119c,0016679a,0000,0000,f,0,e28b,25
1925,1925,0,41ff119e,0016679a,0000,0000,f,1,45ea,1d
1926,1926,0,41ff119e,0016679a,0000,0000,f,1,45ea,1d
1927,1927,0,41ff119e,0016679a,0000,0000,f,1,45ea,0d
1928,1928,0,41ff119e,0016679a,0000,0000,f,1,45ea,25
1929,1929,0,41ff119e,0016679a,0000,0000,f,1,45ea,1d
1930,1930,0,41ff119e,0016679a,0000,0000,f,1,45ea,1d
1931,1931,0,41ff119e,0016679a,0000,0000,f,1,45ea,0d
1932,1932,0,41ff119e,0016679a,0000,0000,f,1,45ea,25
1933,1933,0,41ff119e,0016679a,0000,0000,f,1,45ea,1d
1934,1934,0,41ff119e,0016679a,0000,0000,f,1,45ea,1d
1935,1935,0,41ff119e,0016679a,0000,0000,f,1,45ea,0d
1936,1936,0,41ff119e,0016679a,0000,0000,f,1,45ea,25
1937,1937,0,41ff11a0,0016679a,0000,0000,f,0,45ea,1d
1938,1938,0,41ff11a0,0016679a,0000,0000,f,0,45ea,1d
1939,1939,0,41ff11a0,0016679a,0000,0000,f,0,45ea,0d
1940,1940,0,41ff11a0,0016679a,0000,0000,f,0,45ea,25
1941,1941,0,41ff11a0,0016679a,0000,0000,f,0,45ea,1d
1942,1942,0,41ff11a0,0016679a,0000,0000,f,0,45ea,1d
1943,1943,0,41ff11a0,0016679a,0000,0000,f,0,45ea,0d
1944,1944,0,41ff11a0,0016679a,0000,0000,f,0,45ea,25
1945,1945,0,41ff11a0,0016679a,0000,0000,f,1,45ea,1d
1946,1946,0,41ff11a0,0016679a,0000,0000,f,1,45ea,1d
1947,1947,0,41ff11a0,0016679a,0000,0000,f,1,45ea,0d
1948,1948,0,41ff11a0,0016679a,0000,0000,f,1,45ea,25
1949,1949,0,41ff11a2,0016679a,0000,0000,f,1,3a03,1d
1950,1950,0,41ff11a2,0016679a,0000,0000,f,1,3a03,1d
1951,1951,0,41ff11a2,0016679a,0000,0000,f,1,3a03,0d
1952,1952,0,41ff11a2,0016679a,0000,0000,f,1,3a03,25
1953,1953,0,41ff11a2,0016679a,0000,0000,f,1,3a03,1d
1954,1954,0,41ff11a2,0016679a,0000,0000,f,1,3a03,1d
1955,1955,0,41ff11a2,0016679a,0000,0000,f,1,3a03,0d
1956,1956,0,41ff11a2,0016679a,0000,0000,f,1,3a03,25
1957,1957,0,41ff11a2,0016679a,0000,0000,f,0,3a03,1d
1958,1958,0,41ff11a2,0016679a,0000,0000,f,0,3a03,1d
1959,1959,0,41ff11a2,0016679a,0000,0000,f,0,3a03,0d
1960,1960,0,41ff11a2,0016679a,0000,0000,f,0,3a03,25
1961,1961,0,41ff11a2,0016679a,0000,0000,f,1,3a03,1d
1962,1962,0,41ff11a2,0016679a,0000,0000,f,1,3a03,1d
1963,1963,0,41ff11a2,0016679a,0000,0000,f,1,3a03,0d
1964,1964,0,41ff11a2,0016679a,0000,0000,f,1,3a03,25
1965,1965,0,41ff11a2,0016679a,0000,0000,f,1,3a03,1d
1966,1966,0,41ff11a2,0016679a,0000,0000,f,1,3a03,1d
1967,1967,0,41ff11a2,0016679a,0000,0000,f,1,3a03,0d
1968,1968,0,41ff11a2,0016679a,0000,0000,f,1,3a03,25
1969,1969,0,41ff11a4,0016679a,0000,0000,f,1,0483,1d
1970,1970,0,41ff11a4,0016679a,0000,0000,f,1,0483,1d
1971,1971,0,41ff11a4,0016679a,0000,0000,f,1,0483,0d
1972,1972,0,41ff11a4,0016679a,0000,0000,f,1,0483,25
1973,1973,0,41ff11a4,0016679a,0000,0000,f,0,0483,1d
1974,1974,0,41ff11a4,0016679a,0000,0000,f,0,0483,1d
1975,1975,0,41ff11a4,0016679a,0000,0000,f,0,0483,0d
1976,1976,0,41ff11a4,0016679a,0000,0000,f,0,0483,25
1977,1977,0,41ff11a8,0016679a,0000,0000,f,1,0483,1d
1978,1978,0,41ff11a8,0016679a,0000,0000,f,1,0483,1d
1979,1979,0,41ff11a8,0016679a,0000,0000,f,1,0483,0d
1980,1980,0,41ff11a8,0016679a,0000,0000,f,1,0483,25
1981,1981,0,41ff11a8,0016679a,0000,0000,f,1,0483,1d
1982,1982,0,41ff11a8,0016679a,0000,0000,f,1,0483,1d
1983,1983,0,41ff11a8,0016679a,0000,0000,f,1,0483,0d
1984,1984,0,41ff11a8,0016679a,0000,0000,f,1,0483,25
1985,1985,0,41ff11a8,0016679a,0000,0000,f,1,0483,1d
1986,1986,0,41ff11a8,0016679a,0000,0000,f,1,0483,1d
1987,1987,0,41ff11a8,0016679a,0000,0000,f,1,0483,0d
1988,1988,0,41ff11a8,0016679a,0000,0000,f,1,0483,25
1989,1989,0,41ff11a8,0016679a,0000,0000,f,0,0483,1d
1990,1990,0,41ff11a8,0016679a,0000,0000,f,0,0483,1d
1991,1991,0,41ff11a8,0016679a,0000,0000,f,0,0483,0d
1992,1992,0,41ff11a8,0016679a,0000,0000,f,0,0483,25
1993,1993,0,41ff11aa,0016679a,0000,0000,f,1,eb8b,1d
1994,1994,0,41ff11aa,0016679a,0000,0000,f,1,eb8b,1d
1995,1995,0,41ff11aa,0016679a,0000,0000,f,1,eb8b,0d
1996,1996,0,41ff11aa,0016679a,0000,0000,f,1,eb8b,25
1997,1997,0,41ff11aa,0016679a,0000,0000,f,1,eb8b,1d
1998,1998,0,41ff11aa,0016679a,0000,0000,f,1,eb8b,1d
1999,1999,0,41ff11aa,0016679a,0000,0000,f,1,eb8b,0d
2000,2000,0,41ff11aa,0016679a,0000,0000,f,1,eb8b,25
2001,2001,0,41ff11aa,0016679a,0000,0000,f,1,eb8b,1d
2002,2002,0,41ff11aa,0016679a,0000,0000,f,1,eb8b,1d
2003,2003,0,41ff11aa,0016679a,0000,0000,f,1,eb8b,0d
2004,2004,0,41ff11aa,0016679a,0000,0000,f,1,eb8b,25
2005,2005,0,41ff11aa,0016679a,0000,0000,f,0,eb8b,1d
2006,2006,0,41ff11aa,0016679a,0000,0000,f,0,eb8b,1d
2007,2007,0,41ff11aa,0016679a,0000,0000,f,0,eb8b,0d
2008,2008,0,41ff11aa,0016679a,0000,0000,f,0,eb8b,25
2009,2009,0,41ff11aa,0016679a,0000,0000,f,0,eb8b,1d
2010,2010,0,41ff11aa,0016679a,0000,0000,f,0,eb8b,1d
2011,2011,0,41ff11aa,0016679a,0000,0000,f,0,eb8b,0d
2012,2012,0,41ff11aa,0016679a,0000,0000,f,0,eb8b,25
2013,2013,0,41ff11aa,0016679a,0000,0000,f,0,eb8b,1d
2014,2014,0,41ff11aa,0016679a,0000,0000,f,0,eb8b,1d
2015,2015,0,41ff11aa,0016679a,0000,0000,f,0,eb8b,0d
2016,2016,0,41ff11aa,0016679a,0000,0000,f,0,eb8b,25
2017,2017,0,41ff11aa,0016679a,0000,0000,f,0,eb8b,1d
2018,2018,0,41ff11aa,0016679a,0000,0000,f,0,eb8b,1d
2019,2019,0,41ff11aa,0016679a,0000,0000,f,0,eb8b,0d
2020,2020,0,41ff11aa,0016679a,0000,0000,f,0,eb8b,25
2021,2021,0,41ff11ac,0016679a,0000,0000,f,0,2403,1d
2022,2022,0,41ff11ac,0016679a,0000,0000,f,0,2403,1d
2023,2023,0,41ff11ac,0016679a,0000,0000,f,0,2403,0d
2024,2024,0,41ff11ac,0016679a,0000,0000,f,0,2403,25
2025,2025,0,41ff11ac,0016679a,0000,0000,f,1,2403,1d
2026,2026,0,41ff11ac,0016679a,0000,0000,f,1,2403,1d
2027,2027,0,41ff11ac,0016679a,0000,0000,f,1,2403,0d
2028,2028,0,41ff11ac,0016679a,0000,0000,f,1,2403,25
2029,2029,0,41ff11ac,0016679a,0000,0000,f,1,2403,1d
2030,2030,0,41ff11ac,0016679a,0000,0000,f,1,2403,1d
2031,2031,0,41ff11ac,0016679a,0000,0000,f,1,2403,0d
2032,2032,0,41ff11ac,0016679a,0000,0000,f,1,2403,25
2033,2033,0,41ff11ac,0016679a,0000,0000,f,1,2403,1d
2034,2034,0,41ff11ac,0016679a,0000,0000,f,1,2403,1d
2035,2035,0,41ff11ac,0016679a,0000,0000,f,1,2403,0d
2036,2036,0,41ff11ac,0016679a,0000,0000,f,1,2403,25
2037,2037,0,41ff11ac,0016679a,0000,0000,f,0,2403,1d
2038,2038,0,41ff11ac,0016679a,0000,0000,f,0,2403,1d
2039,2039,0,41ff11ac,0016679a,0000,0000,f,0,2403,0d
2040,2040,0,41ff11ac,0016679a,0000,0000,f,0,2403,25
2041,2041,0,41ff11ae,0016679a,0000,0000,f,0,d683,1d
2042,2042,0,41ff11ae,0016679a,0000,0000,f,0,d683,1d
2043,2043,0,41ff11ae,0016679a,0000,0000,f,0,d683,0d
2044,2044,0,41ff11ae,0016679a,0000,0000,f,0,d683,25
2045,2045,0,41ff11ae,0016679a,0000,0000,f,0,d683,1d
2046,2046,0,41ff11ae,0016679a,0000,0000,f,0,d683,1d
2047,2047,0,41ff11ae,0016679a,0000,0000,f,0,d683,0d
2048,2048,0,41ff11ae,0016679a,0000,0000,f,0,d683,25
2049,2049,0,41ff11ae,0016679a,0000,0000,f,0,d683,1d
2050,2050,0,41ff11ae,0016679a,0000,0000,f,0,d683,1d
2051,2051,0,41ff11ae,0016679a,0000,0000,f,0,d683,0d
2052,2052,0,41ff11ae,0016679a,0000,0000,f,0,d683,25
2053,2053,0,41ff11ae,0016679a,0000,0000,f,0,d683,1d
2054,2054,0,41ff11ae,0016679a,0000,0000,f,0,d683,1d
2055,2055,0,41ff11ae,0016679a,0000,0000,f,0,d683,0d
2056,2056,0,41ff11ae,0016679a,0000,0000,f,0,d683,25
2057,2057,0,41ff11ae,0016679a,0000,0000,f,0,d683,1d
2058,2058,0,41ff11ae,0016679a,0000,0000,f,0,d683,1d
2059,2059,0,41ff11ae,0016679a,0000,0000,f,0,d683,0d
2060,2060,0,41ff11ae,0016679a,0000,0000,f,0,d683,25
2061,2061,0,41ff11b0,0016679a,0000,0000,f,0,d682,1d
2062,2062,0,41ff11b0,0016679a,0000,0000,f,0,d682,1d
2063,2063,0,41ff11b0,0016679a,0000,0000,f,0,d682,0d
2064,2064,0,41ff11b0,0016679a,0000,0000,f,0,d682,25
2065,2065,0,41ff11b0,0016679a,0000,0000,f,1,d682,1d
2066,2066,0,41ff11b0,0016679a,0000,0000,f,1,d682,1d
2067,2067,0,41ff11b0,0016679a,0000,0000,f,1,d682,0d
2068,2068,0,41ff11b0,0016679a,0000,0000,f,1,d682,25
2069,2069,0,41ff11b0,0016679a,0000,0000,f,1,d682,1d
2070,2070,0,41ff11b0,0016679a,0000,0000,f,1,d682,1d
2071,2071,0,41ff11b0,0016679a,0000,0000,f,1,d682,0d
2072,2072,0,41ff11b0,0016679a,0000,0000,f,1,d682,25
2073,2073,0,41ff11b0,0016679a,0000,0000,f,1,d682,1d
2074,2074,0,41ff11b0,0016679a,0000,0000,f,1,d682,1d
2075,2075,0,41ff11b0,0016679a,0000,0000,f,1,d682,0d
2076,2076,0,41ff11b0,0016679a,0000,0000,f,1,d682,25
2077,2077,0,41ff11b0,0016679a,0000,0000,f,0,d682,1d
2078,2078,0,41ff11b0,0016679a,0000,0000,f,0,d682,1d
2079,2079,0,41ff11b0,0016679a,0000,0000,f,0,d682,0d
2080,2080,0,41ff11b0,0016679a,0000,0000,f,0,d682,25
2081,2081,0,41ff11b2,0016679a,0000,0000,f,0,2643,1d
2082,2082,0,41ff11b2,0016679a,0000,0000,f,0,2643,1d
2083,2083,0,41ff11b2,0016679a,0000,0000,f,0,2643,0d
2084,2084,0,41ff11b2,0016679a,0000,0000,f,0,2643,25
2085,2085,0,41ff11b2,0016679a,0000,0000,f,0,2643,1d
2086,2086,0,41ff11b2,0016679a,0000,0000,f,0,2643,1d
2087,2087,0,41ff11b2,0016679a,0000,0000,f,0,2643,0d
2088,2088,0,41ff11b2,0016679a,0000,0000,f,0,2643,25
2089,2089,0,41ff11b2,0016679a,0000,0000,f,0,2643,1d
2090,2090,0,41ff11b2,0016679a,0000,0000,f,0,2643,1d
2091,2091,0,41ff11b2,0016679a,0000,0000,f,0,2643,0d
2092,2092,0,41ff11b2,0016679a,0000,0000,f,0,2643,25
2093,2093,0,41ff11b2,0016679a,0000,0000,f,0,2643,1d
2094,2094,0,41ff11b2,0016679a,0000,0000,f,0,2643,1d
2095,2095,0,41ff11b2,0016679a,0000,0000,f,0,2643,0d
2096,2096,0,41ff11b2,0016679a,0000,0000,f,0,2643,25
2097,2097,0,41ff11b2,0016679a,0000,0000,f,0,2643,1d
2098,2098,0,41ff11b2,0016679a,0000,0000,f,0,2643,1d
2099,2099,0,41ff11b2,0016679a,0000,0000,f,0,2643,0d
2100,2100,0,41ff11b2,0016679a,0000,0000,f,0,2643,25
2101,2101,0,41ff11b4,0016679a,0000,0000,f,0,2818,1d
2102,2102,0,41ff11b4,0016679a,0000,0000,f,0,2818,1d
2103,2103,0,41ff11b4,0016679a,0000,0000,f,0,2818,0d
2104,2104,0,41ff11b4,0016679a,0000,0000,f,0,2818,25
2105,2105,0,41ff11b4,0016679a,0000,0000,f,1,2818,1d
2106,2106,0,41ff11b4,0016679a,0000,0000,f,1,2818,1d
2107,2107,0,41ff11b4,0016679a,0000,0000,f,1,2818,0d
2108,2108,0,41ff11b4,0016679a,0000,0000,f,1,2818,25
2109,2109,0,41ff11b4,0016679a,0000,0000,f,1,2818,1d
2110,2110,0,41ff11b4,0016679a,0000,0000,f,1,2818,1d
2111,2111,0,41ff11b4,0016679a,0000,0000,f,1,2818,0d
2112,2112,0,41ff11b4,0016679a,0000,0000,f,1,2818,25
2113,2113,0,41ff11b4,0016679a,0000,0000,f,1,2818,1d
2114,2114,0,41ff11b4,0016679a,0000,0000,f,1,2818,1d
2115,2115,0,41ff11b4,0016679a,0000,0000,f,1,2818,0d
2116,2116,0,41ff11b4,0016679a,0000,0000,f,1,2818,25
2117,2117,0,41ff11b4,0016679a,0000,0000,f,0,2818,1d
2118,2118,0,41ff11b4,0016679a,0000,0000,f,0,2818,1d
2119,2119,0,41ff11b4,0016679a,0000,0000,f,0,2818,0d
2120,2120,0,41ff11b4,0016679a,0000,0000,f,0,2818,25
2121,2121,0,41ff11b4,0016679a,0000,0000,f,0,2818,1d
2122,2122,0,41ff11b4,0016679a,0000,0000,f,0,2818,1d
2123,2123,0,41ff11b4,0016679a,0000,0000,f,0,2818,0d
2124,2124,0,41ff11b4,0016679a,0000,0000,f,0,2818,25
2125,2125,0,41ff11b4,0016679a,0000,0000,f,1,2818,1d
2126,2126,0,41ff11b4,0016679a,0000,0000,f,1,2818,1d
2127,2127,0,41ff11b4,0016679a,0000,0000,f,1,2818,0d
2128,2128,0,41ff11b4,0016679a,0000,0000,f,1,2818,25
2129,2129,0,41ff11b4,0016679a,0000,0000,f,1,2818,1d
2130,2130,0,41ff11b4,0016679a,0000,0000,f,1,2818,1d
2131,2131,0,41ff11b4,0016679a,0000,0000,f,1,2818,0d
2132,2132,0,41ff11b4,0016679a,0000,0000,f,1,2818,25
2133,2133,0,41ff11b4,0016679a,0000,0000,f,1,2818,1e
2134,2134,0,41ff11b4,0016679a,0000,0000,f,1,2818,1e
2135,2135,0,41ff11b4,0016679a,0000,0000,f,1,2818,0e
2136,2136,0,41ff11b4,0016679a,0000,0000,f,1,2818,26
2137,2137,0,41ff11b4,0016679a,0000,0000,f,1,2818,1d
2138,2138,0,41ff11b4,0016679a,0000,0000,f,1,2818,1d
2139,2139,0,41ff11b4,0016679a,0000,0000,f,1,2818,0d
2140,2140,0,41ff11b4,0016679a,0000,0000,f,1,2818,25
2141,2141,0,41ff11b4,0016679a,0000,0000,f,1,2818,1e
2142,2142,0,41ff11b4,0016679a,0000,0000,f,1,2818,1e
2143,2143,0,41ff11b4,0016679a,0000,0000,f,1,2818,0e
2144,2144,0,41ff11b4,0016679a,0000,0000,f,1,2818,26
2145,2145,0,41ff11b4,0016679a,0000,0000,f,1,2818,1d
2146,2146,0,41ff11b4,0016679a,0000,0000,f,1,2818,1d
2147,2147,0,41ff11b4,0016679a,0000,0000,f,1,2818,0d
2148,2148,0,41ff11b4,0016679a,0000,0000,f,1,2818,25
2149,2149,0,41ff11b4,0016679a,0000,0000,f,0,2818,1d
2150,2150,0,41ff11b4,0016679a,0000,0000,f,0,2818,1d
2151,2151,0,41ff11b4,0016679a,0000,0000,f,0,2818,0d
2152,2152,0,41ff11b4,0016679a,0000,0000,f,0,2818,25
2153,2153,0,41ff11b4,0016679a,0000,0000,f,0,2818,1d
2154,2154,0,41ff11b4,0016679a,0000,0000,f,0,2818,1d
2155,2155,0,41ff11b4,0016679a,0000,0000,f,0,2818,0d
2156,2156,0,41ff11b4,0016679a,0000,0000,f,0,2818,25
2157,2157,0,41ff11b4,0016679a,0000,0000,f,0,2818,1d
2158,2158,0,41ff11b4,0016679a,0000,0000,f,0,2818,1d
2159,2159,0,41ff11b4,0016679a,0000,0000,f,0,2818,0d
2160,2160,0,41ff11b4,0016679a,0000,0000,f,0,2818,25
2161,2161,0,41ff11b6,0016679a,0000,0000,f,0,6b0e,1d
2162,2162,0,41ff11b6,0016679a,0000,0000,f,0,6b0e,1d
2163,2163,0,41ff11b6,0016679a,0000,0000,f,0,6b0e,0d
2164,2164,0,41ff11b6,0016679a,0000,0000,f,0,6b0e,25
2165,2165,0,41ff11c4,0016679a,0000,0000,f,1,6b0e,1d
2166,2166,0,41ff11c4,0016679a,0000,0000,f,1,6b0e,1d
2167,2167,0,41ff11c4,0016679a,0000,0000,f,1,6b0e,0d
2168,2168,0,41ff11c4,0016679a,0000,0000,f,1,6b0e,25
2169,2169,0,41ff11c4,0016679a,0000,0000,f,1,6b0e,1d
2170,2170,0,41ff11c4,0016679a,0000,0000,f,1,6b0e,1d
2171,2171,0,41ff11c4,0016679a,0000,0000,f,1,6b0e,0d
2172,2172,0,41ff11c4,0016679a,0000,0000,f,1,6b0e,25
2173,2173,0,41ff11c4,0016679a,0000,0000,f,1,6b0e,1d
2174,2174,0,41ff11c4,0016679a,0000,0000,f,1,6b0e,1d
2175,2175,0,41ff11c4,0016679a,0000,0000,f,1,6b0e,0d
2176,2176,0,41ff11c4,0016679a,0000,0000,f,1,6b0e,25
2177,2177,0,41ff11c6,0016679a,0000,0000,f,0,4484,1d
2178,2178,0,41ff11c6,0016679a,0000,0000,f,0,4484,1d
2179,2179,0,41ff11c6,0016679a,0000,0000,f,0,4484,0d
2180,2180,0,41ff11c6,0016679a,0000,0000,f,0,4484,25
2181,2181,0,41ff11c6,0016679a,0000,0000,f,1,4484,1d
2182,2182,0,41ff11c6,0016679a,0000,0000,f,1,4484,1d
2183,2183,0,41ff11c6,0016679a,0000,0000,f,1,4484,0d
2184,2184,0,41ff11c6,0016679a,0000,0000,f,1,4484,25
2185,2185,0,41ff11c6,0016679a,0000,0000,f,1,4484,1d
2186,2186,0,41ff11c6,0016679a,0000,0000,f,1,4484,1d
2187,2187,0,41ff11c6,0016679a,0000,0000,f,1,4484,0d
2188,2188,0,41ff11c6,0016679a,0000,0000,f,1,4484,25
2189,2189,0,41ff11c6,0016679a,0000,0000,f,1,4484,1d
2190,2190,0,41ff11c6,0016679a,0000,0000,f,1,4484,1d
2191,2191,0,41ff11c6,0016679a,0000,0000,f,1,4484,0d
2192,2192,0,41ff11c6,0016679a,0000,0000,f,1,4484,25
2193,2193,0,41ff11c6,0016679a,0000,0000,f,0,4484,1d
2194,2194,0,41ff11c6,0016679a,0000,0000,f,0,4484,1d
2195,2195,0,41ff11c6,0016679a,0000,0000,f,0,4484,0d
2196,2196,0,41ff11c6,0016679a,0000,0000,f,0,4484,25
2197,2197,0,41ff11c8,0016679a,0000,0000,f,1,88c5,1d
2198,2198,0,41ff11c8,0016679a,0000,0000,f,1,88c5,1d
2199,2199,0,41ff11c8,0016679a,0000,0000,f,1,88c5,0d
2200,2200,0,41ff11c8,0016679a,0000,0000,f,1,88c5,25
2201,2201,0,41ff11c8,0016679a,0000,0000,f,1,88c5,1d
2202,2202,0,41ff11c8,0016679a,0000,0000,f,1,88c5,1d
2203,2203,0,41ff11c8,0016679a,0000,0000,f,1,88c5,0d
2204,2204,0,41ff11c8,0016679a,0000,0000,f,1,88c5,25
2205,2205,0,41ff11c8,0016679a,0000,0000,f,1,88c5,1d
2206,2206,0,41ff11c8,0016679a,0000,0000,f,1,88c5,1d
2207,2207,0,41ff11c8,0016679a,0000,0000,f,1,88c5,0d
2208,2208,0,41ff11c8,0016679a,0000,0000,f,1,88c5,25
2209,2209,0,41ff11c8,0016679a,0000,0000,f,0,88c5,1d
2210,2210,0,41ff11c8,0016679a,0000,0000,f,0,88c5,1d
2211,2211,0,41ff11c8,0016679a,0000,0000,f,0,88c5,0d
2212,2212,0,41ff11c8,0016679a,0000,0000,f,0,88c5,25
2213,2213,0,41ff11c8,0016679a,0000,0000,f,1,88c5,1d
2214,2214,0,41ff11c8,0016679a,0000,0000,f,1,88c5,1d
2215,2215,0,41ff11c8,0016679a,0000,0000,f,1,88c5,0d
2216,2216,0,41ff11c8,0016679a,0000,0000,f,1,88c5,25
2217,2217,0,41ff11c8,0016679a,0000,0000,f,1,88c5,1d
2218,2218,0,41ff11c8,0016679a,0000,0000,f,1,88c5,1d
2219,2219,0,41ff11c8,0016679a,0000,0000,f,1,88c5,0d
2220,2220,0,41ff11c8,0016679a,0000,0000,f,1,88c5,25
2221,2221,0,41ff11c8,0016679a,0000,0000,f,1,88c5,1d
2222,2222,0,41ff11c8,0016679a,0000,0000,f,1,88c5,1d
2223,2223,0,41ff11c8,0016679a,0000,0000,f,1,88c5,0d
2224,2224,0,41ff11c8,0016679a,0000,0000,f,1,88c5,25
2225,2225,0,41ff11c8,0016679a,0000,0000,f,0,88c5,1d
2226,2226,0,41ff11c8,0016679a,0000,0000,f,0,88c5,1d
2227,2227,0,41ff11c8,0016679a,0000,0000,f,0,88c5,0d
2228,2228,0,41ff11c8,0016679a,0000,0000,f,0,88c5,25
2229,2229,0,41ff11c8,0016679a,0000,0000,f,1,88c5,1d
2230,2230,0,41ff11c8,0016679a,0000,0000,f,1,88c5,1d
2231,2231,0,41ff11c8,0016679a,0000,0000,f,1,88c5,0d
2232,2232,0,41ff11c8,0016679a,0000,0000,f,1,88c5,25
2233,2233,0,41ff11c8,0016679a,0000,0000,f,1,88c5,1d
2234,2234,0,41ff11c8,0016679a,0000,0000,f,1,88c5,1d
2235,2235,0,41ff11c8,0016679a,0000,0000,f,1,88c5,0d
2236,2236,0,41ff11c8,0016679a,0000,0000,f,1,88c5,25
2237,2237,0,41ff11c8,0016679a,0000,0000,f,1,88c5,1d
2238,2238,0,41ff11c8,0016679a,0000,0000,f,1,88c5,1d
2239,2239,0,41ff11c8,0016679a,0000,0000,f,1,88c5,0d
2240,2240,0,41ff11c8,0016679a,0000,0000,f,1,88c5,25
2241,2241,0,41ff11c8,0016679a,0000,0000,f,0,88c5,1d
2242,2242,0,41ff11c8,0016679a,0000,0000,f,0,88c5,1d
2243,2243,0,41ff11c8,0016679a,0000,0000,f,0,88c5,0d
2244,2244,0,41ff11c8,0016679a,0000,0000,f,0,88c5,25
2245,2245,0,41ff11c8,0016679a,0000,0000,f,0,88c5,1d
2246,2246,0,41ff11c8,0016679a,0000,0000,f,0,88c5,1d
2247,2247,0,41ff11c8,0016679a,0000,0000,f,0,88c5,0d
2248,2248,0,41ff11c8,0016679a,0000,0000,f,0,88c5,25
2249,2249,0,41ff11c8,0016679a,0000,0000,f,0,88c5,1d
2250,2250,0,41ff11c8,0016679a,0000,0000,f,0,88c5,1d
2251,2251,0,41ff11c8,0016679a,0000,0000,f,0,88c5,0d
2252,2252,0,41ff11c8,0016679a,0000,0000,f,0,88c5,25
2253,2253,0,41ff11c8,0016679a,0000,0000,f,0,88c5,1d
2254,2254,0,41ff11c8,0016679a,0000,0000,f,0,88c5,1d
2255,2255,0,41ff11c8,0016679a,0000,0000,f,0,88c5,0d
2256,2256,0,41ff11c8,0016679a,0000,0000,f,0,88c5,25
2257,2257,0,41ff11c8,0016679a,0000,0000,f,0,88c5,1d
2258,2258,0,41ff11c8,0016679a,0000,0000,f,0,88c5,1d
2259,2259,0,41ff11c8,0016679a,0000,0000,f,0,88c5,0d
2260,2260,0,41ff11c8,0016679a,0000,0000,f,0,88c5,25
2261,2261,0,41ff11c8,0016679a,0000,0000,f,0,88c5,1d
2262,2262,0,41ff11c8,0016679a,0000,0000,f,0,88c5,1d
2263,2263,0,41ff11c8,0016679a,0000,0000,f,0,88c5,0d
2264,2264,0,41ff11c8,0016679a,0000,0000,f,0,88c5,25
2265,2265,0,41ff11c8,0016679a,0000,0000,f,0,88c5,1d
2266,2266,0,41ff11c8,0016679a,0000,0000,f,0,88c5,1d
2267,2267,0,41ff11c8,0016679a,0000,0000,f,0,88c5,0d
2268,2268,0,41ff11c8,0016679a,0000,0000,f,0,88c5,25
2269,2269,0,41ff11c8,0016679a,0000,0000,f,0,88c5,1d
2270,2270,0,41ff11c8,0016679a,0000,0000,f,0,88c5,1d
2271,2271,0,41ff11c8,0016679a,0000,0000,f,0,88c5,0d
2272,2272,0,41ff11c8,0016679a,0000,0000,f,0,88c5,25
2273,2273,0,41ff11c8,0016679a,0000,0000,f,0,88c5,1d
2274,2274,0,41ff11c8,0016679a,0000,0000,f,0,88c5,1d
2275,2275,0,41ff11c8,0016679a,0000,0000,f,0,88c5,0d
2276,2276,0,41ff11c8,0016679a,0000,0000,f,0,88c5,25
2277,2277,0,41ff11c8,0016679a,0000,0000,f,0,88c5,1d
2278,2278,0,41ff11c8,0016679a,0000,0000,f,0,88c5,1d
2279,2279,0,41ff11c8,0016679a,0000,0000,f,0,88c5,0d
2280,2280,0,41ff11c8,0016679a,0000,0000,f,0,88c5,25
2281,2281,0,41ff11c8,0016679a,0000,0000,f,0,88c5,1d
2282,2282,0,41ff11c8,0016679a,0000,0000,f,0,88c5,1d
2283,2283,0,41ff11c8,0016679a,0000,0000,f,0,88c5,0d
2284,2284,0,41ff11c8,0016679a,0000,0000,f,0,88c5,25
2285,2285,0,41ff11c8,0016679a,0000,0000,f,0,88c5,1d
2286,2286,0,41ff11c8,0016679a,0000,0000,f,0,88c5,1d
2287,2287,0,41ff11c8,0016679a,0000,0000,f,0,88c5,0d
2288,2288,0,41ff11c8,0016679a,0000,0000,f,0,88c5,25
2289,2289,0,41ff11c8,0016679a,0000,0000,f,0,88c5,1d
2290,2290,0,41ff11c8,0016679a,0000,0000,f,0,88c5,1d
2291,2291,0,41ff11c8,0016679a,0000,0000,f,0,88c5,0d
2292,2292,0,41ff11c8,0016679a,0000,0000,f,0,88c5,25
2293,2293,0,41ff11ca,0016679a,0000,0000,f,0,4644,1d
2294,2294,0,41ff11ca,0016679a,0000,0000,f,0,4644,1d
2295,2295,0,41ff11ca,0016679a,0000,0000,f,0,4644,0d
2296,2296,0,41ff11ca,0016679a,0000,0000,f,0,4644,25
2297,2297,0,41ff11ca,0016679a,0000,0000,f,0,4644,1d
2298,2298,0,41ff11ca,0016679a,0000,0000,f,0,4644,1d
2299,2299,0,41ff11ca,0016679a,0000,0000,f,0,4644,0d
2300,2300,0,41ff11ca,0016679a,0000,0000,f,0,4644,25
2301,2301,0,41ff11ca,0016679a,0000,0000,f,0,4644,1d
2302,2302,0,41ff11ca,0016679a,0000,0000,f,0,4644,1d
2303,2303,0,41ff11ca,0016679a,0000,0000,f,0,4644,0d
2304,2304,0,41ff11ca,0016679a,0000,0000,f,0,4644,25
2305,2305,0,41ff11ca,0016679a,0000,0000,f,0,4644,1d
2306,2306,0,41ff11ca,0016679a,0000,0000,f,0,4644,1d
2307,2307,0,41ff11ca,0016679a,0000,0000,f,0,4644,0d
2308,2308,0,41ff11ca,0016679a,0000,0000,f,0,4644,25
2309,2309,0,41ff11ca,0016679a,0000,0000,f,0,4644,1d
2310,2310,0,41ff11ca,0016679a,0000,0000,f,0,4644,1d
2311,2311,0,41ff11ca,0016679a,0000,0000,f,0,4644,0d
2312,2312,0,41ff11ca,0016679a,0000,0000,f,0,4644,25
2313,2313,0,41ff11cc,0016679a,0000,0000,f,0,0244,1d
2314,2314,0,41ff11cc,0016679a,0000,0000,f,0,0244,1d
2315,2315,0,41ff11cc,0016679a,0000,0000,f,0,0244,0d
2316,2316,0,41ff11cc,0016679a,0000,0000,f,0,0244,25
2317,2317,0,41ff11cc,0016679a,0000,0000,f,1,0244,1d
2318,2318,0,41ff11cc,0016679a,0000,0000,f,1,0244,1d
2319,2319,0,41ff11cc,0016679a,0000,0000,f,1,0244,0d
2320,2320,0,41ff11cc,0016679a,0000,0000,f,1,0244,25
2321,2321,0,41ff11ce,0016679a,0000,0000,f,1,0244,1d
2322,2322,0,41ff11ce,0016679a,0000,0000,f,1,0244,1d
2323,2323,0,41ff11ce,0016679a,0000,0000,f,1,0244,0d
2324,2324,0,41ff11ce,0016679a,0000,0000,f,1,0244,25
2325,2325,0,41ff11ce,0016679a,0000,0000,f,1,0244,1d
2326,2326,0,41ff11ce,0016679a,0000,0000,f,1,0244,1d
2327,2327,0,41ff11ce,0016679a,0000,0000,f,1,0244,0d
2328,2328,0,41ff11ce,0016679a,0000,0000,f,1,0244,25
2329,2329,0,41ff11ce,0016679a,0000,0000,f,0,0244,1d
2330,2330,0,41ff11ce,0016679a,0000,0000,f,0,0244,1d
2331,2331,0,41ff11ce,0016679a,0000,0000,f,0,0244,0d
2332,2332,0,41ff11ce,0016679a,0000,0000,f,0,0244,25
2333,2333,0,41ff11ce,0016679a,0000,0000,f,0,0244,1d
2334,2334,0,41ff11ce,0016679a,0000,0000,f,0,0244,1d
2335,2335,0,41ff11ce,0016679a,0000,0000,f,0,0244,0d
2336,2336,0,41ff11ce,0016679a,0000,0000,f,0,0244,25
2337,2337,0,41ff11d0,0016679a,0000,0000,f,0,eb4c,1d
2338,2338,0,41ff11d0,0016679a,0000,0000,f,0,eb4c,1d
2339,2339,0,41ff11d0,0016679a,0000,0000,f,0,eb4c,0d
2340,2340,0,41ff11d0,0016679a,0000,0000,f,0,eb4c,25
2341,2341,0,41ff11d0,0016679a,0000,0000,f,1,eb4c,1d
2342,2342,0,41ff11d0,0016679a,0000,0000,f,1,eb4c,1d
2343,2343,0,41ff11d0,0016679a,0000,0000,f,1,eb4c,0d
2344,2344,0,41ff11d0,0016679a,0000,0000,f,1,eb4c,25
2345,2345,0,41ff11d0,0016679a,0000,0000,f,1,eb4c,1d
2346,2346,0,41ff11d0,0016679a,0000,0000,f,1,eb4c,1d
2347,2347,0,41ff11d0,0016679a,0000,0000,f,1,eb4c,0d
2348,2348,0,41ff11d0,0016679a,0000,0000,f,1,eb4c,25
2349,2349,0,41ff11d0,0016679a,0000,0000,f,1,eb4c,1d
2350,2350,0,41ff11d0,0016679a,0000,0000,f,1,eb4c,1d
2351,2351,0,41ff11d0,0016679a,0000,0000,f,1,eb4c,0d
2352,2352,0,41ff11d0,0016679a,0000,0000,f,1,eb4c,25
2353,2353,0,41ff11d0,0016679a,0000,0000,f,0,eb4c,1d
2354,2354,0,41ff11d0,0016679a,0000,0000,f,0,eb4c,1d
2355,2355,0,41ff11d0,0016679a,0000,0000,f,0,eb4c,0d
2356,2356,0,41ff11d0,0016679a,0000,0000,f,0,eb4c,25
2357,2357,0,41ff11d0,0016679a,0000,0000,f,0,eb4c,1d
2358,2358,0,41ff11d0,0016679a,0000,0000,f,0,eb4c,1d
2359,2359,0,41ff11d0,0016679a,0000,0000,f,0,eb4c,0d
2360,2360,0,41ff11d0,0016679a,0000,0000,f,0,eb4c,25
2361,2361,0,41ff11d0,0016679a,0000,0000,f,0,eb4c,1d
2362,2362,0,41ff11d0,0016679a,0000,0000,f,0,eb4c,1d
2363,2363,0,41ff11d0,0016679a,0000,0000,f,0,eb4c,0d
2364,2364,0,41ff11d0,0016679a,0000,0000,f,0,eb4c,25
2365,2365,0,41ff11d2,0016679a,0000,0000,f,0,d4c4,1d
2366,2366,0,41ff11d2,0016679a,0000,0000,f,0,d4c4,1d
2367,2367,0,41ff11d2,0016679a,0000,0000,f,0,d4c4,0d
2368,2368,0,41ff11d2,0016679a,0000,0000,f,0,d4c4,25
2369,2369,0,41ff11d2,0016679a,0000,0000,f,0,d4c4,1d
2370,2370,0,41ff11d2,0016679a,0000,0000,f,0,d4c4,1d
2371,2371,0,41ff11d2,0016679a,0000,0000,f,0,d4c4,0d
2372,2372,0,41ff11d2,0016679a,0000,0000,f,0,d4c4,25
2373,2373,0,41ff11d2,0016679a,0000,0000,f,0,d4c4,1d
2374,2374,0,41ff11d2,0016679a,0000,0000,f,0,d4c4,1d
2375,2375,0,41ff11d2,0016679a,0000,0000,f,0,d4c4,0d
2376,2376,0,41ff11d2,0016679a,0000,0000,f,0,d4c4,25
2377,2377,0,41ff11d2,0016679a,0000,0000,f,0,d4c4,1d
2378,2378,0,41ff11d2,0016679a,0000,0000,f,0,d4c4,1d
2379,2379,0,41ff11d2,0016679a,0000,0000,f,0,d4c4,0d
2380,2380,0,41ff11d2,0016679a,0000,0000,f,0,d4c4,25
2381,2381,0,41ff11d2,0016679a,0000,0000,f,0,d4c4,1d
2382,2382,0,41ff11d2,0016679a,0000,0000,f,0,d4c4,1d
2383,2383,0,41ff11d2,0016679a,0000,0000,f,0,d4c4,0d
2384,2384,0,41ff11d2,0016679a,0000,0000,f,0,d4c4,25
2385,2385,0,41ff11d4,0016679a,0000,0000,f,0,4844,1d
2386,2386,0,41ff11d4,0016679a,0000,0000,f,0,4844,1d
2387,2387,0,41ff11d4,0016679a,0000,0000,f,0,4844,0d
2388,2388,0,41ff11d4,0016679a,0000,0000,f,0,4844,25
2389,2389,0,41ff11d4,0016679a,0000,0000,f,1,4844,1d
2390,2390,0,41ff11d4,0016679a,0000,0000,f,1,4844,1d
2391,2391,0,41ff11d4,0016679a,0000,0000,f,1,4844,0d
2392,2392,0,41ff11d4,0016679a,0000,0000,f,1,4844,25
2393,2393,0,41ff11d4,0016679a,0000,0000,f,1,4844,1d
2394,2394,0,41ff11d4,0016679a,0000,0000,f,1,4844,1d
2395,2395,0,41ff11d4,0016679a,0000,0000,f,1,4844,0d
2396,2396,0,41ff11d4,0016679a,0000,0000,f,1,4844,25
2397,2397,0,41ff11d4,0016679a,0000,0000,f,1,4844,1d
2398,2398,0,41ff11d4,0016679a,0000,0000,f,1,4844,1d
2399,2399,0,41ff11d4,0016679a,0000,0000,f,1,4844,0d
2400,2400,0,41ff11d4,0016679a,0000,0000,f,1,4844,25
2401,2401,0,41ff11d4,0016679a,0000,0000,f,0,4844,1d
2402,2402,0,41ff11d4,0016679a,0000,0000,f,0,4844,1d
2403,2403,0,41ff11d4,0016679a,0000,0000,f,0,4844,0d
2404,2404,0,41ff11d4,0016679a,0000,0000,f,0,4844,25
2405,2405,0,41ff11d6,0016679a,0000,0000,f,0,4444,1d
2406,2406,0,41ff11d6,0016679a,0000,0000,f,0,4444,1d
2407,2407,0,41ff11d6,0016679a,0000,0000,f,0,4444,0d
2408,2408,0,41ff11d6,0016679a,0000,0000,f,0,4444,25
2409,2409,0,41ff11d6,0016679a,0000,0000,f,0,4444,1d
2410,2410,0,41ff11d6,0016679a,0000,0000,f,0,4444,1d
2411,2411,0,41ff11d6,0016679a,0000,0000,f,0,4444,0d
2412,2412,0,41ff11d6,0016679a,0000,0000,f,0,4444,25
2413,2413,0,41ff11d6,0016679a,0000,0000,f,0,4444,1d
2414,2414,0,41ff11d6,0016679a,0000,0000,f,0,4444,1d
2415,2415,0,41ff11d6,0016679a,0000,0000,f,0,4444,0d
2416,2416,0,41ff11d6,0016679a,0000,0000,f,0,4444,25
2417,2417,0,41ff11d6,0016679a,0000,0000,f,0,4444,1d
2418,2418,0,41ff11d6,0016679a,0000,0000,f,0,4444,1d
2419,2419,0,41ff11d6,0016679a,0000,0000,f,0,4444,0d
2420,2420,0,41ff11d6,0016679a,0000,0000,f,0,4444,25
2421,2421,0,41ff11d6,0016679a,0000,0000,f,0,4444,1d
2422,2422,0,41ff11d6,0016679a,0000,0000,f,0,4444,1d
2423,2423,0,41ff11d6,0016679a,0000,0000,f,0,4444,0d
2424,2424,0,41ff11d6,0016679a,0000,0000,f,0,4444,25
2425,2425,0,41ff11d8,0016679a,0000,0000,f,0,d845,1d
2426,2426,0,41ff11d8,0016679a,0000,0000,f,0,d845,1d
2427,2427,0,41ff11d8,0016679a,0000,0000,f,0,d845,0d
2428,2428,0,41ff11d8,0016679a,0000,0000,f,0,d845,25
2429,2429,0,41ff11d8,0016679a,0000,0000,f,1,d845,1d
2430,2430,0,41ff11d8,0016679a,0000,0000,f,1,d845,1d
2431,2431,0,41ff11d8,0016679a,0000,0000,f,1,d845,0d
2432,2432,0,41ff11d8,0016679a,0000,0000,f,1,d845,25
2433,2433,0,41ff11d8,0016679a,0000,0000,f,1,d845,1d
2434,2434,0,41ff11d8,0016679a,0000,0000,f,1,d845,1d
2435,2435,0,41ff11d8,0016679a,0000,0000,f,1,d845,0d
2436,2436,0,41ff11d8,0016679a,0000,0000,f,1,d845,25
2437,2437,0,41ff11d8,0016679a,0000,0000,f,1,d845,1d
2438,2438,0,41ff11d8,0016679a,0000,0000,f,1,d845,1d
2439,2439,0,41ff11d8,0016679a,0000,0000,f,1,d845,0d
2440,2440,0,41ff11d8,0016679a,0000,0000,f,1,d845,25
2441,2441,0,41ff11d8,0016679a,0000,0000,f,0,d845,1d
2442,2442,0,41ff11d8,0016679a,0000,0000,f,0,d845,1d
2443,2443,0,41ff11d8,0016679a,0000,0000,f,0,d845,0d
2444,2444,0,41ff11d8,0016679a,0000,0000,f,0,d845,25
2445,2445,0,41ff11da,0016679a,0000,0000,f,0,49f9,1d
2446,2446,0,41ff11da,0016679a,0000,0000,f,0,49f9,1d
2447,2447,0,41ff11da,0016679a,0000,0000,f,0,49f9,0d
2448,2448,0,41ff11da,0016679a,0000,0000,f,0,49f9,25
2449,2449,0,41ff11da,0016679a,0000,0000,f,0,49f9,1d
2450,2450,0,41ff11da,0016679a,0000,0000,f,0,49f9,1d
2451,2451,0,41ff11da,0016679a,0000,0000,f,0,49f9,0d
2452,2452,0,41ff11da,0016679a,0000,0000,f,0,49f9,25
2453,2453,0,41ff11da,0016679a,0000,0000,f,0,49f9,1d
2454,2454,0,41ff11da,0016679a,0000,0000,f,0,49f9,1d
2455,2455,0,41ff11da,0016679a,0000,0000,f,0,49f9,0d
2456,2456,0,41ff11da,0016679a,0000,0000,f,0,49f9,25
2457,2457,0,41ff11de,0016679a,0000,0000,f,0,49f9,1d
2458,2458,0,41ff11de,0016679a,0000,0000,f,0,49f9,1d
2459,2459,0,41ff11de,0016679a,0000,0000,f,0,49f9,0d
2460,2460,0,41ff11de,0016679a,0000,0000,f,0,49f9,25
2461,2461,0,41ff11de,0016679a,0000,0000,f,0,49f9,1d
2462,2462,0,41ff11de,0016679a,0000,0000,f,0,49f9,1d
2463,2463,0,41ff11de,0016679a,0000,0000,f,0,49f9,0d
2464,2464,0,41ff11de,0016679a,0000,0000,f,0,49f9,25
2465,2465,0,41ff11de,0016679a,0000,0000,f,1,49f9,1d
2466,2466,0,41ff11de,0016679a,0000,0000,f,1,49f9,1d
2467,2467,0,41ff11de,0016679a,0000,0000,f,1,49f9,0d
2468,2468,0,41ff11de,0016679a,0000,0000,f,1,49f9,25
2469,2469,0,41ff11e0,0016679a,0000,0000,f,1,2834,1d
2470,2470,0,41ff11e0,0016679a,0000,0000,f,1,2834,1d
2471,2471,0,41ff11e0,0016679a,0000,0000,f,1,2834,0d
2472,2472,0,41ff11e0,0016679a,0000,0000,f,1,2834,25
2473,2473,0,41ff11e0,0016679a,0000,0000,f,1,2834,1d
2474,2474,0,41ff11e0,0016679a,0000,0000,f,1,2834,1d
2475,2475,0,41ff11e0,0016679a,0000,0000,f,1,2834,0d
2476,2476,0,41ff11e0,0016679a,0000,0000,f,1,2834,25
2477,2477,0,41ff11e0,0016679a,0000,0000,f,0,2834,1d
2478,2478,0,41ff11e0,0016679a,0000,0000,f,0,2834,1d
2479,2479,0,41ff11e0,0016679a,0000,0000,f,0,2834,0d
2480,2480,0,41ff11e0,0016679a,0000,0000,f,0,2834,25
2481,2481,0,41ff11e0,0016679a,0000,0000,f,0,2834,1d
2482,2482,0,41ff11e0,0016679a,0000,0000,f,0,2834,1d
2483,2483,0,41ff11e0,0016679a,0000,0000,f,0,2834,0d
2484,2484,0,41ff11e0,0016679a,0000,0000,f,0,2834,25
2485,2485,0,41ff11e2,0016679a,0000,0000,f,1,2834,1d
2486,2486,0,41ff11e2,0016679a,0000,0000,f,1,2834,1d
2487,2487,0,41ff11e2,0016679a,0000,0000,f,1,2834,0d
2488,2488,0,41ff11e2,0016679a,0000,0000,f,1,2834,25
2489,2489,0,41ff11e2,0016679a,0000,0000,f,1,2834,1d
2490,2490,0,41ff11e2,0016679a,0000,0000,f,1,2834,1d
2491,2491,0,41ff11e2,0016679a,0000,0000,f,1,2834,0d
2492,2492,0,41ff11e2,0016679a,0000,0000,f,1,2834,25
2493,2493,0,41ff11e2,0016679a,0000,0000,f,1,2834,1d
2494,2494,0,41ff11e2,0016679a,0000,0000,f,1,2834,1d
2495,2495,0,41ff11e2,0016679a,0000,0000,f,1,2834,0d
2496,2496,0,41ff11e2,0016679a,0000,0000,f,1,2834,25
2497,2497,0,41ff11e2,0016679a,0000,0000,f,0,2834,1d
2498,2498,0,41ff11e2,0016679a,0000,0000,f,0,2834,1d
2499,2499,0,41ff11e2,0016679a,0000,0000,f,0,2834,0d
2500,2500,0,41ff11e2,0016679a,0000,0000,f,0,2834,25
2501,2501,0,41ff11e2,0016679a,0000,0000,f,1,2834,1d
2502,2502,0,41ff11e2,0016679a,0000,0000,f,1,2834,1d
2503,2503,0,41ff11e2,0016679a,0000,0000,f,1,2834,0d
2504,2504,0,41ff11e2,0016679a,0000,0000,f,1,2834,25
2505,2505,0,41ff11e2,0016679a,0000,0000,f,1,2834,1d
2506,2506,0,41ff11e2,0016679a,0000,0000,f,1,2834,1d
2507,2507,0,41ff11e2,0016679a,0000,0000,f,1,2834,0d
2508,2508,0,41ff11e2,0016679a,0000,0000,f,1,2834,25
2509,2509,0,41ff11e2,0016679a,0000,0000,f,1,2834,1e
2510,2510,0,41ff11e2,0016679a,0000,0000,f,1,2834,1e
2511,2511,0,41ff11e2,0016679a,0000,0000,f,1,2834,0e
2512,2512,0,41ff11e2,0016679a,0000,0000,f,1,2834,06
2513,2513,0,41ff11e2,0016679a,0000,0000,f,1,2834,06
2514,2514,0,41ff11e2,0016679a,0000,0000,f,1,2834,06
2515,2515,0,41ff11e2,0016679a,0000,0000,f,1,2834,06
2516,2516,0,41ff11e2,0016679a,0000,0000,f,1,2834,26
2517,2517,0,41ff11e2,0016679a,0000,0000,f,1,2834,1d
2518,2518,0,41ff11e2,0016679a,0000,0000,f,1,2834,1d
2519,2519,0,41ff11e2,0016679a,0000,0000,f,1,2834,0d
2520,2520,0,41ff11e2,0016679a,0000,0000,f,1,2834,25
2521,2521,0,41ff11e2,0016679a,0000,0000,f,1,2834,1e
2522,2522,0,41ff11e2,0016679a,0000,0000,f,1,2834,1e
2523,2523,0,41ff11e2,0016679a,0000,0000,f,1,2834,0e
2524,2524,0,41ff11e2,0016679a,0000,0000,f,1,2834,26
2525,2525,0,41ff11e2,0016679a,0000,0000,f,1,2834,1d
2526,2526,0,41ff11e2,0016679a,0000,0000,f,1,2834,1d
2527,2527,0,41ff11e2,0016679a,0000,0000,f,1,2834,0d
2528,2528,0,41ff11e2,0016679a,0000,0000,f,1,2834,25
2529,2529,0,41ff11e2,0016679a,0000,0000,f,0,2834,1d
2530,2530,0,41ff11e2,0016679a,0000,0000,f,0,2834,1d
2531,2531,0,41ff11e2,0016679a,0000,0000,f,0,2834,0d
2532,2532,0,41ff11e2,0016679a,0000,0000,f,0,2834,25
2533,2533,0,41ff11e2,0016679a,0000,0000,f,0,2834,1d
2534,2534,0,41ff11e2,0016679a,0000,0000,f,0,2834,1d
2535,2535,0,41ff11e2,0016679a,0000,0000,f,0,2834,0d
2536,2536,0,41ff11e2,0016679a,0000,0000,f,0,2834,25
2537,2537,0,41ff11e2,0016679a,0000,0000,f,0,2834,1d
2538,2538,0,41ff11e2,0016679a,0000,0000,f,0,2834,1d
2539,2539,0,41ff11e2,0016679a,0000,0000,f,0,2834,0d
2540,2540,0,41ff11e2,0016679a,0000,0000,f,0,2834,25
2541,2541,0,41ff11e4,0016679a,0000,0000,f,0,d6c4,1d
2542,2542,0,41ff11e4,0016679a,0000,0000,f,0,d6c4,1d
2543,2543,0,41ff11e4,0016679a,0000,0000,f,0,d6c4,0d
2544,2544,0,41ff11e4,0016679a,0000,0000,f,0,d6c4,25
2545,2545,0,41ff11e4,0016679a,0000,0000,f,1,d6c4,1d
2546,2546,0,41ff11e4,0016679a,0000,0000,f,1,d6c4,1d
2547,2547,0,41ff11e4,0016679a,0000,0000,f,1,d6c4,0d
2548,2548,0,41ff11e4,0016679a,0000,0000,f,1,d6c4,25
2549,2549,0,41ff11e4,0016679a,0000,0000,f,1,d6c4,1d
2550,2550,0,41ff11e4,0016679a,0000,0000,f,1,d6c4,1d
2551,2551,0,41ff11e4,0016679a,0000,0000,f,1,d6c4,0d
2552,2552,0,41ff11e4,0016679a,0000,0000,f,1,d6c4,25
2553,2553,0,41ff11e4,0016679a,0000,0000,f,1,d6c4,1d
2554,2554,0,41ff11e4,0016679a,0000,0000,f,1,d6c4,1d
2555,2555,0,41ff11e4,0016679a,0000,0000,f,1,d6c4,0d
2556,2556,0,41ff11e4,0016679a,0000,0000,f,1,d6c4,25
2557,2557,0,41ff11e4,0016679a,0000,0000,f,0,d6c4,1d
2558,2558,0,41ff11e4,0016679a,0000,0000,f,0,d6c4,1d
2559,2559,0,41ff11e4,0016679a,0000,0000,f,0,d6c4,0d
2560,2560,0,41ff11e4,0016679a,0000,0000,f,0,d6c4,25
2561,2561,0,41ff11e6,0016679a,0000,0000,f,0,4844,1d
2562,2562,0,41ff11e6,0016679a,0000,0000,f,0,4844,1d
2563,2563,0,41ff11e6,0016679a,0000,0000,f,0,4844,0d
2564,2564,0,41ff11e6,0016679a,0000,0000,f,0,4844,25
2565,2565,0,41ff11e6,0016679a,0000,0000,f,0,4844,1d
2566,2566,0,41ff11e6,0016679a,0000,0000,f,0,4844,1d
2567,2567,0,41ff11e6,0016679a,0000,0000,f,0,4844,0d
2568,2568,0,41ff11e6,0016679a,0000,0000,f,0,4844,25
2569,2569,0,41ff11e6,0016679a,0000,0000,f,0,4844,1d
2570,2570,0,41ff11e6,0016679a,0000,0000,f,0,4844,1d
2571,2571,0,41ff11e6,0016679a,0000,0000,f,0,4844,0d
2572,2572,0,41ff11e6,0016679a,0000,0000,f,0,4844,25
2573,2573,0,41ff11e6,0016679a,0000,0000,f,0,4844,1d
2574,2574,0,41ff11e6,0016679a,0000,0000,f,0,4844,1d
2575,2575,0,41ff11e6,0016679a,0000,0000,f,0,4844,0d
2576,2576,0,41ff11e6,0016679a,0000,0000,f,0,4844,25
2577,2577,0,41ff11e6,0016679a,0000,0000,f,0,4844,1d
2578,2578,0,41ff11e6,0016679a,0000,0000,f,0,4844,1d
2579,2579,0,41ff11e6,0016679a,0000,0000,f,0,4844,0d
2580,2580,0,41ff11e6,0016679a,0000,0000,f,0,4844,25
2581,2581,0,41ff11e8,0016679a,0000,0000,f,0,4cd2,1d
2582,2582,0,41ff11e8,0016679a,0000,0000,f,0,4cd2,1d
2583,2583,0,41ff11e8,0016679a,0000,0000,f,0,4cd2,0d
2584,2584,0,41ff11e8,0016679a,0000,0000,f,0,4cd2,25
2585,2585,0,41ff11e8,0016679a,0000,0000,f,1,4cd2,1d
2586,2586,0,41ff11e8,0016679a,0000,0000,f,1,4cd2,1d
2587,2587,0,41ff11e8,0016679a,0000,0000,f,1,4cd2,0d
2588,2588,0,41ff11e8,0016679a,0000,0000,f,1,4cd2,25
2589,2589,0,41ff11ea,0016679a,0000,0000,f,1,4cd2,1d
2590,2590,0,41ff11ea,0016679a,0000,0000,f,1,4cd2,1d
2591,2591,0,41ff11ea,0016679a,0000,0000,f,1,4cd2,0d
2592,2592,0,41ff11ea,0016679a,0000,0000,f,1,4cd2,25
2593,2593,0,41ff11ea,0016679a,0000,0000,f,1,4cd2,1d
2594,2594,0,41ff11ea,0016679a,0000,0000,f,1,4cd2,1d
2595,2595,0,41ff11ea,0016679a,0000,0000,f,1,4cd2,0d
2596,2596,0,41ff11ea,0016679a,0000,0000,f,1,4cd2,25
2597,2597,0,41ff11ea,0016679a,0000,0000,f,0,4cd2,1d
2598,2598,0,41ff11ea,0016679a,0000,0000,f,0,4cd2,1d
2599,2599,0,41ff11ea,0016679a,0000,0000,f,0,4cd2,0d
2600,2600,0,41ff11ea,0016679a,0000,0000,f,0,4cd2,25
2601,2601,0,41ff11ea,0016679a,0000,0000,f,0,4cd2,1d
2602,2602,0,41ff11ea,0016679a,0000,0000,f,0,4cd2,1d
2603,2603,0,41ff11ea,0016679a,0000,0000,f,0,4cd2,0d
2604,2604,0,41ff11ea,0016679a,0000,0000,f,0,4cd2,25
2605,2605,0,41ff11ea,0016679a,0000,0000,f,0,4cd2,1d
2606,2606,0,41ff11ea,0016679a,0000,0000,f,0,4cd2,1d
2607,2607,0,41ff11ea,0016679a,0000,0000,f,0,4cd2,0d
2608,2608,0,41ff11ea,0016679a,0000,0000,f,0,4cd2,25
2609,2609,0,41ff11ea,0016679a,0000,0000,f,0,4cd2,1d
2610,2610,0,41ff11ea,0016679a,0000,0000,f,0,4cd2,1d
2611,2611,0,41ff11ea,0016679a,0000,0000,f,0,4cd2,0d
2612,2612,0,41ff11ea,0016679a,0000,0000,f,0,4cd2,25
2613,2613,0,41ff11ea,0016679a,0000,0000,f,1,4cd2,1d
2614,2614,0,41ff11ea,0016679a,0000,0000,f,1,4cd2,1d
2615,2615,0,41ff11ea,0016679a,0000,0000,f,1,4cd2,0d
2616,2616,0,41ff11ea,0016679a,0000,0000,f,1,4cd2,25
2617,2617,0,41ff11ea,0016679a,0000,0000,f,1,4cd2,1d
2618,2618,0,41ff11ea,0016679a,0000,0000,f,1,4cd2,1d
2619,2619,0,41ff11ea,0016679a,0000,0000,f,1,4cd2,0d
2620,2620,0,41ff11ea,0016679a,0000,0000,f,1,4cd2,25
2621,2621,0,41ff11ea,0016679a,0000,0000,f,1,4cd2,1e
2622,2622,0,41ff11ea,0016679a,0000,0000,f,1,4cd2,1e
2623,2623,0,41ff11ea,0016679a,0000,0000,f,1,4cd2,0e
2624,2624,0,41ff11ea,0016679a,0000,0000,f,1,4cd2,06
2625,2625,0,41ff11ea,0016679a,0000,0000,f,1,4cd2,06
2626,2626,0,41ff11ea,0016679a,0000,0000,f,1,4cd2,06
2627,2627,0,41ff11ea,0016679a,0000,0000,f,1,4cd2,06
2628,2628,0,41ff11ea,0016679a,0000,0000,f,1,4cd2,26
2629,2629,0,41ff11ea,0016679a,0000,0000,f,1,4cd2,1d
2630,2630,0,41ff11ea,0016679a,0000,0000,f,1,4cd2,1d
2631,2631,0,41ff11ea,0016679a,0000,0000,f,1,4cd2,0d
2632,2632,0,41ff11ea,0016679a,0000,0000,f,1,4cd2,25
2633,2633,0,41ff11ea,0016679a,0000,0000,f,1,4cd2,1e
2634,2634,0,41ff11ea,0016679a,0000,0000,f,1,4cd2,1e
2635,2635,0,41ff11ea,0016679a,0000,0000,f,1,4cd2,0e
2636,2636,0,41ff11ea,0016679a,0000,0000,f,1,4cd2,26
2637,2637,0,41ff11ea,0016679a,0000,0000,f,1,4cd2,1d
2638,2638,0,41ff11ea,0016679a,0000,0000,f,1,4cd2,1d
2639,2639,0,41ff11ea,0016679a,0000,0000,f,1,4cd2,0d
2640,2640,0,41ff11ea,0016679a,0000,0000,f,1,4cd2,25
2641,2641,0,41ff11ea,0016679a,0000,0000,f,0,4cd2,1d
2642,2642,0,41ff11ea,0016679a,0000,0000,f,0,4cd2,1d
2643,2643,0,41ff11ea,0016679a,0000,0000,f,0,4cd2,0d
2644,2644,0,41ff11ea,0016679a,0000,0000,f,0,4cd2,25
2645,2645,0,41ff11ea,0016679a,0000,0000,f,0,4cd2,1d
2646,2646,0,41ff11ea,0016679a,0000,0000,f,0,4cd2,1d
2647,2647,0,41ff11ea,0016679a,0000,0000,f,0,4cd2,0d
2648,2648,0,41ff11ea,0016679a,0000,0000,f,0,4cd2,25
2649,2649,0,41ff11ea,0016679a,0000,0000,f,0,4cd2,1d
2650,2650,0,41ff11ea,0016679a,0000,0000,f,0,4cd2,1d
2651,2651,0,41ff11ea,0016679a,0000,0000,f,0,4cd2,0d
2652,2652,0,41ff11ea,0016679a,0000,0000,f,0,4cd2,25
2653,2653,0,41ff11ea,0016679a,0000,0000,f,1,4cd2,1d
2654,2654,0,41ff11ea,0016679a,0000,0000,f,1,4cd2,1d
2655,2655,0,41ff11ea,0016679a,0000,0000,f,1,4cd2,0d
2656,2656,0,41ff11ea,0016679a,0000,0000,f,1,4cd2,25
2657,2657,0,41ff11ea,0016679a,0000,0000,f,1,4cd2,1d
2658,2658,0,41ff11ea,0016679a,0000,0000,f,1,4cd2,1d
2659,2659,0,41ff11ea,0016679a,0000,0000,f,1,4cd2,0d
2660,2660,0,41ff11ea,0016679a,0000,0000,f,1,4cd2,25
2661,2661,0,41ff11ea,0016679a,0000,0000,f,1,4cd2,1e
2662,2662,0,41ff11ea,0016679a,0000,0000,f,1,4cd2,1e
2663,2663,0,41ff11ea,0016679a,0000,0000,f,1,4cd2,0e
2664,2664,0,41ff11ea,0016679a,0000,0000,f,1,4cd2,26
2665,2665,0,41ff11ea,0016679a,0000,0000,f,1,4cd2,1d
2666,2666,0,41ff11ea,0016679a,0000,0000,f,1,4cd2,1d
2667,2667,0,41ff11ea,0016679a,0000,0000,f,1,4cd2,0d
2668,2668,0,41ff11ea,0016679a,0000,0000,f,1,4cd2,25
2669,2669,0,41ff11ea,0016679a,0000,0000,f,1,4cd2,1e
2670,2670,0,41ff11ea,0016679a,0000,0000,f,1,4cd2,1e
2671,2671,0,41ff11ea,0016679a,0000,0000,f,1,4cd2,0e
2672,2672,0,41ff11ea,0016679a,0000,0000,f,1,4cd2,26
2673,2673,0,41ff11ea,0016679a,0000,0000,f,1,4cd2,1d
2674,2674,0,41ff11ea,0016679a,0000,0000,f,1,4cd2,1d
2675,2675,0,41ff11ea,0016679a,0000,0000,f,1,4cd2,0d
2676,2676,0,41ff11ea,0016679a,0000,0000,f,1,4cd2,25
2677,2677,0,41ff11ea,0016679a,0000,0000,f,0,4cd2,1d
2678,2678,0,41ff11ea,0016679a,0000,0000,f,0,4cd2,1d
2679,2679,0,41ff11ea,0016679a,0000,0000,f,0,4cd2,0d
2680,2680,0,41ff11ea,0016679a,0000,0000,f,0,4cd2,25
2681,2681,0,41ff11ea,0016679a,0000,0000,f,0,4cd2,1d
2682,2682,0,41ff11ea,0016679a,0000,0000,f,0,4cd2,1d
2683,2683,0,41ff11ea,0016679a,0000,0000,f,0,4cd2,0d
2684,2684,0,41ff11ea,0016679a,0000,0000,f,0,4cd2,25
2685,2685,0,41ff11ea,0016679a,0000,0000,f,0,4cd2,1d
2686,2686,0,41ff11ea,0016679a,0000,0000,f,0,4cd2,1d
2687,2687,0,41ff11ea,0016679a,0000,0000,f,0,4cd2,0d
2688,2688,0,41ff11ea,0016679a,0000,0000,f,0,4cd2,25
2689,2689,0,41ff11ea,0016679a,0000,0000,f,1,4cd2,1d
2690,2690,0,41ff11ea,0016679a,0000,0000,f,1,4cd2,1d
2691,2691,0,41ff11ea,0016679a,0000,0000,f,1,4cd2,0d
2692,2692,0,41ff11ea,0016679a,0000,0000,f,1,4cd2,25
2693,2693,0,41ff11ea,0016679a,0000,0000,f,1,4cd2,1d
2694,2694,0,41ff11ea,0016679a,0000,0000,f,1,4cd2,1d
2695,2695,0,41ff11ea,0016679a,0000,0000,f,1,4cd2,0d
2696,2696,0,41ff11ea,0016679a,0000,0000,f,1,4cd2,25
2697,2697,0,41ff11ea,0016679a,0000,0000,f,1,4cd2,1e
2698,2698,0,41ff11ea,0016679a,0000,0000,f,1,4cd2,1e
2699,2699,0,41ff11ea,0016679a,0000,0000,f,1,4cd2,0e
2700,2700,0,41ff11ea,0016679a,0000,0000,f,1,4cd2,26
2701,2701,0,41ff11ea,0016679a,0000,0000,f,1,4cd2,1d
2702,2702,0,41ff11ea,0016679a,0000,0000,f,1,4cd2,1d
2703,2703,0,41ff11ea,0016679a,0000,0000,f,1,4cd2,0d
2704,2704,0,41ff11ea,0016679a,0000,0000,f,1,4cd2,25
2705,2705,0,41ff11ea,0016679a,0000,0000,f,1,4cd2,1e
2706,2706,0,41ff11ea,0016679a,0000,0000,f,1,4cd2,1e
2707,2707,0,41ff11ea,0016679a,0000,0000,f,1,4cd2,0e
2708,2708,0,41ff11ea,0016679a,0000,0000,f,1,4cd2,26
2709,2709,0,41ff11ea,0016679a,0000,0000,f,1,4cd2,1d
2710,2710,0,41ff11ea,0016679a,0000,0000,f,1,4cd2,1d
2711,2711,0,41ff11ea,0016679a,0000,0000,f,1,4cd2,0d
2712,2712,0,41ff11ea,0016679a,0000,0000,f,1,4cd2,25
2713,2713,0,41ff11ea,0016679a,0000,0000,f,0,4cd2,1d
2714,2714,0,41ff11ea,0016679a,0000,0000,f,0,4cd2,1d
2715,2715,0,41ff11ea,0016679a,0000,0000,f,0,4cd2,0d
2716,2716,0,41ff11ea,0016679a,0000,0000,f,0,4cd2,25
2717,2717,0,41ff11ea,0016679a,0000,0000,f,0,4cd2,1d
2718,2718,0,41ff11ea,0016679a,0000,0000,f,0,4cd2,1d
2719,2719,0,41ff11ea,0016679a,0000,0000,f,0,4cd2,0d
2720,2720,0,41ff11ea,0016679a,0000,0000,f,0,4cd2,25
2721,2721,0,41ff11ea,0016679a,0000,0000,f,0,4cd2,1d
2722,2722,0,41ff11ea,0016679a,0000,0000,f,0,4cd2,1d
2723,2723,0,41ff11ea,0016679a,0000,0000,f,0,4cd2,0d
2724,2724,0,41ff11ea,0016679a,0000,0000,f,0,4cd2,25
2725,2725,0,41ff11ea,0016679a,0000,0000,f,1,4cd2,1d
2726,2726,0,41ff11ea,0016679a,0000,0000,f,1,4cd2,1d
2727,2727,0,41ff11ea,0016679a,0000,0000,f,1,4cd2,0d
2728,2728,0,41ff11ea,0016679a,0000,0000,f,1,4cd2,25
2729,2729,0,41ff11ea,0016679a,0000,0000,f,1,4cd2,1d
2730,2730,0,41ff11ea,0016679a,0000,0000,f,1,4cd2,1d
2731,2731,0,41ff11ea,0016679a,0000,0000,f,1,4cd2,0d
2732,2732,0,41ff11ea,0016679a,0000,0000,f,1,4cd2,25
2733,2733,0,41ff11ea,0016679a,0000,0000,f,1,4cd2,1e
2734,2734,0,41ff11ea,0016679a,0000,0000,f,1,4cd2,1e
2735,2735,0,41ff11ea,0016679a,0000,0000,f,1,4cd2,0e
2736,2736,0,41ff11ea,0016679a,0000,0000,f,1,4cd2,26
2737,2737,0,41ff11ea,0016679a,0000,0000,f,1,4cd2,1d
2738,2738,0,41ff11ea,0016679a,0000,0000,f,1,4cd2,1d
2739,2739,0,41ff11ea,0016679a,0000,0000,f,1,4cd2,0d
2740,2740,0,41ff11ea,0016679a,0000,0000,f,1,4cd2,25
2741,2741,0,41ff11ea,0016679a,0000,0000,f,1,4cd2,1e
2742,2742,0,41ff11ea,0016679a,0000,0000,f,1,4cd2,1e
2743,2743,0,41ff11ea,0016679a,0000,0000,f,1,4cd2,0e
2744,2744,0,41ff11ea,0016679a,0000,0000,f,1,4cd2,26
2745,2745,0,41ff11ea,0016679a,0000,0000,f,1,4cd2,1d
2746,2746,0,41ff11ea,0016679a,0000,0000,f,1,4cd2,1d
2747,2747,0,41ff11ea,0016679a,0000,0000,f,1,4cd2,0d
2748,2748,0,41ff11ea,0016679a,0000,0000,f,1,4cd2,25
2749,2749,0,41ff11ea,0016679a,0000,0000,f,0,4cd2,1d
2750,2750,0,41ff11ea,0016679a,0000,0000,f,0,4cd2,1d
2751,2751,0,41ff11ea,0016679a,0000,0000,f,0,4cd2,0d
2752,2752,0,41ff11ea,0016679a,0000,0000,f,0,4cd2,25
2753,2753,0,41ff11ea,0016679a,0000,0000,f,0,4cd2,1d
2754,2754,0,41ff11ea,0016679a,0000,0000,f,0,4cd2,1d
2755,2755,0,41ff11ea,0016679a,0000,0000,f,0,4cd2,0d
2756,2756,0,41ff11ea,0016679a,0000,0000,f,0,4cd2,25
2757,2757,0,41ff11ea,0016679a,0000,0000,f,0,4cd2,1d
2758,2758,0,41ff11ea,0016679a,0000,0000,f,0,4cd2,1d
2759,2759,0,41ff11ea,0016679a,0000,0000,f,0,4cd2,0d
2760,2760,0,41ff11ea,0016679a,0000,0000,f,0,4cd2,25
2761,2761,0,41ff11ea,0016679a,0000,0000,f,1,4cd2,1d
2762,2762,0,41ff11ea,0016679a,0000,0000,f,1,4cd2,1d
2763,2763,0,41ff11ea,0016679a,0000,0000,f,1,4cd2,0d
2764,2764,0,41ff11ea,0016679a,0000,0000,f,1,4cd2,25
2765,2765,0,41ff11ea,0016679a,0000,0000,f,1,4cd2,1d
2766,2766,0,41ff11ea,0016679a,0000,0000,f,1,4cd2,1d
2767,2767,0,41ff11ea,0016679a,0000,0000,f,1,4cd2,0d
2768,2768,0,41ff11ea,0016679a,0000,0000,f,1,4cd2,25
2769,2769,0,41ff11ea,0016679a,0000,0000,f,1,4cd2,1e
2770,2770,0,41ff11ea,0016679a,0000,0000,f,1,4cd2,1e
2771,2771,0,41ff11ea,0016679a,0000,0000,f,1,4cd2,0e
2772,2772,0,41ff11ea,0016679a,0000,0000,f,1,4cd2,06
2773,2773,0,41ff11ea,0016679a,0000,0000,f,1,4cd2,06
2774,2774,0,41ff11ea,0016679a,0000,0000,f,1,4cd2,06
2775,2775,0,41ff11ea,0016679a,0000,0000,f,1,4cd2,06
2776,2776,0,41ff11ea,0016679a,0000,0000,f,1,4cd2,26
2777,2777,0,41ff11ea,0016679a,0000,0000,f,1,4cd2,1d
2778,2778,0,41ff11ea,0016679a,0000,0000,f,1,4cd2,1d
2779,2779,0,41ff11ea,0016679a,0000,0000,f,1,4cd2,0d
2780,2780,0,41ff11ea,0016679a,0000,0000,f,1,4cd2,25
2781,2781,0,41ff11ea,0016679a,0000,0000,f,1,4cd2,1e
2782,2782,0,41ff11ea,0016679a,0000,0000,f,1,4cd2,1e
2783,2783,0,41ff11ea,0016679a,0000,0000,f,1,4cd2,0e
2784,2784,0,41ff11ea,0016679a,0000,0000,f,1,4cd2,26
2785,2785,0,41ff11ea,0016679a,0000,0000,f,1,4cd2,1d
2786,2786,0,41ff11ea,0016679a,0000,0000,f,1,4cd2,1d
2787,2787,0,41ff11ea,0016679a,0000,0000,f,1,4cd2,0d
2788,2788,0,41ff11ea,0016679a,0000,0000,f,1,4cd2,25
2789,2789,0,41ff11ea,0016679a,0000,0000,f,0,4cd2,1d
2790,2790,0,41ff11ea,0016679a,0000,0000,f,0,4cd2,1d
2791,2791,0,41ff11ea,0016679a,0000,0000,f,0,4cd2,0d
2792,2792,0,41ff11ea,0016679a,0000,0000,f,0,4cd2,25
2793,2793,0,41ff11ea,0016679a,0000,0000,f,0,4cd2,1d
2794,2794,0,41ff11ea,0016679a,0000,0000,f,0,4cd2,1d
2795,2795,0,41ff11ea,0016679a,0000,0000,f,0,4cd2,0d
2796,2796,0,41ff11ea,0016679a,0000,0000,f,0,4cd2,25
2797,2797,0,41ff11ea,0016679a,0000,0000,f,0,4cd2,1d
2798,2798,0,41ff11ea,0016679a,0000,0000,f,0,4cd2,1d
2799,2799,0,41ff11ea,0016679a,0000,0000,f,0,4cd2,0d
2800,2800,0,41ff11ea,0016679a,0000,0000,f,0,4cd2,25
2801,2801,0,41ff11ec,0016679a,0000,0000,f,0,d08b,1d
2802,2802,0,41ff11ec,0016679a,0000,0000,f,0,d08b,1d
2803,2803,0,41ff11ec,0016679a,0000,0000,f,0,d08b,0d
2804,2804,0,41ff11ec,0016679a,0000,0000,f,0,d08b,25
2805,2805,0,41ff11ec,0016679a,0000,0000,f,1,d08b,1d
2806,2806,0,41ff11ec,0016679a,0000,0000,f,1,d08b,1d
2807,2807,0,41ff11ec,0016679a,0000,0000,f,1,d08b,0d
2808,2808,0,41ff11ec,0016679a,0000,0000,f,1,d08b,25
2809,2809,0,41ff11ec,0016679a,0000,0000,f,1,d08b,1d
2810,2810,0,41ff11ec,0016679a,0000,0000,f,1,d08b,1d
2811,2811,0,41ff11ec,0016679a,0000,0000,f,1,d08b,0d
2812,2812,0,41ff11ec,0016679a,0000,0000,f,1,d08b,25
2813,2813,0,41ff11ec,0016679a,0000,0000,f,1,d08b,1d
2814,2814,0,41ff11ec,0016679a,0000,0000,f,1,d08b,1d
2815,2815,0,41ff11ec,0016679a,0000,0000,f,1,d08b,0d
2816,2816,0,41ff11ec,0016679a,0000,0000,f,1,d08b,25
2817,2817,0,41ff11ec,0016679a,0000,0000,f,0,d08b,1d
2818,2818,0,41ff11ec,0016679a,0000,0000,f,0,d08b,1d
2819,2819,0,41ff11ec,0016679a,0000,0000,f,0,d08b,0d
2820,2820,0,41ff11ec,0016679a,0000,0000,f,0,d08b,25
2821,2821,0,41ff11ee,0016679a,0000,0000,f,0,d28b,1d
2822,2822,0,41ff11ee,0016679a,0000,0000,f,0,d28b,1d
2823,2823,0,41ff11ee,0016679a,0000,0000,f,0,d28b,0d
2824,2824,0,41ff11ee,0016679a,0000,0000,f,0,d28b,25
2825,2825,0,41ff11ee,0016679a,0000,0000,f,0,d28b,1d
2826,2826,0,41ff11ee,0016679a,0000,0000,f,0,d28b,1d
2827,2827,0,41ff11ee,0016679a,0000,0000,f,0,d28b,0d
2828,2828,0,41ff11ee,0016679a,0000,0000,f,0,d28b,25
2829,2829,0,41ff11ee,0016679a,0000,0000,f,0,d28b,1d
2830,2830,0,41ff11ee,0016679a,0000,0000,f,0,d28b,1d
2831,2831,0,41ff11ee,0016679a,0000,0000,f,0,d28b,0d
2832,2832,0,41ff11ee,0016679a,0000,0000,f,0,d28b,25
2833,2833,0,41ff11ee,0016679a,0000,0000,f,0,d28b,1d
2834,2834,0,41ff11ee,0016679a,0000,0000,f,0,d28b,1d
2835,2835,0,41ff11ee,0016679a,0000,0000,f,0,d28b,0d
2836,2836,0,41ff11ee,0016679a,0000,0000,f,0,d28b,25
2837,2837,0,41ff11ee,0016679a,0000,0000,f,0,d28b,1d
2838,2838,0,41ff11ee,0016679a,0000,0000,f,0,d28b,1d
2839,2839,0,41ff11ee,0016679a,0000,0000,f,0,d28b,0d
2840,2840,0,41ff11ee,0016679a,0000,0000,f,0,d28b,25
2841,2841,0,41ff11f0,0016679a,0000,0000,f,0,d48b,1d
2842,2842,0,41ff11f0,0016679a,0000,0000,f,0,d48b,1d
2843,2843,0,41ff11f0,0016679a,0000,0000,f,0,d48b,0d
2844,2844,0,41ff11f0,0016679a,0000,0000,f,0,d48b,25
2845,2845,0,41ff11f0,0016679a,0000,0000,f,1,d48b,1d
2846,2846,0,41ff11f0,0016679a,0000,0000,f,1,d48b,1d
2847,2847,0,41ff11f0,0016679a,0000,0000,f,1,d48b,0d
2848,2848,0,41ff11f0,0016679a,0000,0000,f,1,d48b,25
2849,2849,0,41ff11f0,0016679a,0000,0000,f,1,d48b,1d
2850,2850,0,41ff11f0,0016679a,0000,0000,f,1,d48b,1d
2851,2851,0,41ff11f0,0016679a,0000,0000,f,1,d48b,0d
2852,2852,0,41ff11f0,0016679a,0000,0000,f,1,d48b,25
2853,2853,0,41ff11f0,0016679a,0000,0000,f,1,d48b,1d
2854,2854,0,41ff11f0,0016679a,0000,0000,f,1,d48b,1d
2855,2855,0,41ff11f0,0016679a,0000,0000,f,1,d48b,0d
2856,2856,0,41ff11f0,0016679a,0000,0000,f,1,d48b,25
2857,2857,0,41ff11f0,0016679a,0000,0000,f,0,d48b,1d
2858,2858,0,41ff11f0,0016679a,0000,0000,f,0,d48b,1d
2859,2859,0,41ff11f0,0016679a,0000,0000,f,0,d48b,0d
2860,2860,0,41ff11f0,0016679a,0000,0000,f,0,d48b,25
2861,2861,0,41ff11f2,0016679a,0000,0000,f,0,d68b,1d
2862,2862,0,41ff11f2,0016679a,0000,0000,f,0,d68b,1d
2863,2863,0,41ff11f2,0016679a,0000,0000,f,0,d68b,0d
2864,2864,0,41ff11f2,0016679a,0000,0000,f,0,d68b,25
2865,2865,0,41ff11f2,0016679a,0000,0000,f,0,d68b,1d
2866,2866,0,41ff11f2,0016679a,0000,0000,f,0,d68b,1d
2867,2867,0,41ff11f2,0016679a,0000,0000,f,0,d68b,0d
2868,2868,0,41ff11f2,0016679a,0000,0000,f,0,d68b,25
2869,2869,0,41ff11f2,0016679a,0000,0000,f,0,d68b,1d
2870,2870,0,41ff11f2,0016679a,0000,0000,f,0,d68b,1d
2871,2871,0,41ff11f2,0016679a,0000,0000,f,0,d68b,0d
2872,2872,0,41ff11f2,0016679a,0000,0000,f,0,d68b,25
2873,2873,0,41ff11f2,0016679a,0000,0000,f,0,d68b,1d
2874,2874,0,41ff11f2,0016679a,0000,0000,f,0,d68b,1d
2875,2875,0,41ff11f2,0016679a,0000,0000,f,0,d68b,0d
2876,2876,0,41ff11f2,0016679a,0000,0000,f,0,d68b,25
2877,2877,0,41ff11f2,0016679a,0000,0000,f,0,d68b,1d
2878,2878,0,41ff11f2,0016679a,0000,0000,f,0,d68b,1d
2879,2879,0,41ff11f2,0016679a,0000,0000,f,0,d68b,0d
2880,2880,0,41ff11f2,0016679a,0000,0000,f,0,d68b,25
2881,2881,0,41ff11f4,0016679a,0000,0000,f,0,3340,1d
2882,2882,0,41ff11f4,0016679a,0000,0000,f,0,3340,1d
2883,2883,0,41ff11f4,0016679a,0000,0000,f,0,3340,0d
2884,2884,0,41ff11f4,0016679a,0000,0000,f,0,3340,25
2885,2885,0,41ff11f4,0016679a,0000,0000,f,1,3340,1d
2886,2886,0,41ff11f4,0016679a,0000,0000,f,1,3340,1d
2887,2887,0,41ff11f4,0016679a,0000,0000,f,1,3340,0d
2888,2888,0,41ff11f4,0016679a,0000,0000,f,1,3340,25
2889,2889,0,41ff11f4,0016679a,0000,0000,f,1,3340,1d
2890,2890,0,41ff11f4,0016679a,0000,0000,f,1,3340,1d
2891,2891,0,41ff11f4,0016679a,0000,0000,f,1,3340,0d
2892,2892,0,41ff11f4,0016679a,0000,0000,f,1,3340,25
2893,2893,0,41ff11f4,0016679a,0000,0000,f,1,3340,1d
2894,2894,0,41ff11f4,0016679a,0000,0000,f,1,3340,1d
2895,2895,0,41ff11f4,0016679a,0000,0000,f,1,3340,0d
2896,2896,0,41ff11f4,0016679a,0000,0000,f,1,3340,25
2897,2897,0,41ff11f4,0016679a,0000,0000,f,0,3340,1d
2898,2898,0,41ff11f4,0016679a,0000,0000,f,0,3340,1d
2899,2899,0,41ff11f4,0016679a,0000,0000,f,0,3340,0d
2900,2900,0,41ff11f4,0016679a,0000,0000,f,0,3340,25
2901,2901,0,41ff11f4,0016679a,0000,0000,f,0,3340,1d
2902,2902,0,41ff11f4,0016679a,0000,0000,f,0,3340,1d
2903,2903,0,41ff11f4,0016679a,0000,0000,f,0,3340,0d
2904,2904,0,41ff11f4,0016679a,0000,0000,f,0,3340,25
2905,2905,0,41ff11f6,0016679a,0000,0000,f,0,3340,1d
2906,2906,0,41ff11f6,0016679a,0000,0000,f,0,3340,1d
2907,2907,0,41ff11f6,0016679a,0000,0000,f,0,3340,0d
2908,2908,0,41ff11f6,0016679a,0000,0000,f,0,3340,25
2909,2909,0,41ff11f6,0016679a,0000,0000,f,0,3340,1d
2910,2910,0,41ff11f6,0016679a,0000,0000,f,0,3340,1d
2911,2911,0,41ff11f6,0016679a,0000,0000,f,0,3340,0d
2912,2912,0,41ff11f6,0016679a,0000,0000,f,0,3340,25
2913,2913,0,41ff11f6,0016679a,0000,0000,f,0,3340,1d
2914,2914,0,41ff11f6,0016679a,0000,0000,f,0,3340,1d
2915,2915,0,41ff11f6,0016679a,0000,0000,f,0,3340,0d
2916,2916,0,41ff11f6,0016679a,0000,0000,f,0,3340,25
2917,2917,0,41ff11f6,0016679a,0000,0000,f,0,3340,1d
2918,2918,0,41ff11f6,0016679a,0000,0000,f,0,3340,1d
2919,2919,0,41ff11f6,0016679a,0000,0000,f,0,3340,0d
2920,2920,0,41ff11f6,0016679a,0000,0000,f,0,3340,25
2921,2921,0,41ff11f6,0016679a,0000,0000,f,1,3340,1d
2922,2922,0,41ff11f6,0016679a,0000,0000,f,1,3340,1d
2923,2923,0,41ff11f6,0016679a,0000,0000,f,1,3340,0d
2924,2924,0,41ff11f6,0016679a,0000,0000,f,1,3340,25
2925,2925,0,41ff11f6,0016679a,0000,0000,f,1,3340,1d
2926,2926,0,41ff11f6,0016679a,0000,0000,f,1,3340,1d
2927,2927,0,41ff11f6,0016679a,0000,0000,f,1,3340,0d
2928,2928,0,41ff11f6,0016679a,0000,0000,f,1,3340,25
2929,2929,0,41ff11f6,0016679a,0000,0000,f,0,3340,1f
2930,2930,0,41ff11f6,0016679a,0000,0000,f,0,3340,1f
2931,2931,0,41ff11f6,0016679a,0000,0000,f,0,3340,0f
2932,2932,0,41ff11f6,0016679a,0000,0000,f,0,3340,07
2933,2933,0,41ff11f6,0016679a,0000,0000,f,0,3340,07
2934,2934,0,41ff11f6,0016679a,0000,0000,f,0,3340,07
2935,2935,0,41ff11f6,0016679a,0000,0000,f,0,3340,07
2936,2936,0,41ff11f6,0016679a,0000,0000,f,0,3340,07
2937,2937,0,41ff11f6,0016679a,0000,0000,f,0,3340,07
2938,2938,0,41ff11f6,0016679a,0000,0000,f,0,3340,07
2939,2939,0,41ff11f6,0016679a,0000,0000,f,0,3340,07
2940,2940,0,41ff11f6,0016679a,0000,0000,f,0,3340,07
2941,2941,0,41ff11f6,0016679a,0000,0000,f,0,3340,07
2942,2942,0,41ff11f6,0016679a,0000,0000,f,0,3340,07
2943,2943,0,41ff11f6,0016679a,0000,0000,f,0,3340,07
2944,2944,0,41ff11f6,0016679a,0000,0000,f,0,3340,07
2945,2945,0,41ff11f6,001667a6,0000,3670,0,0,3340,07
2946,2946,0,41ff11f6,001667a6,0000,3670,0,0,3340,07
2947,2947,0,41ff11f6,001667a6,0000,3670,0,0,3340,07
2948,2948,0,41ff11f6,001667a6,0000,3670,0,0,3340,07
2949,2949,0,41ff11f6,001667a6,0000,3670,0,0,3340,07
2950,2950,0,41ff11f6,001667a6,0000,3670,0,0,3340,07
2951,2951,0,41ff11f6,001667a6,0000,3670,0,0,3340,07
2952,2952,0,41ff11f6,001667a6,0000,3670,0,0,3340,07
2953,2953,0,41ff11f6,001667a6,0000,3670,0,0,3340,07
2954,2954,0,41ff11f6,001667a6,0000,3670,0,0,3340,07
2955,2955,0,41ff11f6,001667a6,0000,3670,0,0,3340,07
2956,2956,0,41ff11f6,001667a6,0000,3670,0,0,3340,07
2957,2957,0,41ff11f6,001667a6,0000,3670,0,0,3340,07
2958,2958,0,41ff11f6,001667a6,0000,3670,0,0,3340,07
2959,2959,0,41ff11f6,001667a6,0000,3670,0,0,3340,07
2960,2960,0,41ff11f6,001667a6,0000,3670,0,0,3340,07
2961,2961,0,41ff11f6,001667a6,0000,3670,0,0,3340,07
2962,2962,0,41ff11f6,001667a6,0000,3670,0,0,3340,07
2963,2963,0,41ff11f6,001667a6,0000,3670,0,0,3340,07
2964,2964,0,41ff11f6,001667a6,0000,3670,0,0,3340,07
2965,2965,0,41ff11f6,001667a6,0000,3670,0,0,3340,07
2966,2966,0,41ff11f6,001667a6,0000,3670,0,0,3340,07
2967,2967,0,41ff11f6,001667a6,0000,3670,0,0,3340,07
2968,2968,0,41ff11f6,001667a6,0000,3670,0,0,3340,07
2969,2969,0,41ff11f6,001667a6,0000,3670,0,0,3340,07
2970,2970,0,41ff11f6,001667a6,0000,3670,0,0,3340,07
2971,2971,0,41ff11f6,001667a6,0000,3670,0,0,3340,07
2972,2972,0,41ff11f6,001667a6,0000,3670,0,0,3340,07
2973,2973,0,41ff11f6,001667a6,0000,3670,0,0,3340,07
2974,2974,0,41ff11f6,001667a6,0000,3670,0,0,3340,07
2975,2975,0,41ff11f6,001667a6,0000,3670,0,0,3340,07
2976,2976,0,41ff11f6,001667a6,0000,3670,0,0,3340,07
2977,2977,0,41ff11f6,001667a6,0000,3670,0,0,3340,07
2978,2978,0,41ff11f6,001667a6,0000,3670,0,0,3340,07
2979,2979,0,41ff11f6,001667a6,0000,3670,0,0,3340,07
2980,2980,0,41ff11f6,001667a6,0000,3670,0,0,3340,07
2981,2981,0,41ff11f6,001667a6,0000,3670,0,0,3340,07
2982,2982,0,41ff11f6,001667a6,0000,3670,0,0,3340,07
2983,2983,0,41ff11f6,001667a6,0000,3670,0,0,3340,07
2984,2984,0,41ff11f6,001667a6,0000,3670,0,0,3340,07
2985,2985,0,41ff11f6,001667a6,0000,3670,f,0,3340,07
2986,2986,0,41ff11f6,001667a6,0000,3670,f,0,3340,07
2987,2987,0,41ff11f6,001667a6,0000,3670,f,0,3340,07
2988,2988,0,41ff11f6,001667a6,0000,3670,f,0,3340,07
2989,2989,0,41ff11f6,001667a6,0000,3670,f,0,3340,07
2990,2990,0,41ff11f6,001667a6,0000,3670,f,0,3340,07
2991,2991,0,41ff11f6,001667a6,0000,3670,f,0,3340,07
2992,2992,0,41ff11f6,001667a6,0000,3670,f,0,3340,07
2993,2993,0,41ff11f6,001667a6,0000,3670,f,0,3340,07
2994,2994,0,41ff11f6,001667a6,0000,3670,f,0,3340,07
2995,2995,0,41ff11f6,001667a6,0000,3670,f,0,3340,07
2996,2996,0,41ff11f6,001667a6,0000,3670,f,0,3340,07
2997,2997,0,41ff11f6,001667a6,0000,3670,f,0,3340,07
2998,2998,0,41ff11f6,001667a6,0000,3670,f,0,3340,07
2999,2999,0,41ff11f6,001667a6,0000,3670,f,0,3340,07
3000,3000,0,41ff11f6,001667a6,0000,3670,f,0,3340,27
3001,3001,0,41ff11f6,001667a6,0000,3670,f,0,3340,1d
3002,3002,0,41ff11f6,001667a6,0000,3670,f,0,3340,1d
3003,3003,0,41ff11f6,001667a6,0000,3670,f,0,3340,0d
3004,3004,0,41ff11f6,001667a6,0000,3670,f,0,3340,25
3005,3005,0,41ff11f8,001667a6,0000,3670,f,0,4840,1d
3006,3006,0,41ff11f8,001667a6,0000,3670,f,0,4840,1d
3007,3007,0,41ff11f8,001667a6,0000,3670,f,0,4840,0d
3008,3008,0,41ff11f8,001667a6,0000,3670,f,0,4840,25
3009,3009,0,41ff11f8,001667a6,0000,3670,f,1,4840,1d
3010,3010,0,41ff11f8,001667a6,0000,3670,f,1,4840,1d
3011,3011,0,41ff11f8,001667a6,0000,3670,f,1,4840,0d
3012,3012,0,41ff11f8,001667a6,0000,3670,f,1,4840,25
3013,3013,0,41ff11f8,001667a6,0000,3670,f,1,4840,1d
3014,3014,0,41ff11f8,001667a6,0000,3670,f,1,4840,1d
3015,3015,0,41ff11f8,001667a6,0000,3670,f,1,4840,0d
3016,3016,0,41ff11f8,001667a6,0000,3670,f,1,4840,25
3017,3017,0,41ff11f8,001667a6,0000,3670,f,1,4840,1d
3018,3018,0,41ff11f8,001667a6,0000,3670,f,1,4840,1d
3019,3019,0,41ff11f8,001667a6,0000,3670,f,1,4840,0d
3020,3020,0,41ff11f8,001667a6,0000,3670,f,1,4840,25
3021,3021,0,41ff11f8,001667a6,0000,3670,f,0,4840,1d
3022,3022,0,41ff11f8,001667a6,0000,3670,f,0,4840,1d
3023,3023,0,41ff11f8,001667a6,0000,3670,f,0,4840,0d
3024,3024,0,41ff11f8,001667a6,0000,3670,f,0,4840,25
3025,3025,0,41ff11fa,001667a6,0000,3670,f,0,3340,1d
3026,3026,0,41ff11fa,001667a6,0000,3670,f,0,3340,1d
3027,3027,0,41ff11fa,001667a6,0000,3670,f,0,3340,0d
3028,3028,0,41ff11fa,001667a6,0000,3670,f,0,3340,25
3029,3029,0,41ff11fa,001667a6,0000,3670,f,0,3340,1d
3030,3030,0,41ff11fa,001667a6,0000,3670,f,0,3340,1d
3031,3031,0,41ff11fa,001667a6,0000,3670,f,0,3340,0d
3032,3032,0,41ff11fa,001667a6,0000,3670,f,0,3340,25
3033,3033,0,41ff11fa,001667a6,0000,3670,f,0,3340,1d
3034,3034,0,41ff11fa,001667a6,0000,3670,f,0,3340,1d
3035,3035,0,41ff11fa,001667a6,0000,3670,f,0,3340,0d
3036,3036,0,41ff11fa,001667a6,0000,3670,f,0,3340,25
3037,3037,0,41ff11fa,001667a6,0000,3670,f,0,3340,1d
3038,3038,0,41ff11fa,001667a6,0000,3670,f,0,3340,1d
3039,3039,0,41ff11fa,001667a6,0000,3670,f,0,3340,0d
3040,3040,0,41ff11fa,001667a6,0000,3670,f,0,3340,25
3041,3041,0,41ff11fa,001667a6,0000,3670,f,0,3340,1d
3042,3042,0,41ff11fa,001667a6,0000,3670,f,0,3340,1d
3043,3043,0,41ff11fa,001667a6,0000,3670,f,0,3340,0d
3044,3044,0,41ff11fa,001667a6,0000,3670,f,0,3340,25
3045,3045,0,41ff11fa,001667a6,0000,3670,f,0,3340,1d
3046,3046,0,41ff11fa,001667a6,0000,3670,f,0,3340,1d
3047,3047,0,41ff11fa,001667a6,0000,3670,f,0,3340,0d
3048,3048,0,41ff11fa,001667a6,0000,3670,f,0,3340,25
3049,3049,0,41ff11fc,001667a6,0000,3670,f,0,3340,1d
3050,3050,0,41ff11fc,001667a6,0000,3670,f,0,3340,1d
3051,3051,0,41ff11fc,001667a6,0000,3670,f,0,3340,0d
3052,3052,0,41ff11fc,001667a6,0000,3670,f,0,3340,25
3053,3053,0,41ff11fc,001667a6,0000,3670,f,0,3340,1d
3054,3054,0,41ff11fc,001667a6,0000,3670,f,0,3340,1d
3055,3055,0,41ff11fc,001667a6,0000,3670,f,0,3340,0d
3056,3056,0,41ff11fc,001667a6,0000,3670,f,0,3340,25
3057,3057,0,41ff11fc,001667a6,0000,3670,f,0,3340,1d
3058,3058,0,41ff11fc,001667a6,0000,3670,f,0,3340,1d
3059,3059,0,41ff11fc,001667a6,0000,3670,f,0,3340,0d
3060,3060,0,41ff11fc,001667a6,0000,3670,f,0,3340,25
3061,3061,0,41ff11fc,001667a6,0000,3670,f,1,3340,1d
3062,3062,0,41ff11fc,001667a6,0000,3670,f,1,3340,1d
3063,3063,0,41ff11fc,001667a6,0000,3670,f,1,3340,0d
3064,3064,0,41ff11fc,001667a6,0000,3670,f,1,3340,25
3065,3065,0,41ff11fc,001667a6,0000,3670,f,1,3340,1d
3066,3066,0,41ff11fc,001667a6,0000,3670,f,1,3340,1d
3067,3067,0,41ff11fc,001667a6,0000,3670,f,1,3340,0d
3068,3068,0,41ff11fc,001667a6,0000,3670,f,1,3340,25
3069,3069,0,41ff11fc,001667a6,0000,3670,f,1,3340,1d
3070,3070,0,41ff11fc,001667a6,0000,3670,f,1,3340,1d
3071,3071,0,41ff11fc,001667a6,0000,3670,f,1,3340,0d
3072,3072,0,41ff11fc,001667a6,0000,3670,f,1,3340,25
3073,3073,0,41ff11fc,001667a6,0000,3670,f,0,3340,1d
3074,3074,0,41ff11fc,001667a6,0000,3670,f,0,3340,1d
3075,3075,0,41ff11fc,001667a6,0000,3670,f,0,3340,0d
3076,3076,0,41ff11fc,001667a6,0000,3670,f,0,3340,25
3077,3077,0,41ff11fc,001667a6,0000,3670,f,1,3340,1d
3078,3078,0,41ff11fc,001667a6,0000,3670,f,1,3340,1d
3079,3079,0,41ff11fc,001667a6,0000,3670,f,1,3340,0d
3080,3080,0,41ff11fc,001667a6,0000,3670,f,1,3340,25
3081,3081,0,41ff11fc,001667a6,0000,3670,f,1,3340,1d
3082,3082,0,41ff11fc,001667a6,0000,3670,f,1,3340,1d
3083,3083,0,41ff11fc,001667a6,0000,3670,f,1,3340,0d
3084,3084,0,41ff11fc,001667a6,0000,3670,f,1,3340,25
3085,3085,0,41ff11fc,001667a6,0000,3670,f,0,3340,1f
3086,3086,0,41ff11fc,001667a6,0000,3670,f,0,3340,1f
3087,3087,0,41ff11fc,001667a6,0000,3670,f,0,3340,0f
3088,3088,0,41ff11fc,001667a6,0000,3670,f,0,3340,07
3089,3089,0,41ff11fc,001667a2,0000,0019,0,0,3340,07
3090,3090,0,41ff11fc,001667a2,0000,0019,0,0,3340,07
3091,3091,0,41ff11fc,001667a2,0000,0019,0,0,3340,07
3092,3092,0,41ff11fc,001667a2,0000,0019,0,0,3340,07
3093,3093,0,41ff11fc,001667a2,0000,0019,0,0,3340,07
3094,3094,0,41ff11fc,001667a2,0000,0019,0,0,3340,07
3095,3095,0,41ff11fc,001667a2,0000,0019,0,0,3340,07
3096,3096,0,41ff11fc,001667a2,0000,0019,0,0,3340,07
3097,3097,0,41ff11fc,001667a2,0000,0019,0,0,3340,07
3098,3098,0,41ff11fc,001667a2,0000,0019,0,0,3340,07
3099,3099,0,41ff11fc,001667a2,0000,0019,0,0,3340,07
3100,3100,0,41ff11fc,001667a2,0000,0019,0,0,3340,07
3101,3101,0,41ff11fc,001667a2,0000,0019,0,0,3340,07
3102,3102,0,41ff11fc,001667a2,0000,0019,0,0,3340,07
3103,3103,0,41ff11fc,001667a2,0000,0019,0,0,3340,07
3104,3104,0,41ff11fc,001667a2,0000,0019,0,0,3340,07
3105,3105,0,41ff11fc,001667a2,0000,0019,0,0,3340,07
3106,3106,0,41ff11fc,001667a2,0000,0019,0,0,3340,07
3107,3107,0,41ff11fc,001667a2,0000,0019,0,0,3340,07
3108,3108,0,41ff11fc,001667a2,0000,0019,0,0,3340,07
3109,3109,0,41ff11fc,001667a2,0000,0019,0,0,3340,07
3110,3110,0,41ff11fc,001667a2,0000,0019,0,0,3340,07
3111,3111,0,41ff11fc,001667a2,0000,0019,0,0,3340,07
3112,3112,0,41ff11fc,001667a2,0000,0019,0,0,3340,07
3113,3113,0,41ff11fc,001667a2,0000,0019,0,0,3340,07
3114,3114,0,41ff11fc,001667a2,0000,0019,0,0,3340,07
3115,3115,0,41ff11fc,001667a2,0000,0019,0,0,3340,07
3116,3116,0,41ff11fc,001667a2,0000,0019,0,0,3340,07
3117,3117,0,41ff11fc,001667a2,0000,0019,0,0,3340,07
3118,3118,0,41ff11fc,001667a2,0000,0019,0,0,3340,07
3119,3119,0,41ff11fc,001667a2,0000,0019,0,0,3340,07
3120,3120,0,41ff11fc,001667a2,0000,0019,0,0,3340,07
3121,3121,0,41ff11fc,001667a2,0000,0019,0,0,3340,07
3122,3122,0,41ff11fc,001667a2,0000,0019,0,0,3340,07
3123,3123,0,41ff11fc,001667a2,0000,0019,0,0,3340,07
3124,3124,0,41ff11fc,001667a2,0000,0019,0,0,3340,07
3125,3125,0,41ff11fc,001667a2,0000,0019,0,0,3340,07
3126,3126,0,41ff11fc,001667a2,0000,0019,0,0,3340,07
3127,3127,0,41ff11fc,001667a2,0000,0019,0,0,3340,07
3128,3128,0,41ff11fc,001667a2,0000,0019,0,0,3340,07
3129,3129,0,41ff11fc,001667a2,0000,0019,0,0,3340,07
3130,3130,0,41ff11fc,001667a2,0000,0019,0,0,3340,07
3131,3131,0,41ff11fc,001667a2,0000,0019,0,0,3340,07
3132,3132,0,41ff11fc,001667a2,0000,0019,0,0,3340,07
3133,3133,0,41ff11fc,001667a2,0000,0019,0,0,3340,07
3134,3134,0,41ff11fc,001667a2,0000,0019,0,0,3340,07
3135,3135,0,41ff11fc,001667a2,0000,0019,0,0,3340,07
3136,3136,0,41ff11fc,001667a2,0000,0019,0,0,3340,07
3137,3137,0,41ff11fc,001667a2,0000,0019,0,0,3340,07
3138,3138,0,41ff11fc,001667a2,0000,0019,0,0,3340,07
3139,3139,0,41ff11fc,001667a2,0000,0019,0,0,3340,07
3140,3140,0,41ff11fc,001667a2,0000,0019,0,0,3340,07
3141,3141,0,41ff11fc,001667a2,0000,0019,0,0,3340,07
3142,3142,0,41ff11fc,001667a2,0000,0019,0,0,3340,07
3143,3143,0,41ff11fc,001667a2,0000,0019,0,0,3340,07
3144,3144,0,41ff11fc,001667a2,0000,0019,0,0,3340,07
3145,3145,0,41ff11fc,001667a2,0000,0019,0,0,3340,07
3146,3146,0,41ff11fc,001667a2,0000,0019,0,0,3340,07
3147,3147,0,41ff11fc,001667a2,0000,0019,0,0,3340,07
3148,3148,0,41ff11fc,001667a2,0000,0019,0,0,3340,07
3149,3149,0,41ff11fc,001667a2,0000,0019,0,0,3340,07
3150,3150,0,41ff11fc,001667a2,0000,0019,0,0,3340,07
3151,3151,0,41ff11fc,001667a2,0000,0019,0,0,3340,07
3152,3152,0,41ff11fc,001667a2,0000,0019,0,0,3340,07
3153,3153,0,41ff11fc,001667a2,0000,0019,0,0,3340,07
3154,3154,0,41ff11fc,001667a2,0000,0019,0,0,3340,07
3155,3155,0,41ff11fc,001667a2,0000,0019,0,0,3340,07
3156,3156,0,41ff11fc,001667a2,0000,0019,0,0,3340,07
3157,3157,0,41ff11fc,001667a2,0000,0019,0,0,3340,07
3158,3158,0,41ff11fc,001667a2,0000,0019,0,0,3340,07
3159,3159,0,41ff11fc,001667a2,0000,0019,0,0,3340,07
3160,3160,0,41ff11fc,001667a2,0000,0019,0,0,3340,07
3161,3161,0,41ff11fc,001667a2,0000,0019,0,0,3340,07
3162,3162,0,41ff11fc,001667a2,0000,0019,0,0,3340,07
3163,3163,0,41ff11fc,001667a2,0000,0019,0,0,3340,07
3164,3164,0,41ff11fc,001667a2,0000,0019,0,0,3340,07
3165,3165,0,41ff11fc,001667a2,0000,0019,0,0,3340,07
3166,3166,0,41ff11fc,001667a2,0000,0019,0,0,3340,07
3167,3167,0,41ff11fc,001667a2,0000,0019,0,0,3340,07
3168,3168,0,41ff11fc,001667a2,0000,0019,0,0,3340,07
3169,3169,0,41ff11fc,001667a2,0000,0019,0,0,3340,07
3170,3170,0,41ff11fc,001667a2,0000,0019,0,0,3340,07
3171,3171,0,41ff11fc,001667a2,0000,0019,0,0,3340,07
3172,3172,0,41ff11fc,001667a2,0000,0019,0,0,3340,07
3173,3173,0,41ff11fc,001667a2,0000,0019,0,0,3340,07
3174,3174,0,41ff11fc,001667a2,0000,0019,0,0,3340,07
3175,3175,0,41ff11fc,001667a2,0000,0019,0,0,3340,07
3176,3176,0,41ff11fc,001667a2,0000,0019,0,0,3340,07
3177,3177,0,41ff11fc,001667a2,0000,0019,f,0,3340,07
3178,3178,0,41ff11fc,001667a2,0000,0019,f,0,3340,07
3179,3179,0,41ff11fc,001667a2,0000,0019,f,0,3340,07
3180,3180,0,41ff11fc,001667a2,0000,0019,f,0,3340,07
3181,3181,0,41ff11fc,001667a2,0000,0019,f,0,3340,07
3182,3182,0,41ff11fc,001667a2,0000,0019,f,0,3340,07
3183,3183,0,41ff11fc,001667a2,0000,0019,f,0,3340,07
3184,3184,0,41ff11fc,001667a2,0000,0019,f,0,3340,07
3185,3185,0,41ff11fc,001667a2,0000,0019,f,0,3340,07
3186,3186,0,41ff11fc,001667a2,0000,0019,f,0,3340,07
3187,3187,0,41ff11fc,001667a2,0000,0019,f,0,3340,07
3188,3188,0,41ff11fc,001667a2,0000,0019,f,0,3340,07
3189,3189,0,41ff11fc,001667a2,0000,0019,f,0,3340,07
3190,3190,0,41ff11fc,001667a2,0000,0019,f,0,3340,07
3191,3191,0,41ff11fc,001667a2,0000,0019,f,0,3340,07
3192,3192,0,41ff11fc,001667a2,0000,0019,f,0,3340,27
3193,3193,0,41ff11fc,001667a2,0000,0019,f,0,3340,1d
3194,3194,0,41ff11fc,001667a2,0000,0019,f,0,3340,1d
3195,3195,0,41ff11fc,001667a2,0000,0019,f,0,3340,0d
3196,3196,0,41ff11fc,001667a2,0000,0019,f,0,3340,25
3197,3197,0,41ff11fe,001667a2,0000,0019,f,0,3341,1d
3198,3198,0,41ff11fe,001667a2,0000,0019,f,0,3341,1d
3199,3199,0,41ff11fe,001667a2,0000,0019,f,0,3341,0d
3200,3200,0,41ff11fe,001667a2,0000,0019,f,0,3341,25
3201,3201,0,41ff11fe,001667a2,0000,0019,f,0,3341,1d
3202,3202,0,41ff11fe,001667a2,0000,0019,f,0,3341,1d
3203,3203,0,41ff11fe,001667a2,0000,0019,f,0,3341,0d
3204,3204,0,41ff11fe,001667a2,0000,0019,f,0,3341,25
3205,3205,0,41ff11fe,001667a2,0000,0019,f,0,3341,1d
3206,3206,0,41ff11fe,001667a2,0000,0019,f,0,3341,1d
3207,3207,0,41ff11fe,001667a2,0000,0019,f,0,3341,0d
3208,3208,0,41ff11fe,001667a2,0000,0019,f,0,3341,25
3209,3209,0,41ff11fe,001667a2,0000,0019,f,0,3341,1d
3210,3210,0,41ff11fe,001667a2,0000,0019,f,0,3341,1d
3211,3211,0,41ff11fe,001667a2,0000,0019,f,0,3341,0d
3212,3212,0,41ff11fe,001667a2,0000,0019,f,0,3341,25
3213,3213,0,41ff11fe,001667a2,0000,0019,f,0,3341,1d
3214,3214,0,41ff11fe,001667a2,0000,0019,f,0,3341,1d
3215,3215,0,41ff11fe,001667a2,0000,0019,f,0,3341,0d
3216,3216,0,41ff11fe,001667a2,0000,0019,f,0,3341,25
3217,3217,0,41ff11fe,001667a2,0000,0019,f,0,3341,1d
3218,3218,0,41ff11fe,001667a2,0000,0019,f,0,3341,1d
3219,3219,0,41ff11fe,001667a2,0000,0019,f,0,3341,0d
3220,3220,0,41ff11fe,001667a2,0000,0019,f,0,3341,25
3221,3221,0,41ff1200,001667a2,0000,0019,f,0,3341,1d
3222,3222,0,41ff1200,001667a2,0000,0019,f,0,3341,1d
3223,3223,0,41ff1200,001667a2,0000,0019,f,0,3341,0d
3224,3224,0,41ff1200,001667a2,0000,0019,f,0,3341,25
3225,3225,0,41ff1200,001667a2,0000,0019,f,0,3341,1d
3226,3226,0,41ff1200,001667a2,0000,0019,f,0,3341,1d
3227,3227,0,41ff1200,001667a2,0000,0019,f,0,3341,0d
3228,3228,0,41ff1200,001667a2,0000,0019,f,0,3341,25
3229,3229,0,41ff1200,001667a2,0000,0019,f,0,3341,1d
3230,3230,0,41ff1200,001667a2,0000,0019,f,0,3341,1d
3231,3231,0,41ff1200,001667a2,0000,0019,f,0,3341,0d
3232,3232,0,41ff1200,001667a2,0000,0019,f,0,3341,25
3233,3233,0,41ff1200,001667a2,0000,0019,f,1,3341,1d
3234,3234,0,41ff1200,001667a2,0000,0019,f,1,3341,1d
3235,3235,0,41ff1200,001667a2,0000,0019,f,1,3341,0d
3236,3236,0,41ff1200,001667a2,0000,0019,f,1,3341,25
3237,3237,0,41ff1200,001667a2,0000,0019,f,1,3341,1d
3238,3238,0,41ff1200,001667a2,0000,0019,f,1,3341,1d
3239,3239,0,41ff1200,001667a2,0000,0019,f,1,3341,0d
3240,3240,0,41ff1200,001667a2,0000,0019,f,1,3341,25
3241,3241,0,41ff1200,001667a2,0000,0019,f,1,3341,1d
3242,3242,0,41ff1200,001667a2,0000,0019,f,1,3341,1d
3243,3243,0,41ff1200,001667a2,0000,0019,f,1,3341,0d
3244,3244,0,41ff1200,001667a2,0000,0019,f,1,3341,25
3245,3245,0,41ff1200,001667a2,0000,0019,f,0,3341,1d
3246,3246,0,41ff1200,001667a2,0000,0019,f,0,3341,1d
3247,3247,0,41ff1200,001667a2,0000,0019,f,0,3341,0d
3248,3248,0,41ff1200,001667a2,0000,0019,f,0,3341,25
3249,3249,0,41ff1200,001667a2,0000,0019,f,1,3341,1d
3250,3250,0,41ff1200,001667a2,0000,0019,f,1,3341,1d
3251,3251,0,41ff1200,001667a2,0000,0019,f,1,3341,0d
3252,3252,0,41ff1200,001667a2,0000,0019,f,1,3341,25
3253,3253,0,41ff1200,001667a2,0000,0019,f,1,3341,1d
3254,3254,0,41ff1200,001667a2,0000,0019,f,1,3341,1d
3255,3255,0,41ff1200,001667a2,0000,0019,f,1,3341,0d
3256,3256,0,41ff1200,001667a2,0000,0019,f,1,3341,25
3257,3257,0,41ff1200,001667a2,0000,0019,f,0,3341,1f
3258,3258,0,41ff1200,001667a2,0000,0019,f,0,3341,1f
3259,3259,0,41ff1200,001667a2,0000,0019,f,0,3341,0f
3260,3260,0,41ff1200,001667a2,0000,0019,f,0,3341,07
3261,3261,0,41ff1200,001667a2,0000,0019,f,0,3341,07
3262,3262,0,41ff1200,001667a2,0000,0019,f,0,3341,07
3263,3263,0,41ff1200,001667a2,0000,0019,f,0,3341,07
3264,3264,0,41ff1200,001667a2,0000,0019,f,0,3341,07
3265,3265,0,41ff1200,001667ae,0000,9670,0,0,3341,07
3266,3266,0,41ff1200,001667ae,0000,9670,0,0,3341,07
3267,3267,0,41ff1200,001667ae,0000,9670,0,0,3341,07
3268,3268,0,41ff1200,001667ae,0000,9670,0,0,3341,07
3269,3269,0,41ff1200,001667ae,0000,9670,0,0,3341,07
3270,3270,0,41ff1200,001667ae,0000,9670,0,0,3341,07
3271,3271,0,41ff1200,001667ae,0000,9670,0,0,3341,07
3272,3272,0,41ff1200,001667ae,0000,9670,0,0,3341,07
3273,3273,0,41ff1200,001667ae,0000,9670,0,0,3341,07
3274,3274,0,41ff1200,001667ae,0000,9670,0,0,3341,07
3275,3275,0,41ff1200,001667ae,0000,9670,0,0,3341,07
3276,3276,0,41ff1200,001667ae,0000,9670,0,0,3341,07
3277,3277,0,41ff1200,001667ae,0000,9670,0,0,3341,07
3278,3278,0,41ff1200,001667ae,0000,9670,0,0,3341,07
3279,3279,0,41ff1200,001667ae,0000,9670,0,0,3341,07
3280,3280,0,41ff1200,001667ae,0000,9670,0,0,3341,07
3281,3281,0,41ff1200,001667ae,0000,9670,0,0,3341,07
3282,3282,0,41ff1200,001667ae,0000,9670,0,0,3341,07
3283,3283,0,41ff1200,001667ae,0000,9670,0,0,3341,07
3284,3284,0,41ff1200,001667ae,0000,9670,0,0,3341,07
3285,3285,0,41ff1200,001667ae,0000,9670,0,0,3341,07
3286,3286,0,41ff1200,001667ae,0000,9670,0,0,3341,07
3287,3287,0,41ff1200,001667ae,0000,9670,0,0,3341,07
3288,3288,0,41ff1200,001667ae,0000,9670,0,0,3341,07
3289,3289,0,41ff1200,001667ae,0000,9670,0,0,3341,07
3290,3290,0,41ff1200,001667ae,0000,9670,0,0,3341,07
3291,3291,0,41ff1200,001667ae,0000,9670,0,0,3341,07
3292,3292,0,41ff1200,001667ae,0000,9670,0,0,3341,07
3293,3293,0,41ff1200,001667ae,0000,9670,0,0,3341,07
3294,3294,0,41ff1200,001667ae,0000,9670,0,0,3341,07
3295,3295,0,41ff1200,001667ae,0000,9670,0,0,3341,07
3296,3296,0,41ff1200,001667ae,0000,9670,0,0,3341,07
3297,3297,0,41ff1200,001667ae,0000,9670,0,0,3341,07
3298,3298,0,41ff1200,001667ae,0000,9670,0,0,3341,07
3299,3299,0,41ff1200,001667ae,0000,9670,0,0,3341,07
3300,3300,0,41ff1200,001667ae,0000,9670,0,0,3341,07
3301,3301,0,41ff1200,001667ae,0000,9670,0,0,3341,07
3302,3302,0,41ff1200,001667ae,0000,9670,0,0,3341,07
3303,3303,0,41ff1200,001667ae,0000,9670,0,0,3341,07
3304,3304,0,41ff1200,001667ae,0000,9670,0,0,3341,07
3305,3305,0,41ff1200,001667ae,0000,9670,f,0,3341,07
3306,3306,0,41ff1200,001667ae,0000,9670,f,0,3341,07
3307,3307,0,41ff1200,001667ae,0000,9670,f,0,3341,07
3308,3308,0,41ff1200,001667ae,0000,9670,f,0,3341,07
3309,3309,0,41ff1200,001667ae,0000,9670,f,0,3341,07
3310,3310,0,41ff1200,001667ae,0000,9670,f,0,3341,07
3311,3311,0,41ff1200,001667ae,0000,9670,f,0,3341,07
3312,3312,0,41ff1200,001667ae,0000,9670,f,0,3341,07
3313,3313,0,41ff1200,001667ae,0000,9670,f,0,3341,07
3314,3314,0,41ff1200,001667ae,0000,9670,f,0,3341,07
3315,3315,0,41ff1200,001667ae,0000,9670,f,0,3341,07
3316,3316,0,41ff1200,001667ae,0000,9670,f,0,3341,07
3317,3317,0,41ff1200,001667ae,0000,9670,f,0,3341,07
3318,3318,0,41ff1200,001667ae,0000,9670,f,0,3341,07
3319,3319,0,41ff1200,001667ae,0000,9670,f,0,3341,07
3320,3320,0,41ff1200,001667ae,0000,9670,f,0,3341,27
3321,3321,0,41ff1200,001667ae,0000,9670,f,0,3341,1d
3322,3322,0,41ff1200,001667ae,0000,9670,f,0,3341,1d
3323,3323,0,41ff1200,001667ae,0000,9670,f,0,3341,0d
3324,3324,0,41ff1200,001667ae,0000,9670,f,0,3341,25
3325,3325,0,41ff1202,001667ae,0000,9670,f,0,4841,1d
3326,3326,0,41ff1202,001667ae,0000,9670,f,0,4841,1d
3327,3327,0,41ff1202,001667ae,0000,9670,f,0,4841,0d
3328,3328,0,41ff1202,001667ae,0000,9670,f,0,4841,25
3329,3329,0,41ff1202,001667ae,0000,9670,f,0,4841,1d
3330,3330,0,41ff1202,001667ae,0000,9670,f,0,4841,1d
3331,3331,0,41ff1202,001667ae,0000,9670,f,0,4841,0d
3332,3332,0,41ff1202,001667ae,0000,9670,f,0,4841,25
3333,3333,0,41ff1202,001667ae,0000,9670,f,0,4841,1d
3334,3334,0,41ff1202,001667ae,0000,9670,f,0,4841,1d
3335,3335,0,41ff1202,001667ae,0000,9670,f,0,4841,0d
3336,3336,0,41ff1202,001667ae,0000,9670,f,0,4841,25
3337,3337,0,41ff1202,001667ae,0000,9670,f,0,4841,1d
3338,3338,0,41ff1202,001667ae,0000,9670,f,0,4841,1d
3339,3339,0,41ff1202,001667ae,0000,9670,f,0,4841,0d
3340,3340,0,41ff1202,001667ae,0000,9670,f,0,4841,25
3341,3341,0,41ff1202,001667ae,0000,9670,f,0,4841,1d
3342,3342,0,41ff1202,001667ae,0000,9670,f,0,4841,1d
3343,3343,0,41ff1202,001667ae,0000,9670,f,0,4841,0d
3344,3344,0,41ff1202,001667ae,0000,9670,f,0,4841,25
3345,3345,0,41ff1204,001667ae,0000,9670,f,0,3341,1d
3346,3346,0,41ff1204,001667ae,0000,9670,f,0,3341,1d
3347,3347,0,41ff1204,001667ae,0000,9670,f,0,3341,0d
3348,3348,0,41ff1204,001667ae,0000,9670,f,0,3341,25
3349,3349,0,41ff1204,001667ae,0000,9670,f,1,3341,1d
3350,3350,0,41ff1204,001667ae,0000,9670,f,1,3341,1d
3351,3351,0,41ff1204,001667ae,0000,9670,f,1,3341,0d
3352,3352,0,41ff1204,001667ae,0000,9670,f,1,3341,25
3353,3353,0,41ff1204,001667ae,0000,9670,f,1,3341,1d
3354,3354,0,41ff1204,001667ae,0000,9670,f,1,3341,1d
3355,3355,0,41ff1204,001667ae,0000,9670,f,1,3341,0d
3356,3356,0,41ff1204,001667ae,0000,9670,f,1,3341,25
3357,3357,0,41ff1204,001667ae,0000,9670,f,1,3341,1d
3358,3358,0,41ff1204,001667ae,0000,9670,f,1,3341,1d
3359,3359,0,41ff1204,001667ae,0000,9670,f,1,3341,0d
3360,3360,0,41ff1204,001667ae,0000,9670,f,1,3341,25
3361,3361,0,41ff1204,001667ae,0000,9670,f,0,3341,1d
3362,3362,0,41ff1204,001667ae,0000,9670,f,0,3341,1d
3363,3363,0,41ff1204,001667ae,0000,9670,f,0,3341,0d
3364,3364,0,41ff1204,001667ae,0000,9670,f,0,3341,25
3365,3365,0,41ff1204,001667ae,0000,9670,f,0,3341,1d
3366,3366,0,41ff1204,001667ae,0000,9670,f,0,3341,1d
3367,3367,0,41ff1204,001667ae,0000,9670,f,0,3341,0d
3368,3368,0,41ff1204,001667ae,0000,9670,f,0,3341,25
3369,3369,0,41ff1206,001667ae,0000,9670,f,0,3341,1d
3370,3370,0,41ff1206,001667ae,0000,9670,f,0,3341,1d
3371,3371,0,41ff1206,001667ae,0000,9670,f,0,3341,0d
3372,3372,0,41ff1206,001667ae,0000,9670,f,0,3341,25
3373,3373,0,41ff1206,001667ae,0000,9670,f,0,3341,1d
3374,3374,0,41ff1206,001667ae,0000,9670,f,0,3341,1d
3375,3375,0,41ff1206,001667ae,0000,9670,f,0,3341,0d
3376,3376,0,41ff1206,001667ae,0000,9670,f,0,3341,25
3377,3377,0,41ff1206,001667ae,0000,9670,f,0,3341,1d
3378,3378,0,41ff1206,001667ae,0000,9670,f,0,3341,1d
3379,3379,0,41ff1206,001667ae,0000,9670,f,0,3341,0d
3380,3380,0,41ff1206,001667ae,0000,9670,f,0,3341,25
3381,3381,0,41ff1206,001667ae,0000,9670,f,0,3341,1d
3382,3382,0,41ff1206,001667ae,0000,9670,f,0,3341,1d
3383,3383,0,41ff1206,001667ae,0000,9670,f,0,3341,0d
3384,3384,0,41ff1206,001667ae,0000,9670,f,0,3341,25
3385,3385,0,41ff1206,001667ae,0000,9670,f,1,3341,1d
3386,3386,0,41ff1206,001667ae,0000,9670,f,1,3341,1d
3387,3387,0,41ff1206,001667ae,0000,9670,f,1,3341,0d
3388,3388,0,41ff1206,001667ae,0000,9670,f,1,3341,25
3389,3389,0,41ff1206,001667ae,0000,9670,f,1,3341,1d
3390,3390,0,41ff1206,001667ae,0000,9670,f,1,3341,1d
3391,3391,0,41ff1206,001667ae,0000,9670,f,1,3341,0d
3392,3392,0,41ff1206,001667ae,0000,9670,f,1,3341,25
3393,3393,0,41ff1206,001667ae,0000,9670,f,0,3341,1f
3394,3394,0,41ff1206,001667ae,0000,9670,f,0,3341,1f
3395,3395,0,41ff1206,001667ae,0000,9670,f,0,3341,0f
3396,3396,0,41ff1206,001667ae,0000,9670,f,0,3341,07
3397,3397,0,41ff1206,001667ae,0000,9670,f,0,3341,07
3398,3398,0,41ff1206,001667ae,0000,9670,f,0,3341,07
3399,3399,0,41ff1206,001667ae,0000,9670,f,0,3341,07
3400,3400,0,41ff1206,001667ae,0000,9670,f,0,3341,07
3401,3401,0,41ff1206,001667ae,0000,9670,f,0,3341,07
3402,3402,0,41ff1206,001667ae,0000,9670,f,0,3341,07
3403,3403,0,41ff1206,001667ae,0000,9670,f,0,3341,07
3404,3404,0,41ff1206,001667ae,0000,9670,f,0,3341,07
3405,3405,0,41ff1206,001667ae,0000,9670,f,0,3341,07
3406,3406,0,41ff1206,001667ae,0000,9670,f,0,3341,07
3407,3407,0,41ff1206,001667ae,0000,9670,f,0,3341,07
3408,3408,0,41ff1206,001667ae,0000,9670,f,0,3341,07
3409,3409,0,41ff1206,001667aa,0000,0019,0,0,3341,07
3410,3410,0,41ff1206,001667aa,0000,0019,0,0,3341,07
3411,3411,0,41ff1206,001667aa,0000,0019,0,0,3341,07
3412,3412,0,41ff1206,001667aa,0000,0019,0,0,3341,07
3413,3413,0,41ff1206,001667aa,0000,0019,0,0,3341,07
3414,3414,0,41ff1206,001667aa,0000,0019,0,0,3341,07
3415,3415,0,41ff1206,001667aa,0000,0019,0,0,3341,07
3416,3416,0,41ff1206,001667aa,0000,0019,0,0,3341,07
3417,3417,0,41ff1206,001667aa,0000,0019,0,0,3341,07
3418,3418,0,41ff1206,001667aa,0000,0019,0,0,3341,07
3419,3419,0,41ff1206,001667aa,0000,0019,0,0,3341,07
3420,3420,0,41ff1206,001667aa,0000,0019,0,0,3341,07
3421,3421,0,41ff1206,001667aa,0000,0019,0,0,3341,07
3422,3422,0,41ff1206,001667aa,0000,0019,0,0,3341,07
3423,3423,0,41ff1206,001667aa,0000,0019,0,0,3341,07
3424,3424,0,41ff1206,001667aa,0000,0019,0,0,3341,07
3425,3425,0,41ff1206,001667aa,0000,0019,0,0,3341,07
3426,3426,0,41ff1206,001667aa,0000,0019,0,0,3341,07
3427,3427,0,41ff1206,001667aa,0000,0019,0,0,3341,07
3428,3428,0,41ff1206,001667aa,0000,0019,0,0,3341,07
3429,3429,0,41ff1206,001667aa,0000,0019,0,0,3341,07
3430,3430,0,41ff1206,001667aa,0000,0019,0,0,3341,07
3431,3431,0,41ff1206,001667aa,0000,0019,0,0,3341,07
3432,3432,0,41ff1206,001667aa,0000,0019,0,0,3341,07
3433,3433,0,41ff1206,001667aa,0000,0019,0,0,3341,07
3434,3434,0,41ff1206,001667aa,0000,0019,0,0,3341,07
3435,3435,0,41ff1206,001667aa,0000,0019,0,0,3341,07
3436,3436,0,41ff1206,001667aa,0000,0019,0,0,3341,07
3437,3437,0,41ff1206,001667aa,0000,0019,0,0,3341,07
3438,3438,0,41ff1206,001667aa,0000,0019,0,0,3341,07
3439,3439,0,41ff1206,001667aa,0000,0019,0,0,3341,07
3440,3440,0,41ff1206,001667aa,0000,0019,0,0,3341,07
3441,3441,0,41ff1206,001667aa,0000,0019,0,0,3341,07
3442,3442,0,41ff1206,001667aa,0000,0019,0,0,3341,07
3443,3443,0,41ff1206,001667aa,0000,0019,0,0,3341,07
3444,3444,0,41ff1206,001667aa,0000,0019,0,0,3341,07
3445,3445,0,41ff1206,001667aa,0000,0019,0,0,3341,07
3446,3446,0,41ff1206,001667aa,0000,0019,0,0,3341,07
3447,3447,0,41ff1206,001667aa,0000,0019,0,0,3341,07
3448,3448,0,41ff1206,001667aa,0000,0019,0,0,3341,07
3449,3449,0,41ff1206,001667aa,0000,0019,0,0,3341,07
3450,3450,0,41ff1206,001667aa,0000,0019,0,0,3341,07
3451,3451,0,41ff1206,001667aa,0000,0019,0,0,3341,07
3452,3452,0,41ff1206,001667aa,0000,0019,0,0,3341,07
3453,3453,0,41ff1206,001667aa,0000,0019,0,0,3341,07
3454,3454,0,41ff1206,001667aa,0000,0019,0,0,3341,07
3455,3455,0,41ff1206,001667aa,0000,0019,0,0,3341,07
3456,3456,0,41ff1206,001667aa,0000,0019,0,0,3341,07
3457,3457,0,41ff1206,001667aa,0000,0019,0,0,3341,07
3458,3458,0,41ff1206,001667aa,0000,0019,0,0,3341,07
3459,3459,0,41ff1206,001667aa,0000,0019,0,0,3341,07
3460,3460,0,41ff1206,001667aa,0000,0019,0,0,3341,07
3461,3461,0,41ff1206,001667aa,0000,0019,0,0,3341,07
3462,3462,0,41ff1206,001667aa,0000,0019,0,0,3341,07
3463,3463,0,41ff1206,001667aa,0000,0019,0,0,3341,07
3464,3464,0,41ff1206,001667aa,0000,0019,0,0,3341,07
3465,3465,0,41ff1206,001667aa,0000,0019,0,0,3341,07
3466,3466,0,41ff1206,001667aa,0000,0019,0,0,3341,07
3467,3467,0,41ff1206,001667aa,0000,0019,0,0,3341,07
3468,3468,0,41ff1206,001667aa,0000,0019,0,0,3341,07
3469,3469,0,41ff1206,001667aa,0000,0019,0,0,3341,07
3470,3470,0,41ff1206,001667aa,0000,0019,0,0,3341,07
3471,3471,0,41ff1206,001667aa,0000,0019,0,0,3341,07
3472,3472,0,41ff1206,001667aa,0000,0019,0,0,3341,07
3473,3473,0,41ff1206,001667aa,0000,0019,0,0,3341,07
3474,3474,0,41ff1206,001667aa,0000,0019,0,0,3341,07
3475,3475,0,41ff1206,001667aa,0000,0019,0,0,3341,07
3476,3476,0,41ff1206,001667aa,0000,0019,0,0,3341,07
3477,3477,0,41ff1206,001667aa,0000,0019,0,0,3341,07
3478,3478,0,41ff1206,001667aa,0000,0019,0,0,3341,07
3479,3479,0,41ff1206,001667aa,0000,0019,0,0,3341,07
3480,3480,0,41ff1206,001667aa,0000,0019,0,0,3341,07
3481,3481,0,41ff1206,001667aa,0000,0019,0,0,3341,07
3482,3482,0,41ff1206,001667aa,0000,0019,0,0,3341,07
3483,3483,0,41ff1206,001667aa,0000,0019,0,0,3341,07
3484,3484,0,41ff1206,001667aa,0000,0019,0,0,3341,07
3485,3485,0,41ff1206,001667aa,0000,0019,0,0,3341,07
3486,3486,0,41ff1206,001667aa,0000,0019,0,0,3341,07
3487,3487,0,41ff1206,001667aa,0000,0019,0,0,3341,07
3488,3488,0,41ff1206,001667aa,0000,0019,0,0,3341,07
3489,3489,0,41ff1206,001667aa,0000,0019,0,0,3341,07
3490,3490,0,41ff1206,001667aa,0000,0019,0,0,3341,07
3491,3491,0,41ff1206,001667aa,0000,0019,0,0,3341,07
3492,3492,0,41ff1206,001667aa,0000,0019,0,0,3341,07
3493,3493,0,41ff1206,001667aa,0000,0019,0,0,3341,07
3494,3494,0,41ff1206,001667aa,0000,0019,0,0,3341,07
3495,3495,0,41ff1206,001667aa,0000,0019,0,0,3341,07
3496,3496,0,41ff1206,001667aa,0000,0019,0,0,3341,07
3497,3497,0,41ff1206,001667aa,0000,0019,f,0,3341,07
3498,3498,0,41ff1206,001667aa,0000,0019,f,0,3341,07
3499,3499,0,41ff1206,001667aa,0000,0019,f,0,3341,07
3500,3500,0,41ff1206,001667aa,0000,0019,f,0,3341,07
3501,3501,0,41ff1206,001667aa,0000,0019,f,0,3341,07
3502,3502,0,41ff1206,001667aa,0000,0019,f,0,3341,07
3503,3503,0,41ff1206,001667aa,0000,0019,f,0,3341,07
3504,3504,0,41ff1206,001667aa,0000,0019,f,0,3341,07
3505,3505,0,41ff1206,001667aa,0000,0019,f,0,3341,07
3506,3506,0,41ff1206,001667aa,0000,0019,f,0,3341,07
3507,3507,0,41ff1206,001667aa,0000,0019,f,0,3341,07
3508,3508,0,41ff1206,001667aa,0000,0019,f,0,3341,07
3509,3509,0,41ff1206,001667aa,0000,0019,f,0,3341,07
3510,3510,0,41ff1206,001667aa,0000,0019,f,0,3341,07
3511,3511,0,41ff1206,001667aa,0000,0019,f,0,3341,07
3512,3512,0,41ff1206,001667aa,0000,0019,f,0,3341,27
3513,3513,0,41ff1206,001667aa,0000,0019,f,0,3341,1d
3514,3514,0,41ff1206,001667aa,0000,0019,f,0,3341,1d
3515,3515,0,41ff1206,001667aa,0000,0019,f,0,3341,0d
3516,3516,0,41ff1206,001667aa,0000,0019,f,0,3341,25
3517,3517,0,41ff1208,001667aa,0000,0019,f,0,3342,1d
3518,3518,0,41ff1208,001667aa,0000,0019,f,0,3342,1d
3519,3519,0,41ff1208,001667aa,0000,0019,f,0,3342,0d
3520,3520,0,41ff1208,001667aa,0000,0019,f,0,3342,25
3521,3521,0,41ff1208,001667aa,0000,0019,f,1,3342,1d
3522,3522,0,41ff1208,001667aa,0000,0019,f,1,3342,1d
3523,3523,0,41ff1208,001667aa,0000,0019,f,1,3342,0d
3524,3524,0,41ff1208,001667aa,0000,0019,f,1,3342,25
3525,3525,0,41ff1208,001667aa,0000,0019,f,1,3342,1d
3526,3526,0,41ff1208,001667aa,0000,0019,f,1,3342,1d
3527,3527,0,41ff1208,001667aa,0000,0019,f,1,3342,0d
3528,3528,0,41ff1208,001667aa,0000,0019,f,1,3342,25
3529,3529,0,41ff1208,001667aa,0000,0019,f,1,3342,1d
3530,3530,0,41ff1208,001667aa,0000,0019,f,1,3342,1d
3531,3531,0,41ff1208,001667aa,0000,0019,f,1,3342,0d
3532,3532,0,41ff1208,001667aa,0000,0019,f,1,3342,25
3533,3533,0,41ff1208,001667aa,0000,0019,f,0,3342,1d
3534,3534,0,41ff1208,001667aa,0000,0019,f,0,3342,1d
3535,3535,0,41ff1208,001667aa,0000,0019,f,0,3342,0d
3536,3536,0,41ff1208,001667aa,0000,0019,f,0,3342,25
3537,3537,0,41ff1208,001667aa,0000,0019,f,0,3342,1d
3538,3538,0,41ff1208,001667aa,0000,0019,f,0,3342,1d
3539,3539,0,41ff1208,001667aa,0000,0019,f,0,3342,0d
3540,3540,0,41ff1208,001667aa,0000,0019,f,0,3342,25
3541,3541,0,41ff120a,001667aa,0000,0019,f,0,3342,1d
3542,3542,0,41ff120a,001667aa,0000,0019,f,0,3342,1d
3543,3543,0,41ff120a,001667aa,0000,0019,f,0,3342,0d
3544,3544,0,41ff120a,001667aa,0000,0019,f,0,3342,25
3545,3545,0,41ff120a,001667aa,0000,0019,f,0,3342,1d
3546,3546,0,41ff120a,001667aa,0000,0019,f,0,3342,1d
3547,3547,0,41ff120a,001667aa,0000,0019,f,0,3342,0d
3548,3548,0,41ff120a,001667aa,0000,0019,f,0,3342,25
3549,3549,0,41ff120a,001667aa,0000,0019,f,0,3342,1d
3550,3550,0,41ff120a,001667aa,0000,0019,f,0,3342,1d
3551,3551,0,41ff120a,001667aa,0000,0019,f,0,3342,0d
3552,3552,0,41ff120a,001667aa,0000,0019,f,0,3342,25
3553,3553,0,41ff120a,001667aa,0000,0019,f,0,3342,1d
3554,3554,0,41ff120a,001667aa,0000,0019,f,0,3342,1d
3555,3555,0,41ff120a,001667aa,0000,0019,f,0,3342,0d
3556,3556,0,41ff120a,001667aa,0000,0019,f,0,3342,25
3557,3557,0,41ff120a,001667aa,0000,0019,f,1,3342,1d
3558,3558,0,41ff120a,001667aa,0000,0019,f,1,3342,1d
3559,3559,0,41ff120a,001667aa,0000,0019,f,1,3342,0d
3560,3560,0,41ff120a,001667aa,0000,0019,f,1,3342,25
3561,3561,0,41ff120a,001667aa,0000,0019,f,1,3342,1d
3562,3562,0,41ff120a,001667aa,0000,0019,f,1,3342,1d
3563,3563,0,41ff120a,001667aa,0000,0019,f,1,3342,0d
3564,3564,0,41ff120a,001667aa,0000,0019,f,1,3342,25
3565,3565,0,41ff120a,001667aa,0000,0019,f,0,3342,1f
3566,3566,0,41ff120a,001667aa,0000,0019,f,0,3342,1f
3567,3567,0,41ff120a,001667aa,0000,0019,f,0,3342,0f
3568,3568,0,41ff120a,001667aa,0000,0019,f,0,3342,07
3569,3569,0,41ff120a,001667b6,0000,f670,0,0,3342,07
3570,3570,0,41ff120a,001667b6,0000,f670,0,0,3342,07
3571,3571,0,41ff120a,001667b6,0000,f670,0,0,3342,07
3572,3572,0,41ff120a,001667b6,0000,f670,0,0,3342,07
3573,3573,0,41ff120a,001667b6,0000,f670,0,0,3342,07
3574,3574,0,41ff120a,001667b6,0000,f670,0,0,3342,07
3575,3575,0,41ff120a,001667b6,0000,f670,0,0,3342,07
3576,3576,0,41ff120a,001667b6,0000,f670,0,0,3342,07
3577,3577,0,41ff120a,001667b6,0000,f670,0,0,3342,07
3578,3578,0,41ff120a,001667b6,0000,f670,0,0,3342,07
3579,3579,0,41ff120a,001667b6,0000,f670,0,0,3342,07
3580,3580,0,41ff120a,001667b6,0000,f670,0,0,3342,07
3581,3581,0,41ff120a,001667b6,0000,f670,0,0,3342,07
3582,3582,0,41ff120a,001667b6,0000,f670,0,0,3342,07
3583,3583,0,41ff120a,001667b6,0000,f670,0,0,3342,07
3584,3584,0,41ff120a,001667b6,0000,f670,0,0,3342,07
3585,3585,0,41ff120a,001667b6,0000,f670,0,0,3342,07
3586,3586,0,41ff120a,001667b6,0000,f670,0,0,3342,07
3587,3587,0,41ff120a,001667b6,0000,f670,0,0,3342,07
3588,3588,0,41ff120a,001667b6,0000,f670,0,0,3342,07
3589,3589,0,41ff120a,001667b6,0000,f670,0,0,3342,07
3590,3590,0,41ff120a,001667b6,0000,f670,0,0,3342,07
3591,3591,0,41ff120a,001667b6,0000,f670,0,0,3342,07
3592,3592,0,41ff120a,001667b6,0000,f670,0,0,3342,07
3593,3593,0,41ff120a,001667b6,0000,f670,0,0,3342,07
3594,3594,0,41ff120a,001667b6,0000,f670,0,0,3342,07
3595,3595,0,41ff120a,001667b6,0000,f670,0,0,3342,07
3596,3596,0,41ff120a,001667b6,0000,f670,0,0,3342,07
3597,3597,0,41ff120a,001667b6,0000,f670,0,0,3342,07
3598,3598,0,41ff120a,001667b6,0000,f670,0,0,3342,07
3599,3599,0,41ff120a,001667b6,0000,f670,0,0,3342,07
3600,3600,0,41ff120a,001667b6,0000,f670,0,0,3342,07
3601,3601,0,41ff120a,001667b6,0000,f670,0,0,3342,07
3602,3602,0,41ff120a,001667b6,0000,f670,0,0,3342,07
3603,3603,0,41ff120a,001667b6,0000,f670,0,0,3342,07
3604,3604,0,41ff120a,001667b6,0000,f670,0,0,3342,07
3605,3605,0,41ff120a,001667b6,0000,f670,0,0,3342,07
3606,3606,0,41ff120a,001667b6,0000,f670,0,0,3342,07
3607,3607,0,41ff120a,001667b6,0000,f670,0,0,3342,07
3608,3608,0,41ff120a,001667b6,0000,f670,0,0,3342,07
3609,3609,0,41ff120a,001667b6,0000,f670,0,0,3342,07
3610,3610,0,41ff120a,001667b6,0000,f670,0,0,3342,07
3611,3611,0,41ff120a,001667b6,0000,f670,0,0,3342,07
3612,3612,0,41ff120a,001667b6,0000,f670,0,0,3342,07
3613,3613,0,41ff120a,001667b6,0000,f670,0,0,3342,07
3614,3614,0,41ff120a,001667b6,0000,f670,0,0,3342,07
3615,3615,0,41ff120a,001667b6,0000,f670,0,0,3342,07
3616,3616,0,41ff120a,001667b6,0000,f670,0,0,3342,07
3617,3617,0,41ff120a,001667b6,0000,f670,0,0,3342,07
3618,3618,0,41ff120a,001667b6,0000,f670,0,0,3342,07
3619,3619,0,41ff120a,001667b6,0000,f670,0,0,3342,07
3620,3620,0,41ff120a,001667b6,0000,f670,0,0,3342,07
3621,3621,0,41ff120a,001667b6,0000,f670,0,0,3342,07
3622,3622,0,41ff120a,001667b6,0000,f670,0,0,3342,07
3623,3623,0,41ff120a,001667b6,0000,f670,0,0,3342,07
3624,3624,0,41ff120a,001667b6,0000,f670,0,0,3342,07
3625,3625,0,41ff120a,001667b6,0000,f670,f,0,3342,07
3626,3626,0,41ff120a,001667b6,0000,f670,f,0,3342,07
3627,3627,0,41ff120a,001667b6,0000,f670,f,0,3342,07
3628,3628,0,41ff120a,001667b6,0000,f670,f,0,3342,07
3629,3629,0,41ff120a,001667b6,0000,f670,f,0,3342,07
3630,3630,0,41ff120a,001667b6,0000,f670,f,0,3342,07
3631,3631,0,41ff120a,001667b6,0000,f670,f,0,3342,07
3632,3632,0,41ff120a,001667b6,0000,f670,f,0,3342,07
3633,3633,0,41ff120a,001667b6,0000,f670,f,0,3342,07
3634,3634,0,41ff120a,001667b6,0000,f670,f,0,3342,07
3635,3635,0,41ff120a,001667b6,0000,f670,f,0,3342,07
3636,3636,0,41ff120a,001667b6,0000,f670,f,0,3342,07
3637,3637,0,41ff120a,001667b6,0000,f670,f,0,3342,07
3638,3638,0,41ff120a,001667b6,0000,f670,f,0,3342,07
3639,3639,0,41ff120a,001667b6,0000,f670,f,0,3342,07
3640,3640,0,41ff120a,001667b6,0000,f670,f,0,3342,27
3641,3641,0,41ff120a,001667b6,0000,f670,f,0,3342,1d
3642,3642,0,41ff120a,001667b6,0000,f670,f,0,3342,1d
3643,3643,0,41ff120a,001667b6,0000,f670,f,0,3342,0d
3644,3644,0,41ff120a,001667b6,0000,f670,f,0,3342,25
3645,3645,0,41ff120c,001667b6,0000,f670,f,0,4842,1d
3646,3646,0,41ff120c,001667b6,0000,f670,f,0,4842,1d
3647,3647,0,41ff120c,001667b6,0000,f670,f,0,4842,0d
3648,3648,0,41ff120c,001667b6,0000,f670,f,0,4842,25
3649,3649,0,41ff120c,001667b6,0000,f670,f,1,4842,1d
3650,3650,0,41ff120c,001667b6,0000,f670,f,1,4842,1d
3651,3651,0,41ff120c,001667b6,0000,f670,f,1,4842,0d
3652,3652,0,41ff120c,001667b6,0000,f670,f,1,4842,25
3653,3653,0,41ff120c,001667b6,0000,f670,f,1,4842,1d
3654,3654,0,41ff120c,001667b6,0000,f670,f,1,4842,1d
3655,3655,0,41ff120c,001667b6,0000,f670,f,1,4842,0d
3656,3656,0,41ff120c,001667b6,0000,f670,f,1,4842,25
3657,3657,0,41ff120c,001667b6,0000,f670,f,1,4842,1d
3658,3658,0,41ff120c,001667b6,0000,f670,f,1,4842,1d
3659,3659,0,41ff120c,001667b6,0000,f670,f,1,4842,0d
3660,3660,0,41ff120c,001667b6,0000,f670,f,1,4842,25
3661,3661,0,41ff120c,001667b6,0000,f670,f,0,4842,1d
3662,3662,0,41ff120c,001667b6,0000,f670,f,0,4842,1d
3663,3663,0,41ff120c,001667b6,0000,f670,f,0,4842,0d
3664,3664,0,41ff120c,001667b6,0000,f670,f,0,4842,25
3665,3665,0,41ff120e,001667b6,0000,f670,f,0,3342,1d
3666,3666,0,41ff120e,001667b6,0000,f670,f,0,3342,1d
3667,3667,0,41ff120e,001667b6,0000,f670,f,0,3342,0d
3668,3668,0,41ff120e,001667b6,0000,f670,f,0,3342,25
3669,3669,0,41ff120e,001667b6,0000,f670,f,0,3342,1d
3670,3670,0,41ff120e,001667b6,0000,f670,f,0,3342,1d
3671,3671,0,41ff120e,001667b6,0000,f670,f,0,3342,0d
3672,3672,0,41ff120e,001667b6,0000,f670,f,0,3342,25
3673,3673,0,41ff120e,001667b6,0000,f670,f,0,3342,1d
3674,3674,0,41ff120e,001667b6,0000,f670,f,0,3342,1d
3675,3675,0,41ff120e,001667b6,0000,f670,f,0,3342,0d
3676,3676,0,41ff120e,001667b6,0000,f670,f,0,3342,25
3677,3677,0,41ff120e,001667b6,0000,f670,f,0,3342,1d
3678,3678,0,41ff120e,001667b6,0000,f670,f,0,3342,1d
3679,3679,0,41ff120e,001667b6,0000,f670,f,0,3342,0d
3680,3680,0,41ff120e,001667b6,0000,f670,f,0,3342,25
3681,3681,0,41ff120e,001667b6,0000,f670,f,0,3342,1d
3682,3682,0,41ff120e,001667b6,0000,f670,f,0,3342,1d
3683,3683,0,41ff120e,001667b6,0000,f670,f,0,3342,0d
3684,3684,0,41ff120e,001667b6,0000,f670,f,0,3342,25
3685,3685,0,41ff120e,001667b6,0000,f670,f,0,3342,1d
3686,3686,0,41ff120e,001667b6,0000,f670,f,0,3342,1d
3687,3687,0,41ff120e,001667b6,0000,f670,f,0,3342,0d
3688,3688,0,41ff120e,001667b6,0000,f670,f,0,3342,25
3689,3689,0,41ff1210,001667b6,0000,f670,f,0,3342,1d
3690,3690,0,41ff1210,001667b6,0000,f670,f,0,3342,1d
3691,3691,0,41ff1210,001667b6,0000,f670,f,0,3342,0d
3692,3692,0,41ff1210,001667b6,0000,f670,f,0,3342,25
3693,3693,0,41ff1210,001667b6,0000,f670,f,0,3342,1d
3694,3694,0,41ff1210,001667b6,0000,f670,f,0,3342,1d
3695,3695,0,41ff1210,001667b6,0000,f670,f,0,3342,0d
3696,3696,0,41ff1210,001667b6,0000,f670,f,0,3342,25
3697,3697,0,41ff1210,001667b6,0000,f670,f,0,3342,1d
3698,3698,0,41ff1210,001667b6,0000,f670,f,0,3342,1d
3699,3699,0,41ff1210,001667b6,0000,f670,f,0,3342,0d
3700,3700,0,41ff1210,001667b6,0000,f670,f,0,3342,25
3701,3701,0,41ff1210,001667b6,0000,f670,f,1,3342,1d
3702,3702,0,41ff1210,001667b6,0000,f670,f,1,3342,1d
3703,3703,0,41ff1210,001667b6,0000,f670,f,1,3342,0d
3704,3704,0,41ff1210,001667b6,0000,f670,f,1,3342,25
3705,3705,0,41ff1210,001667b6,0000,f670,f,1,3342,1d
3706,3706,0,41ff1210,001667b6,0000,f670,f,1,3342,1d
3707,3707,0,41ff1210,001667b6,0000,f670,f,1,3342,0d
3708,3708,0,41ff1210,001667b6,0000,f670,f,1,3342,25
3709,3709,0,41ff1210,001667b6,0000,f670,f,1,3342,1d
3710,3710,0,41ff1210,001667b6,0000,f670,f,1,3342,1d
3711,3711,0,41ff1210,001667b6,0000,f670,f,1,3342,0d
3712,3712,0,41ff1210,001667b6,0000,f670,f,1,3342,25
3713,3713,0,41ff1210,001667b6,0000,f670,f,0,3342,1d
3714,3714,0,41ff1210,001667b6,0000,f670,f,0,3342,1d
3715,3715,0,41ff1210,001667b6,0000,f670,f,0,3342,0d
3716,3716,0,41ff1210,001667b6,0000,f670,f,0,3342,25
3717,3717,0,41ff1210,001667b6,0000,f670,f,1,3342,1d
3718,3718,0,41ff1210,001667b6,0000,f670,f,1,3342,1d
3719,3719,0,41ff1210,001667b6,0000,f670,f,1,3342,0d
3720,3720,0,41ff1210,001667b6,0000,f670,f,1,3342,25
3721,3721,0,41ff1210,001667b6,0000,f670,f,1,3342,1d
3722,3722,0,41ff1210,001667b6,0000,f670,f,1,3342,1d
3723,3723,0,41ff1210,001667b6,0000,f670,f,1,3342,0d
3724,3724,0,41ff1210,001667b6,0000,f670,f,1,3342,25
3725,3725,0,41ff1210,001667b6,0000,f670,f,0,3342,1f
3726,3726,0,41ff1210,001667b6,0000,f670,f,0,3342,1f
3727,3727,0,41ff1210,001667b6,0000,f670,f,0,3342,0f
3728,3728,0,41ff1210,001667b6,0000,f670,f,0,3342,07
3729,3729,0,41ff1210,001667b2,0000,0019,0,0,3342,07
3730,3730,0,41ff1210,001667b2,0000,0019,0,0,3342,07
3731,3731,0,41ff1210,001667b2,0000,0019,0,0,3342,07
3732,3732,0,41ff1210,001667b2,0000,0019,0,0,3342,07
3733,3733,0,41ff1210,001667b2,0000,0019,0,0,3342,07
3734,3734,0,41ff1210,001667b2,0000,0019,0,0,3342,07
3735,3735,0,41ff1210,001667b2,0000,0019,0,0,3342,07
3736,3736,0,41ff1210,001667b2,0000,0019,0,0,3342,07
3737,3737,0,41ff1210,001667b2,0000,0019,0,0,3342,07
3738,3738,0,41ff1210,001667b2,0000,0019,0,0,3342,07
3739,3739,0,41ff1210,001667b2,0000,0019,0,0,3342,07
3740,3740,0,41ff1210,001667b2,0000,0019,0,0,3342,07
3741,3741,0,41ff1210,001667b2,0000,0019,0,0,3342,07
3742,3742,0,41ff1210,001667b2,0000,0019,0,0,3342,07
3743,3743,0,41ff1210,001667b2,0000,0019,0,0,3342,07
3744,3744,0,41ff1210,001667b2,0000,0019,0,0,3342,07
3745,3745,0,41ff1210,001667b2,0000,0019,0,0,3342,07
3746,3746,0,41ff1210,001667b2,0000,0019,0,0,3342,07
3747,3747,0,41ff1210,001667b2,0000,0019,0,0,3342,07
3748,3748,0,41ff1210,001667b2,0000,0019,0,0,3342,07
3749,3749,0,41ff1210,001667b2,0000,0019,0,0,3342,07
3750,3750,0,41ff1210,001667b2,0000,0019,0,0,3342,07
3751,3751,0,41ff1210,001667b2,0000,0019,0,0,3342,07
3752,3752,0,41ff1210,001667b2,0000,0019,0,0,3342,07
3753,3753,0,41ff1210,001667b2,0000,0019,0,0,3342,07
3754,3754,0,41ff1210,001667b2,0000,0019,0,0,3342,07
3755,3755,0,41ff1210,001667b2,0000,0019,0,0,3342,07
3756,3756,0,41ff1210,001667b2,0000,0019,0,0,3342,07
3757,3757,0,41ff1210,001667b2,0000,0019,0,0,3342,07
3758,3758,0,41ff1210,001667b2,0000,0019,0,0,3342,07
3759,3759,0,41ff1210,001667b2,0000,0019,0,0,3342,07
3760,3760,0,41ff1210,001667b2,0000,0019,0,0,3342,07
3761,3761,0,41ff1210,001667b2,0000,0019,0,0,3342,07
3762,3762,0,41ff1210,001667b2,0000,0019,0,0,3342,07
3763,3763,0,41ff1210,001667b2,0000,0019,0,0,3342,07
3764,3764,0,41ff1210,001667b2,0000,0019,0,0,3342,07
3765,3765,0,41ff1210,001667b2,0000,0019,0,0,3342,07
3766,3766,0,41ff1210,001667b2,0000,0019,0,0,3342,07
3767,3767,0,41ff1210,001667b2,0000,0019,0,0,3342,07
3768,3768,0,41ff1210,001667b2,0000,0019,0,0,3342,07
3769,3769,0,41ff1210,001667b2,0000,0019,0,0,3342,07
3770,3770,0,41ff1210,001667b2,0000,0019,0,0,3342,07
3771,3771,0,41ff1210,001667b2,0000,0019,0,0,3342,07
3772,3772,0,41ff1210,001667b2,0000,0019,0,0,3342,07
3773,3773,0,41ff1210,001667b2,0000,0019,0,0,3342,07
3774,3774,0,41ff1210,001667b2,0000,0019,0,0,3342,07
3775,3775,0,41ff1210,001667b2,0000,0019,0,0,3342,07
3776,3776,0,41ff1210,001667b2,0000,0019,0,0,3342,07
3777,3777,0,41ff1210,001667b2,0000,0019,0,0,3342,07
3778,3778,0,41ff1210,001667b2,0000,0019,0,0,3342,07
3779,3779,0,41ff1210,001667b2,0000,0019,0,0,3342,07
3780,3780,0,41ff1210,001667b2,0000,0019,0,0,3342,07
3781,3781,0,41ff1210,001667b2,0000,0019,0,0,3342,07
3782,3782,0,41ff1210,001667b2,0000,0019,0,0,3342,07
3783,3783,0,41ff1210,001667b2,0000,0019,0,0,3342,07
3784,3784,0,41ff1210,001667b2,0000,0019,0,0,3342,07
3785,3785,0,41ff1210,001667b2,0000,0019,f,0,3342,07
3786,3786,0,41ff1210,001667b2,0000,0019,f,0,3342,07
3787,3787,0,41ff1210,001667b2,0000,0019,f,0,3342,07
3788,3788,0,41ff1210,001667b2,0000,0019,f,0,3342,07
3789,3789,0,41ff1210,001667b2,0000,0019,f,0,3342,07
3790,3790,0,41ff1210,001667b2,0000,0019,f,0,3342,07
3791,3791,0,41ff1210,001667b2,0000,0019,f,0,3342,07
3792,3792,0,41ff1210,001667b2,0000,0019,f,0,3342,07
3793,3793,0,41ff1210,001667b2,0000,0019,f,0,3342,07
3794,3794,0,41ff1210,001667b2,0000,0019,f,0,3342,07
3795,3795,0,41ff1210,001667b2,0000,0019,f,0,3342,07
3796,3796,0,41ff1210,001667b2,0000,0019,f,0,3342,07
3797,3797,0,41ff1210,001667b2,0000,0019,f,0,3342,07
3798,3798,0,41ff1210,001667b2,0000,0019,f,0,3342,07
3799,3799,0,41ff1210,001667b2,0000,0019,f,0,3342,07
3800,3800,0,41ff1210,001667b2,0000,0019,f,0,3342,27
3801,3801,0,41ff1210,001667b2,0000,0019,f,0,3342,1d
3802,3802,0,41ff1210,001667b2,0000,0019,f,0,3342,1d
3803,3803,0,41ff1210,001667b2,0000,0019,f,0,3342,0d
3804,3804,0,41ff1210,001667b2,0000,0019,f,0,3342,25
3805,3805,0,41ff1212,001667b2,0000,0019,f,0,3343,1d
3806,3806,0,41ff1212,001667b2,0000,0019,f,0,3343,1d
3807,3807,0,41ff1212,001667b2,0000,0019,f,0,3343,0d
3808,3808,0,41ff1212,001667b2,0000,0019,f,0,3343,25
3809,3809,0,41ff1212,001667b2,0000,0019,f,0,3343,1d
3810,3810,0,41ff1212,001667b2,0000,0019,f,0,3343,1d
3811,3811,0,41ff1212,001667b2,0000,0019,f,0,3343,0d
3812,3812,0,41ff1212,001667b2,0000,0019,f,0,3343,25
3813,3813,0,41ff1212,001667b2,0000,0019,f,0,3343,1d
3814,3814,0,41ff1212,001667b2,0000,0019,f,0,3343,1d
3815,3815,0,41ff1212,001667b2,0000,0019,f,0,3343,0d
3816,3816,0,41ff1212,001667b2,0000,0019,f,0,3343,25
3817,3817,0,41ff1212,001667b2,0000,0019,f,0,3343,1d
3818,3818,0,41ff1212,001667b2,0000,0019,f,0,3343,1d
3819,3819,0,41ff1212,001667b2,0000,0019,f,0,3343,0d
3820,3820,0,41ff1212,001667b2,0000,0019,f,0,3343,25
3821,3821,0,41ff1212,001667b2,0000,0019,f,0,3343,1d
3822,3822,0,41ff1212,001667b2,0000,0019,f,0,3343,1d
3823,3823,0,41ff1212,001667b2,0000,0019,f,0,3343,0d
3824,3824,0,41ff1212,001667b2,0000,0019,f,0,3343,25
3825,3825,0,41ff1212,001667b2,0000,0019,f,0,3343,1d
3826,3826,0,41ff1212,001667b2,0000,0019,f,0,3343,1d
3827,3827,0,41ff1212,001667b2,0000,0019,f,0,3343,0d
3828,3828,0,41ff1212,001667b2,0000,0019,f,0,3343,25
3829,3829,0,41ff1214,001667b2,0000,0019,f,0,3343,1d
3830,3830,0,41ff1214,001667b2,0000,0019,f,0,3343,1d
3831,3831,0,41ff1214,001667b2,0000,0019,f,0,3343,0d
3832,3832,0,41ff1214,001667b2,0000,0019,f,0,3343,25
3833,3833,0,41ff1214,001667b2,0000,0019,f,0,3343,1d
3834,3834,0,41ff1214,001667b2,0000,0019,f,0,3343,1d
3835,3835,0,41ff1214,001667b2,0000,0019,f,0,3343,0d
3836,3836,0,41ff1214,001667b2,0000,0019,f,0,3343,25
3837,3837,0,41ff1214,001667b2,0000,0019,f,0,3343,1d
3838,3838,0,41ff1214,001667b2,0000,0019,f,0,3343,1d
3839,3839,0,41ff1214,001667b2,0000,0019,f,0,3343,0d
3840,3840,0,41ff1214,001667b2,0000,0019,f,0,3343,25
3841,3841,0,41ff1214,001667b2,0000,0019,f,1,3343,1d
3842,3842,0,41ff1214,001667b2,0000,0019,f,1,3343,1d
3843,3843,0,41ff1214,001667b2,0000,0019,f,1,3343,0d
3844,3844,0,41ff1214,001667b2,0000,0019,f,1,3343,25
3845,3845,0,41ff1214,001667b2,0000,0019,f,1,3343,1d
3846,3846,0,41ff1214,001667b2,0000,0019,f,1,3343,1d
3847,3847,0,41ff1214,001667b2,0000,0019,f,1,3343,0d
3848,3848,0,41ff1214,001667b2,0000,0019,f,1,3343,25
3849,3849,0,41ff1214,001667b2,0000,0019,f,1,3343,1d
3850,3850,0,41ff1214,001667b2,0000,0019,f,1,3343,1d
3851,3851,0,41ff1214,001667b2,0000,0019,f,1,3343,0d
3852,3852,0,41ff1214,001667b2,0000,0019,f,1,3343,25
3853,3853,0,41ff1214,001667b2,0000,0019,f,0,3343,1d
3854,3854,0,41ff1214,001667b2,0000,0019,f,0,3343,1d
3855,3855,0,41ff1214,001667b2,0000,0019,f,0,3343,0d
3856,3856,0,41ff1214,001667b2,0000,0019,f,0,3343,25
3857,3857,0,41ff1214,001667b2,0000,0019,f,1,3343,1d
3858,3858,0,41ff1214,001667b2,0000,0019,f,1,3343,1d
3859,3859,0,41ff1214,001667b2,0000,0019,f,1,3343,0d
3860,3860,0,41ff1214,001667b2,0000,0019,f,1,3343,25
3861,3861,0,41ff1214,001667b2,0000,0019,f,1,3343,1d
3862,3862,0,41ff1214,001667b2,0000,0019,f,1,3343,1d
3863,3863,0,41ff1214,001667b2,0000,0019,f,1,3343,0d
3864,3864,0,41ff1214,001667b2,0000,0019,f,1,3343,25
3865,3865,0,41ff1214,001667b2,0000,0019,f,0,3343,1f
3866,3866,0,41ff1214,001667b2,0000,0019,f,0,3343,1f
3867,3867,0,41ff1214,001667b2,0000,0019,f,0,3343,0f
3868,3868,0,41ff1214,001667b2,0000,0019,f,0,3343,07
3869,3869,0,41ff1214,001667b2,0000,0019,f,0,3343,07
3870,3870,0,41ff1214,001667b2,0000,0019,f,0,3343,07
3871,3871,0,41ff1214,001667b2,0000,0019,f,0,3343,07
3872,3872,0,41ff1214,001667b2,0000,0019,f,0,3343,07
3873,3873,0,41ff1214,001667be,0000,5670,0,0,3343,07
3874,3874,0,41ff1214,001667be,0000,5670,0,0,3343,07
3875,3875,0,41ff1214,001667be,0000,5670,0,0,3343,07
3876,3876,0,41ff1214,001667be,0000,5670,0,0,3343,07
3877,3877,0,41ff1214,001667be,0000,5670,0,0,3343,07
3878,3878,0,41ff1214,001667be,0000,5670,0,0,3343,07
3879,3879,0,41ff1214,001667be,0000,5670,0,0,3343,07
3880,3880,0,41ff1214,001667be,0000,5670,0,0,3343,07
3881,3881,0,41ff1214,001667be,0000,5670,0,0,3343,07
3882,3882,0,41ff1214,001667be,0000,5670,0,0,3343,07
3883,3883,0,41ff1214,001667be,0000,5670,0,0,3343,07
3884,3884,0,41ff1214,001667be,0000,5670,0,0,3343,07
3885,3885,0,41ff1214,001667be,0000,5670,0,0,3343,07
3886,3886,0,41ff1214,001667be,0000,5670,0,0,3343,07
3887,3887,0,41ff1214,001667be,0000,5670,0,0,3343,07
3888,3888,0,41ff1214,001667be,0000,5670,0,0,3343,07
3889,3889,0,41ff1214,001667be,0000,5670,0,0,3343,07
3890,3890,0,41ff1214,001667be,0000,5670,0,0,3343,07
3891,3891,0,41ff1214,001667be,0000,5670,0,0,3343,07
3892,3892,0,41ff1214,001667be,0000,5670,0,0,3343,07
3893,3893,0,41ff1214,001667be,0000,5670,0,0,3343,07
3894,3894,0,41ff1214,001667be,0000,5670,0,0,3343,07
3895,3895,0,41ff1214,001667be,0000,5670,0,0,3343,07
3896,3896,0,41ff1214,001667be,0000,5670,0,0,3343,07
3897,3897,0,41ff1214,001667be,0000,5670,0,0,3343,07
3898,3898,0,41ff1214,001667be,0000,5670,0,0,3343,07
3899,3899,0,41ff1214,001667be,0000,5670,0,0,3343,07
3900,3900,0,41ff1214,001667be,0000,5670,0,0,3343,07
3901,3901,0,41ff1214,001667be,0000,5670,0,0,3343,07
3902,3902,0,41ff1214,001667be,0000,5670,0,0,3343,07
3903,3903,0,41ff1214,001667be,0000,5670,0,0,3343,07
3904,3904,0,41ff1214,001667be,0000,5670,0,0,3343,07
3905,3905,0,41ff1214,001667be,0000,5670,0,0,3343,07
3906,3906,0,41ff1214,001667be,0000,5670,0,0,3343,07
3907,3907,0,41ff1214,001667be,0000,5670,0,0,3343,07
3908,3908,0,41ff1214,001667be,0000,5670,0,0,3343,07
3909,3909,0,41ff1214,001667be,0000,5670,0,0,3343,07
3910,3910,0,41ff1214,001667be,0000,5670,0,0,3343,07
3911,3911,0,41ff1214,001667be,0000,5670,0,0,3343,07
3912,3912,0,41ff1214,001667be,0000,5670,0,0,3343,07
3913,3913,0,41ff1214,001667be,0000,5670,f,0,3343,07
3914,3914,0,41ff1214,001667be,0000,5670,f,0,3343,07
3915,3915,0,41ff1214,001667be,0000,5670,f,0,3343,07
3916,3916,0,41ff1214,001667be,0000,5670,f,0,3343,07
3917,3917,0,41ff1214,001667be,0000,5670,f,0,3343,07
3918,3918,0,41ff1214,001667be,0000,5670,f,0,3343,07
3919,3919,0,41ff1214,001667be,0000,5670,f,0,3343,07
3920,3920,0,41ff1214,001667be,0000,5670,f,0,3343,07
3921,3921,0,41ff1214,001667be,0000,5670,f,0,3343,07
3922,3922,0,41ff1214,001667be,0000,5670,f,0,3343,07
3923,3923,0,41ff1214,001667be,0000,5670,f,0,3343,07
3924,3924,0,41ff1214,001667be,0000,5670,f,0,3343,07
3925,3925,0,41ff1214,001667be,0000,5670,f,0,3343,07
3926,3926,0,41ff1214,001667be,0000,5670,f,0,3343,07
3927,3927,0,41ff1214,001667be,0000,5670,f,0,3343,07
3928,3928,0,41ff1214,001667be,0000,5670,f,0,3343,27
3929,3929,0,41ff1214,001667be,0000,5670,f,0,3343,1d
3930,3930,0,41ff1214,001667be,0000,5670,f,0,3343,1d
3931,3931,0,41ff1214,001667be,0000,5670,f,0,3343,0d
3932,3932,0,41ff1214,001667be,0000,5670,f,0,3343,25
3933,3933,0,41ff1216,001667be,0000,5670,f,0,4843,1d
3934,3934,0,41ff1216,001667be,0000,5670,f,0,4843,1d
3935,3935,0,41ff1216,001667be,0000,5670,f,0,4843,0d
3936,3936,0,41ff1216,001667be,0000,5670,f,0,4843,25
3937,3937,0,41ff1216,001667be,0000,5670,f,0,4843,1d
3938,3938,0,41ff1216,001667be,0000,5670,f,0,4843,1d
3939,3939,0,41ff1216,001667be,0000,5670,f,0,4843,0d
3940,3940,0,41ff1216,001667be,0000,5670,f,0,4843,25
3941,3941,0,41ff1216,001667be,0000,5670,f,0,4843,1d
3942,3942,0,41ff1216,001667be,0000,5670,f,0,4843,1d
3943,3943,0,41ff1216,001667be,0000,5670,f,0,4843,0d
3944,3944,0,41ff1216,001667be,0000,5670,f,0,4843,25
3945,3945,0,41ff1216,001667be,0000,5670,f,0,4843,1d
3946,3946,0,41ff1216,001667be,0000,5670,f,0,4843,1d
3947,3947,0,41ff1216,001667be,0000,5670,f,0,4843,0d
3948,3948,0,41ff1216,001667be,0000,5670,f,0,4843,25
3949,3949,0,41ff1216,001667be,0000,5670,f,0,4843,1d
3950,3950,0,41ff1216,001667be,0000,5670,f,0,4843,1d
3951,3951,0,41ff1216,001667be,0000,5670,f,0,4843,0d
3952,3952,0,41ff1216,001667be,0000,5670,f,0,4843,25
3953,3953,0,41ff1218,001667be,0000,5670,f,0,3343,1d
3954,3954,0,41ff1218,001667be,0000,5670,f,0,3343,1d
3955,3955,0,41ff1218,001667be,0000,5670,f,0,3343,0d
3956,3956,0,41ff1218,001667be,0000,5670,f,0,3343,25
3957,3957,0,41ff1218,001667be,0000,5670,f,1,3343,1d
3958,3958,0,41ff1218,001667be,0000,5670,f,1,3343,1d
3959,3959,0,41ff1218,001667be,0000,5670,f,1,3343,0d
3960,3960,0,41ff1218,001667be,0000,5670,f,1,3343,25
3961,3961,0,41ff1218,001667be,0000,5670,f,1,3343,1d
3962,3962,0,41ff1218,001667be,0000,5670,f,1,3343,1d
3963,3963,0,41ff1218,001667be,0000,5670,f,1,3343,0d
3964,3964,0,41ff1218,001667be,0000,5670,f,1,3343,25
3965,3965,0,41ff1218,001667be,0000,5670,f,1,3343,1d
3966,3966,0,41ff1218,001667be,0000,5670,f,1,3343,1d
3967,3967,0,41ff1218,001667be,0000,5670,f,1,3343,0d
3968,3968,0,41ff1218,001667be,0000,5670,f,1,3343,25
3969,3969,0,41ff1218,001667be,0000,5670,f,0,3343,1d
3970,3970,0,41ff1218,001667be,0000,5670,f,0,3343,1d
3971,3971,0,41ff1218,001667be,0000,5670,f,0,3343,0d
3972,3972,0,41ff1218,001667be,0000,5670,f,0,3343,25
3973,3973,0,41ff1218,001667be,0000,5670,f,0,3343,1d
3974,3974,0,41ff1218,001667be,0000,5670,f,0,3343,1d
3975,3975,0,41ff1218,001667be,0000,5670,f,0,3343,0d
3976,3976,0,41ff1218,001667be,0000,5670,f,0,3343,25
3977,3977,0,41ff121a,001667be,0000,5670,f,0,3343,1d
3978,3978,0,41ff121a,001667be,0000,5670,f,0,3343,1d
3979,3979,0,41ff121a,001667be,0000,5670,f,0,3343,0d
3980,3980,0,41ff121a,001667be,0000,5670,f,0,3343,25
3981,3981,0,41ff121a,001667be,0000,5670,f,0,3343,1d
3982,3982,0,41ff121a,001667be,0000,5670,f,0,3343,1d
3983,3983,0,41ff121a,001667be,0000,5670,f,0,3343,0d
3984,3984,0,41ff121a,001667be,0000,5670,f,0,3343,25
3985,3985,0,41ff121a,001667be,0000,5670,f,0,3343,1d
3986,3986,0,41ff121a,001667be,0000,5670,f,0,3343,1d
3987,3987,0,41ff121a,001667be,0000,5670,f,0,3343,0d
3988,3988,0,41ff121a,001667be,0000,5670,f,0,3343,25
3989,3989,0,41ff121a,001667be,0000,5670,f,0,3343,1d
3990,3990,0,41ff121a,001667be,0000,5670,f,0,3343,1d
3991,3991,0,41ff121a,001667be,0000,5670,f,0,3343,0d
3992,3992,0,41ff121a,001667be,0000,5670,f,0,3343,25
3993,3993,0,41ff121a,001667be,0000,5670,f,1,3343,1d
3994,3994,0,41ff121a,001667be,0000,5670,f,1,3343,1d
3995,3995,0,41ff121a,001667be,0000,5670,f,1,3343,0d
3996,3996,0,41ff121a,001667be,0000,5670,f,1,3343,25
3997,3997,0,41ff121a,001667be,0000,5670,f,1,3343,1d
3998,3998,0,41ff121a,001667be,0000,5670,f,1,3343,1d
3999,3999,0,41ff121a,001667be,0000,5670,f,1,3343,0d
4000,4000,0,41ff121a,001667be,0000,5670,f,1,3343,25
4001,4001,0,41ff121a,001667be,0000,5670,f,0,3343,1f
4002,4002,0,41ff121a,001667be,0000,5670,f,0,3343,1f
4003,4003,0,41ff121a,001667be,0000,5670,f,0,3343,0f
4004,4004,0,41ff121a,001667be,0000,5670,f,0,3343,07
4005,4005,0,41ff121a,001667be,0000,5670,f,0,3343,07
4006,4006,0,41ff121a,001667be,0000,5670,f,0,3343,07
4007,4007,0,41ff121a,001667be,0000,5670,f,0,3343,07
4008,4008,0,41ff121a,001667be,0000,5670,f,0,3343,07
4009,4009,0,41ff121a,001667be,0000,5670,f,0,3343,07
4010,4010,0,41ff121a,001667be,0000,5670,f,0,3343,07
4011,4011,0,41ff121a,001667be,0000,5670,f,0,3343,07
4012,4012,0,41ff121a,001667be,0000,5670,f,0,3343,07
4013,4013,0,41ff121a,001667be,0000,5670,f,0,3343,07
4014,4014,0,41ff121a,001667be,0000,5670,f,0,3343,07
4015,4015,0,41ff121a,001667be,0000,5670,f,0,3343,07
4016,4016,0,41ff121a,001667be,0000,5670,f,0,3343,07
4017,4017,0,41ff121a,001667ba,0000,001a,0,0,3343,07
4018,4018,0,41ff121a,001667ba,0000,001a,0,0,3343,07
4019,4019,0,41ff121a,001667ba,0000,001a,0,0,3343,07
4020,4020,0,41ff121a,001667ba,0000,001a,0,0,3343,07
4021,4021,0,41ff121a,001667ba,0000,001a,0,0,3343,07
4022,4022,0,41ff121a,001667ba,0000,001a,0,0,3343,07
4023,4023,0,41ff121a,001667ba,0000,001a,0,0,3343,07
4024,4024,0,41ff121a,001667ba,0000,001a,0,0,3343,07
4025,4025,0,41ff121a,001667ba,0000,001a,0,0,3343,07
4026,4026,0,41ff121a,001667ba,0000,001a,0,0,3343,07
4027,4027,0,41ff121a,001667ba,0000,001a,0,0,3343,07
4028,4028,0,41ff121a,001667ba,0000,001a,0,0,3343,07
4029,4029,0,41ff121a,001667ba,0000,001a,0,0,3343,07
4030,4030,0,41ff121a,001667ba,0000,001a,0,0,3343,07
4031,4031,0,41ff121a,001667ba,0000,001a,0,0,3343,07
4032,4032,0,41ff121a,001667ba,0000,001a,0,0,3343,07
4033,4033,0,41ff121a,001667ba,0000,001a,0,0,3343,07
4034,4034,0,41ff121a,001667ba,0000,001a,0,0,3343,07
4035,4035,0,41ff121a,001667ba,0000,001a,0,0,3343,07
4036,4036,0,41ff121a,001667ba,0000,001a,0,0,3343,07
4037,4037,0,41ff121a,001667ba,0000,001a,0,0,3343,07
4038,4038,0,41ff121a,001667ba,0000,001a,0,0,3343,07
4039,4039,0,41ff121a,001667ba,0000,001a,0,0,3343,07
4040,4040,0,41ff121a,001667ba,0000,001a,0,0,3343,07
4041,4041,0,41ff121a,001667ba,0000,001a,0,0,3343,07
4042,4042,0,41ff121a,001667ba,0000,001a,0,0,3343,07
4043,4043,0,41ff121a,001667ba,0000,001a,0,0,3343,07
4044,4044,0,41ff121a,001667ba,0000,001a,0,0,3343,07
4045,4045,0,41ff121a,001667ba,0000,001a,0,0,3343,07
4046,4046,0,41ff121a,001667ba,0000,001a,0,0,3343,07
4047,4047,0,41ff121a,001667ba,0000,001a,0,0,3343,07
4048,4048,0,41ff121a,001667ba,0000,001a,0,0,3343,07
4049,4049,0,41ff121a,001667ba,0000,001a,0,0,3343,07
4050,4050,0,41ff121a,001667ba,0000,001a,0,0,3343,07
4051,4051,0,41ff121a,001667ba,0000,001a,0,0,3343,07
4052,4052,0,41ff121a,001667ba,0000,001a,0,0,3343,07
4053,4053,0,41ff121a,001667ba,0000,001a,0,0,3343,07
4054,4054,0,41ff121a,001667ba,0000,001a,0,0,3343,07
4055,4055,0,41ff121a,001667ba,0000,001a,0,0,3343,07
4056,4056,0,41ff121a,001667ba,0000,001a,0,0,3343,07
4057,4057,0,41ff121a,001667ba,0000,001a,0,0,3343,07
4058,4058,0,41ff121a,001667ba,0000,001a,0,0,3343,07
4059,4059,0,41ff121a,001667ba,0000,001a,0,0,3343,07
4060,4060,0,41ff121a,001667ba,0000,001a,0,0,3343,07
4061,4061,0,41ff121a,001667ba,0000,001a,0,0,3343,07
4062,4062,0,41ff121a,001667ba,0000,001a,0,0,3343,07
4063,4063,0,41ff121a,001667ba,0000,001a,0,0,3343,07
4064,4064,0,41ff121a,001667ba,0000,001a,0,0,3343,07
4065,4065,0,41ff121a,001667ba,0000,001a,0,0,3343,07
4066,4066,0,41ff121a,001667ba,0000,001a,0,0,3343,07
4067,4067,0,41ff121a,001667ba,0000,001a,0,0,3343,07
4068,4068,0,41ff121a,001667ba,0000,001a,0,0,3343,07
4069,4069,0,41ff121a,001667ba,0000,001a,0,0,3343,07
4070,4070,0,41ff121a,001667ba,0000,001a,0,0,3343,07
4071,4071,0,41ff121a,001667ba,0000,001a,0,0,3343,07
4072,4072,0,41ff121a,001667ba,0000,001a,0,0,3343,07
4073,4073,0,41ff121a,001667ba,0000,001a,f,0,3343,07
4074,4074,0,41ff121a,001667ba,0000,001a,f,0,3343,07
4075,4075,0,41ff121a,001667ba,0000,001a,f,0,3343,07
4076,4076,0,41ff121a,001667ba,0000,001a,f,0,3343,07
4077,4077,0,41ff121a,001667ba,0000,001a,f,0,3343,07
4078,4078,0,41ff121a,001667ba,0000,001a,f,0,3343,07
4079,4079,0,41ff121a,001667ba,0000,001a,f,0,3343,07
4080,4080,0,41ff121a,001667ba,0000,001a,f,0,3343,07
4081,4081,0,41ff121a,001667ba,0000,001a,f,0,3343,07
4082,4082,0,41ff121a,001667ba,0000,001a,f,0,3343,07
4083,4083,0,41ff121a,001667ba,0000,001a,f,0,3343,07
4084,4084,0,41ff121a,001667ba,0000,001a,f,0,3343,07
4085,4085,0,41ff121a,001667ba,0000,001a,f,0,3343,07
4086,4086,0,41ff121a,001667ba,0000,001a,f,0,3343,07
4087,4087,0,41ff121a,001667ba,0000,001a,f,0,3343,07
4088,4088,0,41ff121a,001667ba,0000,001a,f,0,3343,27
4089,4089,0,41ff121a,001667ba,0000,001a,f,0,3343,1d
4090,4090,0,41ff121a,001667ba,0000,001a,f,0,3343,1d
4091,4091,0,41ff121a,001667ba,0000,001a,f,0,3343,0d
4092,4092,0,41ff121a,001667ba,0000,001a,f,0,3343,25
4093,4093,0,41ff121c,001667ba,0000,001a,f,0,e94c,1d
4094,4094,0,41ff121c,001667ba,0000,001a,f,0,e94c,1d
4095,4095,0,41ff121c,001667ba,0000,001a,f,0,e94c,0d
