Sample in Buffer,Sample in Window,TRIGGER,openaars_virtual_top/dbg_pc[31:0],openaars_virtual_top/tg68_adr[31:0],openaars_virtual_top/tg68_dat_in[15:0],openaars_virtual_top/tg68_dat_out[15:0],openaars_virtual_top/g_cpu040_ila.bus_ctl[3:0],openaars_virtual_top/dbg_flags[3:0],openaars_virtual_top/dbg_ir[15:0],openaars_virtual_top/tg68_cpustate_1[6:0]
Radix - UNSIGNED,UNSIGNED,UNSIGNED,HEX,HEX,HEX,HEX,HEX,HEX,HEX,HEX
0,0,1,4022986a,00dff01e,0040,14da,f,0,4cde,1d
1,1,0,4022986a,00dff01e,0040,14da,f,0,4cde,1d
2,2,0,4022986a,00dff01e,0040,14da,f,0,4cde,0d
3,3,0,4022986a,00dff01e,0040,14da,f,0,4cde,25
4,4,0,4022986a,00dff01e,0040,14da,f,0,4cde,1d
5,5,0,4022986a,00dff01e,0040,14da,f,0,4cde,1d
6,6,0,4022986a,00dff01e,0040,14da,f,0,4cde,0d
7,7,0,4022986a,00dff01e,0040,14da,f,0,4cde,25
8,8,0,4022986a,00dff01e,0040,14da,f,1,4cde,1d
9,9,0,4022986a,00dff01e,0040,14da,f,1,4cde,1d
10,10,0,4022986a,00dff01e,0040,14da,f,1,4cde,0d
11,11,0,4022986a,00dff01e,0040,14da,f,1,4cde,25
12,12,0,4022986a,00dff01e,0040,14da,f,1,4cde,1d
13,13,0,4022986a,00dff01e,0040,14da,f,1,4cde,1d
14,14,0,4022986a,00dff01e,0040,14da,f,1,4cde,0d
15,15,0,4022986a,00dff01e,0040,14da,f,1,4cde,25
16,16,0,4022986a,00dff01e,0040,14da,f,1,4cde,1e
17,17,0,4022986a,00dff01e,0040,14da,f,1,4cde,1e
18,18,0,4022986a,00dff01e,0040,14da,f,1,4cde,0e
19,19,0,4022986a,00dff01e,0040,14da,f,1,4cde,22
20,20,0,4022986a,00dff01e,0040,14da,f,1,4cde,1d
21,21,0,4022986a,00dff01e,0040,14da,f,1,4cde,1d
22,22,0,4022986a,00dff01e,0040,14da,f,1,4cde,0d
23,23,0,4022986a,00dff01e,0040,14da,f,1,4cde,25
24,24,0,4022986a,00dff01e,0040,14da,f,1,4cde,1e
25,25,0,4022986a,00dff01e,0040,14da,f,1,4cde,1e
26,26,0,4022986a,00dff01e,0040,14da,f,1,4cde,0e
27,27,0,4022986a,00dff01e,0040,14da,f,1,4cde,22
28,28,0,4022986a,00dff01e,0040,14da,f,1,4cde,1d
29,29,0,4022986a,00dff01e,0040,14da,f,1,4cde,1d
30,30,0,4022986a,00dff01e,0040,14da,f,1,4cde,0d
31,31,0,4022986a,00dff01e,0040,14da,f,1,4cde,25
32,32,0,4022986a,00dff01e,0040,14da,f,0,4cde,1d
33,33,0,4022986a,00dff01e,0040,14da,f,0,4cde,1d
34,34,0,4022986a,00dff01e,0040,14da,f,0,4cde,0d
35,35,0,4022986a,00dff01e,0040,14da,f,0,4cde,25
36,36,0,4022986a,00dff01e,0040,14da,f,0,4cde,1d
37,37,0,4022986a,00dff01e,0040,14da,f,0,4cde,1d
38,38,0,4022986a,00dff01e,0040,14da,f,0,4cde,0d
39,39,0,4022986a,00dff01e,0040,14da,f,0,4cde,25
40,40,0,4022986a,00dff01e,0040,14da,f,0,4cde,1d
41,41,0,4022986a,00dff01e,0040,14da,f,0,4cde,1d
42,42,0,4022986a,00dff01e,0040,14da,f,0,4cde,0d
43,43,0,4022986a,00dff01e,0040,14da,f,0,4cde,25
44,44,0,4022986a,00dff01e,0040,14da,f,1,4cde,1d
45,45,0,4022986a,00dff01e,0040,14da,f,1,4cde,1d
46,46,0,4022986a,00dff01e,0040,14da,f,1,4cde,0d
47,47,0,4022986a,00dff01e,0040,14da,f,1,4cde,25
48,48,0,4022986a,00dff01e,0040,14da,f,1,4cde,1d
49,49,0,4022986a,00dff01e,0040,14da,f,1,4cde,1d
50,50,0,4022986a,00dff01e,0040,14da,f,1,4cde,0d
51,51,0,4022986a,00dff01e,0040,14da,f,1,4cde,25
52,52,0,4022986a,00dff01e,0040,14da,f,1,4cde,1e
53,53,0,4022986a,00dff01e,0040,14da,f,1,4cde,1e
54,54,0,4022986a,00dff01e,0040,14da,f,1,4cde,0e
55,55,0,4022986a,00dff01e,0040,14da,f,1,4cde,02
56,56,0,4022986a,00dff01e,0040,14da,f,1,4cde,02
57,57,0,4022986a,00dff01e,0040,14da,f,1,4cde,02
58,58,0,4022986a,00dff01e,0040,14da,f,1,4cde,02
59,59,0,4022986a,00dff01e,0040,14da,f,1,4cde,02
60,60,0,4022986a,00dff01e,0040,14da,f,1,4cde,02
61,61,0,4022986a,00dff01e,0040,14da,f,1,4cde,02
62,62,0,4022986a,00dff01e,0040,14da,f,1,4cde,02
63,63,0,4022986a,00dff01e,0040,14da,f,1,4cde,02
64,64,0,4022986a,00dff01e,0040,14da,f,1,4cde,02
65,65,0,4022986a,00dff01e,0040,14da,f,1,4cde,02
66,66,0,4022986a,00dff01e,0040,14da,f,1,4cde,02
67,67,0,4022986a,00dff01e,0040,14da,f,1,4cde,02
68,68,0,4022986a,00dff01e,0040,14da,f,1,4cde,02
69,69,0,4022986a,00dff01e,0040,14da,f,1,4cde,02
70,70,0,4022986a,00dff01e,0040,14da,f,1,4cde,02
71,71,0,4022986a,00dff01e,0040,14da,f,1,4cde,22
72,72,0,4022986a,00dff01e,0040,14da,f,1,4cde,1d
73,73,0,4022986a,00dff01e,0040,14da,f,1,4cde,1d
74,74,0,4022986a,00dff01e,0040,14da,f,1,4cde,0d
75,75,0,4022986a,00dff01e,0040,14da,f,1,4cde,25
76,76,0,4022986a,00dff01e,0040,14da,f,1,4cde,1e
77,77,0,4022986a,00dff01e,0040,14da,f,1,4cde,1e
78,78,0,4022986a,00dff01e,0040,14da,f,1,4cde,0e
79,79,0,4022986a,00dff01e,0040,14da,f,1,4cde,22
80,80,0,4022986a,00dff01e,0040,14da,f,1,4cde,1d
81,81,0,4022986a,00dff01e,0040,14da,f,1,4cde,1d
82,82,0,4022986a,00dff01e,0040,14da,f,1,4cde,0d
83,83,0,4022986a,00dff01e,0040,14da,f,1,4cde,25
84,84,0,4022986a,00dff01e,0040,14da,f,0,4cde,1d
85,85,0,4022986a,00dff01e,0040,14da,f,0,4cde,1d
86,86,0,4022986a,00dff01e,0040,14da,f,0,4cde,0d
87,87,0,4022986a,00dff01e,0040,14da,f,0,4cde,25
88,88,0,4022986a,00dff01e,0040,14da,f,0,4cde,1d
89,89,0,4022986a,00dff01e,0040,14da,f,0,4cde,1d
90,90,0,4022986a,00dff01e,0040,14da,f,0,4cde,0d
91,91,0,4022986a,00dff01e,0040,14da,f,0,4cde,25
92,92,0,4022986a,00dff01e,0040,14da,f,0,4cde,1d
93,93,0,4022986a,00dff01e,0040,14da,f,0,4cde,1d
94,94,0,4022986a,00dff01e,0040,14da,f,0,4cde,0d
95,95,0,4022986a,00dff01e,0040,14da,f,0,4cde,25
96,96,0,4022986a,00dff01e,0040,14da,f,1,4cde,1d
97,97,0,4022986a,00dff01e,0040,14da,f,1,4cde,1d
98,98,0,4022986a,00dff01e,0040,14da,f,1,4cde,0d
99,99,0,4022986a,00dff01e,0040,14da,f,1,4cde,25
100,100,0,4022986a,00dff01e,0040,14da,f,1,4cde,1d
101,101,0,4022986a,00dff01e,0040,14da,f,1,4cde,1d
102,102,0,4022986a,00dff01e,0040,14da,f,1,4cde,0d
103,103,0,4022986a,00dff01e,0040,14da,f,1,4cde,25
104,104,0,4022986a,00dff01e,0040,14da,f,1,4cde,1e
105,105,0,4022986a,00dff01e,0040,14da,f,1,4cde,1e
106,106,0,4022986a,00dff01e,0040,14da,f,1,4cde,0e
107,107,0,4022986a,00dff01e,0040,14da,f,1,4cde,22
108,108,0,4022986a,00dff01e,0040,14da,f,1,4cde,1d
109,109,0,4022986a,00dff01e,0040,14da,f,1,4cde,1d
110,110,0,4022986a,00dff01e,0040,14da,f,1,4cde,0d
111,111,0,4022986a,00dff01e,0040,14da,f,1,4cde,25
112,112,0,4022986a,00dff01e,0040,14da,f,1,4cde,1e
113,113,0,4022986a,00dff01e,0040,14da,f,1,4cde,1e
114,114,0,4022986a,00dff01e,0040,14da,f,1,4cde,0e
115,115,0,4022986a,00dff01e,0040,14da,f,1,4cde,22
116,116,0,4022986a,00dff01e,0040,14da,f,1,4cde,1d
117,117,0,4022986a,00dff01e,0040,14da,f,1,4cde,1d
118,118,0,4022986a,00dff01e,0040,14da,f,1,4cde,0d
119,119,0,4022986a,00dff01e,0040,14da,f,1,4cde,25
120,120,0,4022986a,00dff01e,0040,14da,f,0,4cde,1d
121,121,0,4022986a,00dff01e,0040,14da,f,0,4cde,1d
122,122,0,4022986a,00dff01e,0040,14da,f,0,4cde,0d
123,123,0,4022986a,00dff01e,0040,14da,f,0,4cde,25
124,124,0,4022986a,00dff01e,0040,14da,f,0,4cde,1d
125,125,0,4022986a,00dff01e,0040,14da,f,0,4cde,1d
126,126,0,4022986a,00dff01e,0040,14da,f,0,4cde,0d
127,127,0,4022986a,00dff01e,0040,14da,f,0,4cde,25
128,128,0,4022986a,00dff01e,0040,14da,f,0,4cde,1d
129,129,0,4022986a,00dff01e,0040,14da,f,0,4cde,1d
130,130,0,4022986a,00dff01e,0040,14da,f,0,4cde,0d
131,131,0,4022986a,00dff01e,0040,14da,f,0,4cde,25
132,132,0,4022986c,00dff01e,0040,14da,f,0,4cde,1d
133,133,0,4022986c,00dff01e,0040,14da,f,0,4cde,1d
134,134,0,4022986c,00dff01e,0040,14da,f,0,4cde,0d
135,135,0,4022986c,00dff01e,0040,14da,f,0,4cde,25
136,136,0,4022986c,00dff01e,0040,14da,f,1,4cde,1d
137,137,0,4022986c,00dff01e,0040,14da,f,1,4cde,1d
138,138,0,4022986c,00dff01e,0040,14da,f,1,4cde,0d
139,139,0,4022986c,00dff01e,0040,14da,f,1,4cde,25
140,140,0,4022986e,00dff01e,0040,14da,f,1,4cde,1d
141,141,0,4022986e,00dff01e,0040,14da,f,1,4cde,1d
142,142,0,4022986e,00dff01e,0040,14da,f,1,4cde,0d
143,143,0,4022986e,00dff01e,0040,14da,f,1,4cde,25
144,144,0,4022986e,00dff01e,0040,14da,f,1,4cde,1d
145,145,0,4022986e,00dff01e,0040,14da,f,1,4cde,1d
146,146,0,4022986e,00dff01e,0040,14da,f,1,4cde,0d
147,147,0,4022986e,00dff01e,0040,14da,f,1,4cde,25
148,148,0,4022986e,00dff01e,0040,14da,f,0,4cde,1d
149,149,0,4022986e,00dff01e,0040,14da,f,0,4cde,1d
150,150,0,4022986e,00dff01e,0040,14da,f,0,4cde,0d
151,151,0,4022986e,00dff01e,0040,14da,f,0,4cde,25
152,152,0,4022986e,00dff01e,0040,14da,f,0,4cde,1d
153,153,0,4022986e,00dff01e,0040,14da,f,0,4cde,1d
154,154,0,4022986e,00dff01e,0040,14da,f,0,4cde,0d
155,155,0,4022986e,00dff01e,0040,14da,f,0,4cde,25
156,156,0,4022986e,00dff01e,0040,14da,f,1,4cde,1d
157,157,0,4022986e,00dff01e,0040,14da,f,1,4cde,1d
158,158,0,4022986e,00dff01e,0040,14da,f,1,4cde,0d
159,159,0,4022986e,00dff01e,0040,14da,f,1,4cde,25
160,160,0,4022986e,00dff01e,0040,14da,f,1,4cde,1d
161,161,0,4022986e,00dff01e,0040,14da,f,1,4cde,1d
162,162,0,4022986e,00dff01e,0040,14da,f,1,4cde,0d
163,163,0,4022986e,00dff01e,0040,14da,f,1,4cde,25
164,164,0,4022986e,00dff01e,0040,14da,f,1,4cde,1e
165,165,0,4022986e,00dff01e,0040,14da,f,1,4cde,1e
166,166,0,4022986e,00dff01e,0040,14da,f,1,4cde,0e
167,167,0,4022986e,00dff01e,0040,14da,f,1,4cde,22
168,168,0,4022986e,00dff01e,0040,14da,f,1,4cde,1d
169,169,0,4022986e,00dff01e,0040,14da,f,1,4cde,1d
170,170,0,4022986e,00dff01e,0040,14da,f,1,4cde,0d
171,171,0,4022986e,00dff01e,0040,14da,f,1,4cde,25
172,172,0,4022986e,00dff01e,0040,14da,f,1,4cde,1e
173,173,0,4022986e,00dff01e,0040,14da,f,1,4cde,1e
174,174,0,4022986e,00dff01e,0040,14da,f,1,4cde,0e
175,175,0,4022986e,00dff01e,0040,14da,f,1,4cde,22
176,176,0,4022986e,00dff01e,0040,14da,f,1,4cde,1d
177,177,0,4022986e,00dff01e,0040,14da,f,1,4cde,1d
178,178,0,4022986e,00dff01e,0040,14da,f,1,4cde,0d
179,179,0,4022986e,00dff01e,0040,14da,f,1,4cde,25
180,180,0,4022986e,00dff01e,0040,14da,f,0,4cde,1d
181,181,0,4022986e,00dff01e,0040,14da,f,0,4cde,1d
182,182,0,4022986e,00dff01e,0040,14da,f,0,4cde,0d
183,183,0,4022986e,00dff01e,0040,14da,f,0,4cde,25
184,184,0,4022986e,00dff01e,0040,14da,f,0,4cde,1d
185,185,0,4022986e,00dff01e,0040,14da,f,0,4cde,1d
186,186,0,4022986e,00dff01e,0040,14da,f,0,4cde,0d
187,187,0,4022986e,00dff01e,0040,14da,f,0,4cde,25
188,188,0,4022986e,00dff01e,0040,14da,f,0,4cde,1d
189,189,0,4022986e,00dff01e,0040,14da,f,0,4cde,1d
190,190,0,4022986e,00dff01e,0040,14da,f,0,4cde,0d
191,191,0,4022986e,00dff01e,0040,14da,f,0,4cde,25
192,192,0,4022986e,00dff01e,0040,14da,f,1,4cde,1d
193,193,0,4022986e,00dff01e,0040,14da,f,1,4cde,1d
194,194,0,4022986e,00dff01e,0040,14da,f,1,4cde,0d
195,195,0,4022986e,00dff01e,0040,14da,f,1,4cde,25
196,196,0,4022986e,00dff01e,0040,14da,f,1,4cde,1d
197,197,0,4022986e,00dff01e,0040,14da,f,1,4cde,1d
198,198,0,4022986e,00dff01e,0040,14da,f,1,4cde,0d
199,199,0,4022986e,00dff01e,0040,14da,f,1,4cde,25
200,200,0,4022986e,00dff01e,0040,14da,f,1,4cde,1e
201,201,0,4022986e,00dff01e,0040,14da,f,1,4cde,1e
202,202,0,4022986e,00dff01e,0040,14da,f,1,4cde,0e
203,203,0,4022986e,00dff01e,0040,14da,f,1,4cde,22
204,204,0,4022986e,00dff01e,0040,14da,f,1,4cde,1d
205,205,0,4022986e,00dff01e,0040,14da,f,1,4cde,1d
206,206,0,4022986e,00dff01e,0040,14da,f,1,4cde,0d
207,207,0,4022986e,00dff01e,0040,14da,f,1,4cde,25
208,208,0,4022986e,00dff01e,0040,14da,f,1,4cde,1e
209,209,0,4022986e,00dff01e,0040,14da,f,1,4cde,1e
210,210,0,4022986e,00dff01e,0040,14da,f,1,4cde,0e
211,211,0,4022986e,00dff01e,0040,14da,f,1,4cde,22
212,212,0,4022986e,00dff01e,0040,14da,f,1,4cde,1d
213,213,0,4022986e,00dff01e,0040,14da,f,1,4cde,1d
214,214,0,4022986e,00dff01e,0040,14da,f,1,4cde,0d
215,215,0,4022986e,00dff01e,0040,14da,f,1,4cde,25
216,216,0,4022986e,00dff01e,0040,14da,f,0,4cde,1d
217,217,0,4022986e,00dff01e,0040,14da,f,0,4cde,1d
218,218,0,4022986e,00dff01e,0040,14da,f,0,4cde,0d
219,219,0,4022986e,00dff01e,0040,14da,f,0,4cde,25
220,220,0,4022986e,00dff01e,0040,14da,f,0,4cde,1d
221,221,0,4022986e,00dff01e,0040,14da,f,0,4cde,1d
222,222,0,4022986e,00dff01e,0040,14da,f,0,4cde,0d
223,223,0,4022986e,00dff01e,0040,14da,f,0,4cde,25
224,224,0,4022986e,00dff01e,0040,14da,f,0,4cde,1d
225,225,0,4022986e,00dff01e,0040,14da,f,0,4cde,1d
226,226,0,4022986e,00dff01e,0040,14da,f,0,4cde,0d
227,227,0,4022986e,00dff01e,0040,14da,f,0,4cde,25
228,228,0,4022986e,00dff01e,0040,14da,f,1,4cde,1d
229,229,0,4022986e,00dff01e,0040,14da,f,1,4cde,1d
230,230,0,4022986e,00dff01e,0040,14da,f,1,4cde,0d
231,231,0,4022986e,00dff01e,0040,14da,f,1,4cde,25
232,232,0,4022986e,00dff01e,0040,14da,f,1,4cde,1d
233,233,0,4022986e,00dff01e,0040,14da,f,1,4cde,1d
234,234,0,4022986e,00dff01e,0040,14da,f,1,4cde,0d
235,235,0,4022986e,00dff01e,0040,14da,f,1,4cde,25
236,236,0,4022986e,00dff01e,0040,14da,f,1,4cde,1e
237,237,0,4022986e,00dff01e,0040,14da,f,1,4cde,1e
238,238,0,4022986e,00dff01e,0040,14da,f,1,4cde,0e
239,239,0,4022986e,00dff01e,0040,14da,f,1,4cde,02
240,240,0,4022986e,00dff01e,0040,14da,f,1,4cde,02
241,241,0,4022986e,00dff01e,0040,14da,f,1,4cde,02
242,242,0,4022986e,00dff01e,0040,14da,f,1,4cde,02
243,243,0,4022986e,00dff01e,0040,14da,f,1,4cde,02
244,244,0,4022986e,00dff01e,0040,14da,f,1,4cde,02
245,245,0,4022986e,00dff01e,0040,14da,f,1,4cde,02
246,246,0,4022986e,00dff01e,0040,14da,f,1,4cde,02
247,247,0,4022986e,00dff01e,0040,14da,f,1,4cde,02
248,248,0,4022986e,00dff01e,0040,14da,f,1,4cde,02
249,249,0,4022986e,00dff01e,0040,14da,f,1,4cde,02
250,250,0,4022986e,00dff01e,0040,14da,f,1,4cde,02
251,251,0,4022986e,00dff01e,0040,14da,f,1,4cde,02
252,252,0,4022986e,00dff01e,0040,14da,f,1,4cde,02
253,253,0,4022986e,00dff01e,0040,14da,f,1,4cde,02
254,254,0,4022986e,00dff01e,0040,14da,f,1,4cde,02
255,255,0,4022986e,00dff01e,0040,14da,f,1,4cde,02
256,256,0,4022986e,00dff01e,0040,14da,f,1,4cde,02
257,257,0,4022986e,00dff01e,0040,14da,f,1,4cde,02
258,258,0,4022986e,00dff01e,0040,14da,f,1,4cde,02
259,259,0,4022986e,00dff01e,0040,14da,f,1,4cde,02
260,260,0,4022986e,00dff01e,0040,14da,f,1,4cde,02
261,261,0,4022986e,00dff01e,0040,14da,f,1,4cde,02
262,262,0,4022986e,00dff01e,0040,14da,f,1,4cde,02
263,263,0,4022986e,00dff01e,0040,14da,f,1,4cde,22
264,264,0,4022986e,00dff01e,0040,14da,f,1,4cde,1d
265,265,0,4022986e,00dff01e,0040,14da,f,1,4cde,1d
266,266,0,4022986e,00dff01e,0040,14da,f,1,4cde,0d
267,267,0,4022986e,00dff01e,0040,14da,f,1,4cde,25
268,268,0,4022986e,00dff01e,0040,14da,f,1,4cde,1e
269,269,0,4022986e,00dff01e,0040,14da,f,1,4cde,1e
270,270,0,4022986e,00dff01e,0040,14da,f,1,4cde,0e
271,271,0,4022986e,00dff01e,0040,14da,f,1,4cde,22
272,272,0,4022986e,00dff01e,0040,14da,f,1,4cde,1d
273,273,0,4022986e,00dff01e,0040,14da,f,1,4cde,1d
274,274,0,4022986e,00dff01e,0040,14da,f,1,4cde,0d
275,275,0,4022986e,00dff01e,0040,14da,f,1,4cde,25
276,276,0,4022986e,00dff01e,0040,14da,f,0,4cde,1d
277,277,0,4022986e,00dff01e,0040,14da,f,0,4cde,1d
278,278,0,4022986e,00dff01e,0040,14da,f,0,4cde,0d
279,279,0,4022986e,00dff01e,0040,14da,f,0,4cde,25
280,280,0,4022986e,00dff01e,0040,14da,f,0,4cde,1d
281,281,0,4022986e,00dff01e,0040,14da,f,0,4cde,1d
282,282,0,4022986e,00dff01e,0040,14da,f,0,4cde,0d
283,283,0,4022986e,00dff01e,0040,14da,f,0,4cde,25
284,284,0,4022986e,00dff01e,0040,14da,f,0,4cde,1d
285,285,0,4022986e,00dff01e,0040,14da,f,0,4cde,1d
286,286,0,4022986e,00dff01e,0040,14da,f,0,4cde,0d
287,287,0,4022986e,00dff01e,0040,14da,f,0,4cde,25
288,288,0,4022986e,00dff01e,0040,14da,f,1,4cde,1d
289,289,0,4022986e,00dff01e,0040,14da,f,1,4cde,1d
290,290,0,4022986e,00dff01e,0040,14da,f,1,4cde,0d
291,291,0,4022986e,00dff01e,0040,14da,f,1,4cde,25
292,292,0,4022986e,00dff01e,0040,14da,f,1,4cde,1d
293,293,0,4022986e,00dff01e,0040,14da,f,1,4cde,1d
294,294,0,4022986e,00dff01e,0040,14da,f,1,4cde,0d
295,295,0,4022986e,00dff01e,0040,14da,f,1,4cde,25
296,296,0,4022986e,00dff01e,0040,14da,f,1,4cde,1e
297,297,0,4022986e,00dff01e,0040,14da,f,1,4cde,1e
298,298,0,4022986e,00dff01e,0040,14da,f,1,4cde,0e
299,299,0,4022986e,00dff01e,0040,14da,f,1,4cde,22
300,300,0,4022986e,00dff01e,0040,14da,f,1,4cde,1d
301,301,0,4022986e,00dff01e,0040,14da,f,1,4cde,1d
302,302,0,4022986e,00dff01e,0040,14da,f,1,4cde,0d
303,303,0,4022986e,00dff01e,0040,14da,f,1,4cde,25
304,304,0,4022986e,00dff01e,0040,14da,f,1,4cde,1e
305,305,0,4022986e,00dff01e,0040,14da,f,1,4cde,1e
306,306,0,4022986e,00dff01e,0040,14da,f,1,4cde,0e
307,307,0,4022986e,00dff01e,0040,14da,f,1,4cde,22
308,308,0,4022986e,00dff01e,0040,14da,f,1,4cde,1d
309,309,0,4022986e,00dff01e,0040,14da,f,1,4cde,1d
310,310,0,4022986e,00dff01e,0040,14da,f,1,4cde,0d
311,311,0,4022986e,00dff01e,0040,14da,f,1,4cde,25
312,312,0,4022986e,00dff01e,0040,14da,f,0,4cde,1d
313,313,0,4022986e,00dff01e,0040,14da,f,0,4cde,1d
314,314,0,4022986e,00dff01e,0040,14da,f,0,4cde,0d
315,315,0,4022986e,00dff01e,0040,14da,f,0,4cde,25
316,316,0,4022986e,00dff01e,0040,14da,f,0,4cde,1d
317,317,0,4022986e,00dff01e,0040,14da,f,0,4cde,1d
318,318,0,4022986e,00dff01e,0040,14da,f,0,4cde,0d
319,319,0,4022986e,00dff01e,0040,14da,f,0,4cde,25
320,320,0,4022986e,00dff01e,0040,14da,f,0,4cde,1d
321,321,0,4022986e,00dff01e,0040,14da,f,0,4cde,1d
322,322,0,4022986e,00dff01e,0040,14da,f,0,4cde,0d
323,323,0,4022986e,00dff01e,0040,14da,f,0,4cde,25
324,324,0,4022986e,00dff01e,0040,14da,f,1,4cde,1d
325,325,0,4022986e,00dff01e,0040,14da,f,1,4cde,1d
326,326,0,4022986e,00dff01e,0040,14da,f,1,4cde,0d
327,327,0,4022986e,00dff01e,0040,14da,f,1,4cde,25
328,328,0,4022986e,00dff01e,0040,14da,f,1,4cde,1d
329,329,0,4022986e,00dff01e,0040,14da,f,1,4cde,1d
330,330,0,4022986e,00dff01e,0040,14da,f,1,4cde,0d
331,331,0,4022986e,00dff01e,0040,14da,f,1,4cde,25
332,332,0,4022986e,00dff01e,0040,14da,f,1,4cde,1e
333,333,0,4022986e,00dff01e,0040,14da,f,1,4cde,1e
334,334,0,4022986e,00dff01e,0040,14da,f,1,4cde,0e
335,335,0,4022986e,00dff01e,0040,14da,f,1,4cde,22
336,336,0,4022986e,00dff01e,0040,14da,f,1,4cde,1d
337,337,0,4022986e,00dff01e,0040,14da,f,1,4cde,1d
338,338,0,4022986e,00dff01e,0040,14da,f,1,4cde,0d
339,339,0,4022986e,00dff01e,0040,14da,f,1,4cde,25
340,340,0,4022986e,00dff01e,0040,14da,f,1,4cde,1e
341,341,0,4022986e,00dff01e,0040,14da,f,1,4cde,1e
342,342,0,4022986e,00dff01e,0040,14da,f,1,4cde,0e
343,343,0,4022986e,00dff01e,0040,14da,f,1,4cde,22
344,344,0,4022986e,00dff01e,0040,14da,f,1,4cde,1d
345,345,0,4022986e,00dff01e,0040,14da,f,1,4cde,1d
346,346,0,4022986e,00dff01e,0040,14da,f,1,4cde,0d
347,347,0,4022986e,00dff01e,0040,14da,f,1,4cde,25
348,348,0,4022986e,00dff01e,0040,14da,f,0,4cde,1d
349,349,0,4022986e,00dff01e,0040,14da,f,0,4cde,1d
350,350,0,4022986e,00dff01e,0040,14da,f,0,4cde,0d
351,351,0,4022986e,00dff01e,0040,14da,f,0,4cde,25
352,352,0,4022986e,00dff01e,0040,14da,f,0,4cde,1d
353,353,0,4022986e,00dff01e,0040,14da,f,0,4cde,1d
354,354,0,4022986e,00dff01e,0040,14da,f,0,4cde,0d
355,355,0,4022986e,00dff01e,0040,14da,f,0,4cde,25
356,356,0,4022986e,00dff01e,0040,14da,f,0,4cde,1d
357,357,0,4022986e,00dff01e,0040,14da,f,0,4cde,1d
358,358,0,4022986e,00dff01e,0040,14da,f,0,4cde,0d
359,359,0,4022986e,00dff01e,0040,14da,f,0,4cde,25
360,360,0,4022986e,00dff01e,0040,14da,f,1,4cde,1d
361,361,0,4022986e,00dff01e,0040,14da,f,1,4cde,1d
362,362,0,4022986e,00dff01e,0040,14da,f,1,4cde,0d
363,363,0,4022986e,00dff01e,0040,14da,f,1,4cde,25
364,364,0,4022986e,00dff01e,0040,14da,f,1,4cde,1d
365,365,0,4022986e,00dff01e,0040,14da,f,1,4cde,1d
366,366,0,4022986e,00dff01e,0040,14da,f,1,4cde,0d
367,367,0,4022986e,00dff01e,0040,14da,f,1,4cde,25
368,368,0,4022986e,00dff01e,0040,14da,f,1,4cde,1e
369,369,0,4022986e,00dff01e,0040,14da,f,1,4cde,1e
370,370,0,4022986e,00dff01e,0040,14da,f,1,4cde,0e
371,371,0,4022986e,00dff01e,0040,14da,f,1,4cde,22
372,372,0,4022986e,00dff01e,0040,14da,f,1,4cde,1d
373,373,0,4022986e,00dff01e,0040,14da,f,1,4cde,1d
374,374,0,4022986e,00dff01e,0040,14da,f,1,4cde,0d
375,375,0,4022986e,00dff01e,0040,14da,f,1,4cde,25
376,376,0,4022986e,00dff01e,0040,14da,f,1,4cde,1e
377,377,0,4022986e,00dff01e,0040,14da,f,1,4cde,1e
378,378,0,4022986e,00dff01e,0040,14da,f,1,4cde,0e
379,379,0,4022986e,00dff01e,0040,14da,f,1,4cde,22
380,380,0,4022986e,00dff01e,0040,14da,f,1,4cde,1d
381,381,0,4022986e,00dff01e,0040,14da,f,1,4cde,1d
382,382,0,4022986e,00dff01e,0040,14da,f,1,4cde,0d
383,383,0,4022986e,00dff01e,0040,14da,f,1,4cde,25
384,384,0,4022986e,00dff01e,0040,14da,f,0,4cde,1d
385,385,0,4022986e,00dff01e,0040,14da,f,0,4cde,1d
386,386,0,4022986e,00dff01e,0040,14da,f,0,4cde,0d
387,387,0,4022986e,00dff01e,0040,14da,f,0,4cde,25
388,388,0,4022986e,00dff01e,0040,14da,f,0,4cde,1d
389,389,0,4022986e,00dff01e,0040,14da,f,0,4cde,1d
390,390,0,4022986e,00dff01e,0040,14da,f,0,4cde,0d
391,391,0,4022986e,00dff01e,0040,14da,f,0,4cde,25
392,392,0,4022986e,00dff01e,0040,14da,f,0,4cde,1d
393,393,0,4022986e,00dff01e,0040,14da,f,0,4cde,1d
394,394,0,4022986e,00dff01e,0040,14da,f,0,4cde,0d
395,395,0,4022986e,00dff01e,0040,14da,f,0,4cde,25
396,396,0,4022986e,00dff01e,0040,14da,f,1,4cde,1d
397,397,0,4022986e,00dff01e,0040,14da,f,1,4cde,1d
398,398,0,4022986e,00dff01e,0040,14da,f,1,4cde,0d
399,399,0,4022986e,00dff01e,0040,14da,f,1,4cde,25
400,400,0,4022986e,00dff01e,0040,14da,f,1,4cde,1d
401,401,0,4022986e,00dff01e,0040,14da,f,1,4cde,1d
402,402,0,4022986e,00dff01e,0040,14da,f,1,4cde,0d
403,403,0,4022986e,00dff01e,0040,14da,f,1,4cde,25
404,404,0,4022986e,00dff01e,0040,14da,f,1,4cde,1e
405,405,0,4022986e,00dff01e,0040,14da,f,1,4cde,1e
406,406,0,4022986e,00dff01e,0040,14da,f,1,4cde,0e
407,407,0,4022986e,00dff01e,0040,14da,f,1,4cde,02
408,408,0,4022986e,00dff01e,0040,14da,f,1,4cde,02
409,409,0,4022986e,00dff01e,0040,14da,f,1,4cde,02
410,410,0,4022986e,00dff01e,0040,14da,f,1,4cde,02
411,411,0,4022986e,00dff01e,0040,14da,f,1,4cde,02
412,412,0,4022986e,00dff01e,0040,14da,f,1,4cde,02
413,413,0,4022986e,00dff01e,0040,14da,f,1,4cde,02
414,414,0,4022986e,00dff01e,0040,14da,f,1,4cde,02
415,415,0,4022986e,00dff01e,0040,14da,f,1,4cde,02
416,416,0,4022986e,00dff01e,0040,14da,f,1,4cde,02
417,417,0,4022986e,00dff01e,0040,14da,f,1,4cde,02
418,418,0,4022986e,00dff01e,0040,14da,f,1,4cde,02
419,419,0,4022986e,00dff01e,0040,14da,f,1,4cde,02
420,420,0,4022986e,00dff01e,0040,14da,f,1,4cde,02
421,421,0,4022986e,00dff01e,0040,14da,f,1,4cde,02
422,422,0,4022986e,00dff01e,0040,14da,f,1,4cde,02
423,423,0,4022986e,00dff01e,0040,14da,f,1,4cde,22
424,424,0,4022986e,00dff01e,0040,14da,f,1,4cde,1d
425,425,0,4022986e,00dff01e,0040,14da,f,1,4cde,1d
426,426,0,4022986e,00dff01e,0040,14da,f,1,4cde,0d
427,427,0,4022986e,00dff01e,0040,14da,f,1,4cde,25
428,428,0,4022986e,00dff01e,0040,14da,f,1,4cde,1e
429,429,0,4022986e,00dff01e,0040,14da,f,1,4cde,1e
430,430,0,4022986e,00dff01e,0040,14da,f,1,4cde,0e
431,431,0,4022986e,00dff01e,0040,14da,f,1,4cde,22
432,432,0,4022986e,00dff01e,0040,14da,f,1,4cde,1d
433,433,0,4022986e,00dff01e,0040,14da,f,1,4cde,1d
434,434,0,4022986e,00dff01e,0040,14da,f,1,4cde,0d
435,435,0,4022986e,00dff01e,0040,14da,f,1,4cde,25
436,436,0,4022986e,00dff01e,0040,14da,f,0,4cde,1d
437,437,0,4022986e,00dff01e,0040,14da,f,0,4cde,1d
438,438,0,4022986e,00dff01e,0040,14da,f,0,4cde,0d
439,439,0,4022986e,00dff01e,0040,14da,f,0,4cde,25
440,440,0,4022986e,00dff01e,0040,14da,f,0,4cde,1d
441,441,0,4022986e,00dff01e,0040,14da,f,0,4cde,1d
442,442,0,4022986e,00dff01e,0040,14da,f,0,4cde,0d
443,443,0,4022986e,00dff01e,0040,14da,f,0,4cde,25
444,444,0,4022986e,00dff01e,0040,14da,f,0,4cde,1d
445,445,0,4022986e,00dff01e,0040,14da,f,0,4cde,1d
446,446,0,4022986e,00dff01e,0040,14da,f,0,4cde,0d
447,447,0,4022986e,00dff01e,0040,14da,f,0,4cde,25
448,448,0,4022986e,00dff01e,0040,14da,f,1,4cde,1d
449,449,0,4022986e,00dff01e,0040,14da,f,1,4cde,1d
450,450,0,4022986e,00dff01e,0040,14da,f,1,4cde,0d
451,451,0,4022986e,00dff01e,0040,14da,f,1,4cde,25
452,452,0,4022986e,00dff01e,0040,14da,f,1,4cde,1d
453,453,0,4022986e,00dff01e,0040,14da,f,1,4cde,1d
454,454,0,4022986e,00dff01e,0040,14da,f,1,4cde,0d
455,455,0,4022986e,00dff01e,0040,14da,f,1,4cde,25
456,456,0,4022986e,00dff01e,0040,14da,f,1,4cde,1e
457,457,0,4022986e,00dff01e,0040,14da,f,1,4cde,1e
458,458,0,4022986e,00dff01e,0040,14da,f,1,4cde,0e
459,459,0,4022986e,00dff01e,0040,14da,f,1,4cde,22
460,460,0,4022986e,00dff01e,0040,14da,f,1,4cde,1d
461,461,0,4022986e,00dff01e,0040,14da,f,1,4cde,1d
462,462,0,4022986e,00dff01e,0040,14da,f,1,4cde,0d
463,463,0,4022986e,00dff01e,0040,14da,f,1,4cde,25
464,464,0,4022986e,00dff01e,0040,14da,f,1,4cde,1e
465,465,0,4022986e,00dff01e,0040,14da,f,1,4cde,1e
466,466,0,4022986e,00dff01e,0040,14da,f,1,4cde,0e
467,467,0,4022986e,00dff01e,0040,14da,f,1,4cde,22
468,468,0,4022986e,00dff01e,0040,14da,f,1,4cde,1d
469,469,0,4022986e,00dff01e,0040,14da,f,1,4cde,1d
470,470,0,4022986e,00dff01e,0040,14da,f,1,4cde,0d
471,471,0,4022986e,00dff01e,0040,14da,f,1,4cde,25
472,472,0,4022986e,00dff01e,0040,14da,f,0,4cde,1d
473,473,0,4022986e,00dff01e,0040,14da,f,0,4cde,1d
474,474,0,4022986e,00dff01e,0040,14da,f,0,4cde,0d
475,475,0,4022986e,00dff01e,0040,14da,f,0,4cde,25
476,476,0,4022986e,00dff01e,0040,14da,f,0,4cde,1d
477,477,0,4022986e,00dff01e,0040,14da,f,0,4cde,1d
478,478,0,4022986e,00dff01e,0040,14da,f,0,4cde,0d
479,479,0,4022986e,00dff01e,0040,14da,f,0,4cde,25
480,480,0,4022986e,00dff01e,0040,14da,f,0,4cde,1d
481,481,0,4022986e,00dff01e,0040,14da,f,0,4cde,1d
482,482,0,4022986e,00dff01e,0040,14da,f,0,4cde,0d
483,483,0,4022986e,00dff01e,0040,14da,f,0,4cde,25
484,484,0,4022986e,00dff01e,0040,14da,f,1,4cde,1d
485,485,0,4022986e,00dff01e,0040,14da,f,1,4cde,1d
486,486,0,4022986e,00dff01e,0040,14da,f,1,4cde,0d
487,487,0,4022986e,00dff01e,0040,14da,f,1,4cde,25
488,488,0,4022986e,00dff01e,0040,14da,f,1,4cde,1d
489,489,0,4022986e,00dff01e,0040,14da,f,1,4cde,1d
490,490,0,4022986e,00dff01e,0040,14da,f,1,4cde,0d
491,491,0,4022986e,00dff01e,0040,14da,f,1,4cde,25
492,492,0,4022986e,00dff01e,0040,14da,f,1,4cde,1e
493,493,0,4022986e,00dff01e,0040,14da,f,1,4cde,1e
494,494,0,4022986e,00dff01e,0040,14da,f,1,4cde,0e
495,495,0,4022986e,00dff01e,0040,14da,f,1,4cde,22
496,496,0,4022986e,00dff01e,0040,14da,f,1,4cde,1d
497,497,0,4022986e,00dff01e,0040,14da,f,1,4cde,1d
498,498,0,4022986e,00dff01e,0040,14da,f,1,4cde,0d
499,499,0,4022986e,00dff01e,0040,14da,f,1,4cde,25
500,500,0,4022986e,00dff01e,0040,14da,f,1,4cde,1e
501,501,0,4022986e,00dff01e,0040,14da,f,1,4cde,1e
502,502,0,4022986e,00dff01e,0040,14da,f,1,4cde,0e
503,503,0,4022986e,00dff01e,0040,14da,f,1,4cde,22
504,504,0,4022986e,00dff01e,0040,14da,f,1,4cde,1d
505,505,0,4022986e,00dff01e,0040,14da,f,1,4cde,1d
506,506,0,4022986e,00dff01e,0040,14da,f,1,4cde,0d
507,507,0,4022986e,00dff01e,0040,14da,f,1,4cde,25
508,508,0,4022986e,00dff01e,0040,14da,f,0,4cde,1d
509,509,0,4022986e,00dff01e,0040,14da,f,0,4cde,1d
510,510,0,4022986e,00dff01e,0040,14da,f,0,4cde,0d
511,511,0,4022986e,00dff01e,0040,14da,f,0,4cde,25
512,512,0,4022986e,00dff01e,0040,14da,f,0,4cde,1d
513,513,0,4022986e,00dff01e,0040,14da,f,0,4cde,1d
514,514,0,4022986e,00dff01e,0040,14da,f,0,4cde,0d
515,515,0,4022986e,00dff01e,0040,14da,f,0,4cde,25
516,516,0,4022986e,00dff01e,0040,14da,f,0,4cde,1d
517,517,0,4022986e,00dff01e,0040,14da,f,0,4cde,1d
518,518,0,4022986e,00dff01e,0040,14da,f,0,4cde,0d
519,519,0,4022986e,00dff01e,0040,14da,f,0,4cde,25
520,520,0,4022986e,00dff01e,0040,14da,f,1,4cde,1d
521,521,0,4022986e,00dff01e,0040,14da,f,1,4cde,1d
522,522,0,4022986e,00dff01e,0040,14da,f,1,4cde,0d
523,523,0,4022986e,00dff01e,0040,14da,f,1,4cde,25
524,524,0,4022986e,00dff01e,0040,14da,f,1,4cde,1d
525,525,0,4022986e,00dff01e,0040,14da,f,1,4cde,1d
526,526,0,4022986e,00dff01e,0040,14da,f,1,4cde,0d
527,527,0,4022986e,00dff01e,0040,14da,f,1,4cde,25
528,528,0,4022986e,00dff01e,0040,14da,f,1,4cde,1e
529,529,0,4022986e,00dff01e,0040,14da,f,1,4cde,1e
530,530,0,4022986e,00dff01e,0040,14da,f,1,4cde,0e
531,531,0,4022986e,00dff01e,0040,14da,f,1,4cde,22
532,532,0,4022986e,00dff01e,0040,14da,f,1,4cde,1d
533,533,0,4022986e,00dff01e,0040,14da,f,1,4cde,1d
534,534,0,4022986e,00dff01e,0040,14da,f,1,4cde,0d
535,535,0,4022986e,00dff01e,0040,14da,f,1,4cde,25
536,536,0,4022986e,00dff01e,0040,14da,f,1,4cde,1e
537,537,0,4022986e,00dff01e,0040,14da,f,1,4cde,1e
538,538,0,4022986e,00dff01e,0040,14da,f,1,4cde,0e
539,539,0,4022986e,00dff01e,0040,14da,f,1,4cde,22
540,540,0,4022986e,00dff01e,0040,14da,f,1,4cde,1d
541,541,0,4022986e,00dff01e,0040,14da,f,1,4cde,1d
542,542,0,4022986e,00dff01e,0040,14da,f,1,4cde,0d
543,543,0,4022986e,00dff01e,0040,14da,f,1,4cde,25
544,544,0,4022986e,00dff01e,0040,14da,f,0,4cde,1d
545,545,0,4022986e,00dff01e,0040,14da,f,0,4cde,1d
546,546,0,4022986e,00dff01e,0040,14da,f,0,4cde,0d
547,547,0,4022986e,00dff01e,0040,14da,f,0,4cde,25
548,548,0,4022986e,00dff01e,0040,14da,f,0,4cde,1d
549,549,0,4022986e,00dff01e,0040,14da,f,0,4cde,1d
550,550,0,4022986e,00dff01e,0040,14da,f,0,4cde,0d
551,551,0,4022986e,00dff01e,0040,14da,f,0,4cde,25
552,552,0,4022986e,00dff01e,0040,14da,f,0,4cde,1d
553,553,0,4022986e,00dff01e,0040,14da,f,0,4cde,1d
554,554,0,4022986e,00dff01e,0040,14da,f,0,4cde,0d
555,555,0,4022986e,00dff01e,0040,14da,f,0,4cde,25
556,556,0,40229870,00dff01e,0040,14da,f,0,4cde,1d
557,557,0,40229870,00dff01e,0040,14da,f,0,4cde,1d
558,558,0,40229870,00dff01e,0040,14da,f,0,4cde,0d
559,559,0,40229870,00dff01e,0040,14da,f,0,4cde,25
560,560,0,40229870,00dff01e,0040,14da,f,1,4cde,1d
561,561,0,40229870,00dff01e,0040,14da,f,1,4cde,1d
562,562,0,40229870,00dff01e,0040,14da,f,1,4cde,0d
563,563,0,40229870,00dff01e,0040,14da,f,1,4cde,25
564,564,0,40229872,00dff01e,0040,14da,f,1,4cde,1d
565,565,0,40229872,00dff01e,0040,14da,f,1,4cde,1d
566,566,0,40229872,00dff01e,0040,14da,f,1,4cde,0d
567,567,0,40229872,00dff01e,0040,14da,f,1,4cde,25
568,568,0,40229872,00dff01e,0040,14da,f,1,4cde,1d
569,569,0,40229872,00dff01e,0040,14da,f,1,4cde,1d
570,570,0,40229872,00dff01e,0040,14da,f,1,4cde,0d
571,571,0,40229872,00dff01e,0040,14da,f,1,4cde,25
572,572,0,40229872,00dff01e,0040,14da,f,0,4cde,1d
573,573,0,40229872,00dff01e,0040,14da,f,0,4cde,1d
574,574,0,40229872,00dff01e,0040,14da,f,0,4cde,0d
575,575,0,40229872,00dff01e,0040,14da,f,0,4cde,25
576,576,0,40229872,00dff01e,0040,14da,f,0,4cde,1d
577,577,0,40229872,00dff01e,0040,14da,f,0,4cde,1d
578,578,0,40229872,00dff01e,0040,14da,f,0,4cde,0d
579,579,0,40229872,00dff01e,0040,14da,f,0,4cde,25
580,580,0,40229872,00dff01e,0040,14da,f,1,4cde,1d
581,581,0,40229872,00dff01e,0040,14da,f,1,4cde,1d
582,582,0,40229872,00dff01e,0040,14da,f,1,4cde,0d
583,583,0,40229872,00dff01e,0040,14da,f,1,4cde,25
584,584,0,40229872,00dff01e,0040,14da,f,1,4cde,1d
585,585,0,40229872,00dff01e,0040,14da,f,1,4cde,1d
586,586,0,40229872,00dff01e,0040,14da,f,1,4cde,0d
587,587,0,40229872,00dff01e,0040,14da,f,1,4cde,25
588,588,0,40229872,00dff01e,0040,14da,f,1,4cde,1e
589,589,0,40229872,00dff01e,0040,14da,f,1,4cde,1e
590,590,0,40229872,00dff01e,0040,14da,f,1,4cde,0e
591,591,0,40229872,00dff01e,0040,14da,f,1,4cde,02
592,592,0,40229872,00dff01e,0040,14da,f,1,4cde,02
593,593,0,40229872,00dff01e,0040,14da,f,1,4cde,02
594,594,0,40229872,00dff01e,0040,14da,f,1,4cde,02
595,595,0,40229872,00dff01e,0040,14da,f,1,4cde,02
596,596,0,40229872,00dff01e,0040,14da,f,1,4cde,02
597,597,0,40229872,00dff01e,0040,14da,f,1,4cde,02
598,598,0,40229872,00dff01e,0040,14da,f,1,4cde,02
599,599,0,40229872,00dff01e,0040,14da,f,1,4cde,02
600,600,0,40229872,00dff01e,0040,14da,f,1,4cde,02
601,601,0,40229872,00dff01e,0040,14da,f,1,4cde,02
602,602,0,40229872,00dff01e,0040,14da,f,1,4cde,02
603,603,0,40229872,00dff01e,0040,14da,f,1,4cde,02
604,604,0,40229872,00dff01e,0040,14da,f,1,4cde,02
605,605,0,40229872,00dff01e,0040,14da,f,1,4cde,02
606,606,0,40229872,00dff01e,0040,14da,f,1,4cde,02
607,607,0,40229872,00dff01e,0040,14da,f,1,4cde,02
608,608,0,40229872,00dff01e,0040,14da,f,1,4cde,02
609,609,0,40229872,00dff01e,0040,14da,f,1,4cde,02
610,610,0,40229872,00dff01e,0040,14da,f,1,4cde,02
611,611,0,40229872,00dff01e,0040,14da,f,1,4cde,02
612,612,0,40229872,00dff01e,0040,14da,f,1,4cde,02
613,613,0,40229872,00dff01e,0040,14da,f,1,4cde,02
614,614,0,40229872,00dff01e,0040,14da,f,1,4cde,02
615,615,0,40229872,00dff01e,0040,14da,f,1,4cde,22
616,616,0,40229872,00dff01e,0040,14da,f,1,4cde,1d
617,617,0,40229872,00dff01e,0040,14da,f,1,4cde,1d
618,618,0,40229872,00dff01e,0040,14da,f,1,4cde,0d
619,619,0,40229872,00dff01e,0040,14da,f,1,4cde,25
620,620,0,40229872,00dff01e,0040,14da,f,1,4cde,1e
621,621,0,40229872,00dff01e,0040,14da,f,1,4cde,1e
622,622,0,40229872,00dff01e,0040,14da,f,1,4cde,0e
623,623,0,40229872,00dff01e,0040,14da,f,1,4cde,22
624,624,0,40229872,00dff01e,0040,14da,f,1,4cde,1d
625,625,0,40229872,00dff01e,0040,14da,f,1,4cde,1d
626,626,0,40229872,00dff01e,0040,14da,f,1,4cde,0d
627,627,0,40229872,00dff01e,0040,14da,f,1,4cde,25
628,628,0,40229872,00dff01e,0040,14da,f,0,4cde,1d
629,629,0,40229872,00dff01e,0040,14da,f,0,4cde,1d
630,630,0,40229872,00dff01e,0040,14da,f,0,4cde,0d
631,631,0,40229872,00dff01e,0040,14da,f,0,4cde,25
632,632,0,40229872,00dff01e,0040,14da,f,0,4cde,1d
633,633,0,40229872,00dff01e,0040,14da,f,0,4cde,1d
634,634,0,40229872,00dff01e,0040,14da,f,0,4cde,0d
635,635,0,40229872,00dff01e,0040,14da,f,0,4cde,25
636,636,0,40229872,00dff01e,0040,14da,f,0,4cde,1d
637,637,0,40229872,00dff01e,0040,14da,f,0,4cde,1d
638,638,0,40229872,00dff01e,0040,14da,f,0,4cde,0d
639,639,0,40229872,00dff01e,0040,14da,f,0,4cde,25
640,640,0,40229872,00dff01e,0040,14da,f,1,4cde,1d
641,641,0,40229872,00dff01e,0040,14da,f,1,4cde,1d
642,642,0,40229872,00dff01e,0040,14da,f,1,4cde,0d
643,643,0,40229872,00dff01e,0040,14da,f,1,4cde,25
644,644,0,40229872,00dff01e,0040,14da,f,1,4cde,1d
645,645,0,40229872,00dff01e,0040,14da,f,1,4cde,1d
646,646,0,40229872,00dff01e,0040,14da,f,1,4cde,0d
647,647,0,40229872,00dff01e,0040,14da,f,1,4cde,25
648,648,0,40229872,00dff01e,0040,14da,f,1,4cde,1e
649,649,0,40229872,00dff01e,0040,14da,f,1,4cde,1e
650,650,0,40229872,00dff01e,0040,14da,f,1,4cde,0e
651,651,0,40229872,00dff01e,0040,14da,f,1,4cde,22
652,652,0,40229872,00dff01e,0040,14da,f,1,4cde,1d
653,653,0,40229872,00dff01e,0040,14da,f,1,4cde,1d
654,654,0,40229872,00dff01e,0040,14da,f,1,4cde,0d
655,655,0,40229872,00dff01e,0040,14da,f,1,4cde,25
656,656,0,40229872,00dff01e,0040,14da,f,1,4cde,1e
657,657,0,40229872,00dff01e,0040,14da,f,1,4cde,1e
658,658,0,40229872,00dff01e,0040,14da,f,1,4cde,0e
659,659,0,40229872,00dff01e,0040,14da,f,1,4cde,22
660,660,0,40229872,00dff01e,0040,14da,f,1,4cde,1d
661,661,0,40229872,00dff01e,0040,14da,f,1,4cde,1d
662,662,0,40229872,00dff01e,0040,14da,f,1,4cde,0d
663,663,0,40229872,00dff01e,0040,14da,f,1,4cde,25
664,664,0,40229872,00dff01e,0040,14da,f,0,4cde,1d
665,665,0,40229872,00dff01e,0040,14da,f,0,4cde,1d
666,666,0,40229872,00dff01e,0040,14da,f,0,4cde,0d
667,667,0,40229872,00dff01e,0040,14da,f,0,4cde,25
668,668,0,40229872,00dff01e,0040,14da,f,0,4cde,1d
669,669,0,40229872,00dff01e,0040,14da,f,0,4cde,1d
670,670,0,40229872,00dff01e,0040,14da,f,0,4cde,0d
671,671,0,40229872,00dff01e,0040,14da,f,0,4cde,25
672,672,0,40229872,00dff01e,0040,14da,f,0,4cde,1d
673,673,0,40229872,00dff01e,0040,14da,f,0,4cde,1d
674,674,0,40229872,00dff01e,0040,14da,f,0,4cde,0d
675,675,0,40229872,00dff01e,0040,14da,f,0,4cde,25
676,676,0,40229872,00dff01e,0040,14da,f,1,4cde,1d
677,677,0,40229872,00dff01e,0040,14da,f,1,4cde,1d
678,678,0,40229872,00dff01e,0040,14da,f,1,4cde,0d
679,679,0,40229872,00dff01e,0040,14da,f,1,4cde,25
680,680,0,40229872,00dff01e,0040,14da,f,1,4cde,1d
681,681,0,40229872,00dff01e,0040,14da,f,1,4cde,1d
682,682,0,40229872,00dff01e,0040,14da,f,1,4cde,0d
683,683,0,40229872,00dff01e,0040,14da,f,1,4cde,25
684,684,0,40229872,00dff01e,0040,14da,f,1,4cde,1e
685,685,0,40229872,00dff01e,0040,14da,f,1,4cde,1e
686,686,0,40229872,00dff01e,0040,14da,f,1,4cde,0e
687,687,0,40229872,00dff01e,0040,14da,f,1,4cde,22
688,688,0,40229872,00dff01e,0040,14da,f,1,4cde,1d
689,689,0,40229872,00dff01e,0040,14da,f,1,4cde,1d
690,690,0,40229872,00dff01e,0040,14da,f,1,4cde,0d
691,691,0,40229872,00dff01e,0040,14da,f,1,4cde,25
692,692,0,40229872,00dff01e,0040,14da,f,1,4cde,1e
693,693,0,40229872,00dff01e,0040,14da,f,1,4cde,1e
694,694,0,40229872,00dff01e,0040,14da,f,1,4cde,0e
695,695,0,40229872,00dff01e,0040,14da,f,1,4cde,22
696,696,0,40229872,00dff01e,0040,14da,f,1,4cde,1d
697,697,0,40229872,00dff01e,0040,14da,f,1,4cde,1d
698,698,0,40229872,00dff01e,0040,14da,f,1,4cde,0d
699,699,0,40229872,00dff01e,0040,14da,f,1,4cde,25
700,700,0,40229872,00dff01e,0040,14da,f,0,4cde,1d
701,701,0,40229872,00dff01e,0040,14da,f,0,4cde,1d
702,702,0,40229872,00dff01e,0040,14da,f,0,4cde,0d
703,703,0,40229872,00dff01e,0040,14da,f,0,4cde,25
704,704,0,40229872,00dff01e,0040,14da,f,0,4cde,1d
705,705,0,40229872,00dff01e,0040,14da,f,0,4cde,1d
706,706,0,40229872,00dff01e,0040,14da,f,0,4cde,0d
707,707,0,40229872,00dff01e,0040,14da,f,0,4cde,25
708,708,0,40229872,00dff01e,0040,14da,f,0,4cde,1d
709,709,0,40229872,00dff01e,0040,14da,f,0,4cde,1d
710,710,0,40229872,00dff01e,0040,14da,f,0,4cde,0d
711,711,0,40229872,00dff01e,0040,14da,f,0,4cde,25
712,712,0,40229872,00dff01e,0040,14da,f,1,4cde,1d
713,713,0,40229872,00dff01e,0040,14da,f,1,4cde,1d
714,714,0,40229872,00dff01e,0040,14da,f,1,4cde,0d
715,715,0,40229872,00dff01e,0040,14da,f,1,4cde,25
716,716,0,40229872,00dff01e,0040,14da,f,1,4cde,1d
717,717,0,40229872,00dff01e,0040,14da,f,1,4cde,1d
718,718,0,40229872,00dff01e,0040,14da,f,1,4cde,0d
719,719,0,40229872,00dff01e,0040,14da,f,1,4cde,25
720,720,0,40229872,00dff01e,0040,14da,f,1,4cde,1e
721,721,0,40229872,00dff01e,0040,14da,f,1,4cde,1e
722,722,0,40229872,00dff01e,0040,14da,f,1,4cde,0e
723,723,0,40229872,00dff01e,0040,14da,f,1,4cde,22
724,724,0,40229872,00dff01e,0040,14da,f,1,4cde,1d
725,725,0,40229872,00dff01e,0040,14da,f,1,4cde,1d
726,726,0,40229872,00dff01e,0040,14da,f,1,4cde,0d
727,727,0,40229872,00dff01e,0040,14da,f,1,4cde,25
728,728,0,40229872,00dff01e,0040,14da,f,1,4cde,1e
729,729,0,40229872,00dff01e,0040,14da,f,1,4cde,1e
730,730,0,40229872,00dff01e,0040,14da,f,1,4cde,0e
731,731,0,40229872,00dff01e,0040,14da,f,1,4cde,22
732,732,0,40229872,00dff01e,0040,14da,f,1,4cde,1d
733,733,0,40229872,00dff01e,0040,14da,f,1,4cde,1d
734,734,0,40229872,00dff01e,0040,14da,f,1,4cde,0d
735,735,0,40229872,00dff01e,0040,14da,f,1,4cde,25
736,736,0,40229872,00dff01e,0040,14da,f,0,4cde,1d
737,737,0,40229872,00dff01e,0040,14da,f,0,4cde,1d
738,738,0,40229872,00dff01e,0040,14da,f,0,4cde,0d
739,739,0,40229872,00dff01e,0040,14da,f,0,4cde,25
740,740,0,40229872,00dff01e,0040,14da,f,0,4cde,1d
741,741,0,40229872,00dff01e,0040,14da,f,0,4cde,1d
742,742,0,40229872,00dff01e,0040,14da,f,0,4cde,0d
743,743,0,40229872,00dff01e,0040,14da,f,0,4cde,25
744,744,0,40229872,00dff01e,0040,14da,f,0,4cde,1d
745,745,0,40229872,00dff01e,0040,14da,f,0,4cde,1d
746,746,0,40229872,00dff01e,0040,14da,f,0,4cde,0d
747,747,0,40229872,00dff01e,0040,14da,f,0,4cde,25
748,748,0,40229872,00dff01e,0040,14da,f,1,4cde,1d
749,749,0,40229872,00dff01e,0040,14da,f,1,4cde,1d
750,750,0,40229872,00dff01e,0040,14da,f,1,4cde,0d
751,751,0,40229872,00dff01e,0040,14da,f,1,4cde,25
752,752,0,40229872,00dff01e,0040,14da,f,1,4cde,1d
753,753,0,40229872,00dff01e,0040,14da,f,1,4cde,1d
754,754,0,40229872,00dff01e,0040,14da,f,1,4cde,0d
755,755,0,40229872,00dff01e,0040,14da,f,1,4cde,25
756,756,0,40229872,00dff01e,0040,14da,f,1,4cde,1e
757,757,0,40229872,00dff01e,0040,14da,f,1,4cde,1e
758,758,0,40229872,00dff01e,0040,14da,f,1,4cde,0e
759,759,0,40229872,00dff01e,0040,14da,f,1,4cde,02
760,760,0,40229872,00dff01e,0040,14da,f,1,4cde,02
761,761,0,40229872,00dff01e,0040,14da,f,1,4cde,02
762,762,0,40229872,00dff01e,0040,14da,f,1,4cde,02
763,763,0,40229872,00dff01e,0040,14da,f,1,4cde,02
764,764,0,40229872,00dff01e,0040,14da,f,1,4cde,02
765,765,0,40229872,00dff01e,0040,14da,f,1,4cde,02
766,766,0,40229872,00dff01e,0040,14da,f,1,4cde,02
767,767,0,40229872,00dff01e,0040,14da,f,1,4cde,02
768,768,0,40229872,00dff01e,0040,14da,f,1,4cde,02
769,769,0,40229872,00dff01e,0040,14da,f,1,4cde,02
770,770,0,40229872,00dff01e,0040,14da,f,1,4cde,02
771,771,0,40229872,00dff01e,0040,14da,f,1,4cde,02
772,772,0,40229872,00dff01e,0040,14da,f,1,4cde,02
773,773,0,40229872,00dff01e,0040,14da,f,1,4cde,02
774,774,0,40229872,00dff01e,0040,14da,f,1,4cde,02
775,775,0,40229872,00dff01e,0040,14da,f,1,4cde,22
776,776,0,40229872,00dff01e,0040,14da,f,1,4cde,1d
777,777,0,40229872,00dff01e,0040,14da,f,1,4cde,1d
778,778,0,40229872,00dff01e,0040,14da,f,1,4cde,0d
779,779,0,40229872,00dff01e,0040,14da,f,1,4cde,25
780,780,0,40229872,00dff01e,0040,14da,f,1,4cde,1e
781,781,0,40229872,00dff01e,0040,14da,f,1,4cde,1e
782,782,0,40229872,00dff01e,0040,14da,f,1,4cde,0e
783,783,0,40229872,00dff01e,0040,14da,f,1,4cde,22
784,784,0,40229872,00dff01e,0040,14da,f,1,4cde,1d
785,785,0,40229872,00dff01e,0040,14da,f,1,4cde,1d
786,786,0,40229872,00dff01e,0040,14da,f,1,4cde,0d
787,787,0,40229872,00dff01e,0040,14da,f,1,4cde,25
788,788,0,40229872,00dff01e,0040,14da,f,0,4cde,1d
789,789,0,40229872,00dff01e,0040,14da,f,0,4cde,1d
790,790,0,40229872,00dff01e,0040,14da,f,0,4cde,0d
791,791,0,40229872,00dff01e,0040,14da,f,0,4cde,25
792,792,0,40229872,00dff01e,0040,14da,f,0,4cde,1d
793,793,0,40229872,00dff01e,0040,14da,f,0,4cde,1d
794,794,0,40229872,00dff01e,0040,14da,f,0,4cde,0d
795,795,0,40229872,00dff01e,0040,14da,f,0,4cde,25
796,796,0,40229872,00dff01e,0040,14da,f,0,4cde,1d
797,797,0,40229872,00dff01e,0040,14da,f,0,4cde,1d
798,798,0,40229872,00dff01e,0040,14da,f,0,4cde,0d
799,799,0,40229872,00dff01e,0040,14da,f,0,4cde,25
800,800,0,40229872,00dff01e,0040,14da,f,1,4cde,1d
801,801,0,40229872,00dff01e,0040,14da,f,1,4cde,1d
802,802,0,40229872,00dff01e,0040,14da,f,1,4cde,0d
803,803,0,40229872,00dff01e,0040,14da,f,1,4cde,25
804,804,0,40229872,00dff01e,0040,14da,f,1,4cde,1d
805,805,0,40229872,00dff01e,0040,14da,f,1,4cde,1d
806,806,0,40229872,00dff01e,0040,14da,f,1,4cde,0d
807,807,0,40229872,00dff01e,0040,14da,f,1,4cde,25
808,808,0,40229872,00dff01e,0040,14da,f,1,4cde,1e
809,809,0,40229872,00dff01e,0040,14da,f,1,4cde,1e
810,810,0,40229872,00dff01e,0040,14da,f,1,4cde,0e
811,811,0,40229872,00dff01e,0040,14da,f,1,4cde,22
812,812,0,40229872,00dff01e,0040,14da,f,1,4cde,1d
813,813,0,40229872,00dff01e,0040,14da,f,1,4cde,1d
814,814,0,40229872,00dff01e,0040,14da,f,1,4cde,0d
815,815,0,40229872,00dff01e,0040,14da,f,1,4cde,25
816,816,0,40229872,00dff01e,0040,14da,f,1,4cde,1e
817,817,0,40229872,00dff01e,0040,14da,f,1,4cde,1e
818,818,0,40229872,00dff01e,0040,14da,f,1,4cde,0e
819,819,0,40229872,00dff01e,0040,14da,f,1,4cde,22
820,820,0,40229872,00dff01e,0040,14da,f,1,4cde,1d
821,821,0,40229872,00dff01e,0040,14da,f,1,4cde,1d
822,822,0,40229872,00dff01e,0040,14da,f,1,4cde,0d
823,823,0,40229872,00dff01e,0040,14da,f,1,4cde,25
824,824,0,40229872,00dff01e,0040,14da,f,0,4cde,1d
825,825,0,40229872,00dff01e,0040,14da,f,0,4cde,1d
826,826,0,40229872,00dff01e,0040,14da,f,0,4cde,0d
827,827,0,40229872,00dff01e,0040,14da,f,0,4cde,25
828,828,0,40229872,00dff01e,0040,14da,f,0,4cde,1d
829,829,0,40229872,00dff01e,0040,14da,f,0,4cde,1d
830,830,0,40229872,00dff01e,0040,14da,f,0,4cde,0d
831,831,0,40229872,00dff01e,0040,14da,f,0,4cde,25
832,832,0,40229872,00dff01e,0040,14da,f,0,4cde,1d
833,833,0,40229872,00dff01e,0040,14da,f,0,4cde,1d
834,834,0,40229872,00dff01e,0040,14da,f,0,4cde,0d
835,835,0,40229872,00dff01e,0040,14da,f,0,4cde,25
836,836,0,40229872,00dff01e,0040,14da,f,1,4cde,1d
837,837,0,40229872,00dff01e,0040,14da,f,1,4cde,1d
838,838,0,40229872,00dff01e,0040,14da,f,1,4cde,0d
839,839,0,40229872,00dff01e,0040,14da,f,1,4cde,25
840,840,0,40229872,00dff01e,0040,14da,f,1,4cde,1d
841,841,0,40229872,00dff01e,0040,14da,f,1,4cde,1d
842,842,0,40229872,00dff01e,0040,14da,f,1,4cde,0d
843,843,0,40229872,00dff01e,0040,14da,f,1,4cde,25
844,844,0,40229872,00dff01e,0040,14da,f,1,4cde,1e
845,845,0,40229872,00dff01e,0040,14da,f,1,4cde,1e
846,846,0,40229872,00dff01e,0040,14da,f,1,4cde,0e
847,847,0,40229872,00dff01e,0040,14da,f,1,4cde,22
848,848,0,40229872,00dff01e,0040,14da,f,1,4cde,1d
849,849,0,40229872,00dff01e,0040,14da,f,1,4cde,1d
850,850,0,40229872,00dff01e,0040,14da,f,1,4cde,0d
851,851,0,40229872,00dff01e,0040,14da,f,1,4cde,25
852,852,0,40229872,00dff01e,0040,14da,f,1,4cde,1e
853,853,0,40229872,00dff01e,0040,14da,f,1,4cde,1e
854,854,0,40229872,00dff01e,0040,14da,f,1,4cde,0e
855,855,0,40229872,00dff01e,0040,14da,f,1,4cde,22
856,856,0,40229872,00dff01e,0040,14da,f,1,4cde,1d
857,857,0,40229872,00dff01e,0040,14da,f,1,4cde,1d
858,858,0,40229872,00dff01e,0040,14da,f,1,4cde,0d
859,859,0,40229872,00dff01e,0040,14da,f,1,4cde,25
860,860,0,40229872,00dff01e,0040,14da,f,0,4cde,1d
861,861,0,40229872,00dff01e,0040,14da,f,0,4cde,1d
862,862,0,40229872,00dff01e,0040,14da,f,0,4cde,0d
863,863,0,40229872,00dff01e,0040,14da,f,0,4cde,25
864,864,0,40229872,00dff01e,0040,14da,f,0,4cde,1d
865,865,0,40229872,00dff01e,0040,14da,f,0,4cde,1d
866,866,0,40229872,00dff01e,0040,14da,f,0,4cde,0d
867,867,0,40229872,00dff01e,0040,14da,f,0,4cde,25
868,868,0,40229872,00dff01e,0040,14da,f,0,4cde,1d
869,869,0,40229872,00dff01e,0040,14da,f,0,4cde,1d
870,870,0,40229872,00dff01e,0040,14da,f,0,4cde,0d
871,871,0,40229872,00dff01e,0040,14da,f,0,4cde,25
872,872,0,40229872,00dff01e,0040,14da,f,1,4cde,1d
873,873,0,40229872,00dff01e,0040,14da,f,1,4cde,1d
874,874,0,40229872,00dff01e,0040,14da,f,1,4cde,0d
875,875,0,40229872,00dff01e,0040,14da,f,1,4cde,25
876,876,0,40229872,00dff01e,0040,14da,f,1,4cde,1d
877,877,0,40229872,00dff01e,0040,14da,f,1,4cde,1d
878,878,0,40229872,00dff01e,0040,14da,f,1,4cde,0d
879,879,0,40229872,00dff01e,0040,14da,f,1,4cde,25
880,880,0,40229872,00dff01e,0040,14da,f,1,4cde,1e
881,881,0,40229872,00dff01e,0040,14da,f,1,4cde,1e
882,882,0,40229872,00dff01e,0040,14da,f,1,4cde,0e
883,883,0,40229872,00dff01e,0040,14da,f,1,4cde,22
884,884,0,40229872,00dff01e,0040,14da,f,1,4cde,1d
885,885,0,40229872,00dff01e,0040,14da,f,1,4cde,1d
886,886,0,40229872,00dff01e,0040,14da,f,1,4cde,0d
887,887,0,40229872,00dff01e,0040,14da,f,1,4cde,25
888,888,0,40229872,00dff01e,0040,14da,f,1,4cde,1e
889,889,0,40229872,00dff01e,0040,14da,f,1,4cde,1e
890,890,0,40229872,00dff01e,0040,14da,f,1,4cde,0e
891,891,0,40229872,00dff01e,0040,14da,f,1,4cde,22
892,892,0,40229872,00dff01e,0040,14da,f,1,4cde,1d
893,893,0,40229872,00dff01e,0040,14da,f,1,4cde,1d
894,894,0,40229872,00dff01e,0040,14da,f,1,4cde,0d
895,895,0,40229872,00dff01e,0040,14da,f,1,4cde,25
896,896,0,40229872,00dff01e,0040,14da,f,0,4cde,1d
897,897,0,40229872,00dff01e,0040,14da,f,0,4cde,1d
898,898,0,40229872,00dff01e,0040,14da,f,0,4cde,0d
899,899,0,40229872,00dff01e,0040,14da,f,0,4cde,25
900,900,0,40229872,00dff01e,0040,14da,f,0,4cde,1d
901,901,0,40229872,00dff01e,0040,14da,f,0,4cde,1d
902,902,0,40229872,00dff01e,0040,14da,f,0,4cde,0d
903,903,0,40229872,00dff01e,0040,14da,f,0,4cde,25
904,904,0,40229872,00dff01e,0040,14da,f,0,4cde,1d
905,905,0,40229872,00dff01e,0040,14da,f,0,4cde,1d
906,906,0,40229872,00dff01e,0040,14da,f,0,4cde,0d
907,907,0,40229872,00dff01e,0040,14da,f,0,4cde,25
908,908,0,40229872,00dff01e,0040,14da,f,1,4cde,1d
909,909,0,40229872,00dff01e,0040,14da,f,1,4cde,1d
910,910,0,40229872,00dff01e,0040,14da,f,1,4cde,0d
911,911,0,40229872,00dff01e,0040,14da,f,1,4cde,25
912,912,0,40229872,00dff01e,0040,14da,f,1,4cde,1d
913,913,0,40229872,00dff01e,0040,14da,f,1,4cde,1d
914,914,0,40229872,00dff01e,0040,14da,f,1,4cde,0d
915,915,0,40229872,00dff01e,0040,14da,f,1,4cde,25
916,916,0,40229872,00dff01e,0040,14da,f,1,4cde,1e
917,917,0,40229872,00dff01e,0040,14da,f,1,4cde,1e
918,918,0,40229872,00dff01e,0040,14da,f,1,4cde,0e
919,919,0,40229872,00dff01e,0040,14da,f,1,4cde,02
920,920,0,40229872,00dff01e,0040,14da,f,1,4cde,02
921,921,0,40229872,00dff01e,0040,14da,f,1,4cde,02
922,922,0,40229872,00dff01e,0040,14da,f,1,4cde,02
923,923,0,40229872,00dff01e,0040,14da,f,1,4cde,02
924,924,0,40229872,00dff01e,0040,14da,f,1,4cde,02
925,925,0,40229872,00dff01e,0040,14da,f,1,4cde,02
926,926,0,40229872,00dff01e,0040,14da,f,1,4cde,02
927,927,0,40229872,00dff01e,0040,14da,f,1,4cde,02
928,928,0,40229872,00dff01e,0040,14da,f,1,4cde,02
929,929,0,40229872,00dff01e,0040,14da,f,1,4cde,02
930,930,0,40229872,00dff01e,0040,14da,f,1,4cde,02
931,931,0,40229872,00dff01e,0040,14da,f,1,4cde,02
932,932,0,40229872,00dff01e,0040,14da,f,1,4cde,02
933,933,0,40229872,00dff01e,0040,14da,f,1,4cde,02
934,934,0,40229872,00dff01e,0040,14da,f,1,4cde,02
935,935,0,40229872,00dff01e,0040,14da,f,1,4cde,22
936,936,0,40229872,00dff01e,0040,14da,f,1,4cde,1d
937,937,0,40229872,00dff01e,0040,14da,f,1,4cde,1d
938,938,0,40229872,00dff01e,0040,14da,f,1,4cde,0d
939,939,0,40229872,00dff01e,0040,14da,f,1,4cde,25
940,940,0,40229872,00dff01e,0040,14da,f,1,4cde,1e
941,941,0,40229872,00dff01e,0040,14da,f,1,4cde,1e
942,942,0,40229872,00dff01e,0040,14da,f,1,4cde,0e
943,943,0,40229872,00dff01e,0040,14da,f,1,4cde,22
944,944,0,40229872,00dff01e,0040,14da,f,1,4cde,1d
945,945,0,40229872,00dff01e,0040,14da,f,1,4cde,1d
946,946,0,40229872,00dff01e,0040,14da,f,1,4cde,0d
947,947,0,40229872,00dff01e,0040,14da,f,1,4cde,25
948,948,0,40229872,00dff01e,0040,14da,f,0,4cde,1d
949,949,0,40229872,00dff01e,0040,14da,f,0,4cde,1d
950,950,0,40229872,00dff01e,0040,14da,f,0,4cde,0d
951,951,0,40229872,00dff01e,0040,14da,f,0,4cde,25
952,952,0,40229872,00dff01e,0040,14da,f,0,4cde,1d
953,953,0,40229872,00dff01e,0040,14da,f,0,4cde,1d
954,954,0,40229872,00dff01e,0040,14da,f,0,4cde,0d
955,955,0,40229872,00dff01e,0040,14da,f,0,4cde,25
956,956,0,40229872,00dff01e,0040,14da,f,0,4cde,1d
957,957,0,40229872,00dff01e,0040,14da,f,0,4cde,1d
958,958,0,40229872,00dff01e,0040,14da,f,0,4cde,0d
959,959,0,40229872,00dff01e,0040,14da,f,0,4cde,25
960,960,0,40229872,00dff01e,0040,14da,f,1,4cde,1d
961,961,0,40229872,00dff01e,0040,14da,f,1,4cde,1d
962,962,0,40229872,00dff01e,0040,14da,f,1,4cde,0d
963,963,0,40229872,00dff01e,0040,14da,f,1,4cde,25
964,964,0,40229872,00dff01e,0040,14da,f,1,4cde,1d
965,965,0,40229872,00dff01e,0040,14da,f,1,4cde,1d
966,966,0,40229872,00dff01e,0040,14da,f,1,4cde,0d
967,967,0,40229872,00dff01e,0040,14da,f,1,4cde,25
968,968,0,40229872,00dff01e,0040,14da,f,1,4cde,1e
969,969,0,40229872,00dff01e,0040,14da,f,1,4cde,1e
970,970,0,40229872,00dff01e,0040,14da,f,1,4cde,0e
971,971,0,40229872,00dff01e,0040,14da,f,1,4cde,22
972,972,0,40229872,00dff01e,0040,14da,f,1,4cde,1d
973,973,0,40229872,00dff01e,0040,14da,f,1,4cde,1d
974,974,0,40229872,00dff01e,0040,14da,f,1,4cde,0d
975,975,0,40229872,00dff01e,0040,14da,f,1,4cde,25
976,976,0,40229872,00dff01e,0040,14da,f,1,4cde,1e
977,977,0,40229872,00dff01e,0040,14da,f,1,4cde,1e
978,978,0,40229872,00dff01e,0040,14da,f,1,4cde,0e
979,979,0,40229872,00dff01e,0040,14da,f,1,4cde,22
980,980,0,40229872,00dff01e,0040,14da,f,1,4cde,1d
981,981,0,40229872,00dff01e,0040,14da,f,1,4cde,1d
982,982,0,40229872,00dff01e,0040,14da,f,1,4cde,0d
983,983,0,40229872,00dff01e,0040,14da,f,1,4cde,25
984,984,0,40229872,00dff01e,0040,14da,f,0,4cde,1d
985,985,0,40229872,00dff01e,0040,14da,f,0,4cde,1d
986,986,0,40229872,00dff01e,0040,14da,f,0,4cde,0d
987,987,0,40229872,00dff01e,0040,14da,f,0,4cde,25
988,988,0,40229872,00dff01e,0040,14da,f,0,4cde,1d
989,989,0,40229872,00dff01e,0040,14da,f,0,4cde,1d
990,990,0,40229872,00dff01e,0040,14da,f,0,4cde,0d
991,991,0,40229872,00dff01e,0040,14da,f,0,4cde,25
992,992,0,40229872,00dff01e,0040,14da,f,0,4cde,1d
993,993,0,40229872,00dff01e,0040,14da,f,0,4cde,1d
994,994,0,40229872,00dff01e,0040,14da,f,0,4cde,0d
995,995,0,40229872,00dff01e,0040,14da,f,0,4cde,25
996,996,0,40229874,00dff01e,0040,14da,f,0,4cde,1d
997,997,0,40229874,00dff01e,0040,14da,f,0,4cde,1d
998,998,0,40229874,00dff01e,0040,14da,f,0,4cde,0d
999,999,0,40229874,00dff01e,0040,14da,f,0,4cde,25
1000,1000,0,40229874,00dff01e,0040,14da,f,1,4cde,1d
1001,1001,0,40229874,00dff01e,0040,14da,f,1,4cde,1d
1002,1002,0,40229874,00dff01e,0040,14da,f,1,4cde,0d
1003,1003,0,40229874,00dff01e,0040,14da,f,1,4cde,25
1004,1004,0,40229876,00dff01e,0040,14da,f,1,4cde,1d
1005,1005,0,40229876,00dff01e,0040,14da,f,1,4cde,1d
1006,1006,0,40229876,00dff01e,0040,14da,f,1,4cde,0d
1007,1007,0,40229876,00dff01e,0040,14da,f,1,4cde,25
1008,1008,0,40229876,00dff01e,0040,14da,f,1,4cde,1d
1009,1009,0,40229876,00dff01e,0040,14da,f,1,4cde,1d
1010,1010,0,40229876,00dff01e,0040,14da,f,1,4cde,0d
1011,1011,0,40229876,00dff01e,0040,14da,f,1,4cde,25
1012,1012,0,40229876,00dff01e,0040,14da,f,0,4cde,1d
1013,1013,0,40229876,00dff01e,0040,14da,f,0,4cde,1d
1014,1014,0,40229876,00dff01e,0040,14da,f,0,4cde,0d
1015,1015,0,40229876,00dff01e,0040,14da,f,0,4cde,25
1016,1016,0,40229876,00dff01e,0040,14da,f,0,4cde,1d
1017,1017,0,40229876,00dff01e,0040,14da,f,0,4cde,1d
1018,1018,0,40229876,00dff01e,0040,14da,f,0,4cde,0d
1019,1019,0,40229876,00dff01e,0040,14da,f,0,4cde,25
1020,1020,0,40229876,00dff01e,0040,14da,f,1,4cde,1d
1021,1021,0,40229876,00dff01e,0040,14da,f,1,4cde,1d
1022,1022,0,40229876,00dff01e,0040,14da,f,1,4cde,0d
1023,1023,0,40229876,00dff01e,0040,14da,f,1,4cde,25
1024,1024,0,40229876,00dff01e,0040,14da,f,1,4cde,1d
1025,1025,0,40229876,00dff01e,0040,14da,f,1,4cde,1d
1026,1026,0,40229876,00dff01e,0040,14da,f,1,4cde,0d
1027,1027,0,40229876,00dff01e,0040,14da,f,1,4cde,25
1028,1028,0,40229876,00dff01e,0040,14da,f,1,4cde,1e
1029,1029,0,40229876,00dff01e,0040,14da,f,1,4cde,1e
1030,1030,0,40229876,00dff01e,0040,14da,f,1,4cde,0e
1031,1031,0,40229876,00dff01e,0040,14da,f,1,4cde,22
1032,1032,0,40229876,00dff01e,0040,14da,f,1,4cde,1d
1033,1033,0,40229876,00dff01e,0040,14da,f,1,4cde,1d
1034,1034,0,40229876,00dff01e,0040,14da,f,1,4cde,0d
1035,1035,0,40229876,00dff01e,0040,14da,f,1,4cde,25
1036,1036,0,40229876,00dff01e,0040,14da,f,1,4cde,1e
1037,1037,0,40229876,00dff01e,0040,14da,f,1,4cde,1e
1038,1038,0,40229876,00dff01e,0040,14da,f,1,4cde,0e
1039,1039,0,40229876,00dff01e,0040,14da,f,1,4cde,22
1040,1040,0,40229876,00dff01e,0040,14da,f,1,4cde,1d
1041,1041,0,40229876,00dff01e,0040,14da,f,1,4cde,1d
1042,1042,0,40229876,00dff01e,0040,14da,f,1,4cde,0d
1043,1043,0,40229876,00dff01e,0040,14da,f,1,4cde,25
1044,1044,0,40229876,00dff01e,0040,14da,f,0,4cde,1d
1045,1045,0,40229876,00dff01e,0040,14da,f,0,4cde,1d
1046,1046,0,40229876,00dff01e,0040,14da,f,0,4cde,0d
1047,1047,0,40229876,00dff01e,0040,14da,f,0,4cde,25
1048,1048,0,40229876,00dff01e,0040,14da,f,0,4cde,1d
1049,1049,0,40229876,00dff01e,0040,14da,f,0,4cde,1d
1050,1050,0,40229876,00dff01e,0040,14da,f,0,4cde,0d
1051,1051,0,40229876,00dff01e,0040,14da,f,0,4cde,25
1052,1052,0,40229876,00dff01e,0040,14da,f,0,4cde,1d
1053,1053,0,40229876,00dff01e,0040,14da,f,0,4cde,1d
1054,1054,0,40229876,00dff01e,0040,14da,f,0,4cde,0d
1055,1055,0,40229876,00dff01e,0040,14da,f,0,4cde,25
1056,1056,0,40229876,00dff01e,0040,14da,f,1,4cde,1d
1057,1057,0,40229876,00dff01e,0040,14da,f,1,4cde,1d
1058,1058,0,40229876,00dff01e,0040,14da,f,1,4cde,0d
1059,1059,0,40229876,00dff01e,0040,14da,f,1,4cde,25
1060,1060,0,40229876,00dff01e,0040,14da,f,1,4cde,1d
1061,1061,0,40229876,00dff01e,0040,14da,f,1,4cde,1d
1062,1062,0,40229876,00dff01e,0040,14da,f,1,4cde,0d
1063,1063,0,40229876,00dff01e,0040,14da,f,1,4cde,25
1064,1064,0,40229876,00dff01e,0040,14da,f,1,4cde,1e
1065,1065,0,40229876,00dff01e,0040,14da,f,1,4cde,1e
1066,1066,0,40229876,00dff01e,0040,14da,f,1,4cde,0e
1067,1067,0,40229876,00dff01e,0040,14da,f,1,4cde,22
1068,1068,0,40229876,00dff01e,0040,14da,f,1,4cde,1d
1069,1069,0,40229876,00dff01e,0040,14da,f,1,4cde,1d
1070,1070,0,40229876,00dff01e,0040,14da,f,1,4cde,0d
1071,1071,0,40229876,00dff01e,0040,14da,f,1,4cde,25
1072,1072,0,40229876,00dff01e,0040,14da,f,1,4cde,1e
1073,1073,0,40229876,00dff01e,0040,14da,f,1,4cde,1e
1074,1074,0,40229876,00dff01e,0040,14da,f,1,4cde,0e
1075,1075,0,40229876,00dff01e,0040,14da,f,1,4cde,22
1076,1076,0,40229876,00dff01e,0040,14da,f,1,4cde,1d
1077,1077,0,40229876,00dff01e,0040,14da,f,1,4cde,1d
1078,1078,0,40229876,00dff01e,0040,14da,f,1,4cde,0d
1079,1079,0,40229876,00dff01e,0040,14da,f,1,4cde,25
1080,1080,0,40229876,00dff01e,0040,14da,f,0,4cde,1d
1081,1081,0,40229876,00dff01e,0040,14da,f,0,4cde,1d
1082,1082,0,40229876,00dff01e,0040,14da,f,0,4cde,0d
1083,1083,0,40229876,00dff01e,0040,14da,f,0,4cde,25
1084,1084,0,40229876,00dff01e,0040,14da,f,0,4cde,1d
1085,1085,0,40229876,00dff01e,0040,14da,f,0,4cde,1d
1086,1086,0,40229876,00dff01e,0040,14da,f,0,4cde,0d
1087,1087,0,40229876,00dff01e,0040,14da,f,0,4cde,25
1088,1088,0,40229876,00dff01e,0040,14da,f,0,4cde,1d
1089,1089,0,40229876,00dff01e,0040,14da,f,0,4cde,1d
1090,1090,0,40229876,00dff01e,0040,14da,f,0,4cde,0d
1091,1091,0,40229876,00dff01e,0040,14da,f,0,4cde,25
1092,1092,0,40229876,00dff01e,0040,14da,f,1,4cde,1d
1093,1093,0,40229876,00dff01e,0040,14da,f,1,4cde,1d
1094,1094,0,40229876,00dff01e,0040,14da,f,1,4cde,0d
1095,1095,0,40229876,00dff01e,0040,14da,f,1,4cde,25
1096,1096,0,40229876,00dff01e,0040,14da,f,1,4cde,1d
1097,1097,0,40229876,00dff01e,0040,14da,f,1,4cde,1d
1098,1098,0,40229876,00dff01e,0040,14da,f,1,4cde,0d
1099,1099,0,40229876,00dff01e,0040,14da,f,1,4cde,25
1100,1100,0,40229876,00dff01e,0040,14da,f,1,4cde,1e
1101,1101,0,40229876,00dff01e,0040,14da,f,1,4cde,1e
1102,1102,0,40229876,00dff01e,0040,14da,f,1,4cde,0e
1103,1103,0,40229876,00dff01e,0040,14da,f,1,4cde,02
1104,1104,0,40229876,00dff01e,0040,14da,f,1,4cde,02
1105,1105,0,40229876,00dff01e,0040,14da,f,1,4cde,02
1106,1106,0,40229876,00dff01e,0040,14da,f,1,4cde,02
1107,1107,0,40229876,00dff01e,0040,14da,f,1,4cde,02
1108,1108,0,40229876,00dff01e,0040,14da,f,1,4cde,02
1109,1109,0,40229876,00dff01e,0040,14da,f,1,4cde,02
1110,1110,0,40229876,00dff01e,0040,14da,f,1,4cde,02
1111,1111,0,40229876,00dff01e,0040,14da,f,1,4cde,02
1112,1112,0,40229876,00dff01e,0040,14da,f,1,4cde,02
1113,1113,0,40229876,00dff01e,0040,14da,f,1,4cde,02
1114,1114,0,40229876,00dff01e,0040,14da,f,1,4cde,02
1115,1115,0,40229876,00dff01e,0040,14da,f,1,4cde,02
1116,1116,0,40229876,00dff01e,0040,14da,f,1,4cde,02
1117,1117,0,40229876,00dff01e,0040,14da,f,1,4cde,02
1118,1118,0,40229876,00dff01e,0040,14da,f,1,4cde,02
1119,1119,0,40229876,00dff01e,0040,14da,f,1,4cde,02
1120,1120,0,40229876,00dff01e,0040,14da,f,1,4cde,02
1121,1121,0,40229876,00dff01e,0040,14da,f,1,4cde,02
1122,1122,0,40229876,00dff01e,0040,14da,f,1,4cde,02
1123,1123,0,40229876,00dff01e,0040,14da,f,1,4cde,02
1124,1124,0,40229876,00dff01e,0040,14da,f,1,4cde,02
1125,1125,0,40229876,00dff01e,0040,14da,f,1,4cde,02
1126,1126,0,40229876,00dff01e,0040,14da,f,1,4cde,02
1127,1127,0,40229876,00dff01e,0040,14da,f,1,4cde,22
1128,1128,0,40229876,00dff01e,0040,14da,f,1,4cde,1d
1129,1129,0,40229876,00dff01e,0040,14da,f,1,4cde,1d
1130,1130,0,40229876,00dff01e,0040,14da,f,1,4cde,0d
1131,1131,0,40229876,00dff01e,0040,14da,f,1,4cde,25
1132,1132,0,40229876,00dff01e,0040,14da,f,1,4cde,1e
1133,1133,0,40229876,00dff01e,0040,14da,f,1,4cde,1e
1134,1134,0,40229876,00dff01e,0040,14da,f,1,4cde,0e
1135,1135,0,40229876,00dff01e,0040,14da,f,1,4cde,22
1136,1136,0,40229876,00dff01e,0040,14da,f,1,4cde,1d
1137,1137,0,40229876,00dff01e,0040,14da,f,1,4cde,1d
1138,1138,0,40229876,00dff01e,0040,14da,f,1,4cde,0d
1139,1139,0,40229876,00dff01e,0040,14da,f,1,4cde,25
1140,1140,0,40229876,00dff01e,0040,14da,f,0,4cde,1d
1141,1141,0,40229876,00dff01e,0040,14da,f,0,4cde,1d
1142,1142,0,40229876,00dff01e,0040,14da,f,0,4cde,0d
1143,1143,0,40229876,00dff01e,0040,14da,f,0,4cde,25
1144,1144,0,40229876,00dff01e,0040,14da,f,0,4cde,1d
1145,1145,0,40229876,00dff01e,0040,14da,f,0,4cde,1d
1146,1146,0,40229876,00dff01e,0040,14da,f,0,4cde,0d
1147,1147,0,40229876,00dff01e,0040,14da,f,0,4cde,25
1148,1148,0,40229876,00dff01e,0040,14da,f,0,4cde,1d
1149,1149,0,40229876,00dff01e,0040,14da,f,0,4cde,1d
1150,1150,0,40229876,00dff01e,0040,14da,f,0,4cde,0d
1151,1151,0,40229876,00dff01e,0040,14da,f,0,4cde,25
1152,1152,0,40229876,00dff01e,0040,14da,f,1,4cde,1d
1153,1153,0,40229876,00dff01e,0040,14da,f,1,4cde,1d
1154,1154,0,40229876,00dff01e,0040,14da,f,1,4cde,0d
1155,1155,0,40229876,00dff01e,0040,14da,f,1,4cde,25
1156,1156,0,40229876,00dff01e,0040,14da,f,1,4cde,1d
1157,1157,0,40229876,00dff01e,0040,14da,f,1,4cde,1d
1158,1158,0,40229876,00dff01e,0040,14da,f,1,4cde,0d
1159,1159,0,40229876,00dff01e,0040,14da,f,1,4cde,25
1160,1160,0,40229876,00dff01e,0040,14da,f,1,4cde,1e
1161,1161,0,40229876,00dff01e,0040,14da,f,1,4cde,1e
1162,1162,0,40229876,00dff01e,0040,14da,f,1,4cde,0e
1163,1163,0,40229876,00dff01e,0040,14da,f,1,4cde,22
1164,1164,0,40229876,00dff01e,0040,14da,f,1,4cde,1d
1165,1165,0,40229876,00dff01e,0040,14da,f,1,4cde,1d
1166,1166,0,40229876,00dff01e,0040,14da,f,1,4cde,0d
1167,1167,0,40229876,00dff01e,0040,14da,f,1,4cde,25
1168,1168,0,40229876,00dff01e,0040,14da,f,1,4cde,1e
1169,1169,0,40229876,00dff01e,0040,14da,f,1,4cde,1e
1170,1170,0,40229876,00dff01e,0040,14da,f,1,4cde,0e
1171,1171,0,40229876,00dff01e,0040,14da,f,1,4cde,22
1172,1172,0,40229876,00dff01e,0040,14da,f,1,4cde,1d
1173,1173,0,40229876,00dff01e,0040,14da,f,1,4cde,1d
1174,1174,0,40229876,00dff01e,0040,14da,f,1,4cde,0d
1175,1175,0,40229876,00dff01e,0040,14da,f,1,4cde,25
1176,1176,0,40229876,00dff01e,0040,14da,f,0,4cde,1d
1177,1177,0,40229876,00dff01e,0040,14da,f,0,4cde,1d
1178,1178,0,40229876,00dff01e,0040,14da,f,0,4cde,0d
1179,1179,0,40229876,00dff01e,0040,14da,f,0,4cde,25
1180,1180,0,40229876,00dff01e,0040,14da,f,0,4cde,1d
1181,1181,0,40229876,00dff01e,0040,14da,f,0,4cde,1d
1182,1182,0,40229876,00dff01e,0040,14da,f,0,4cde,0d
1183,1183,0,40229876,00dff01e,0040,14da,f,0,4cde,25
1184,1184,0,40229876,00dff01e,0040,14da,f,0,4cde,1d
1185,1185,0,40229876,00dff01e,0040,14da,f,0,4cde,1d
1186,1186,0,40229876,00dff01e,0040,14da,f,0,4cde,0d
1187,1187,0,40229876,00dff01e,0040,14da,f,0,4cde,25
1188,1188,0,40229876,00dff01e,0040,14da,f,1,4cde,1d
1189,1189,0,40229876,00dff01e,0040,14da,f,1,4cde,1d
1190,1190,0,40229876,00dff01e,0040,14da,f,1,4cde,0d
1191,1191,0,40229876,00dff01e,0040,14da,f,1,4cde,25
1192,1192,0,40229876,00dff01e,0040,14da,f,1,4cde,1d
1193,1193,0,40229876,00dff01e,0040,14da,f,1,4cde,1d
1194,1194,0,40229876,00dff01e,0040,14da,f,1,4cde,0d
1195,1195,0,40229876,00dff01e,0040,14da,f,1,4cde,25
1196,1196,0,40229876,00dff01e,0040,14da,f,1,4cde,1e
1197,1197,0,40229876,00dff01e,0040,14da,f,1,4cde,1e
1198,1198,0,40229876,00dff01e,0040,14da,f,1,4cde,0e
1199,1199,0,40229876,00dff01e,0040,14da,f,1,4cde,22
1200,1200,0,40229876,00dff01e,0040,14da,f,1,4cde,1d
1201,1201,0,40229876,00dff01e,0040,14da,f,1,4cde,1d
1202,1202,0,40229876,00dff01e,0040,14da,f,1,4cde,0d
1203,1203,0,40229876,00dff01e,0040,14da,f,1,4cde,25
1204,1204,0,40229876,00dff01e,0040,14da,f,1,4cde,1e
1205,1205,0,40229876,00dff01e,0040,14da,f,1,4cde,1e
1206,1206,0,40229876,00dff01e,0040,14da,f,1,4cde,0e
1207,1207,0,40229876,00dff01e,0040,14da,f,1,4cde,22
1208,1208,0,40229876,00dff01e,0040,14da,f,1,4cde,1d
1209,1209,0,40229876,00dff01e,0040,14da,f,1,4cde,1d
1210,1210,0,40229876,00dff01e,0040,14da,f,1,4cde,0d
1211,1211,0,40229876,00dff01e,0040,14da,f,1,4cde,25
1212,1212,0,40229876,00dff01e,0040,14da,f,0,4cde,1d
1213,1213,0,40229876,00dff01e,0040,14da,f,0,4cde,1d
1214,1214,0,40229876,00dff01e,0040,14da,f,0,4cde,0d
1215,1215,0,40229876,00dff01e,0040,14da,f,0,4cde,25
1216,1216,0,40229876,00dff01e,0040,14da,f,0,4cde,1d
1217,1217,0,40229876,00dff01e,0040,14da,f,0,4cde,1d
1218,1218,0,40229876,00dff01e,0040,14da,f,0,4cde,0d
1219,1219,0,40229876,00dff01e,0040,14da,f,0,4cde,25
1220,1220,0,40229876,00dff01e,0040,14da,f,0,4cde,1d
1221,1221,0,40229876,00dff01e,0040,14da,f,0,4cde,1d
1222,1222,0,40229876,00dff01e,0040,14da,f,0,4cde,0d
1223,1223,0,40229876,00dff01e,0040,14da,f,0,4cde,25
1224,1224,0,40229876,00dff01e,0040,14da,f,1,4cde,1d
1225,1225,0,40229876,00dff01e,0040,14da,f,1,4cde,1d
1226,1226,0,40229876,00dff01e,0040,14da,f,1,4cde,0d
1227,1227,0,40229876,00dff01e,0040,14da,f,1,4cde,25
1228,1228,0,40229876,00dff01e,0040,14da,f,1,4cde,1d
1229,1229,0,40229876,00dff01e,0040,14da,f,1,4cde,1d
1230,1230,0,40229876,00dff01e,0040,14da,f,1,4cde,0d
1231,1231,0,40229876,00dff01e,0040,14da,f,1,4cde,25
1232,1232,0,40229876,00dff01e,0040,14da,f,1,4cde,1e
1233,1233,0,40229876,00dff01e,0040,14da,f,1,4cde,1e
1234,1234,0,40229876,00dff01e,0040,14da,f,1,4cde,0e
1235,1235,0,40229876,00dff01e,0040,14da,f,1,4cde,22
1236,1236,0,40229876,00dff01e,0040,14da,f,1,4cde,1d
1237,1237,0,40229876,00dff01e,0040,14da,f,1,4cde,1d
1238,1238,0,40229876,00dff01e,0040,14da,f,1,4cde,0d
1239,1239,0,40229876,00dff01e,0040,14da,f,1,4cde,25
1240,1240,0,40229876,00dff01e,0040,14da,f,1,4cde,1e
1241,1241,0,40229876,00dff01e,0040,14da,f,1,4cde,1e
1242,1242,0,40229876,00dff01e,0040,14da,f,1,4cde,0e
1243,1243,0,40229876,00dff01e,0040,14da,f,1,4cde,22
1244,1244,0,40229876,00dff01e,0040,14da,f,1,4cde,1d
1245,1245,0,40229876,00dff01e,0040,14da,f,1,4cde,1d
1246,1246,0,40229876,00dff01e,0040,14da,f,1,4cde,0d
1247,1247,0,40229876,00dff01e,0040,14da,f,1,4cde,25
1248,1248,0,40229876,00dff01e,0040,14da,f,0,4cde,1d
1249,1249,0,40229876,00dff01e,0040,14da,f,0,4cde,1d
1250,1250,0,40229876,00dff01e,0040,14da,f,0,4cde,0d
1251,1251,0,40229876,00dff01e,0040,14da,f,0,4cde,25
1252,1252,0,40229876,00dff01e,0040,14da,f,0,4cde,1d
1253,1253,0,40229876,00dff01e,0040,14da,f,0,4cde,1d
1254,1254,0,40229876,00dff01e,0040,14da,f,0,4cde,0d
1255,1255,0,40229876,00dff01e,0040,14da,f,0,4cde,25
1256,1256,0,40229876,00dff01e,0040,14da,f,0,4cde,1d
1257,1257,0,40229876,00dff01e,0040,14da,f,0,4cde,1d
1258,1258,0,40229876,00dff01e,0040,14da,f,0,4cde,0d
1259,1259,0,40229876,00dff01e,0040,14da,f,0,4cde,25
1260,1260,0,40229876,00dff01e,0040,14da,f,1,4cde,1d
1261,1261,0,40229876,00dff01e,0040,14da,f,1,4cde,1d
1262,1262,0,40229876,00dff01e,0040,14da,f,1,4cde,0d
1263,1263,0,40229876,00dff01e,0040,14da,f,1,4cde,25
1264,1264,0,40229876,00dff01e,0040,14da,f,1,4cde,1d
1265,1265,0,40229876,00dff01e,0040,14da,f,1,4cde,1d
1266,1266,0,40229876,00dff01e,0040,14da,f,1,4cde,0d
1267,1267,0,40229876,00dff01e,0040,14da,f,1,4cde,25
1268,1268,0,40229876,00dff01e,0040,14da,f,1,4cde,1e
1269,1269,0,40229876,00dff01e,0040,14da,f,1,4cde,1e
1270,1270,0,40229876,00dff01e,0040,14da,f,1,4cde,0e
1271,1271,0,40229876,00dff01e,0040,14da,f,1,4cde,02
1272,1272,0,40229876,00dff01e,0040,14da,f,1,4cde,02
1273,1273,0,40229876,00dff01e,0040,14da,f,1,4cde,02
1274,1274,0,40229876,00dff01e,0040,14da,f,1,4cde,02
1275,1275,0,40229876,00dff01e,0040,14da,f,1,4cde,02
1276,1276,0,40229876,00dff01e,0040,14da,f,1,4cde,02
1277,1277,0,40229876,00dff01e,0040,14da,f,1,4cde,02
1278,1278,0,40229876,00dff01e,0040,14da,f,1,4cde,02
1279,1279,0,40229876,00dff01e,0040,14da,f,1,4cde,02
1280,1280,0,40229876,00dff01e,0040,14da,f,1,4cde,02
1281,1281,0,40229876,00dff01e,0040,14da,f,1,4cde,02
1282,1282,0,40229876,00dff01e,0040,14da,f,1,4cde,02
1283,1283,0,40229876,00dff01e,0040,14da,f,1,4cde,02
1284,1284,0,40229876,00dff01e,0040,14da,f,1,4cde,02
1285,1285,0,40229876,00dff01e,0040,14da,f,1,4cde,02
1286,1286,0,40229876,00dff01e,0040,14da,f,1,4cde,02
1287,1287,0,40229876,00dff01e,0040,14da,f,1,4cde,22
1288,1288,0,40229876,00dff01e,0040,14da,f,1,4cde,1d
1289,1289,0,40229876,00dff01e,0040,14da,f,1,4cde,1d
1290,1290,0,40229876,00dff01e,0040,14da,f,1,4cde,0d
1291,1291,0,40229876,00dff01e,0040,14da,f,1,4cde,25
1292,1292,0,40229876,00dff01e,0040,14da,f,1,4cde,1e
1293,1293,0,40229876,00dff01e,0040,14da,f,1,4cde,1e
1294,1294,0,40229876,00dff01e,0040,14da,f,1,4cde,0e
1295,1295,0,40229876,00dff01e,0040,14da,f,1,4cde,22
1296,1296,0,40229876,00dff01e,0040,14da,f,1,4cde,1d
1297,1297,0,40229876,00dff01e,0040,14da,f,1,4cde,1d
1298,1298,0,40229876,00dff01e,0040,14da,f,1,4cde,0d
1299,1299,0,40229876,00dff01e,0040,14da,f,1,4cde,25
1300,1300,0,40229876,00dff01e,0040,14da,f,0,4cde,1d
1301,1301,0,40229876,00dff01e,0040,14da,f,0,4cde,1d
1302,1302,0,40229876,00dff01e,0040,14da,f,0,4cde,0d
1303,1303,0,40229876,00dff01e,0040,14da,f,0,4cde,25
1304,1304,0,40229876,00dff01e,0040,14da,f,0,4cde,1d
1305,1305,0,40229876,00dff01e,0040,14da,f,0,4cde,1d
1306,1306,0,40229876,00dff01e,0040,14da,f,0,4cde,0d
1307,1307,0,40229876,00dff01e,0040,14da,f,0,4cde,25
1308,1308,0,40229876,00dff01e,0040,14da,f,0,4cde,1d
1309,1309,0,40229876,00dff01e,0040,14da,f,0,4cde,1d
1310,1310,0,40229876,00dff01e,0040,14da,f,0,4cde,0d
1311,1311,0,40229876,00dff01e,0040,14da,f,0,4cde,25
1312,1312,0,40229876,00dff01e,0040,14da,f,1,4cde,1d
1313,1313,0,40229876,00dff01e,0040,14da,f,1,4cde,1d
1314,1314,0,40229876,00dff01e,0040,14da,f,1,4cde,0d
1315,1315,0,40229876,00dff01e,0040,14da,f,1,4cde,25
1316,1316,0,40229876,00dff01e,0040,14da,f,1,4cde,1d
1317,1317,0,40229876,00dff01e,0040,14da,f,1,4cde,1d
1318,1318,0,40229876,00dff01e,0040,14da,f,1,4cde,0d
1319,1319,0,40229876,00dff01e,0040,14da,f,1,4cde,25
1320,1320,0,40229876,00dff01e,0040,14da,f,1,4cde,1e
1321,1321,0,40229876,00dff01e,0040,14da,f,1,4cde,1e
1322,1322,0,40229876,00dff01e,0040,14da,f,1,4cde,0e
1323,1323,0,40229876,00dff01e,0040,14da,f,1,4cde,22
1324,1324,0,40229876,00dff01e,0040,14da,f,1,4cde,1d
1325,1325,0,40229876,00dff01e,0040,14da,f,1,4cde,1d
1326,1326,0,40229876,00dff01e,0040,14da,f,1,4cde,0d
1327,1327,0,40229876,00dff01e,0040,14da,f,1,4cde,25
1328,1328,0,40229876,00dff01e,0040,14da,f,1,4cde,1e
1329,1329,0,40229876,00dff01e,0040,14da,f,1,4cde,1e
1330,1330,0,40229876,00dff01e,0040,14da,f,1,4cde,0e
1331,1331,0,40229876,00dff01e,0040,14da,f,1,4cde,22
1332,1332,0,40229876,00dff01e,0040,14da,f,1,4cde,1d
1333,1333,0,40229876,00dff01e,0040,14da,f,1,4cde,1d
1334,1334,0,40229876,00dff01e,0040,14da,f,1,4cde,0d
1335,1335,0,40229876,00dff01e,0040,14da,f,1,4cde,25
1336,1336,0,40229876,00dff01e,0040,14da,f,0,4cde,1d
1337,1337,0,40229876,00dff01e,0040,14da,f,0,4cde,1d
1338,1338,0,40229876,00dff01e,0040,14da,f,0,4cde,0d
1339,1339,0,40229876,00dff01e,0040,14da,f,0,4cde,25
1340,1340,0,40229876,00dff01e,0040,14da,f,0,4cde,1d
1341,1341,0,40229876,00dff01e,0040,14da,f,0,4cde,1d
1342,1342,0,40229876,00dff01e,0040,14da,f,0,4cde,0d
1343,1343,0,40229876,00dff01e,0040,14da,f,0,4cde,25
1344,1344,0,40229876,00dff01e,0040,14da,f,0,4cde,1d
1345,1345,0,40229876,00dff01e,0040,14da,f,0,4cde,1d
1346,1346,0,40229876,00dff01e,0040,14da,f,0,4cde,0d
1347,1347,0,40229876,00dff01e,0040,14da,f,0,4cde,25
1348,1348,0,40229876,00dff01e,0040,14da,f,1,4cde,1d
1349,1349,0,40229876,00dff01e,0040,14da,f,1,4cde,1d
1350,1350,0,40229876,00dff01e,0040,14da,f,1,4cde,0d
1351,1351,0,40229876,00dff01e,0040,14da,f,1,4cde,25
1352,1352,0,40229876,00dff01e,0040,14da,f,1,4cde,1d
1353,1353,0,40229876,00dff01e,0040,14da,f,1,4cde,1d
1354,1354,0,40229876,00dff01e,0040,14da,f,1,4cde,0d
1355,1355,0,40229876,00dff01e,0040,14da,f,1,4cde,25
1356,1356,0,40229876,00dff01e,0040,14da,f,1,4cde,1e
1357,1357,0,40229876,00dff01e,0040,14da,f,1,4cde,1e
1358,1358,0,40229876,00dff01e,0040,14da,f,1,4cde,0e
1359,1359,0,40229876,00dff01e,0040,14da,f,1,4cde,22
1360,1360,0,40229876,00dff01e,0040,14da,f,1,4cde,1d
1361,1361,0,40229876,00dff01e,0040,14da,f,1,4cde,1d
1362,1362,0,40229876,00dff01e,0040,14da,f,1,4cde,0d
1363,1363,0,40229876,00dff01e,0040,14da,f,1,4cde,25
1364,1364,0,40229876,00dff01e,0040,14da,f,1,4cde,1e
1365,1365,0,40229876,00dff01e,0040,14da,f,1,4cde,1e
1366,1366,0,40229876,00dff01e,0040,14da,f,1,4cde,0e
1367,1367,0,40229876,00dff01e,0040,14da,f,1,4cde,22
1368,1368,0,40229876,00dff01e,0040,14da,f,1,4cde,1d
1369,1369,0,40229876,00dff01e,0040,14da,f,1,4cde,1d
1370,1370,0,40229876,00dff01e,0040,14da,f,1,4cde,0d
1371,1371,0,40229876,00dff01e,0040,14da,f,1,4cde,25
1372,1372,0,40229876,00dff01e,0040,14da,f,0,4cde,1d
1373,1373,0,40229876,00dff01e,0040,14da,f,0,4cde,1d
1374,1374,0,40229876,00dff01e,0040,14da,f,0,4cde,0d
1375,1375,0,40229876,00dff01e,0040,14da,f,0,4cde,25
1376,1376,0,40229876,00dff01e,0040,14da,f,0,4cde,1d
1377,1377,0,40229876,00dff01e,0040,14da,f,0,4cde,1d
1378,1378,0,40229876,00dff01e,0040,14da,f,0,4cde,0d
1379,1379,0,40229876,00dff01e,0040,14da,f,0,4cde,25
1380,1380,0,40229876,00dff01e,0040,14da,f,0,4cde,1d
1381,1381,0,40229876,00dff01e,0040,14da,f,0,4cde,1d
1382,1382,0,40229876,00dff01e,0040,14da,f,0,4cde,0d
1383,1383,0,40229876,00dff01e,0040,14da,f,0,4cde,25
1384,1384,0,40229876,00dff01e,0040,14da,f,1,4cde,1d
1385,1385,0,40229876,00dff01e,0040,14da,f,1,4cde,1d
1386,1386,0,40229876,00dff01e,0040,14da,f,1,4cde,0d
1387,1387,0,40229876,00dff01e,0040,14da,f,1,4cde,25
1388,1388,0,40229876,00dff01e,0040,14da,f,1,4cde,1d
1389,1389,0,40229876,00dff01e,0040,14da,f,1,4cde,1d
1390,1390,0,40229876,00dff01e,0040,14da,f,1,4cde,0d
1391,1391,0,40229876,00dff01e,0040,14da,f,1,4cde,25
1392,1392,0,40229876,00dff01e,0040,14da,f,1,4cde,1e
1393,1393,0,40229876,00dff01e,0040,14da,f,1,4cde,1e
1394,1394,0,40229876,00dff01e,0040,14da,f,1,4cde,0e
1395,1395,0,40229876,00dff01e,0040,14da,f,1,4cde,22
1396,1396,0,40229876,00dff01e,0040,14da,f,1,4cde,1d
1397,1397,0,40229876,00dff01e,0040,14da,f,1,4cde,1d
1398,1398,0,40229876,00dff01e,0040,14da,f,1,4cde,0d
1399,1399,0,40229876,00dff01e,0040,14da,f,1,4cde,25
1400,1400,0,40229876,00dff01e,0040,14da,f,1,4cde,1e
1401,1401,0,40229876,00dff01e,0040,14da,f,1,4cde,1e
1402,1402,0,40229876,00dff01e,0040,14da,f,1,4cde,0e
1403,1403,0,40229876,00dff01e,0040,14da,f,1,4cde,22
1404,1404,0,40229876,00dff01e,0040,14da,f,1,4cde,1d
1405,1405,0,40229876,00dff01e,0040,14da,f,1,4cde,1d
1406,1406,0,40229876,00dff01e,0040,14da,f,1,4cde,0d
1407,1407,0,40229876,00dff01e,0040,14da,f,1,4cde,25
1408,1408,0,40229876,00dff01e,0040,14da,f,0,4cde,1d
1409,1409,0,40229876,00dff01e,0040,14da,f,0,4cde,1d
1410,1410,0,40229876,00dff01e,0040,14da,f,0,4cde,0d
1411,1411,0,40229876,00dff01e,0040,14da,f,0,4cde,25
1412,1412,0,40229876,00dff01e,0040,14da,f,0,4cde,1d
1413,1413,0,40229876,00dff01e,0040,14da,f,0,4cde,1d
1414,1414,0,40229876,00dff01e,0040,14da,f,0,4cde,0d
1415,1415,0,40229876,00dff01e,0040,14da,f,0,4cde,25
1416,1416,0,40229876,00dff01e,0040,14da,f,0,4cde,1d
1417,1417,0,40229876,00dff01e,0040,14da,f,0,4cde,1d
1418,1418,0,40229876,00dff01e,0040,14da,f,0,4cde,0d
1419,1419,0,40229876,00dff01e,0040,14da,f,0,4cde,25
1420,1420,0,40229878,00dff01e,0040,14da,f,0,4cde,1d
1421,1421,0,40229878,00dff01e,0040,14da,f,0,4cde,1d
1422,1422,0,40229878,00dff01e,0040,14da,f,0,4cde,0d
1423,1423,0,40229878,00dff01e,0040,14da,f,0,4cde,25
1424,1424,0,40229878,00dff01e,0040,14da,f,1,4cde,1d
1425,1425,0,40229878,00dff01e,0040,14da,f,1,4cde,1d
1426,1426,0,40229878,00dff01e,0040,14da,f,1,4cde,0d
1427,1427,0,40229878,00dff01e,0040,14da,f,1,4cde,25
1428,1428,0,4022987a,00dff01e,0040,14da,f,1,4cde,1d
1429,1429,0,4022987a,00dff01e,0040,14da,f,1,4cde,1d
1430,1430,0,4022987a,00dff01e,0040,14da,f,1,4cde,0d
1431,1431,0,4022987a,00dff01e,0040,14da,f,1,4cde,25
1432,1432,0,4022987a,00dff01e,0040,14da,f,1,4cde,1d
1433,1433,0,4022987a,00dff01e,0040,14da,f,1,4cde,1d
1434,1434,0,4022987a,00dff01e,0040,14da,f,1,4cde,0d
1435,1435,0,4022987a,00dff01e,0040,14da,f,1,4cde,25
1436,1436,0,4022987a,00dff01e,0040,14da,f,0,4cde,1d
1437,1437,0,4022987a,00dff01e,0040,14da,f,0,4cde,1d
1438,1438,0,4022987a,00dff01e,0040,14da,f,0,4cde,0d
1439,1439,0,4022987a,00dff01e,0040,14da,f,0,4cde,25
1440,1440,0,4022987a,00dff01e,0040,14da,f,0,4cde,1d
1441,1441,0,4022987a,00dff01e,0040,14da,f,0,4cde,1d
1442,1442,0,4022987a,00dff01e,0040,14da,f,0,4cde,0d
1443,1443,0,4022987a,00dff01e,0040,14da,f,0,4cde,25
1444,1444,0,4022987a,00dff01e,0040,14da,f,1,4cde,1d
1445,1445,0,4022987a,00dff01e,0040,14da,f,1,4cde,1d
1446,1446,0,4022987a,00dff01e,0040,14da,f,1,4cde,0d
1447,1447,0,4022987a,00dff01e,0040,14da,f,1,4cde,25
1448,1448,0,4022987a,00dff01e,0040,14da,f,1,4cde,1d
1449,1449,0,4022987a,00dff01e,0040,14da,f,1,4cde,1d
1450,1450,0,4022987a,00dff01e,0040,14da,f,1,4cde,0d
1451,1451,0,4022987a,00dff01e,0040,14da,f,1,4cde,25
1452,1452,0,4022987a,00dff01e,0040,14da,f,1,4cde,1e
1453,1453,0,4022987a,00dff01e,0040,14da,f,1,4cde,1e
1454,1454,0,4022987a,00dff01e,0040,14da,f,1,4cde,0e
1455,1455,0,4022987a,00dff01e,0040,14da,f,1,4cde,02
1456,1456,0,4022987a,00dff01e,0040,14da,f,1,4cde,02
1457,1457,0,4022987a,00dff01e,0040,14da,f,1,4cde,02
1458,1458,0,4022987a,00dff01e,0040,14da,f,1,4cde,02
1459,1459,0,4022987a,00dff01e,0040,14da,f,1,4cde,02
1460,1460,0,4022987a,00dff01e,0040,14da,f,1,4cde,02
1461,1461,0,4022987a,00dff01e,0040,14da,f,1,4cde,02
1462,1462,0,4022987a,00dff01e,0040,14da,f,1,4cde,02
1463,1463,0,4022987a,00dff01e,0040,14da,f,1,4cde,02
1464,1464,0,4022987a,00dff01e,0040,14da,f,1,4cde,02
1465,1465,0,4022987a,00dff01e,0040,14da,f,1,4cde,02
1466,1466,0,4022987a,00dff01e,0040,14da,f,1,4cde,02
1467,1467,0,4022987a,00dff01e,0040,14da,f,1,4cde,02
1468,1468,0,4022987a,00dff01e,0040,14da,f,1,4cde,02
1469,1469,0,4022987a,00dff01e,0040,14da,f,1,4cde,02
1470,1470,0,4022987a,00dff01e,0040,14da,f,1,4cde,02
1471,1471,0,4022987a,00dff01e,0040,14da,f,1,4cde,02
1472,1472,0,4022987a,00dff01e,0040,14da,f,1,4cde,02
1473,1473,0,4022987a,00dff01e,0040,14da,f,1,4cde,02
1474,1474,0,4022987a,00dff01e,0040,14da,f,1,4cde,02
1475,1475,0,4022987a,00dff01e,0040,14da,f,1,4cde,02
1476,1476,0,4022987a,00dff01e,0040,14da,f,1,4cde,02
1477,1477,0,4022987a,00dff01e,0040,14da,f,1,4cde,02
1478,1478,0,4022987a,00dff01e,0040,14da,f,1,4cde,02
1479,1479,0,4022987a,00dff01e,0040,14da,f,1,4cde,22
1480,1480,0,4022987a,00dff01e,0040,14da,f,1,4cde,1d
1481,1481,0,4022987a,00dff01e,0040,14da,f,1,4cde,1d
1482,1482,0,4022987a,00dff01e,0040,14da,f,1,4cde,0d
1483,1483,0,4022987a,00dff01e,0040,14da,f,1,4cde,25
1484,1484,0,4022987a,00dff01e,0040,14da,f,1,4cde,1e
1485,1485,0,4022987a,00dff01e,0040,14da,f,1,4cde,1e
1486,1486,0,4022987a,00dff01e,0040,14da,f,1,4cde,0e
1487,1487,0,4022987a,00dff01e,0040,14da,f,1,4cde,22
1488,1488,0,4022987a,00dff01e,0040,14da,f,1,4cde,1d
1489,1489,0,4022987a,00dff01e,0040,14da,f,1,4cde,1d
1490,1490,0,4022987a,00dff01e,0040,14da,f,1,4cde,0d
1491,1491,0,4022987a,00dff01e,0040,14da,f,1,4cde,25
1492,1492,0,4022987a,00dff01e,0040,14da,f,0,4cde,1d
1493,1493,0,4022987a,00dff01e,0040,14da,f,0,4cde,1d
1494,1494,0,4022987a,00dff01e,0040,14da,f,0,4cde,0d
1495,1495,0,4022987a,00dff01e,0040,14da,f,0,4cde,25
1496,1496,0,4022987a,00dff01e,0040,14da,f,0,4cde,1d
1497,1497,0,4022987a,00dff01e,0040,14da,f,0,4cde,1d
1498,1498,0,4022987a,00dff01e,0040,14da,f,0,4cde,0d
1499,1499,0,4022987a,00dff01e,0040,14da,f,0,4cde,25
1500,1500,0,4022987a,00dff01e,0040,14da,f,0,4cde,1d
1501,1501,0,4022987a,00dff01e,0040,14da,f,0,4cde,1d
1502,1502,0,4022987a,00dff01e,0040,14da,f,0,4cde,0d
1503,1503,0,4022987a,00dff01e,0040,14da,f,0,4cde,25
1504,1504,0,4022987a,00dff01e,0040,14da,f,1,4cde,1d
1505,1505,0,4022987a,00dff01e,0040,14da,f,1,4cde,1d
1506,1506,0,4022987a,00dff01e,0040,14da,f,1,4cde,0d
1507,1507,0,4022987a,00dff01e,0040,14da,f,1,4cde,25
1508,1508,0,4022987a,00dff01e,0040,14da,f,1,4cde,1d
1509,1509,0,4022987a,00dff01e,0040,14da,f,1,4cde,1d
1510,1510,0,4022987a,00dff01e,0040,14da,f,1,4cde,0d
1511,1511,0,4022987a,00dff01e,0040,14da,f,1,4cde,25
1512,1512,0,4022987a,00dff01e,0040,14da,f,1,4cde,1e
1513,1513,0,4022987a,00dff01e,0040,14da,f,1,4cde,1e
1514,1514,0,4022987a,00dff01e,0040,14da,f,1,4cde,0e
1515,1515,0,4022987a,00dff01e,0040,14da,f,1,4cde,22
1516,1516,0,4022987a,00dff01e,0040,14da,f,1,4cde,1d
1517,1517,0,4022987a,00dff01e,0040,14da,f,1,4cde,1d
1518,1518,0,4022987a,00dff01e,0040,14da,f,1,4cde,0d
1519,1519,0,4022987a,00dff01e,0040,14da,f,1,4cde,25
1520,1520,0,4022987a,00dff01e,0040,14da,f,1,4cde,1e
1521,1521,0,4022987a,00dff01e,0040,14da,f,1,4cde,1e
1522,1522,0,4022987a,00dff01e,0040,14da,f,1,4cde,0e
1523,1523,0,4022987a,00dff01e,0040,14da,f,1,4cde,22
1524,1524,0,4022987a,00dff01e,0040,14da,f,1,4cde,1d
1525,1525,0,4022987a,00dff01e,0040,14da,f,1,4cde,1d
1526,1526,0,4022987a,00dff01e,0040,14da,f,1,4cde,0d
1527,1527,0,4022987a,00dff01e,0040,14da,f,1,4cde,25
1528,1528,0,4022987a,00dff01e,0040,14da,f,0,4cde,1d
1529,1529,0,4022987a,00dff01e,0040,14da,f,0,4cde,1d
1530,1530,0,4022987a,00dff01e,0040,14da,f,0,4cde,0d
1531,1531,0,4022987a,00dff01e,0040,14da,f,0,4cde,25
1532,1532,0,4022987a,00dff01e,0040,14da,f,0,4cde,1d
1533,1533,0,4022987a,00dff01e,0040,14da,f,0,4cde,1d
1534,1534,0,4022987a,00dff01e,0040,14da,f,0,4cde,0d
1535,1535,0,4022987a,00dff01e,0040,14da,f,0,4cde,25
1536,1536,0,4022987a,00dff01e,0040,14da,f,0,4cde,1d
1537,1537,0,4022987a,00dff01e,0040,14da,f,0,4cde,1d
1538,1538,0,4022987a,00dff01e,0040,14da,f,0,4cde,0d
1539,1539,0,4022987a,00dff01e,0040,14da,f,0,4cde,25
1540,1540,0,4022987a,00dff01e,0040,14da,f,1,4cde,1d
1541,1541,0,4022987a,00dff01e,0040,14da,f,1,4cde,1d
1542,1542,0,4022987a,00dff01e,0040,14da,f,1,4cde,0d
1543,1543,0,4022987a,00dff01e,0040,14da,f,1,4cde,25
1544,1544,0,4022987a,00dff01e,0040,14da,f,1,4cde,1d
1545,1545,0,4022987a,00dff01e,0040,14da,f,1,4cde,1d
1546,1546,0,4022987a,00dff01e,0040,14da,f,1,4cde,0d
1547,1547,0,4022987a,00dff01e,0040,14da,f,1,4cde,25
1548,1548,0,4022987a,00dff01e,0040,14da,f,1,4cde,1e
1549,1549,0,4022987a,00dff01e,0040,14da,f,1,4cde,1e
1550,1550,0,4022987a,00dff01e,0040,14da,f,1,4cde,0e
1551,1551,0,4022987a,00dff01e,0040,14da,f,1,4cde,22
1552,1552,0,4022987a,00dff01e,0040,14da,f,1,4cde,1d
1553,1553,0,4022987a,00dff01e,0040,14da,f,1,4cde,1d
1554,1554,0,4022987a,00dff01e,0040,14da,f,1,4cde,0d
1555,1555,0,4022987a,00dff01e,0040,14da,f,1,4cde,25
1556,1556,0,4022987a,00dff01e,0040,14da,f,1,4cde,1e
1557,1557,0,4022987a,00dff01e,0040,14da,f,1,4cde,1e
1558,1558,0,4022987a,00dff01e,0040,14da,f,1,4cde,0e
1559,1559,0,4022987a,00dff01e,0040,14da,f,1,4cde,22
1560,1560,0,4022987a,00dff01e,0040,14da,f,1,4cde,1d
1561,1561,0,4022987a,00dff01e,0040,14da,f,1,4cde,1d
1562,1562,0,4022987a,00dff01e,0040,14da,f,1,4cde,0d
1563,1563,0,4022987a,00dff01e,0040,14da,f,1,4cde,25
1564,1564,0,4022987a,00dff01e,0040,14da,f,0,4cde,1d
1565,1565,0,4022987a,00dff01e,0040,14da,f,0,4cde,1d
1566,1566,0,4022987a,00dff01e,0040,14da,f,0,4cde,0d
1567,1567,0,4022987a,00dff01e,0040,14da,f,0,4cde,25
1568,1568,0,4022987a,00dff01e,0040,14da,f,0,4cde,1d
1569,1569,0,4022987a,00dff01e,0040,14da,f,0,4cde,1d
1570,1570,0,4022987a,00dff01e,0040,14da,f,0,4cde,0d
1571,1571,0,4022987a,00dff01e,0040,14da,f,0,4cde,25
1572,1572,0,4022987a,00dff01e,0040,14da,f,0,4cde,1d
1573,1573,0,4022987a,00dff01e,0040,14da,f,0,4cde,1d
1574,1574,0,4022987a,00dff01e,0040,14da,f,0,4cde,0d
1575,1575,0,4022987a,00dff01e,0040,14da,f,0,4cde,25
1576,1576,0,4022987a,00dff01e,0040,14da,f,1,4cde,1d
1577,1577,0,4022987a,00dff01e,0040,14da,f,1,4cde,1d
1578,1578,0,4022987a,00dff01e,0040,14da,f,1,4cde,0d
1579,1579,0,4022987a,00dff01e,0040,14da,f,1,4cde,25
1580,1580,0,4022987a,00dff01e,0040,14da,f,1,4cde,1d
1581,1581,0,4022987a,00dff01e,0040,14da,f,1,4cde,1d
1582,1582,0,4022987a,00dff01e,0040,14da,f,1,4cde,0d
1583,1583,0,4022987a,00dff01e,0040,14da,f,1,4cde,25
1584,1584,0,4022987a,00dff01e,0040,14da,f,1,4cde,1e
1585,1585,0,4022987a,00dff01e,0040,14da,f,1,4cde,1e
1586,1586,0,4022987a,00dff01e,0040,14da,f,1,4cde,0e
1587,1587,0,4022987a,00dff01e,0040,14da,f,1,4cde,22
1588,1588,0,4022987a,00dff01e,0040,14da,f,1,4cde,1d
1589,1589,0,4022987a,00dff01e,0040,14da,f,1,4cde,1d
1590,1590,0,4022987a,00dff01e,0040,14da,f,1,4cde,0d
1591,1591,0,4022987a,00dff01e,0040,14da,f,1,4cde,25
1592,1592,0,4022987a,00dff01e,0040,14da,f,1,4cde,1e
1593,1593,0,4022987a,00dff01e,0040,14da,f,1,4cde,1e
1594,1594,0,4022987a,00dff01e,0040,14da,f,1,4cde,0e
1595,1595,0,4022987a,00dff01e,0040,14da,f,1,4cde,22
1596,1596,0,4022987a,00dff01e,0040,14da,f,1,4cde,1d
1597,1597,0,4022987a,00dff01e,0040,14da,f,1,4cde,1d
1598,1598,0,4022987a,00dff01e,0040,14da,f,1,4cde,0d
1599,1599,0,4022987a,00dff01e,0040,14da,f,1,4cde,25
1600,1600,0,4022987a,00dff01e,0040,14da,f,0,4cde,1d
1601,1601,0,4022987a,00dff01e,0040,14da,f,0,4cde,1d
1602,1602,0,4022987a,00dff01e,0040,14da,f,0,4cde,0d
1603,1603,0,4022987a,00dff01e,0040,14da,f,0,4cde,25
1604,1604,0,4022987a,00dff01e,0040,14da,f,0,4cde,1d
1605,1605,0,4022987a,00dff01e,0040,14da,f,0,4cde,1d
1606,1606,0,4022987a,00dff01e,0040,14da,f,0,4cde,0d
1607,1607,0,4022987a,00dff01e,0040,14da,f,0,4cde,25
1608,1608,0,4022987a,00dff01e,0040,14da,f,0,4cde,1d
1609,1609,0,4022987a,00dff01e,0040,14da,f,0,4cde,1d
1610,1610,0,4022987a,00dff01e,0040,14da,f,0,4cde,0d
1611,1611,0,4022987a,00dff01e,0040,14da,f,0,4cde,25
1612,1612,0,4022987a,00dff01e,0040,14da,f,1,4cde,1d
1613,1613,0,4022987a,00dff01e,0040,14da,f,1,4cde,1d
1614,1614,0,4022987a,00dff01e,0040,14da,f,1,4cde,0d
1615,1615,0,4022987a,00dff01e,0040,14da,f,1,4cde,25
1616,1616,0,4022987a,00dff01e,0040,14da,f,1,4cde,1d
1617,1617,0,4022987a,00dff01e,0040,14da,f,1,4cde,1d
1618,1618,0,4022987a,00dff01e,0040,14da,f,1,4cde,0d
1619,1619,0,4022987a,00dff01e,0040,14da,f,1,4cde,25
1620,1620,0,4022987a,00dff01e,0040,14da,f,1,4cde,1e
1621,1621,0,4022987a,00dff01e,0040,14da,f,1,4cde,1e
1622,1622,0,4022987a,00dff01e,0040,14da,f,1,4cde,0e
1623,1623,0,4022987a,00dff01e,0040,14da,f,1,4cde,02
1624,1624,0,4022987a,00dff01e,0040,14da,f,1,4cde,02
1625,1625,0,4022987a,00dff01e,0040,14da,f,1,4cde,02
1626,1626,0,4022987a,00dff01e,0040,14da,f,1,4cde,02
1627,1627,0,4022987a,00dff01e,0040,14da,f,1,4cde,02
1628,1628,0,4022987a,00dff01e,0040,14da,f,1,4cde,02
1629,1629,0,4022987a,00dff01e,0040,14da,f,1,4cde,02
1630,1630,0,4022987a,00dff01e,0040,14da,f,1,4cde,02
1631,1631,0,4022987a,00dff01e,0040,14da,f,1,4cde,02
1632,1632,0,4022987a,00dff01e,0040,14da,f,1,4cde,02
1633,1633,0,4022987a,00dff01e,0040,14da,f,1,4cde,02
1634,1634,0,4022987a,00dff01e,0040,14da,f,1,4cde,02
1635,1635,0,4022987a,00dff01e,0040,14da,f,1,4cde,02
1636,1636,0,4022987a,00dff01e,0040,14da,f,1,4cde,02
1637,1637,0,4022987a,00dff01e,0040,14da,f,1,4cde,02
1638,1638,0,4022987a,00dff01e,0040,14da,f,1,4cde,02
1639,1639,0,4022987a,00dff01e,0040,14da,f,1,4cde,02
1640,1640,0,4022987a,00dff01e,0040,14da,f,1,4cde,02
1641,1641,0,4022987a,00dff01e,0040,14da,f,1,4cde,02
1642,1642,0,4022987a,00dff01e,0040,14da,f,1,4cde,02
1643,1643,0,4022987a,00dff01e,0040,14da,f,1,4cde,02
1644,1644,0,4022987a,00dff01e,0040,14da,f,1,4cde,02
1645,1645,0,4022987a,00dff01e,0040,14da,f,1,4cde,02
1646,1646,0,4022987a,00dff01e,0040,14da,f,1,4cde,02
1647,1647,0,4022987a,00dff01e,0040,14da,f,1,4cde,02
1648,1648,0,4022987a,00dff01e,0040,14da,f,1,4cde,02
1649,1649,0,4022987a,00dff01e,0040,14da,f,1,4cde,02
1650,1650,0,4022987a,00dff01e,0040,14da,f,1,4cde,02
1651,1651,0,4022987a,00dff01e,0040,14da,f,1,4cde,02
1652,1652,0,4022987a,00dff01e,0040,14da,f,1,4cde,02
1653,1653,0,4022987a,00dff01e,0040,14da,f,1,4cde,02
1654,1654,0,4022987a,00dff01e,0040,14da,f,1,4cde,02
1655,1655,0,4022987a,00dff01e,0040,14da,f,1,4cde,22
1656,1656,0,4022987a,00dff01e,0040,14da,f,1,4cde,1d
1657,1657,0,4022987a,00dff01e,0040,14da,f,1,4cde,1d
1658,1658,0,4022987a,00dff01e,0040,14da,f,1,4cde,0d
1659,1659,0,4022987a,00dff01e,0040,14da,f,1,4cde,25
1660,1660,0,4022987a,00dff01e,0040,14da,f,1,4cde,1e
1661,1661,0,4022987a,00dff01e,0040,14da,f,1,4cde,1e
1662,1662,0,4022987a,00dff01e,0040,14da,f,1,4cde,0e
1663,1663,0,4022987a,00dff01e,0040,14da,f,1,4cde,22
1664,1664,0,4022987a,00dff01e,0040,14da,f,1,4cde,1d
1665,1665,0,4022987a,00dff01e,0040,14da,f,1,4cde,1d
1666,1666,0,4022987a,00dff01e,0040,14da,f,1,4cde,0d
1667,1667,0,4022987a,00dff01e,0040,14da,f,1,4cde,25
1668,1668,0,4022987a,00dff01e,0040,14da,f,0,4cde,1d
1669,1669,0,4022987a,00dff01e,0040,14da,f,0,4cde,1d
1670,1670,0,4022987a,00dff01e,0040,14da,f,0,4cde,0d
1671,1671,0,4022987a,00dff01e,0040,14da,f,0,4cde,25
1672,1672,0,4022987a,00dff01e,0040,14da,f,0,4cde,1d
1673,1673,0,4022987a,00dff01e,0040,14da,f,0,4cde,1d
1674,1674,0,4022987a,00dff01e,0040,14da,f,0,4cde,0d
1675,1675,0,4022987a,00dff01e,0040,14da,f,0,4cde,25
1676,1676,0,4022987a,00dff01e,0040,14da,f,0,4cde,1d
1677,1677,0,4022987a,00dff01e,0040,14da,f,0,4cde,1d
1678,1678,0,4022987a,00dff01e,0040,14da,f,0,4cde,0d
1679,1679,0,4022987a,00dff01e,0040,14da,f,0,4cde,25
1680,1680,0,4022987a,00dff01e,0040,14da,f,1,4cde,1d
1681,1681,0,4022987a,00dff01e,0040,14da,f,1,4cde,1d
1682,1682,0,4022987a,00dff01e,0040,14da,f,1,4cde,0d
1683,1683,0,4022987a,00dff01e,0040,14da,f,1,4cde,25
1684,1684,0,4022987a,00dff01e,0040,14da,f,1,4cde,1d
1685,1685,0,4022987a,00dff01e,0040,14da,f,1,4cde,1d
1686,1686,0,4022987a,00dff01e,0040,14da,f,1,4cde,0d
1687,1687,0,4022987a,00dff01e,0040,14da,f,1,4cde,25
1688,1688,0,4022987a,00dff01e,0040,14da,f,1,4cde,1e
1689,1689,0,4022987a,00dff01e,0040,14da,f,1,4cde,1e
1690,1690,0,4022987a,00dff01e,0040,14da,f,1,4cde,0e
1691,1691,0,4022987a,00dff01e,0040,14da,f,1,4cde,22
1692,1692,0,4022987a,00dff01e,0040,14da,f,1,4cde,1d
1693,1693,0,4022987a,00dff01e,0040,14da,f,1,4cde,1d
1694,1694,0,4022987a,00dff01e,0040,14da,f,1,4cde,0d
1695,1695,0,4022987a,00dff01e,0040,14da,f,1,4cde,25
1696,1696,0,4022987a,00dff01e,0040,14da,f,1,4cde,1e
1697,1697,0,4022987a,00dff01e,0040,14da,f,1,4cde,1e
1698,1698,0,4022987a,00dff01e,0040,14da,f,1,4cde,0e
1699,1699,0,4022987a,00dff01e,0040,14da,f,1,4cde,22
1700,1700,0,4022987a,00dff01e,0040,14da,f,1,4cde,1d
1701,1701,0,4022987a,00dff01e,0040,14da,f,1,4cde,1d
1702,1702,0,4022987a,00dff01e,0040,14da,f,1,4cde,0d
1703,1703,0,4022987a,00dff01e,0040,14da,f,1,4cde,25
1704,1704,0,4022987a,00dff01e,0040,14da,f,0,4cde,1d
1705,1705,0,4022987a,00dff01e,0040,14da,f,0,4cde,1d
1706,1706,0,4022987a,00dff01e,0040,14da,f,0,4cde,0d
1707,1707,0,4022987a,00dff01e,0040,14da,f,0,4cde,25
1708,1708,0,4022987a,00dff01e,0040,14da,f,0,4cde,1d
1709,1709,0,4022987a,00dff01e,0040,14da,f,0,4cde,1d
1710,1710,0,4022987a,00dff01e,0040,14da,f,0,4cde,0d
1711,1711,0,4022987a,00dff01e,0040,14da,f,0,4cde,25
1712,1712,0,4022987a,00dff01e,0040,14da,f,0,4cde,1d
1713,1713,0,4022987a,00dff01e,0040,14da,f,0,4cde,1d
1714,1714,0,4022987a,00dff01e,0040,14da,f,0,4cde,0d
1715,1715,0,4022987a,00dff01e,0040,14da,f,0,4cde,25
1716,1716,0,4022987a,00dff01e,0040,14da,f,1,4cde,1d
1717,1717,0,4022987a,00dff01e,0040,14da,f,1,4cde,1d
1718,1718,0,4022987a,00dff01e,0040,14da,f,1,4cde,0d
1719,1719,0,4022987a,00dff01e,0040,14da,f,1,4cde,25
1720,1720,0,4022987a,00dff01e,0040,14da,f,1,4cde,1d
1721,1721,0,4022987a,00dff01e,0040,14da,f,1,4cde,1d
1722,1722,0,4022987a,00dff01e,0040,14da,f,1,4cde,0d
1723,1723,0,4022987a,00dff01e,0040,14da,f,1,4cde,25
1724,1724,0,4022987a,00dff01e,0040,14da,f,1,4cde,1e
1725,1725,0,4022987a,00dff01e,0040,14da,f,1,4cde,1e
1726,1726,0,4022987a,00dff01e,0040,14da,f,1,4cde,0e
1727,1727,0,4022987a,00dff01e,0040,14da,f,1,4cde,22
1728,1728,0,4022987a,00dff01e,0040,14da,f,1,4cde,1d
1729,1729,0,4022987a,00dff01e,0040,14da,f,1,4cde,1d
1730,1730,0,4022987a,00dff01e,0040,14da,f,1,4cde,0d
1731,1731,0,4022987a,00dff01e,0040,14da,f,1,4cde,25
1732,1732,0,4022987a,00dff01e,0040,14da,f,1,4cde,1e
1733,1733,0,4022987a,00dff01e,0040,14da,f,1,4cde,1e
1734,1734,0,4022987a,00dff01e,0040,14da,f,1,4cde,0e
1735,1735,0,4022987a,00dff01e,0040,14da,f,1,4cde,22
1736,1736,0,4022987a,00dff01e,0040,14da,f,1,4cde,1d
1737,1737,0,4022987a,00dff01e,0040,14da,f,1,4cde,1d
1738,1738,0,4022987a,00dff01e,0040,14da,f,1,4cde,0d
1739,1739,0,4022987a,00dff01e,0040,14da,f,1,4cde,25
1740,1740,0,4022987a,00dff01e,0040,14da,f,0,4cde,1d
1741,1741,0,4022987a,00dff01e,0040,14da,f,0,4cde,1d
1742,1742,0,4022987a,00dff01e,0040,14da,f,0,4cde,0d
1743,1743,0,4022987a,00dff01e,0040,14da,f,0,4cde,25
1744,1744,0,4022987a,00dff01e,0040,14da,f,0,4cde,1d
1745,1745,0,4022987a,00dff01e,0040,14da,f,0,4cde,1d
1746,1746,0,4022987a,00dff01e,0040,14da,f,0,4cde,0d
1747,1747,0,4022987a,00dff01e,0040,14da,f,0,4cde,25
1748,1748,0,4022987a,00dff01e,0040,14da,f,0,4cde,1d
1749,1749,0,4022987a,00dff01e,0040,14da,f,0,4cde,1d
1750,1750,0,4022987a,00dff01e,0040,14da,f,0,4cde,0d
1751,1751,0,4022987a,00dff01e,0040,14da,f,0,4cde,25
1752,1752,0,4022987a,00dff01e,0040,14da,f,1,4cde,1d
1753,1753,0,4022987a,00dff01e,0040,14da,f,1,4cde,1d
1754,1754,0,4022987a,00dff01e,0040,14da,f,1,4cde,0d
1755,1755,0,4022987a,00dff01e,0040,14da,f,1,4cde,25
1756,1756,0,4022987a,00dff01e,0040,14da,f,1,4cde,1d
1757,1757,0,4022987a,00dff01e,0040,14da,f,1,4cde,1d
1758,1758,0,4022987a,00dff01e,0040,14da,f,1,4cde,0d
1759,1759,0,4022987a,00dff01e,0040,14da,f,1,4cde,25
1760,1760,0,4022987a,00dff01e,0040,14da,f,1,4cde,1e
1761,1761,0,4022987a,00dff01e,0040,14da,f,1,4cde,1e
1762,1762,0,4022987a,00dff01e,0040,14da,f,1,4cde,0e
1763,1763,0,4022987a,00dff01e,0040,14da,f,1,4cde,22
1764,1764,0,4022987a,00dff01e,0040,14da,f,1,4cde,1d
1765,1765,0,4022987a,00dff01e,0040,14da,f,1,4cde,1d
1766,1766,0,4022987a,00dff01e,0040,14da,f,1,4cde,0d
1767,1767,0,4022987a,00dff01e,0040,14da,f,1,4cde,25
1768,1768,0,4022987a,00dff01e,0040,14da,f,1,4cde,1e
1769,1769,0,4022987a,00dff01e,0040,14da,f,1,4cde,1e
1770,1770,0,4022987a,00dff01e,0040,14da,f,1,4cde,0e
1771,1771,0,4022987a,00dff01e,0040,14da,f,1,4cde,22
1772,1772,0,4022987a,00dff01e,0040,14da,f,1,4cde,1d
1773,1773,0,4022987a,00dff01e,0040,14da,f,1,4cde,1d
1774,1774,0,4022987a,00dff01e,0040,14da,f,1,4cde,0d
1775,1775,0,4022987a,00dff01e,0040,14da,f,1,4cde,25
1776,1776,0,4022987a,00dff01e,0040,14da,f,0,4cde,1d
1777,1777,0,4022987a,00dff01e,0040,14da,f,0,4cde,1d
1778,1778,0,4022987a,00dff01e,0040,14da,f,0,4cde,0d
1779,1779,0,4022987a,00dff01e,0040,14da,f,0,4cde,25
1780,1780,0,4022987a,00dff01e,0040,14da,f,0,4cde,1d
1781,1781,0,4022987a,00dff01e,0040,14da,f,0,4cde,1d
1782,1782,0,4022987a,00dff01e,0040,14da,f,0,4cde,0d
1783,1783,0,4022987a,00dff01e,0040,14da,f,0,4cde,25
1784,1784,0,4022987a,00dff01e,0040,14da,f,0,4cde,1d
1785,1785,0,4022987a,00dff01e,0040,14da,f,0,4cde,1d
1786,1786,0,4022987a,00dff01e,0040,14da,f,0,4cde,0d
1787,1787,0,4022987a,00dff01e,0040,14da,f,0,4cde,25
1788,1788,0,4022987a,00dff01e,0040,14da,f,1,4cde,1d
1789,1789,0,4022987a,00dff01e,0040,14da,f,1,4cde,1d
1790,1790,0,4022987a,00dff01e,0040,14da,f,1,4cde,0d
1791,1791,0,4022987a,00dff01e,0040,14da,f,1,4cde,25
1792,1792,0,4022987a,00dff01e,0040,14da,f,1,4cde,1d
1793,1793,0,4022987a,00dff01e,0040,14da,f,1,4cde,1d
1794,1794,0,4022987a,00dff01e,0040,14da,f,1,4cde,0d
1795,1795,0,4022987a,00dff01e,0040,14da,f,1,4cde,25
1796,1796,0,4022987a,00dff01e,0040,14da,f,1,4cde,1e
1797,1797,0,4022987a,00dff01e,0040,14da,f,1,4cde,1e
1798,1798,0,4022987a,00dff01e,0040,14da,f,1,4cde,0e
1799,1799,0,4022987a,00dff01e,0040,14da,f,1,4cde,02
1800,1800,0,4022987a,00dff01e,0040,14da,f,1,4cde,02
1801,1801,0,4022987a,00dff01e,0040,14da,f,1,4cde,02
1802,1802,0,4022987a,00dff01e,0040,14da,f,1,4cde,02
1803,1803,0,4022987a,00dff01e,0040,14da,f,1,4cde,02
1804,1804,0,4022987a,00dff01e,0040,14da,f,1,4cde,02
1805,1805,0,4022987a,00dff01e,0040,14da,f,1,4cde,02
1806,1806,0,4022987a,00dff01e,0040,14da,f,1,4cde,02
1807,1807,0,4022987a,00dff01e,0040,14da,f,1,4cde,02
1808,1808,0,4022987a,00dff01e,0040,14da,f,1,4cde,02
1809,1809,0,4022987a,00dff01e,0040,14da,f,1,4cde,02
1810,1810,0,4022987a,00dff01e,0040,14da,f,1,4cde,02
1811,1811,0,4022987a,00dff01e,0040,14da,f,1,4cde,02
1812,1812,0,4022987a,00dff01e,0040,14da,f,1,4cde,02
1813,1813,0,4022987a,00dff01e,0040,14da,f,1,4cde,02
1814,1814,0,4022987a,00dff01e,0040,14da,f,1,4cde,02
1815,1815,0,4022987a,00dff01e,0040,14da,f,1,4cde,22
1816,1816,0,4022987a,00dff01e,0040,14da,f,1,4cde,1d
1817,1817,0,4022987a,00dff01e,0040,14da,f,1,4cde,1d
1818,1818,0,4022987a,00dff01e,0040,14da,f,1,4cde,0d
1819,1819,0,4022987a,00dff01e,0040,14da,f,1,4cde,25
1820,1820,0,4022987a,00dff01e,0040,14da,f,1,4cde,1e
1821,1821,0,4022987a,00dff01e,0040,14da,f,1,4cde,1e
1822,1822,0,4022987a,00dff01e,0040,14da,f,1,4cde,0e
1823,1823,0,4022987a,00dff01e,0040,14da,f,1,4cde,22
1824,1824,0,4022987a,00dff01e,0040,14da,f,1,4cde,1d
1825,1825,0,4022987a,00dff01e,0040,14da,f,1,4cde,1d
1826,1826,0,4022987a,00dff01e,0040,14da,f,1,4cde,0d
1827,1827,0,4022987a,00dff01e,0040,14da,f,1,4cde,25
1828,1828,0,4022987a,00dff01e,0040,14da,f,0,4cde,1d
1829,1829,0,4022987a,00dff01e,0040,14da,f,0,4cde,1d
1830,1830,0,4022987a,00dff01e,0040,14da,f,0,4cde,0d
1831,1831,0,4022987a,00dff01e,0040,14da,f,0,4cde,25
1832,1832,0,4022987a,00dff01e,0040,14da,f,0,4cde,1d
1833,1833,0,4022987a,00dff01e,0040,14da,f,0,4cde,1d
1834,1834,0,4022987a,00dff01e,0040,14da,f,0,4cde,0d
1835,1835,0,4022987a,00dff01e,0040,14da,f,0,4cde,25
1836,1836,0,4022987a,00dff01e,0040,14da,f,0,4cde,1d
1837,1837,0,4022987a,00dff01e,0040,14da,f,0,4cde,1d
1838,1838,0,4022987a,00dff01e,0040,14da,f,0,4cde,0d
1839,1839,0,4022987a,00dff01e,0040,14da,f,0,4cde,25
1840,1840,0,4022987a,00dff01e,0040,14da,f,1,4cde,1d
1841,1841,0,4022987a,00dff01e,0040,14da,f,1,4cde,1d
1842,1842,0,4022987a,00dff01e,0040,14da,f,1,4cde,0d
1843,1843,0,4022987a,00dff01e,0040,14da,f,1,4cde,25
1844,1844,0,4022987a,00dff01e,0040,14da,f,1,4cde,1d
1845,1845,0,4022987a,00dff01e,0040,14da,f,1,4cde,1d
1846,1846,0,4022987a,00dff01e,0040,14da,f,1,4cde,0d
1847,1847,0,4022987a,00dff01e,0040,14da,f,1,4cde,25
1848,1848,0,4022987a,00dff01e,0040,14da,f,1,4cde,1e
1849,1849,0,4022987a,00dff01e,0040,14da,f,1,4cde,1e
1850,1850,0,4022987a,00dff01e,0040,14da,f,1,4cde,0e
1851,1851,0,4022987a,00dff01e,0040,14da,f,1,4cde,22
1852,1852,0,4022987a,00dff01e,0040,14da,f,1,4cde,1d
1853,1853,0,4022987a,00dff01e,0040,14da,f,1,4cde,1d
1854,1854,0,4022987a,00dff01e,0040,14da,f,1,4cde,0d
1855,1855,0,4022987a,00dff01e,0040,14da,f,1,4cde,25
1856,1856,0,4022987a,00dff01e,0040,14da,f,1,4cde,1e
1857,1857,0,4022987a,00dff01e,0040,14da,f,1,4cde,1e
1858,1858,0,4022987a,00dff01e,0040,14da,f,1,4cde,0e
1859,1859,0,4022987a,00dff01e,0040,14da,f,1,4cde,22
1860,1860,0,4022987a,00dff01e,0040,14da,f,1,4cde,1d
1861,1861,0,4022987a,00dff01e,0040,14da,f,1,4cde,1d
1862,1862,0,4022987a,00dff01e,0040,14da,f,1,4cde,0d
1863,1863,0,4022987a,00dff01e,0040,14da,f,1,4cde,25
1864,1864,0,4022987a,00dff01e,0040,14da,f,0,4cde,1d
1865,1865,0,4022987a,00dff01e,0040,14da,f,0,4cde,1d
1866,1866,0,4022987a,00dff01e,0040,14da,f,0,4cde,0d
1867,1867,0,4022987a,00dff01e,0040,14da,f,0,4cde,25
1868,1868,0,4022987a,00dff01e,0040,14da,f,0,4cde,1d
1869,1869,0,4022987a,00dff01e,0040,14da,f,0,4cde,1d
1870,1870,0,4022987a,00dff01e,0040,14da,f,0,4cde,0d
1871,1871,0,4022987a,00dff01e,0040,14da,f,0,4cde,25
1872,1872,0,4022987a,00dff01e,0040,14da,f,0,4cde,1d
1873,1873,0,4022987a,00dff01e,0040,14da,f,0,4cde,1d
1874,1874,0,4022987a,00dff01e,0040,14da,f,0,4cde,0d
1875,1875,0,4022987a,00dff01e,0040,14da,f,0,4cde,25
1876,1876,0,4022987c,00dff01e,0040,14da,f,0,4cde,1d
1877,1877,0,4022987c,00dff01e,0040,14da,f,0,4cde,1d
1878,1878,0,4022987c,00dff01e,0040,14da,f,0,4cde,0d
1879,1879,0,4022987c,00dff01e,0040,14da,f,0,4cde,25
1880,1880,0,4022987c,00dff01e,0040,14da,f,1,4cde,1d
1881,1881,0,4022987c,00dff01e,0040,14da,f,1,4cde,1d
1882,1882,0,4022987c,00dff01e,0040,14da,f,1,4cde,0d
1883,1883,0,4022987c,00dff01e,0040,14da,f,1,4cde,25
1884,1884,0,4022987e,00dff01e,0040,14da,f,1,4cde,1d
1885,1885,0,4022987e,00dff01e,0040,14da,f,1,4cde,1d
1886,1886,0,4022987e,00dff01e,0040,14da,f,1,4cde,0d
1887,1887,0,4022987e,00dff01e,0040,14da,f,1,4cde,25
1888,1888,0,4022987e,00dff01e,0040,14da,f,1,4cde,1d
1889,1889,0,4022987e,00dff01e,0040,14da,f,1,4cde,1d
1890,1890,0,4022987e,00dff01e,0040,14da,f,1,4cde,0d
1891,1891,0,4022987e,00dff01e,0040,14da,f,1,4cde,25
1892,1892,0,4022987e,00dff01e,0040,14da,f,0,4cde,1d
1893,1893,0,4022987e,00dff01e,0040,14da,f,0,4cde,1d
1894,1894,0,4022987e,00dff01e,0040,14da,f,0,4cde,0d
1895,1895,0,4022987e,00dff01e,0040,14da,f,0,4cde,25
1896,1896,0,4022987e,00dff01e,0040,14da,f,0,4cde,1d
1897,1897,0,4022987e,00dff01e,0040,14da,f,0,4cde,1d
1898,1898,0,4022987e,00dff01e,0040,14da,f,0,4cde,0d
1899,1899,0,4022987e,00dff01e,0040,14da,f,0,4cde,25
1900,1900,0,4022987e,00dff01e,0040,14da,f,1,4cde,1d
1901,1901,0,4022987e,00dff01e,0040,14da,f,1,4cde,1d
1902,1902,0,4022987e,00dff01e,0040,14da,f,1,4cde,0d
1903,1903,0,4022987e,00dff01e,0040,14da,f,1,4cde,25
1904,1904,0,4022987e,00dff01e,0040,14da,f,1,4cde,1d
1905,1905,0,4022987e,00dff01e,0040,14da,f,1,4cde,1d
1906,1906,0,4022987e,00dff01e,0040,14da,f,1,4cde,0d
1907,1907,0,4022987e,00dff01e,0040,14da,f,1,4cde,25
1908,1908,0,4022987e,00dff01e,0040,14da,f,1,4cde,1e
1909,1909,0,4022987e,00dff01e,0040,14da,f,1,4cde,1e
1910,1910,0,4022987e,00dff01e,0040,14da,f,1,4cde,0e
1911,1911,0,4022987e,00dff01e,0040,14da,f,1,4cde,22
1912,1912,0,4022987e,00dff01e,0040,14da,f,1,4cde,1d
1913,1913,0,4022987e,00dff01e,0040,14da,f,1,4cde,1d
1914,1914,0,4022987e,00dff01e,0040,14da,f,1,4cde,0d
1915,1915,0,4022987e,00dff01e,0040,14da,f,1,4cde,25
1916,1916,0,4022987e,00dff01e,0040,14da,f,1,4cde,1e
1917,1917,0,4022987e,00dff01e,0040,14da,f,1,4cde,1e
1918,1918,0,4022987e,00dff01e,0040,14da,f,1,4cde,0e
1919,1919,0,4022987e,00dff01e,0040,14da,f,1,4cde,22
1920,1920,0,4022987e,00dff01e,0040,14da,f,1,4cde,1d
1921,1921,0,4022987e,00dff01e,0040,14da,f,1,4cde,1d
1922,1922,0,4022987e,00dff01e,0040,14da,f,1,4cde,0d
1923,1923,0,4022987e,00dff01e,0040,14da,f,1,4cde,25
1924,1924,0,4022987e,00dff01e,0040,14da,f,0,4cde,1d
1925,1925,0,4022987e,00dff01e,0040,14da,f,0,4cde,1d
1926,1926,0,4022987e,00dff01e,0040,14da,f,0,4cde,0d
1927,1927,0,4022987e,00dff01e,0040,14da,f,0,4cde,25
1928,1928,0,4022987e,00dff01e,0040,14da,f,0,4cde,1d
1929,1929,0,4022987e,00dff01e,0040,14da,f,0,4cde,1d
1930,1930,0,4022987e,00dff01e,0040,14da,f,0,4cde,0d
1931,1931,0,4022987e,00dff01e,0040,14da,f,0,4cde,25
1932,1932,0,4022987e,00dff01e,0040,14da,f,0,4cde,1d
1933,1933,0,4022987e,00dff01e,0040,14da,f,0,4cde,1d
1934,1934,0,4022987e,00dff01e,0040,14da,f,0,4cde,0d
1935,1935,0,4022987e,00dff01e,0040,14da,f,0,4cde,25
1936,1936,0,4022987e,00dff01e,0040,14da,f,1,4cde,1d
1937,1937,0,4022987e,00dff01e,0040,14da,f,1,4cde,1d
1938,1938,0,4022987e,00dff01e,0040,14da,f,1,4cde,0d
1939,1939,0,4022987e,00dff01e,0040,14da,f,1,4cde,25
1940,1940,0,4022987e,00dff01e,0040,14da,f,1,4cde,1d
1941,1941,0,4022987e,00dff01e,0040,14da,f,1,4cde,1d
1942,1942,0,4022987e,00dff01e,0040,14da,f,1,4cde,0d
1943,1943,0,4022987e,00dff01e,0040,14da,f,1,4cde,25
1944,1944,0,4022987e,00dff01e,0040,14da,f,1,4cde,1e
1945,1945,0,4022987e,00dff01e,0040,14da,f,1,4cde,1e
1946,1946,0,4022987e,00dff01e,0040,14da,f,1,4cde,0e
1947,1947,0,4022987e,00dff01e,0040,14da,f,1,4cde,22
1948,1948,0,4022987e,00dff01e,0040,14da,f,1,4cde,1d
1949,1949,0,4022987e,00dff01e,0040,14da,f,1,4cde,1d
1950,1950,0,4022987e,00dff01e,0040,14da,f,1,4cde,0d
1951,1951,0,4022987e,00dff01e,0040,14da,f,1,4cde,25
1952,1952,0,4022987e,00dff01e,0040,14da,f,1,4cde,1e
1953,1953,0,4022987e,00dff01e,0040,14da,f,1,4cde,1e
1954,1954,0,4022987e,00dff01e,0040,14da,f,1,4cde,0e
1955,1955,0,4022987e,00dff01e,0040,14da,f,1,4cde,22
1956,1956,0,4022987e,00dff01e,0040,14da,f,1,4cde,1d
1957,1957,0,4022987e,00dff01e,0040,14da,f,1,4cde,1d
1958,1958,0,4022987e,00dff01e,0040,14da,f,1,4cde,0d
1959,1959,0,4022987e,00dff01e,0040,14da,f,1,4cde,25
1960,1960,0,4022987e,00dff01e,0040,14da,f,0,4cde,1d
1961,1961,0,4022987e,00dff01e,0040,14da,f,0,4cde,1d
1962,1962,0,4022987e,00dff01e,0040,14da,f,0,4cde,0d
1963,1963,0,4022987e,00dff01e,0040,14da,f,0,4cde,25
1964,1964,0,4022987e,00dff01e,0040,14da,f,0,4cde,1d
1965,1965,0,4022987e,00dff01e,0040,14da,f,0,4cde,1d
1966,1966,0,4022987e,00dff01e,0040,14da,f,0,4cde,0d
1967,1967,0,4022987e,00dff01e,0040,14da,f,0,4cde,25
1968,1968,0,4022987e,00dff01e,0040,14da,f,0,4cde,1d
1969,1969,0,4022987e,00dff01e,0040,14da,f,0,4cde,1d
1970,1970,0,4022987e,00dff01e,0040,14da,f,0,4cde,0d
1971,1971,0,4022987e,00dff01e,0040,14da,f,0,4cde,25
1972,1972,0,4022987e,00dff01e,0040,14da,f,1,4cde,1d
1973,1973,0,4022987e,00dff01e,0040,14da,f,1,4cde,1d
1974,1974,0,4022987e,00dff01e,0040,14da,f,1,4cde,0d
1975,1975,0,4022987e,00dff01e,0040,14da,f,1,4cde,25
1976,1976,0,4022987e,00dff01e,0040,14da,f,1,4cde,1d
1977,1977,0,4022987e,00dff01e,0040,14da,f,1,4cde,1d
1978,1978,0,4022987e,00dff01e,0040,14da,f,1,4cde,0d
1979,1979,0,4022987e,00dff01e,0040,14da,f,1,4cde,25
1980,1980,0,4022987e,00dff01e,0040,14da,f,1,4cde,1e
1981,1981,0,4022987e,00dff01e,0040,14da,f,1,4cde,1e
1982,1982,0,4022987e,00dff01e,0040,14da,f,1,4cde,0e
1983,1983,0,4022987e,00dff01e,0040,14da,f,1,4cde,02
1984,1984,0,4022987e,00dff01e,0040,14da,f,1,4cde,02
1985,1985,0,4022987e,00dff01e,0040,14da,f,1,4cde,02
1986,1986,0,4022987e,00dff01e,0040,14da,f,1,4cde,02
1987,1987,0,4022987e,00dff01e,0040,14da,f,1,4cde,02
1988,1988,0,4022987e,00dff01e,0040,14da,f,1,4cde,02
1989,1989,0,4022987e,00dff01e,0040,14da,f,1,4cde,02
1990,1990,0,4022987e,00dff01e,0040,14da,f,1,4cde,02
1991,1991,0,4022987e,00dff01e,0040,14da,f,1,4cde,02
1992,1992,0,4022987e,00dff01e,0040,14da,f,1,4cde,02
1993,1993,0,4022987e,00dff01e,0040,14da,f,1,4cde,02
1994,1994,0,4022987e,00dff01e,0040,14da,f,1,4cde,02
1995,1995,0,4022987e,00dff01e,0040,14da,f,1,4cde,02
1996,1996,0,4022987e,00dff01e,0040,14da,f,1,4cde,02
1997,1997,0,4022987e,00dff01e,0040,14da,f,1,4cde,02
1998,1998,0,4022987e,00dff01e,0040,14da,f,1,4cde,02
1999,1999,0,4022987e,00dff01e,0040,14da,f,1,4cde,02
2000,2000,0,4022987e,00dff01e,0040,14da,f,1,4cde,02
2001,2001,0,4022987e,00dff01e,0040,14da,f,1,4cde,02
2002,2002,0,4022987e,00dff01e,0040,14da,f,1,4cde,02
2003,2003,0,4022987e,00dff01e,0040,14da,f,1,4cde,02
2004,2004,0,4022987e,00dff01e,0040,14da,f,1,4cde,02
2005,2005,0,4022987e,00dff01e,0040,14da,f,1,4cde,02
2006,2006,0,4022987e,00dff01e,0040,14da,f,1,4cde,02
2007,2007,0,4022987e,00dff01e,0040,14da,f,1,4cde,22
2008,2008,0,4022987e,00dff01e,0040,14da,f,1,4cde,1d
2009,2009,0,4022987e,00dff01e,0040,14da,f,1,4cde,1d
2010,2010,0,4022987e,00dff01e,0040,14da,f,1,4cde,0d
2011,2011,0,4022987e,00dff01e,0040,14da,f,1,4cde,25
2012,2012,0,4022987e,00dff01e,0040,14da,f,1,4cde,1e
2013,2013,0,4022987e,00dff01e,0040,14da,f,1,4cde,1e
2014,2014,0,4022987e,00dff01e,0040,14da,f,1,4cde,0e
2015,2015,0,4022987e,00dff01e,0040,14da,f,1,4cde,22
2016,2016,0,4022987e,00dff01e,0040,14da,f,1,4cde,1d
2017,2017,0,4022987e,00dff01e,0040,14da,f,1,4cde,1d
2018,2018,0,4022987e,00dff01e,0040,14da,f,1,4cde,0d
2019,2019,0,4022987e,00dff01e,0040,14da,f,1,4cde,25
2020,2020,0,4022987e,00dff01e,0040,14da,f,0,4cde,1d
2021,2021,0,4022987e,00dff01e,0040,14da,f,0,4cde,1d
2022,2022,0,4022987e,00dff01e,0040,14da,f,0,4cde,0d
2023,2023,0,4022987e,00dff01e,0040,14da,f,0,4cde,25
2024,2024,0,4022987e,00dff01e,0040,14da,f,0,4cde,1d
2025,2025,0,4022987e,00dff01e,0040,14da,f,0,4cde,1d
2026,2026,0,4022987e,00dff01e,0040,14da,f,0,4cde,0d
2027,2027,0,4022987e,00dff01e,0040,14da,f,0,4cde,25
2028,2028,0,4022987e,00dff01e,0040,14da,f,0,4cde,1d
2029,2029,0,4022987e,00dff01e,0040,14da,f,0,4cde,1d
2030,2030,0,4022987e,00dff01e,0040,14da,f,0,4cde,0d
2031,2031,0,4022987e,00dff01e,0040,14da,f,0,4cde,25
2032,2032,0,4022987e,00dff01e,0040,14da,f,1,4cde,1d
2033,2033,0,4022987e,00dff01e,0040,14da,f,1,4cde,1d
2034,2034,0,4022987e,00dff01e,0040,14da,f,1,4cde,0d
2035,2035,0,4022987e,00dff01e,0040,14da,f,1,4cde,25
2036,2036,0,4022987e,00dff01e,0040,14da,f,1,4cde,1d
2037,2037,0,4022987e,00dff01e,0040,14da,f,1,4cde,1d
2038,2038,0,4022987e,00dff01e,0040,14da,f,1,4cde,0d
2039,2039,0,4022987e,00dff01e,0040,14da,f,1,4cde,25
2040,2040,0,4022987e,00dff01e,0040,14da,f,1,4cde,1e
2041,2041,0,4022987e,00dff01e,0040,14da,f,1,4cde,1e
2042,2042,0,4022987e,00dff01e,0040,14da,f,1,4cde,0e
2043,2043,0,4022987e,00dff01e,0040,14da,f,1,4cde,22
2044,2044,0,4022987e,00dff01e,0040,14da,f,1,4cde,1d
2045,2045,0,4022987e,00dff01e,0040,14da,f,1,4cde,1d
2046,2046,0,4022987e,00dff01e,0040,14da,f,1,4cde,0d
2047,2047,0,4022987e,00dff01e,0040,14da,f,1,4cde,25
2048,2048,0,4022987e,00dff01e,0040,14da,f,1,4cde,1e
2049,2049,0,4022987e,00dff01e,0040,14da,f,1,4cde,1e
2050,2050,0,4022987e,00dff01e,0040,14da,f,1,4cde,0e
2051,2051,0,4022987e,00dff01e,0040,14da,f,1,4cde,22
2052,2052,0,4022987e,00dff01e,0040,14da,f,1,4cde,1d
2053,2053,0,4022987e,00dff01e,0040,14da,f,1,4cde,1d
2054,2054,0,4022987e,00dff01e,0040,14da,f,1,4cde,0d
2055,2055,0,4022987e,00dff01e,0040,14da,f,1,4cde,25
2056,2056,0,4022987e,00dff01e,0040,14da,f,0,4cde,1d
2057,2057,0,4022987e,00dff01e,0040,14da,f,0,4cde,1d
2058,2058,0,4022987e,00dff01e,0040,14da,f,0,4cde,0d
2059,2059,0,4022987e,00dff01e,0040,14da,f,0,4cde,25
2060,2060,0,4022987e,00dff01e,0040,14da,f,0,4cde,1d
2061,2061,0,4022987e,00dff01e,0040,14da,f,0,4cde,1d
2062,2062,0,4022987e,00dff01e,0040,14da,f,0,4cde,0d
2063,2063,0,4022987e,00dff01e,0040,14da,f,0,4cde,25
2064,2064,0,4022987e,00dff01e,0040,14da,f,0,4cde,1d
2065,2065,0,4022987e,00dff01e,0040,14da,f,0,4cde,1d
2066,2066,0,4022987e,00dff01e,0040,14da,f,0,4cde,0d
2067,2067,0,4022987e,00dff01e,0040,14da,f,0,4cde,25
2068,2068,0,4022987e,00dff01e,0040,14da,f,1,4cde,1d
2069,2069,0,4022987e,00dff01e,0040,14da,f,1,4cde,1d
2070,2070,0,4022987e,00dff01e,0040,14da,f,1,4cde,0d
2071,2071,0,4022987e,00dff01e,0040,14da,f,1,4cde,25
2072,2072,0,4022987e,00dff01e,0040,14da,f,1,4cde,1d
2073,2073,0,4022987e,00dff01e,0040,14da,f,1,4cde,1d
2074,2074,0,4022987e,00dff01e,0040,14da,f,1,4cde,0d
2075,2075,0,4022987e,00dff01e,0040,14da,f,1,4cde,25
2076,2076,0,4022987e,00dff01e,0040,14da,f,1,4cde,1e
2077,2077,0,4022987e,00dff01e,0040,14da,f,1,4cde,1e
2078,2078,0,4022987e,00dff01e,0040,14da,f,1,4cde,0e
2079,2079,0,4022987e,00dff01e,0040,14da,f,1,4cde,22
2080,2080,0,4022987e,00dff01e,0040,14da,f,1,4cde,1d
2081,2081,0,4022987e,00dff01e,0040,14da,f,1,4cde,1d
2082,2082,0,4022987e,00dff01e,0040,14da,f,1,4cde,0d
2083,2083,0,4022987e,00dff01e,0040,14da,f,1,4cde,25
2084,2084,0,4022987e,00dff01e,0040,14da,f,1,4cde,1e
2085,2085,0,4022987e,00dff01e,0040,14da,f,1,4cde,1e
2086,2086,0,4022987e,00dff01e,0040,14da,f,1,4cde,0e
2087,2087,0,4022987e,00dff01e,0040,14da,f,1,4cde,22
2088,2088,0,4022987e,00dff01e,0040,14da,f,1,4cde,1d
2089,2089,0,4022987e,00dff01e,0040,14da,f,1,4cde,1d
2090,2090,0,4022987e,00dff01e,0040,14da,f,1,4cde,0d
2091,2091,0,4022987e,00dff01e,0040,14da,f,1,4cde,25
2092,2092,0,4022987e,00dff01e,0040,14da,f,0,4cde,1d
2093,2093,0,4022987e,00dff01e,0040,14da,f,0,4cde,1d
2094,2094,0,4022987e,00dff01e,0040,14da,f,0,4cde,0d
2095,2095,0,4022987e,00dff01e,0040,14da,f,0,4cde,25
2096,2096,0,4022987e,00dff01e,0040,14da,f,0,4cde,1d
2097,2097,0,4022987e,00dff01e,0040,14da,f,0,4cde,1d
2098,2098,0,4022987e,00dff01e,0040,14da,f,0,4cde,0d
2099,2099,0,4022987e,00dff01e,0040,14da,f,0,4cde,25
2100,2100,0,4022987e,00dff01e,0040,14da,f,0,4cde,1d
2101,2101,0,4022987e,00dff01e,0040,14da,f,0,4cde,1d
2102,2102,0,4022987e,00dff01e,0040,14da,f,0,4cde,0d
2103,2103,0,4022987e,00dff01e,0040,14da,f,0,4cde,25
2104,2104,0,4022987e,00dff01e,0040,14da,f,1,4cde,1d
2105,2105,0,4022987e,00dff01e,0040,14da,f,1,4cde,1d
2106,2106,0,4022987e,00dff01e,0040,14da,f,1,4cde,0d
2107,2107,0,4022987e,00dff01e,0040,14da,f,1,4cde,25
2108,2108,0,4022987e,00dff01e,0040,14da,f,1,4cde,1d
2109,2109,0,4022987e,00dff01e,0040,14da,f,1,4cde,1d
2110,2110,0,4022987e,00dff01e,0040,14da,f,1,4cde,0d
2111,2111,0,4022987e,00dff01e,0040,14da,f,1,4cde,25
2112,2112,0,4022987e,00dff01e,0040,14da,f,1,4cde,1e
2113,2113,0,4022987e,00dff01e,0040,14da,f,1,4cde,1e
2114,2114,0,4022987e,00dff01e,0040,14da,f,1,4cde,0e
2115,2115,0,4022987e,00dff01e,0040,14da,f,1,4cde,22
2116,2116,0,4022987e,00dff01e,0040,14da,f,1,4cde,1d
2117,2117,0,4022987e,00dff01e,0040,14da,f,1,4cde,1d
2118,2118,0,4022987e,00dff01e,0040,14da,f,1,4cde,0d
2119,2119,0,4022987e,00dff01e,0040,14da,f,1,4cde,25
2120,2120,0,4022987e,00dff01e,0040,14da,f,1,4cde,1e
2121,2121,0,4022987e,00dff01e,0040,14da,f,1,4cde,1e
2122,2122,0,4022987e,00dff01e,0040,14da,f,1,4cde,0e
2123,2123,0,4022987e,00dff01e,0040,14da,f,1,4cde,22
2124,2124,0,4022987e,00dff01e,0040,14da,f,1,4cde,1d
2125,2125,0,4022987e,00dff01e,0040,14da,f,1,4cde,1d
2126,2126,0,4022987e,00dff01e,0040,14da,f,1,4cde,0d
2127,2127,0,4022987e,00dff01e,0040,14da,f,1,4cde,25
2128,2128,0,4022987e,00dff01e,0040,14da,f,0,4cde,1d
2129,2129,0,4022987e,00dff01e,0040,14da,f,0,4cde,1d
2130,2130,0,4022987e,00dff01e,0040,14da,f,0,4cde,0d
2131,2131,0,4022987e,00dff01e,0040,14da,f,0,4cde,25
2132,2132,0,4022987e,00dff01e,0040,14da,f,0,4cde,1d
2133,2133,0,4022987e,00dff01e,0040,14da,f,0,4cde,1d
2134,2134,0,4022987e,00dff01e,0040,14da,f,0,4cde,0d
2135,2135,0,4022987e,00dff01e,0040,14da,f,0,4cde,25
2136,2136,0,4022987e,00dff01e,0040,14da,f,0,4cde,1d
2137,2137,0,4022987e,00dff01e,0040,14da,f,0,4cde,1d
2138,2138,0,4022987e,00dff01e,0040,14da,f,0,4cde,0d
2139,2139,0,4022987e,00dff01e,0040,14da,f,0,4cde,25
2140,2140,0,4022987e,00dff01e,0040,14da,f,1,4cde,1d
2141,2141,0,4022987e,00dff01e,0040,14da,f,1,4cde,1d
2142,2142,0,4022987e,00dff01e,0040,14da,f,1,4cde,0d
2143,2143,0,4022987e,00dff01e,0040,14da,f,1,4cde,25
2144,2144,0,4022987e,00dff01e,0040,14da,f,1,4cde,1d
2145,2145,0,4022987e,00dff01e,0040,14da,f,1,4cde,1d
2146,2146,0,4022987e,00dff01e,0040,14da,f,1,4cde,0d
2147,2147,0,4022987e,00dff01e,0040,14da,f,1,4cde,25
2148,2148,0,4022987e,00dff01e,0040,14da,f,1,4cde,1e
2149,2149,0,4022987e,00dff01e,0040,14da,f,1,4cde,1e
2150,2150,0,4022987e,00dff01e,0040,14da,f,1,4cde,0e
2151,2151,0,4022987e,00dff01e,0040,14da,f,1,4cde,02
2152,2152,0,4022987e,00dff01e,0040,14da,f,1,4cde,02
2153,2153,0,4022987e,00dff01e,0040,14da,f,1,4cde,02
2154,2154,0,4022987e,00dff01e,0040,14da,f,1,4cde,02
2155,2155,0,4022987e,00dff01e,0040,14da,f,1,4cde,02
2156,2156,0,4022987e,00dff01e,0040,14da,f,1,4cde,02
2157,2157,0,4022987e,00dff01e,0040,14da,f,1,4cde,02
2158,2158,0,4022987e,00dff01e,0040,14da,f,1,4cde,02
2159,2159,0,4022987e,00dff01e,0040,14da,f,1,4cde,02
2160,2160,0,4022987e,00dff01e,0040,14da,f,1,4cde,02
2161,2161,0,4022987e,00dff01e,0040,14da,f,1,4cde,02
2162,2162,0,4022987e,00dff01e,0040,14da,f,1,4cde,02
2163,2163,0,4022987e,00dff01e,0040,14da,f,1,4cde,02
2164,2164,0,4022987e,00dff01e,0040,14da,f,1,4cde,02
2165,2165,0,4022987e,00dff01e,0040,14da,f,1,4cde,02
2166,2166,0,4022987e,00dff01e,0040,14da,f,1,4cde,02
2167,2167,0,4022987e,00dff01e,0040,14da,f,1,4cde,22
2168,2168,0,4022987e,00dff01e,0040,14da,f,1,4cde,1d
2169,2169,0,4022987e,00dff01e,0040,14da,f,1,4cde,1d
2170,2170,0,4022987e,00dff01e,0040,14da,f,1,4cde,0d
2171,2171,0,4022987e,00dff01e,0040,14da,f,1,4cde,25
2172,2172,0,4022987e,00dff01e,0040,14da,f,1,4cde,1e
2173,2173,0,4022987e,00dff01e,0040,14da,f,1,4cde,1e
2174,2174,0,4022987e,00dff01e,0040,14da,f,1,4cde,0e
2175,2175,0,4022987e,00dff01e,0040,14da,f,1,4cde,22
2176,2176,0,4022987e,00dff01e,0040,14da,f,1,4cde,1d
2177,2177,0,4022987e,00dff01e,0040,14da,f,1,4cde,1d
2178,2178,0,4022987e,00dff01e,0040,14da,f,1,4cde,0d
2179,2179,0,4022987e,00dff01e,0040,14da,f,1,4cde,25
2180,2180,0,4022987e,00dff01e,0040,14da,f,0,4cde,1d
2181,2181,0,4022987e,00dff01e,0040,14da,f,0,4cde,1d
2182,2182,0,4022987e,00dff01e,0040,14da,f,0,4cde,0d
2183,2183,0,4022987e,00dff01e,0040,14da,f,0,4cde,25
2184,2184,0,4022987e,00dff01e,0040,14da,f,0,4cde,1d
2185,2185,0,4022987e,00dff01e,0040,14da,f,0,4cde,1d
2186,2186,0,4022987e,00dff01e,0040,14da,f,0,4cde,0d
2187,2187,0,4022987e,00dff01e,0040,14da,f,0,4cde,25
2188,2188,0,4022987e,00dff01e,0040,14da,f,0,4cde,1d
2189,2189,0,4022987e,00dff01e,0040,14da,f,0,4cde,1d
2190,2190,0,4022987e,00dff01e,0040,14da,f,0,4cde,0d
2191,2191,0,4022987e,00dff01e,0040,14da,f,0,4cde,25
2192,2192,0,4022987e,00dff01e,0040,14da,f,1,4cde,1d
2193,2193,0,4022987e,00dff01e,0040,14da,f,1,4cde,1d
2194,2194,0,4022987e,00dff01e,0040,14da,f,1,4cde,0d
2195,2195,0,4022987e,00dff01e,0040,14da,f,1,4cde,25
2196,2196,0,4022987e,00dff01e,0040,14da,f,1,4cde,1d
2197,2197,0,4022987e,00dff01e,0040,14da,f,1,4cde,1d
2198,2198,0,4022987e,00dff01e,0040,14da,f,1,4cde,0d
2199,2199,0,4022987e,00dff01e,0040,14da,f,1,4cde,25
2200,2200,0,4022987e,00dff01e,0040,14da,f,1,4cde,1e
2201,2201,0,4022987e,00dff01e,0040,14da,f,1,4cde,1e
2202,2202,0,4022987e,00dff01e,0040,14da,f,1,4cde,0e
2203,2203,0,4022987e,00dff01e,0040,14da,f,1,4cde,22
2204,2204,0,4022987e,00dff01e,0040,14da,f,1,4cde,1d
2205,2205,0,4022987e,00dff01e,0040,14da,f,1,4cde,1d
2206,2206,0,4022987e,00dff01e,0040,14da,f,1,4cde,0d
2207,2207,0,4022987e,00dff01e,0040,14da,f,1,4cde,25
2208,2208,0,4022987e,00dff01e,0040,14da,f,1,4cde,1e
2209,2209,0,4022987e,00dff01e,0040,14da,f,1,4cde,1e
2210,2210,0,4022987e,00dff01e,0040,14da,f,1,4cde,0e
2211,2211,0,4022987e,00dff01e,0040,14da,f,1,4cde,22
2212,2212,0,4022987e,00dff01e,0040,14da,f,1,4cde,1d
2213,2213,0,4022987e,00dff01e,0040,14da,f,1,4cde,1d
2214,2214,0,4022987e,00dff01e,0040,14da,f,1,4cde,0d
2215,2215,0,4022987e,00dff01e,0040,14da,f,1,4cde,25
2216,2216,0,4022987e,00dff01e,0040,14da,f,0,4cde,1d
2217,2217,0,4022987e,00dff01e,0040,14da,f,0,4cde,1d
2218,2218,0,4022987e,00dff01e,0040,14da,f,0,4cde,0d
2219,2219,0,4022987e,00dff01e,0040,14da,f,0,4cde,25
2220,2220,0,4022987e,00dff01e,0040,14da,f,0,4cde,1d
2221,2221,0,4022987e,00dff01e,0040,14da,f,0,4cde,1d
2222,2222,0,4022987e,00dff01e,0040,14da,f,0,4cde,0d
2223,2223,0,4022987e,00dff01e,0040,14da,f,0,4cde,25
2224,2224,0,4022987e,00dff01e,0040,14da,f,0,4cde,1d
2225,2225,0,4022987e,00dff01e,0040,14da,f,0,4cde,1d
2226,2226,0,4022987e,00dff01e,0040,14da,f,0,4cde,0d
2227,2227,0,4022987e,00dff01e,0040,14da,f,0,4cde,25
2228,2228,0,4022987e,00dff01e,0040,14da,f,1,4cde,1d
2229,2229,0,4022987e,00dff01e,0040,14da,f,1,4cde,1d
2230,2230,0,4022987e,00dff01e,0040,14da,f,1,4cde,0d
2231,2231,0,4022987e,00dff01e,0040,14da,f,1,4cde,25
2232,2232,0,4022987e,00dff01e,0040,14da,f,1,4cde,1d
2233,2233,0,4022987e,00dff01e,0040,14da,f,1,4cde,1d
2234,2234,0,4022987e,00dff01e,0040,14da,f,1,4cde,0d
2235,2235,0,4022987e,00dff01e,0040,14da,f,1,4cde,25
2236,2236,0,4022987e,00dff01e,0040,14da,f,1,4cde,1e
2237,2237,0,4022987e,00dff01e,0040,14da,f,1,4cde,1e
2238,2238,0,4022987e,00dff01e,0040,14da,f,1,4cde,0e
2239,2239,0,4022987e,00dff01e,0040,14da,f,1,4cde,22
2240,2240,0,4022987e,00dff01e,0040,14da,f,1,4cde,1d
2241,2241,0,4022987e,00dff01e,0040,14da,f,1,4cde,1d
2242,2242,0,4022987e,00dff01e,0040,14da,f,1,4cde,0d
2243,2243,0,4022987e,00dff01e,0040,14da,f,1,4cde,25
2244,2244,0,4022987e,00dff01e,0040,14da,f,1,4cde,1e
2245,2245,0,4022987e,00dff01e,0040,14da,f,1,4cde,1e
2246,2246,0,4022987e,00dff01e,0040,14da,f,1,4cde,0e
2247,2247,0,4022987e,00dff01e,0040,14da,f,1,4cde,22
2248,2248,0,4022987e,00dff01e,0040,14da,f,1,4cde,1d
2249,2249,0,4022987e,00dff01e,0040,14da,f,1,4cde,1d
2250,2250,0,4022987e,00dff01e,0040,14da,f,1,4cde,0d
2251,2251,0,4022987e,00dff01e,0040,14da,f,1,4cde,25
2252,2252,0,4022987e,00dff01e,0040,14da,f,0,4cde,1d
2253,2253,0,4022987e,00dff01e,0040,14da,f,0,4cde,1d
2254,2254,0,4022987e,00dff01e,0040,14da,f,0,4cde,0d
2255,2255,0,4022987e,00dff01e,0040,14da,f,0,4cde,25
2256,2256,0,4022987e,00dff01e,0040,14da,f,0,4cde,1d
2257,2257,0,4022987e,00dff01e,0040,14da,f,0,4cde,1d
2258,2258,0,4022987e,00dff01e,0040,14da,f,0,4cde,0d
2259,2259,0,4022987e,00dff01e,0040,14da,f,0,4cde,25
2260,2260,0,4022987e,00dff01e,0040,14da,f,0,4cde,1d
2261,2261,0,4022987e,00dff01e,0040,14da,f,0,4cde,1d
2262,2262,0,4022987e,00dff01e,0040,14da,f,0,4cde,0d
2263,2263,0,4022987e,00dff01e,0040,14da,f,0,4cde,25
2264,2264,0,4022987e,00dff01e,0040,14da,f,1,4cde,1d
2265,2265,0,4022987e,00dff01e,0040,14da,f,1,4cde,1d
2266,2266,0,4022987e,00dff01e,0040,14da,f,1,4cde,0d
2267,2267,0,4022987e,00dff01e,0040,14da,f,1,4cde,25
2268,2268,0,4022987e,00dff01e,0040,14da,f,1,4cde,1d
2269,2269,0,4022987e,00dff01e,0040,14da,f,1,4cde,1d
2270,2270,0,4022987e,00dff01e,0040,14da,f,1,4cde,0d
2271,2271,0,4022987e,00dff01e,0040,14da,f,1,4cde,25
2272,2272,0,4022987e,00dff01e,0040,14da,f,1,4cde,1e
2273,2273,0,4022987e,00dff01e,0040,14da,f,1,4cde,1e
2274,2274,0,4022987e,00dff01e,0040,14da,f,1,4cde,0e
2275,2275,0,4022987e,00dff01e,0040,14da,f,1,4cde,22
2276,2276,0,4022987e,00dff01e,0040,14da,f,1,4cde,1d
2277,2277,0,4022987e,00dff01e,0040,14da,f,1,4cde,1d
2278,2278,0,4022987e,00dff01e,0040,14da,f,1,4cde,0d
2279,2279,0,4022987e,00dff01e,0040,14da,f,1,4cde,25
2280,2280,0,4022987e,00dff01e,0040,14da,f,1,4cde,1e
2281,2281,0,4022987e,00dff01e,0040,14da,f,1,4cde,1e
2282,2282,0,4022987e,00dff01e,0040,14da,f,1,4cde,0e
2283,2283,0,4022987e,00dff01e,0040,14da,f,1,4cde,22
2284,2284,0,4022987e,00dff01e,0040,14da,f,1,4cde,1d
2285,2285,0,4022987e,00dff01e,0040,14da,f,1,4cde,1d
2286,2286,0,4022987e,00dff01e,0040,14da,f,1,4cde,0d
2287,2287,0,4022987e,00dff01e,0040,14da,f,1,4cde,25
2288,2288,0,4022987e,00dff01e,0040,14da,f,0,4cde,1d
2289,2289,0,4022987e,00dff01e,0040,14da,f,0,4cde,1d
2290,2290,0,4022987e,00dff01e,0040,14da,f,0,4cde,0d
2291,2291,0,4022987e,00dff01e,0040,14da,f,0,4cde,25
2292,2292,0,4022987e,00dff01e,0040,14da,f,0,4cde,1d
2293,2293,0,4022987e,00dff01e,0040,14da,f,0,4cde,1d
2294,2294,0,4022987e,00dff01e,0040,14da,f,0,4cde,0d
2295,2295,0,4022987e,00dff01e,0040,14da,f,0,4cde,25
2296,2296,0,4022987e,00dff01e,0040,14da,f,0,4cde,1d
2297,2297,0,4022987e,00dff01e,0040,14da,f,0,4cde,1d
2298,2298,0,4022987e,00dff01e,0040,14da,f,0,4cde,0d
2299,2299,0,4022987e,00dff01e,0040,14da,f,0,4cde,25
2300,2300,0,40229880,00dff01e,0040,14da,f,0,51cc,1d
2301,2301,0,40229880,00dff01e,0040,14da,f,0,51cc,1d
2302,2302,0,40229880,00dff01e,0040,14da,f,0,51cc,0d
2303,2303,0,40229880,00dff01e,0040,14da,f,0,51cc,25
2304,2304,0,40229880,00dff01e,0040,14da,f,1,51cc,1d
2305,2305,0,40229880,00dff01e,0040,14da,f,1,51cc,1d
2306,2306,0,40229880,00dff01e,0040,14da,f,1,51cc,0d
2307,2307,0,40229880,00dff01e,0040,14da,f,1,51cc,25
2308,2308,0,40229882,00dff01e,0040,14da,f,1,51cc,1d
2309,2309,0,40229882,00dff01e,0040,14da,f,1,51cc,1d
2310,2310,0,40229882,00dff01e,0040,14da,f,1,51cc,0d
2311,2311,0,40229882,00dff01e,0040,14da,f,1,51cc,25
2312,2312,0,40229882,00dff01e,0040,14da,f,1,51cc,1d
2313,2313,0,40229882,00dff01e,0040,14da,f,1,51cc,1d
2314,2314,0,40229882,00dff01e,0040,14da,f,1,51cc,0d
2315,2315,0,40229882,00dff01e,0040,14da,f,1,51cc,25
2316,2316,0,4022985e,00dff01e,0040,14da,f,0,51cc,1d
2317,2317,0,4022985e,00dff01e,0040,14da,f,0,51cc,1d
2318,2318,0,4022985e,00dff01e,0040,14da,f,0,51cc,0d
2319,2319,0,4022985e,00dff01e,0040,14da,f,0,51cc,25
2320,2320,0,4022985e,00dff01e,0040,14da,f,1,51cc,1d
2321,2321,0,4022985e,00dff01e,0040,14da,f,1,51cc,1d
2322,2322,0,4022985e,00dff01e,0040,14da,f,1,51cc,0d
2323,2323,0,4022985e,00dff01e,0040,14da,f,1,51cc,25
2324,2324,0,4022985e,00dff01e,0040,14da,f,1,51cc,1d
2325,2325,0,4022985e,00dff01e,0040,14da,f,1,51cc,1d
2326,2326,0,4022985e,00dff01e,0040,14da,f,1,51cc,0d
2327,2327,0,4022985e,00dff01e,0040,14da,f,1,51cc,25
2328,2328,0,4022985e,00dff01e,0040,14da,f,1,51cc,1d
2329,2329,0,4022985e,00dff01e,0040,14da,f,1,51cc,1d
2330,2330,0,4022985e,00dff01e,0040,14da,f,1,51cc,0d
2331,2331,0,4022985e,00dff01e,0040,14da,f,1,51cc,25
2332,2332,0,40229860,00dff01e,0040,14da,f,0,4cde,1d
2333,2333,0,40229860,00dff01e,0040,14da,f,0,4cde,1d
2334,2334,0,40229860,00dff01e,0040,14da,f,0,4cde,0d
2335,2335,0,40229860,00dff01e,0040,14da,f,0,4cde,25
2336,2336,0,40229860,00dff01e,0040,14da,f,1,4cde,1d
2337,2337,0,40229860,00dff01e,0040,14da,f,1,4cde,1d
2338,2338,0,40229860,00dff01e,0040,14da,f,1,4cde,0d
2339,2339,0,40229860,00dff01e,0040,14da,f,1,4cde,25
2340,2340,0,40229860,00dff01e,0040,14da,f,1,4cde,1d
2341,2341,0,40229860,00dff01e,0040,14da,f,1,4cde,1d
2342,2342,0,40229860,00dff01e,0040,14da,f,1,4cde,0d
2343,2343,0,40229860,00dff01e,0040,14da,f,1,4cde,25
2344,2344,0,40229860,00dff01e,0040,14da,f,1,4cde,1d
2345,2345,0,40229860,00dff01e,0040,14da,f,1,4cde,1d
2346,2346,0,40229860,00dff01e,0040,14da,f,1,4cde,0d
2347,2347,0,40229860,00dff01e,0040,14da,f,1,4cde,25
2348,2348,0,40229862,00dff01e,0040,14da,f,0,4cde,1d
2349,2349,0,40229862,00dff01e,0040,14da,f,0,4cde,1d
2350,2350,0,40229862,00dff01e,0040,14da,f,0,4cde,0d
2351,2351,0,40229862,00dff01e,0040,14da,f,0,4cde,25
2352,2352,0,40229862,00dff01e,0040,14da,f,1,4cde,1d
2353,2353,0,40229862,00dff01e,0040,14da,f,1,4cde,1d
2354,2354,0,40229862,00dff01e,0040,14da,f,1,4cde,0d
2355,2355,0,40229862,00dff01e,0040,14da,f,1,4cde,25
2356,2356,0,40229862,00dff01e,0040,14da,f,1,4cde,1d
2357,2357,0,40229862,00dff01e,0040,14da,f,1,4cde,1d
2358,2358,0,40229862,00dff01e,0040,14da,f,1,4cde,0d
2359,2359,0,40229862,00dff01e,0040,14da,f,1,4cde,25
2360,2360,0,40229862,00dff01e,0040,14da,f,1,4cde,1d
2361,2361,0,40229862,00dff01e,0040,14da,f,1,4cde,1d
2362,2362,0,40229862,00dff01e,0040,14da,f,1,4cde,0d
2363,2363,0,40229862,00dff01e,0040,14da,f,1,4cde,25
2364,2364,0,40229862,00dff01e,0040,14da,f,0,4cde,1d
2365,2365,0,40229862,00dff01e,0040,14da,f,0,4cde,1d
2366,2366,0,40229862,00dff01e,0040,14da,f,0,4cde,0d
2367,2367,0,40229862,00dff01e,0040,14da,f,0,4cde,25
2368,2368,0,40229862,00dff01e,0040,14da,f,1,4cde,1d
2369,2369,0,40229862,00dff01e,0040,14da,f,1,4cde,1d
2370,2370,0,40229862,00dff01e,0040,14da,f,1,4cde,0d
2371,2371,0,40229862,00dff01e,0040,14da,f,1,4cde,25
2372,2372,0,40229862,00dff01e,0040,14da,f,1,4cde,1d
2373,2373,0,40229862,00dff01e,0040,14da,f,1,4cde,1d
2374,2374,0,40229862,00dff01e,0040,14da,f,1,4cde,0d
2375,2375,0,40229862,00dff01e,0040,14da,f,1,4cde,25
2376,2376,0,40229862,00dff01e,0040,14da,f,1,4cde,1e
2377,2377,0,40229862,00dff01e,0040,14da,f,1,4cde,1e
2378,2378,0,40229862,00dff01e,0040,14da,f,1,4cde,0e
2379,2379,0,40229862,00dff01e,0040,14da,f,1,4cde,02
2380,2380,0,40229862,00dff01e,0040,14da,f,1,4cde,02
2381,2381,0,40229862,00dff01e,0040,14da,f,1,4cde,02
2382,2382,0,40229862,00dff01e,0040,14da,f,1,4cde,02
2383,2383,0,40229862,00dff01e,0040,14da,f,1,4cde,02
2384,2384,0,40229862,00dff01e,0040,14da,f,1,4cde,02
2385,2385,0,40229862,00dff01e,0040,14da,f,1,4cde,02
2386,2386,0,40229862,00dff01e,0040,14da,f,1,4cde,02
2387,2387,0,40229862,00dff01e,0040,14da,f,1,4cde,02
2388,2388,0,40229862,00dff01e,0040,14da,f,1,4cde,02
2389,2389,0,40229862,00dff01e,0040,14da,f,1,4cde,02
2390,2390,0,40229862,00dff01e,0040,14da,f,1,4cde,02
2391,2391,0,40229862,00dff01e,0040,14da,f,1,4cde,22
2392,2392,0,40229862,00dff01e,0040,14da,f,1,4cde,1d
2393,2393,0,40229862,00dff01e,0040,14da,f,1,4cde,1d
2394,2394,0,40229862,00dff01e,0040,14da,f,1,4cde,0d
2395,2395,0,40229862,00dff01e,0040,14da,f,1,4cde,25
2396,2396,0,40229862,00dff01e,0040,14da,f,1,4cde,1e
2397,2397,0,40229862,00dff01e,0040,14da,f,1,4cde,1e
2398,2398,0,40229862,00dff01e,0040,14da,f,1,4cde,0e
2399,2399,0,40229862,00dff01e,0040,14da,f,1,4cde,22
2400,2400,0,40229862,00dff01e,0040,14da,f,1,4cde,1d
2401,2401,0,40229862,00dff01e,0040,14da,f,1,4cde,1d
2402,2402,0,40229862,00dff01e,0040,14da,f,1,4cde,0d
2403,2403,0,40229862,00dff01e,0040,14da,f,1,4cde,25
2404,2404,0,40229862,00dff01e,0040,14da,f,0,4cde,1d
2405,2405,0,40229862,00dff01e,0040,14da,f,0,4cde,1d
2406,2406,0,40229862,00dff01e,0040,14da,f,0,4cde,0d
2407,2407,0,40229862,00dff01e,0040,14da,f,0,4cde,25
2408,2408,0,40229862,00dff01e,0040,14da,f,1,4cde,1d
2409,2409,0,40229862,00dff01e,0040,14da,f,1,4cde,1d
2410,2410,0,40229862,00dff01e,0040,14da,f,1,4cde,0d
2411,2411,0,40229862,00dff01e,0040,14da,f,1,4cde,25
2412,2412,0,40229862,00dff01e,0040,14da,f,1,4cde,1d
2413,2413,0,40229862,00dff01e,0040,14da,f,1,4cde,1d
2414,2414,0,40229862,00dff01e,0040,14da,f,1,4cde,0d
2415,2415,0,40229862,00dff01e,0040,14da,f,1,4cde,25
2416,2416,0,40229862,00dff01e,0040,14da,f,1,4cde,1d
2417,2417,0,40229862,00dff01e,0040,14da,f,1,4cde,1d
2418,2418,0,40229862,00dff01e,0040,14da,f,1,4cde,0d
2419,2419,0,40229862,00dff01e,0040,14da,f,1,4cde,25
2420,2420,0,40229862,00dff01e,0040,14da,f,0,4cde,1d
2421,2421,0,40229862,00dff01e,0040,14da,f,0,4cde,1d
2422,2422,0,40229862,00dff01e,0040,14da,f,0,4cde,0d
2423,2423,0,40229862,00dff01e,0040,14da,f,0,4cde,25
2424,2424,0,40229862,00dff01e,0040,14da,f,1,4cde,1d
2425,2425,0,40229862,00dff01e,0040,14da,f,1,4cde,1d
2426,2426,0,40229862,00dff01e,0040,14da,f,1,4cde,0d
2427,2427,0,40229862,00dff01e,0040,14da,f,1,4cde,25
2428,2428,0,40229862,00dff01e,0040,14da,f,1,4cde,1d
2429,2429,0,40229862,00dff01e,0040,14da,f,1,4cde,1d
2430,2430,0,40229862,00dff01e,0040,14da,f,1,4cde,0d
2431,2431,0,40229862,00dff01e,0040,14da,f,1,4cde,25
2432,2432,0,40229862,00dff01e,0040,14da,f,1,4cde,1e
2433,2433,0,40229862,00dff01e,0040,14da,f,1,4cde,1e
2434,2434,0,40229862,00dff01e,0040,14da,f,1,4cde,0e
2435,2435,0,40229862,00dff01e,0040,14da,f,1,4cde,22
2436,2436,0,40229862,00dff01e,0040,14da,f,1,4cde,1d
2437,2437,0,40229862,00dff01e,0040,14da,f,1,4cde,1d
2438,2438,0,40229862,00dff01e,0040,14da,f,1,4cde,0d
2439,2439,0,40229862,00dff01e,0040,14da,f,1,4cde,25
2440,2440,0,40229862,00dff01e,0040,14da,f,1,4cde,1e
2441,2441,0,40229862,00dff01e,0040,14da,f,1,4cde,1e
2442,2442,0,40229862,00dff01e,0040,14da,f,1,4cde,0e
2443,2443,0,40229862,00dff01e,0040,14da,f,1,4cde,22
2444,2444,0,40229862,00dff01e,0040,14da,f,1,4cde,1d
2445,2445,0,40229862,00dff01e,0040,14da,f,1,4cde,1d
2446,2446,0,40229862,00dff01e,0040,14da,f,1,4cde,0d
2447,2447,0,40229862,00dff01e,0040,14da,f,1,4cde,25
2448,2448,0,40229862,00dff01e,0040,14da,f,0,4cde,1d
2449,2449,0,40229862,00dff01e,0040,14da,f,0,4cde,1d
2450,2450,0,40229862,00dff01e,0040,14da,f,0,4cde,0d
2451,2451,0,40229862,00dff01e,0040,14da,f,0,4cde,25
2452,2452,0,40229862,00dff01e,0040,14da,f,1,4cde,1d
2453,2453,0,40229862,00dff01e,0040,14da,f,1,4cde,1d
2454,2454,0,40229862,00dff01e,0040,14da,f,1,4cde,0d
2455,2455,0,40229862,00dff01e,0040,14da,f,1,4cde,25
2456,2456,0,40229862,00dff01e,0040,14da,f,1,4cde,1d
2457,2457,0,40229862,00dff01e,0040,14da,f,1,4cde,1d
2458,2458,0,40229862,00dff01e,0040,14da,f,1,4cde,0d
2459,2459,0,40229862,00dff01e,0040,14da,f,1,4cde,25
2460,2460,0,40229862,00dff01e,0040,14da,f,1,4cde,1d
2461,2461,0,40229862,00dff01e,0040,14da,f,1,4cde,1d
2462,2462,0,40229862,00dff01e,0040,14da,f,1,4cde,0d
2463,2463,0,40229862,00dff01e,0040,14da,f,1,4cde,25
2464,2464,0,40229862,00dff01e,0040,14da,f,0,4cde,1d
2465,2465,0,40229862,00dff01e,0040,14da,f,0,4cde,1d
2466,2466,0,40229862,00dff01e,0040,14da,f,0,4cde,0d
2467,2467,0,40229862,00dff01e,0040,14da,f,0,4cde,25
2468,2468,0,40229862,00dff01e,0040,14da,f,1,4cde,1d
2469,2469,0,40229862,00dff01e,0040,14da,f,1,4cde,1d
2470,2470,0,40229862,00dff01e,0040,14da,f,1,4cde,0d
2471,2471,0,40229862,00dff01e,0040,14da,f,1,4cde,25
2472,2472,0,40229862,00dff01e,0040,14da,f,1,4cde,1d
2473,2473,0,40229862,00dff01e,0040,14da,f,1,4cde,1d
2474,2474,0,40229862,00dff01e,0040,14da,f,1,4cde,0d
2475,2475,0,40229862,00dff01e,0040,14da,f,1,4cde,25
2476,2476,0,40229862,00dff01e,0040,14da,f,1,4cde,1e
2477,2477,0,40229862,00dff01e,0040,14da,f,1,4cde,1e
2478,2478,0,40229862,00dff01e,0040,14da,f,1,4cde,0e
2479,2479,0,40229862,00dff01e,0040,14da,f,1,4cde,22
2480,2480,0,40229862,00dff01e,0040,14da,f,1,4cde,1d
2481,2481,0,40229862,00dff01e,0040,14da,f,1,4cde,1d
2482,2482,0,40229862,00dff01e,0040,14da,f,1,4cde,0d
2483,2483,0,40229862,00dff01e,0040,14da,f,1,4cde,25
2484,2484,0,40229862,00dff01e,0040,14da,f,1,4cde,1e
2485,2485,0,40229862,00dff01e,0040,14da,f,1,4cde,1e
2486,2486,0,40229862,00dff01e,0040,14da,f,1,4cde,0e
2487,2487,0,40229862,00dff01e,0040,14da,f,1,4cde,22
2488,2488,0,40229862,00dff01e,0040,14da,f,1,4cde,1d
2489,2489,0,40229862,00dff01e,0040,14da,f,1,4cde,1d
2490,2490,0,40229862,00dff01e,0040,14da,f,1,4cde,0d
2491,2491,0,40229862,00dff01e,0040,14da,f,1,4cde,25
2492,2492,0,40229862,00dff01e,0040,14da,f,0,4cde,1d
2493,2493,0,40229862,00dff01e,0040,14da,f,0,4cde,1d
2494,2494,0,40229862,00dff01e,0040,14da,f,0,4cde,0d
2495,2495,0,40229862,00dff01e,0040,14da,f,0,4cde,25
2496,2496,0,40229862,00dff01e,0040,14da,f,0,4cde,1d
2497,2497,0,40229862,00dff01e,0040,14da,f,0,4cde,1d
2498,2498,0,40229862,00dff01e,0040,14da,f,0,4cde,0d
2499,2499,0,40229862,00dff01e,0040,14da,f,0,4cde,25
2500,2500,0,40229862,00dff01e,0040,14da,f,0,4cde,1d
2501,2501,0,40229862,00dff01e,0040,14da,f,0,4cde,1d
2502,2502,0,40229862,00dff01e,0040,14da,f,0,4cde,0d
2503,2503,0,40229862,00dff01e,0040,14da,f,0,4cde,25
2504,2504,0,40229862,00dff01e,0040,14da,f,1,4cde,1d
2505,2505,0,40229862,00dff01e,0040,14da,f,1,4cde,1d
2506,2506,0,40229862,00dff01e,0040,14da,f,1,4cde,0d
2507,2507,0,40229862,00dff01e,0040,14da,f,1,4cde,25
2508,2508,0,40229862,00dff01e,0040,14da,f,1,4cde,1d
2509,2509,0,40229862,00dff01e,0040,14da,f,1,4cde,1d
2510,2510,0,40229862,00dff01e,0040,14da,f,1,4cde,0d
2511,2511,0,40229862,00dff01e,0040,14da,f,1,4cde,25
2512,2512,0,40229862,00dff01e,0040,14da,f,1,4cde,1e
2513,2513,0,40229862,00dff01e,0040,14da,f,1,4cde,1e
2514,2514,0,40229862,00dff01e,0040,14da,f,1,4cde,0e
2515,2515,0,40229862,00dff01e,0040,14da,f,1,4cde,22
2516,2516,0,40229862,00dff01e,0040,14da,f,1,4cde,1d
2517,2517,0,40229862,00dff01e,0040,14da,f,1,4cde,1d
2518,2518,0,40229862,00dff01e,0040,14da,f,1,4cde,0d
2519,2519,0,40229862,00dff01e,0040,14da,f,1,4cde,25
2520,2520,0,40229862,00dff01e,0040,14da,f,1,4cde,1e
2521,2521,0,40229862,00dff01e,0040,14da,f,1,4cde,1e
2522,2522,0,40229862,00dff01e,0040,14da,f,1,4cde,0e
2523,2523,0,40229862,00dff01e,0040,14da,f,1,4cde,22
2524,2524,0,40229862,00dff01e,0040,14da,f,1,4cde,1d
2525,2525,0,40229862,00dff01e,0040,14da,f,1,4cde,1d
2526,2526,0,40229862,00dff01e,0040,14da,f,1,4cde,0d
2527,2527,0,40229862,00dff01e,0040,14da,f,1,4cde,25
2528,2528,0,40229862,00dff01e,0040,14da,f,0,4cde,1d
2529,2529,0,40229862,00dff01e,0040,14da,f,0,4cde,1d
2530,2530,0,40229862,00dff01e,0040,14da,f,0,4cde,0d
2531,2531,0,40229862,00dff01e,0040,14da,f,0,4cde,25
2532,2532,0,40229862,00dff01e,0040,14da,f,0,4cde,1d
2533,2533,0,40229862,00dff01e,0040,14da,f,0,4cde,1d
2534,2534,0,40229862,00dff01e,0040,14da,f,0,4cde,0d
2535,2535,0,40229862,00dff01e,0040,14da,f,0,4cde,25
2536,2536,0,40229862,00dff01e,0040,14da,f,0,4cde,1d
2537,2537,0,40229862,00dff01e,0040,14da,f,0,4cde,1d
2538,2538,0,40229862,00dff01e,0040,14da,f,0,4cde,0d
2539,2539,0,40229862,00dff01e,0040,14da,f,0,4cde,25
2540,2540,0,40229862,00dff01e,0040,14da,f,1,4cde,1d
2541,2541,0,40229862,00dff01e,0040,14da,f,1,4cde,1d
2542,2542,0,40229862,00dff01e,0040,14da,f,1,4cde,0d
2543,2543,0,40229862,00dff01e,0040,14da,f,1,4cde,25
2544,2544,0,40229862,00dff01e,0040,14da,f,1,4cde,1d
2545,2545,0,40229862,00dff01e,0040,14da,f,1,4cde,1d
2546,2546,0,40229862,00dff01e,0040,14da,f,1,4cde,0d
2547,2547,0,40229862,00dff01e,0040,14da,f,1,4cde,25
2548,2548,0,40229862,00dff01e,0040,14da,f,1,4cde,1e
2549,2549,0,40229862,00dff01e,0040,14da,f,1,4cde,1e
2550,2550,0,40229862,00dff01e,0040,14da,f,1,4cde,0e
2551,2551,0,40229862,00dff01e,0040,14da,f,1,4cde,02
2552,2552,0,40229862,00dff01e,0040,14da,f,1,4cde,02
2553,2553,0,40229862,00dff01e,0040,14da,f,1,4cde,02
2554,2554,0,40229862,00dff01e,0040,14da,f,1,4cde,02
2555,2555,0,40229862,00dff01e,0040,14da,f,1,4cde,02
2556,2556,0,40229862,00dff01e,0040,14da,f,1,4cde,02
2557,2557,0,40229862,00dff01e,0040,14da,f,1,4cde,02
2558,2558,0,40229862,00dff01e,0040,14da,f,1,4cde,02
2559,2559,0,40229862,00dff01e,0040,14da,f,1,4cde,02
2560,2560,0,40229862,00dff01e,0040,14da,f,1,4cde,02
2561,2561,0,40229862,00dff01e,0040,14da,f,1,4cde,02
2562,2562,0,40229862,00dff01e,0040,14da,f,1,4cde,02
2563,2563,0,40229862,00dff01e,0040,14da,f,1,4cde,02
2564,2564,0,40229862,00dff01e,0040,14da,f,1,4cde,02
2565,2565,0,40229862,00dff01e,0040,14da,f,1,4cde,02
2566,2566,0,40229862,00dff01e,0040,14da,f,1,4cde,02
2567,2567,0,40229862,00dff01e,0040,14da,f,1,4cde,22
2568,2568,0,40229862,00dff01e,0040,14da,f,1,4cde,1d
2569,2569,0,40229862,00dff01e,0040,14da,f,1,4cde,1d
2570,2570,0,40229862,00dff01e,0040,14da,f,1,4cde,0d
2571,2571,0,40229862,00dff01e,0040,14da,f,1,4cde,25
2572,2572,0,40229862,00dff01e,0040,14da,f,1,4cde,1e
2573,2573,0,40229862,00dff01e,0040,14da,f,1,4cde,1e
2574,2574,0,40229862,00dff01e,0040,14da,f,1,4cde,0e
2575,2575,0,40229862,00dff01e,0040,14da,f,1,4cde,22
2576,2576,0,40229862,00dff01e,0040,14da,f,1,4cde,1d
2577,2577,0,40229862,00dff01e,0040,14da,f,1,4cde,1d
2578,2578,0,40229862,00dff01e,0040,14da,f,1,4cde,0d
2579,2579,0,40229862,00dff01e,0040,14da,f,1,4cde,25
2580,2580,0,40229862,00dff01e,0040,14da,f,0,4cde,1d
2581,2581,0,40229862,00dff01e,0040,14da,f,0,4cde,1d
2582,2582,0,40229862,00dff01e,0040,14da,f,0,4cde,0d
2583,2583,0,40229862,00dff01e,0040,14da,f,0,4cde,25
2584,2584,0,40229862,00dff01e,0040,14da,f,0,4cde,1d
2585,2585,0,40229862,00dff01e,0040,14da,f,0,4cde,1d
2586,2586,0,40229862,00dff01e,0040,14da,f,0,4cde,0d
2587,2587,0,40229862,00dff01e,0040,14da,f,0,4cde,25
2588,2588,0,40229862,00dff01e,0040,14da,f,0,4cde,1d
2589,2589,0,40229862,00dff01e,0040,14da,f,0,4cde,1d
2590,2590,0,40229862,00dff01e,0040,14da,f,0,4cde,0d
2591,2591,0,40229862,00dff01e,0040,14da,f,0,4cde,25
2592,2592,0,40229862,00dff01e,0040,14da,f,1,4cde,1d
2593,2593,0,40229862,00dff01e,0040,14da,f,1,4cde,1d
2594,2594,0,40229862,00dff01e,0040,14da,f,1,4cde,0d
2595,2595,0,40229862,00dff01e,0040,14da,f,1,4cde,25
2596,2596,0,40229862,00dff01e,0040,14da,f,1,4cde,1d
2597,2597,0,40229862,00dff01e,0040,14da,f,1,4cde,1d
2598,2598,0,40229862,00dff01e,0040,14da,f,1,4cde,0d
2599,2599,0,40229862,00dff01e,0040,14da,f,1,4cde,25
2600,2600,0,40229862,00dff01e,0040,14da,f,1,4cde,1e
2601,2601,0,40229862,00dff01e,0040,14da,f,1,4cde,1e
2602,2602,0,40229862,00dff01e,0040,14da,f,1,4cde,0e
2603,2603,0,40229862,00dff01e,0040,14da,f,1,4cde,22
2604,2604,0,40229862,00dff01e,0040,14da,f,1,4cde,1d
2605,2605,0,40229862,00dff01e,0040,14da,f,1,4cde,1d
2606,2606,0,40229862,00dff01e,0040,14da,f,1,4cde,0d
2607,2607,0,40229862,00dff01e,0040,14da,f,1,4cde,25
2608,2608,0,40229862,00dff01e,0040,14da,f,1,4cde,1e
2609,2609,0,40229862,00dff01e,0040,14da,f,1,4cde,1e
2610,2610,0,40229862,00dff01e,0040,14da,f,1,4cde,0e
2611,2611,0,40229862,00dff01e,0040,14da,f,1,4cde,22
2612,2612,0,40229862,00dff01e,0040,14da,f,1,4cde,1d
2613,2613,0,40229862,00dff01e,0040,14da,f,1,4cde,1d
2614,2614,0,40229862,00dff01e,0040,14da,f,1,4cde,0d
2615,2615,0,40229862,00dff01e,0040,14da,f,1,4cde,25
2616,2616,0,40229862,00dff01e,0040,14da,f,0,4cde,1d
2617,2617,0,40229862,00dff01e,0040,14da,f,0,4cde,1d
2618,2618,0,40229862,00dff01e,0040,14da,f,0,4cde,0d
2619,2619,0,40229862,00dff01e,0040,14da,f,0,4cde,25
2620,2620,0,40229862,00dff01e,0040,14da,f,0,4cde,1d
2621,2621,0,40229862,00dff01e,0040,14da,f,0,4cde,1d
2622,2622,0,40229862,00dff01e,0040,14da,f,0,4cde,0d
2623,2623,0,40229862,00dff01e,0040,14da,f,0,4cde,25
2624,2624,0,40229862,00dff01e,0040,14da,f,0,4cde,1d
2625,2625,0,40229862,00dff01e,0040,14da,f,0,4cde,1d
2626,2626,0,40229862,00dff01e,0040,14da,f,0,4cde,0d
2627,2627,0,40229862,00dff01e,0040,14da,f,0,4cde,25
2628,2628,0,40229862,00dff01e,0040,14da,f,1,4cde,1d
2629,2629,0,40229862,00dff01e,0040,14da,f,1,4cde,1d
2630,2630,0,40229862,00dff01e,0040,14da,f,1,4cde,0d
2631,2631,0,40229862,00dff01e,0040,14da,f,1,4cde,25
2632,2632,0,40229862,00dff01e,0040,14da,f,1,4cde,1d
2633,2633,0,40229862,00dff01e,0040,14da,f,1,4cde,1d
2634,2634,0,40229862,00dff01e,0040,14da,f,1,4cde,0d
2635,2635,0,40229862,00dff01e,0040,14da,f,1,4cde,25
2636,2636,0,40229862,00dff01e,0040,14da,f,1,4cde,1e
2637,2637,0,40229862,00dff01e,0040,14da,f,1,4cde,1e
2638,2638,0,40229862,00dff01e,0040,14da,f,1,4cde,0e
2639,2639,0,40229862,00dff01e,0040,14da,f,1,4cde,22
2640,2640,0,40229862,00dff01e,0040,14da,f,1,4cde,1d
2641,2641,0,40229862,00dff01e,0040,14da,f,1,4cde,1d
2642,2642,0,40229862,00dff01e,0040,14da,f,1,4cde,0d
2643,2643,0,40229862,00dff01e,0040,14da,f,1,4cde,25
2644,2644,0,40229862,00dff01e,0040,14da,f,1,4cde,1e
2645,2645,0,40229862,00dff01e,0040,14da,f,1,4cde,1e
2646,2646,0,40229862,00dff01e,0040,14da,f,1,4cde,0e
2647,2647,0,40229862,00dff01e,0040,14da,f,1,4cde,22
2648,2648,0,40229862,00dff01e,0040,14da,f,1,4cde,1d
2649,2649,0,40229862,00dff01e,0040,14da,f,1,4cde,1d
2650,2650,0,40229862,00dff01e,0040,14da,f,1,4cde,0d
2651,2651,0,40229862,00dff01e,0040,14da,f,1,4cde,25
2652,2652,0,40229862,00dff01e,0040,14da,f,0,4cde,1d
2653,2653,0,40229862,00dff01e,0040,14da,f,0,4cde,1d
2654,2654,0,40229862,00dff01e,0040,14da,f,0,4cde,0d
2655,2655,0,40229862,00dff01e,0040,14da,f,0,4cde,25
2656,2656,0,40229862,00dff01e,0040,14da,f,0,4cde,1d
2657,2657,0,40229862,00dff01e,0040,14da,f,0,4cde,1d
2658,2658,0,40229862,00dff01e,0040,14da,f,0,4cde,0d
2659,2659,0,40229862,00dff01e,0040,14da,f,0,4cde,25
2660,2660,0,40229862,00dff01e,0040,14da,f,0,4cde,1d
2661,2661,0,40229862,00dff01e,0040,14da,f,0,4cde,1d
2662,2662,0,40229862,00dff01e,0040,14da,f,0,4cde,0d
2663,2663,0,40229862,00dff01e,0040,14da,f,0,4cde,25
2664,2664,0,40229862,00dff01e,0040,14da,f,1,4cde,1d
2665,2665,0,40229862,00dff01e,0040,14da,f,1,4cde,1d
2666,2666,0,40229862,00dff01e,0040,14da,f,1,4cde,0d
2667,2667,0,40229862,00dff01e,0040,14da,f,1,4cde,25
2668,2668,0,40229862,00dff01e,0040,14da,f,1,4cde,1d
2669,2669,0,40229862,00dff01e,0040,14da,f,1,4cde,1d
2670,2670,0,40229862,00dff01e,0040,14da,f,1,4cde,0d
2671,2671,0,40229862,00dff01e,0040,14da,f,1,4cde,25
2672,2672,0,40229862,00dff01e,0040,14da,f,1,4cde,1e
2673,2673,0,40229862,00dff01e,0040,14da,f,1,4cde,1e
2674,2674,0,40229862,00dff01e,0040,14da,f,1,4cde,0e
2675,2675,0,40229862,00dff01e,0040,14da,f,1,4cde,22
2676,2676,0,40229862,00dff01e,0040,14da,f,1,4cde,1d
2677,2677,0,40229862,00dff01e,0040,14da,f,1,4cde,1d
2678,2678,0,40229862,00dff01e,0040,14da,f,1,4cde,0d
2679,2679,0,40229862,00dff01e,0040,14da,f,1,4cde,25
2680,2680,0,40229862,00dff01e,0040,14da,f,1,4cde,1e
2681,2681,0,40229862,00dff01e,0040,14da,f,1,4cde,1e
2682,2682,0,40229862,00dff01e,0040,14da,f,1,4cde,0e
2683,2683,0,40229862,00dff01e,0040,14da,f,1,4cde,22
2684,2684,0,40229862,00dff01e,0040,14da,f,1,4cde,1d
2685,2685,0,40229862,00dff01e,0040,14da,f,1,4cde,1d
2686,2686,0,40229862,00dff01e,0040,14da,f,1,4cde,0d
2687,2687,0,40229862,00dff01e,0040,14da,f,1,4cde,25
2688,2688,0,40229862,00dff01e,0040,14da,f,0,4cde,1d
2689,2689,0,40229862,00dff01e,0040,14da,f,0,4cde,1d
2690,2690,0,40229862,00dff01e,0040,14da,f,0,4cde,0d
2691,2691,0,40229862,00dff01e,0040,14da,f,0,4cde,25
2692,2692,0,40229862,00dff01e,0040,14da,f,0,4cde,1d
2693,2693,0,40229862,00dff01e,0040,14da,f,0,4cde,1d
2694,2694,0,40229862,00dff01e,0040,14da,f,0,4cde,0d
2695,2695,0,40229862,00dff01e,0040,14da,f,0,4cde,25
2696,2696,0,40229862,00dff01e,0040,14da,f,0,4cde,1d
2697,2697,0,40229862,00dff01e,0040,14da,f,0,4cde,1d
2698,2698,0,40229862,00dff01e,0040,14da,f,0,4cde,0d
2699,2699,0,40229862,00dff01e,0040,14da,f,0,4cde,25
2700,2700,0,40229862,00dff01e,0040,14da,f,1,4cde,1d
2701,2701,0,40229862,00dff01e,0040,14da,f,1,4cde,1d
2702,2702,0,40229862,00dff01e,0040,14da,f,1,4cde,0d
2703,2703,0,40229862,00dff01e,0040,14da,f,1,4cde,25
2704,2704,0,40229862,00dff01e,0040,14da,f,1,4cde,1d
2705,2705,0,40229862,00dff01e,0040,14da,f,1,4cde,1d
2706,2706,0,40229862,00dff01e,0040,14da,f,1,4cde,0d
2707,2707,0,40229862,00dff01e,0040,14da,f,1,4cde,25
2708,2708,0,40229862,00dff01e,0040,14da,f,1,4cde,1e
2709,2709,0,40229862,00dff01e,0040,14da,f,1,4cde,1e
2710,2710,0,40229862,00dff01e,0040,14da,f,1,4cde,0e
2711,2711,0,40229862,00dff01e,0040,14da,f,1,4cde,02
2712,2712,0,40229862,00dff01e,0040,14da,f,1,4cde,02
2713,2713,0,40229862,00dff01e,0040,14da,f,1,4cde,02
2714,2714,0,40229862,00dff01e,0040,14da,f,1,4cde,02
2715,2715,0,40229862,00dff01e,0040,14da,f,1,4cde,02
2716,2716,0,40229862,00dff01e,0040,14da,f,1,4cde,02
2717,2717,0,40229862,00dff01e,0040,14da,f,1,4cde,02
2718,2718,0,40229862,00dff01e,0040,14da,f,1,4cde,02
2719,2719,0,40229862,00dff01e,0040,14da,f,1,4cde,02
2720,2720,0,40229862,00dff01e,0040,14da,f,1,4cde,02
2721,2721,0,40229862,00dff01e,0040,14da,f,1,4cde,02
2722,2722,0,40229862,00dff01e,0040,14da,f,1,4cde,02
2723,2723,0,40229862,00dff01e,0040,14da,f,1,4cde,02
2724,2724,0,40229862,00dff01e,0040,14da,f,1,4cde,02
2725,2725,0,40229862,00dff01e,0040,14da,f,1,4cde,02
2726,2726,0,40229862,00dff01e,0040,14da,f,1,4cde,02
2727,2727,0,40229862,00dff01e,0040,14da,f,1,4cde,22
2728,2728,0,40229862,00dff01e,0040,14da,f,1,4cde,1d
2729,2729,0,40229862,00dff01e,0040,14da,f,1,4cde,1d
2730,2730,0,40229862,00dff01e,0040,14da,f,1,4cde,0d
2731,2731,0,40229862,00dff01e,0040,14da,f,1,4cde,25
2732,2732,0,40229862,00dff01e,0040,14da,f,1,4cde,1e
2733,2733,0,40229862,00dff01e,0040,14da,f,1,4cde,1e
2734,2734,0,40229862,00dff01e,0040,14da,f,1,4cde,0e
2735,2735,0,40229862,00dff01e,0040,14da,f,1,4cde,22
2736,2736,0,40229862,00dff01e,0040,14da,f,1,4cde,1d
2737,2737,0,40229862,00dff01e,0040,14da,f,1,4cde,1d
2738,2738,0,40229862,00dff01e,0040,14da,f,1,4cde,0d
2739,2739,0,40229862,00dff01e,0040,14da,f,1,4cde,25
2740,2740,0,40229862,00dff01e,0040,14da,f,0,4cde,1d
2741,2741,0,40229862,00dff01e,0040,14da,f,0,4cde,1d
2742,2742,0,40229862,00dff01e,0040,14da,f,0,4cde,0d
2743,2743,0,40229862,00dff01e,0040,14da,f,0,4cde,25
2744,2744,0,40229862,00dff01e,0040,14da,f,0,4cde,1d
2745,2745,0,40229862,00dff01e,0040,14da,f,0,4cde,1d
2746,2746,0,40229862,00dff01e,0040,14da,f,0,4cde,0d
2747,2747,0,40229862,00dff01e,0040,14da,f,0,4cde,25
2748,2748,0,40229862,00dff01e,0040,14da,f,0,4cde,1d
2749,2749,0,40229862,00dff01e,0040,14da,f,0,4cde,1d
2750,2750,0,40229862,00dff01e,0040,14da,f,0,4cde,0d
2751,2751,0,40229862,00dff01e,0040,14da,f,0,4cde,25
2752,2752,0,40229862,00dff01e,0040,14da,f,1,4cde,1d
2753,2753,0,40229862,00dff01e,0040,14da,f,1,4cde,1d
2754,2754,0,40229862,00dff01e,0040,14da,f,1,4cde,0d
2755,2755,0,40229862,00dff01e,0040,14da,f,1,4cde,25
2756,2756,0,40229862,00dff01e,0040,14da,f,1,4cde,1d
2757,2757,0,40229862,00dff01e,0040,14da,f,1,4cde,1d
2758,2758,0,40229862,00dff01e,0040,14da,f,1,4cde,0d
2759,2759,0,40229862,00dff01e,0040,14da,f,1,4cde,25
2760,2760,0,40229862,00dff01e,0040,14da,f,1,4cde,1e
2761,2761,0,40229862,00dff01e,0040,14da,f,1,4cde,1e
2762,2762,0,40229862,00dff01e,0040,14da,f,1,4cde,0e
2763,2763,0,40229862,00dff01e,0040,14da,f,1,4cde,22
2764,2764,0,40229862,00dff01e,0040,14da,f,1,4cde,1d
2765,2765,0,40229862,00dff01e,0040,14da,f,1,4cde,1d
2766,2766,0,40229862,00dff01e,0040,14da,f,1,4cde,0d
2767,2767,0,40229862,00dff01e,0040,14da,f,1,4cde,25
2768,2768,0,40229862,00dff01e,0040,14da,f,1,4cde,1e
2769,2769,0,40229862,00dff01e,0040,14da,f,1,4cde,1e
2770,2770,0,40229862,00dff01e,0040,14da,f,1,4cde,0e
2771,2771,0,40229862,00dff01e,0040,14da,f,1,4cde,22
2772,2772,0,40229862,00dff01e,0040,14da,f,1,4cde,1d
2773,2773,0,40229862,00dff01e,0040,14da,f,1,4cde,1d
2774,2774,0,40229862,00dff01e,0040,14da,f,1,4cde,0d
2775,2775,0,40229862,00dff01e,0040,14da,f,1,4cde,25
2776,2776,0,40229862,00dff01e,0040,14da,f,0,4cde,1d
2777,2777,0,40229862,00dff01e,0040,14da,f,0,4cde,1d
2778,2778,0,40229862,00dff01e,0040,14da,f,0,4cde,0d
2779,2779,0,40229862,00dff01e,0040,14da,f,0,4cde,25
2780,2780,0,40229862,00dff01e,0040,14da,f,0,4cde,1d
2781,2781,0,40229862,00dff01e,0040,14da,f,0,4cde,1d
2782,2782,0,40229862,00dff01e,0040,14da,f,0,4cde,0d
2783,2783,0,40229862,00dff01e,0040,14da,f,0,4cde,25
2784,2784,0,40229862,00dff01e,0040,14da,f,0,4cde,1d
2785,2785,0,40229862,00dff01e,0040,14da,f,0,4cde,1d
2786,2786,0,40229862,00dff01e,0040,14da,f,0,4cde,0d
2787,2787,0,40229862,00dff01e,0040,14da,f,0,4cde,25
2788,2788,0,40229864,00dff01e,0040,14da,f,0,4cde,1d
2789,2789,0,40229864,00dff01e,0040,14da,f,0,4cde,1d
2790,2790,0,40229864,00dff01e,0040,14da,f,0,4cde,0d
2791,2791,0,40229864,00dff01e,0040,14da,f,0,4cde,25
2792,2792,0,40229864,00dff01e,0040,14da,f,1,4cde,1d
2793,2793,0,40229864,00dff01e,0040,14da,f,1,4cde,1d
2794,2794,0,40229864,00dff01e,0040,14da,f,1,4cde,0d
2795,2795,0,40229864,00dff01e,0040,14da,f,1,4cde,25
2796,2796,0,40229866,00dff01e,0040,14da,f,1,4cde,1d
2797,2797,0,40229866,00dff01e,0040,14da,f,1,4cde,1d
2798,2798,0,40229866,00dff01e,0040,14da,f,1,4cde,0d
2799,2799,0,40229866,00dff01e,0040,14da,f,1,4cde,25
2800,2800,0,40229866,00dff01e,0040,14da,f,1,4cde,1d
2801,2801,0,40229866,00dff01e,0040,14da,f,1,4cde,1d
2802,2802,0,40229866,00dff01e,0040,14da,f,1,4cde,0d
2803,2803,0,40229866,00dff01e,0040,14da,f,1,4cde,25
2804,2804,0,40229866,00dff01e,0040,14da,f,0,4cde,1d
2805,2805,0,40229866,00dff01e,0040,14da,f,0,4cde,1d
2806,2806,0,40229866,00dff01e,0040,14da,f,0,4cde,0d
2807,2807,0,40229866,00dff01e,0040,14da,f,0,4cde,25
2808,2808,0,40229866,00dff01e,0040,14da,f,0,4cde,1d
2809,2809,0,40229866,00dff01e,0040,14da,f,0,4cde,1d
2810,2810,0,40229866,00dff01e,0040,14da,f,0,4cde,0d
2811,2811,0,40229866,00dff01e,0040,14da,f,0,4cde,25
2812,2812,0,40229866,00dff01e,0040,14da,f,1,4cde,1d
2813,2813,0,40229866,00dff01e,0040,14da,f,1,4cde,1d
2814,2814,0,40229866,00dff01e,0040,14da,f,1,4cde,0d
2815,2815,0,40229866,00dff01e,0040,14da,f,1,4cde,25
2816,2816,0,40229866,00dff01e,0040,14da,f,1,4cde,1d
2817,2817,0,40229866,00dff01e,0040,14da,f,1,4cde,1d
2818,2818,0,40229866,00dff01e,0040,14da,f,1,4cde,0d
2819,2819,0,40229866,00dff01e,0040,14da,f,1,4cde,25
2820,2820,0,40229866,00dff01e,0040,14da,f,1,4cde,1e
2821,2821,0,40229866,00dff01e,0040,14da,f,1,4cde,1e
2822,2822,0,40229866,00dff01e,0040,14da,f,1,4cde,0e
2823,2823,0,40229866,00dff01e,0040,14da,f,1,4cde,22
2824,2824,0,40229866,00dff01e,0040,14da,f,1,4cde,1d
2825,2825,0,40229866,00dff01e,0040,14da,f,1,4cde,1d
2826,2826,0,40229866,00dff01e,0040,14da,f,1,4cde,0d
2827,2827,0,40229866,00dff01e,0040,14da,f,1,4cde,25
2828,2828,0,40229866,00dff01e,0040,14da,f,1,4cde,1e
2829,2829,0,40229866,00dff01e,0040,14da,f,1,4cde,1e
2830,2830,0,40229866,00dff01e,0040,14da,f,1,4cde,0e
2831,2831,0,40229866,00dff01e,0040,14da,f,1,4cde,22
2832,2832,0,40229866,00dff01e,0040,14da,f,1,4cde,1d
2833,2833,0,40229866,00dff01e,0040,14da,f,1,4cde,1d
2834,2834,0,40229866,00dff01e,0040,14da,f,1,4cde,0d
2835,2835,0,40229866,00dff01e,0040,14da,f,1,4cde,25
2836,2836,0,40229866,00dff01e,0040,14da,f,0,4cde,1d
2837,2837,0,40229866,00dff01e,0040,14da,f,0,4cde,1d
2838,2838,0,40229866,00dff01e,0040,14da,f,0,4cde,0d
2839,2839,0,40229866,00dff01e,0040,14da,f,0,4cde,25
2840,2840,0,40229866,00dff01e,0040,14da,f,0,4cde,1d
2841,2841,0,40229866,00dff01e,0040,14da,f,0,4cde,1d
2842,2842,0,40229866,00dff01e,0040,14da,f,0,4cde,0d
2843,2843,0,40229866,00dff01e,0040,14da,f,0,4cde,25
2844,2844,0,40229866,00dff01e,0040,14da,f,0,4cde,1d
2845,2845,0,40229866,00dff01e,0040,14da,f,0,4cde,1d
2846,2846,0,40229866,00dff01e,0040,14da,f,0,4cde,0d
2847,2847,0,40229866,00dff01e,0040,14da,f,0,4cde,25
2848,2848,0,40229866,00dff01e,0040,14da,f,1,4cde,1d
2849,2849,0,40229866,00dff01e,0040,14da,f,1,4cde,1d
2850,2850,0,40229866,00dff01e,0040,14da,f,1,4cde,0d
2851,2851,0,40229866,00dff01e,0040,14da,f,1,4cde,25
2852,2852,0,40229866,00dff01e,0040,14da,f,1,4cde,1d
2853,2853,0,40229866,00dff01e,0040,14da,f,1,4cde,1d
2854,2854,0,40229866,00dff01e,0040,14da,f,1,4cde,0d
2855,2855,0,40229866,00dff01e,0040,14da,f,1,4cde,25
2856,2856,0,40229866,00dff01e,0040,14da,f,1,4cde,1e
2857,2857,0,40229866,00dff01e,0040,14da,f,1,4cde,1e
2858,2858,0,40229866,00dff01e,0040,14da,f,1,4cde,0e
2859,2859,0,40229866,00dff01e,0040,14da,f,1,4cde,22
2860,2860,0,40229866,00dff01e,0040,14da,f,1,4cde,1d
2861,2861,0,40229866,00dff01e,0040,14da,f,1,4cde,1d
2862,2862,0,40229866,00dff01e,0040,14da,f,1,4cde,0d
2863,2863,0,40229866,00dff01e,0040,14da,f,1,4cde,25
2864,2864,0,40229866,00dff01e,0040,14da,f,1,4cde,1e
2865,2865,0,40229866,00dff01e,0040,14da,f,1,4cde,1e
2866,2866,0,40229866,00dff01e,0040,14da,f,1,4cde,0e
2867,2867,0,40229866,00dff01e,0040,14da,f,1,4cde,22
2868,2868,0,40229866,00dff01e,0040,14da,f,1,4cde,1d
2869,2869,0,40229866,00dff01e,0040,14da,f,1,4cde,1d
2870,2870,0,40229866,00dff01e,0040,14da,f,1,4cde,0d
2871,2871,0,40229866,00dff01e,0040,14da,f,1,4cde,25
2872,2872,0,40229866,00dff01e,0040,14da,f,0,4cde,1d
2873,2873,0,40229866,00dff01e,0040,14da,f,0,4cde,1d
2874,2874,0,40229866,00dff01e,0040,14da,f,0,4cde,0d
2875,2875,0,40229866,00dff01e,0040,14da,f,0,4cde,25
2876,2876,0,40229866,00dff01e,0040,14da,f,0,4cde,1d
2877,2877,0,40229866,00dff01e,0040,14da,f,0,4cde,1d
2878,2878,0,40229866,00dff01e,0040,14da,f,0,4cde,0d
2879,2879,0,40229866,00dff01e,0040,14da,f,0,4cde,25
2880,2880,0,40229866,00dff01e,0040,14da,f,0,4cde,1d
2881,2881,0,40229866,00dff01e,0040,14da,f,0,4cde,1d
2882,2882,0,40229866,00dff01e,0040,14da,f,0,4cde,0d
2883,2883,0,40229866,00dff01e,0040,14da,f,0,4cde,25
2884,2884,0,40229866,00dff01e,0040,14da,f,1,4cde,1d
2885,2885,0,40229866,00dff01e,0040,14da,f,1,4cde,1d
2886,2886,0,40229866,00dff01e,0040,14da,f,1,4cde,0d
2887,2887,0,40229866,00dff01e,0040,14da,f,1,4cde,25
2888,2888,0,40229866,00dff01e,0040,14da,f,1,4cde,1d
2889,2889,0,40229866,00dff01e,0040,14da,f,1,4cde,1d
2890,2890,0,40229866,00dff01e,0040,14da,f,1,4cde,0d
2891,2891,0,40229866,00dff01e,0040,14da,f,1,4cde,25
2892,2892,0,40229866,00dff01e,0040,14da,f,1,4cde,1e
2893,2893,0,40229866,00dff01e,0040,14da,f,1,4cde,1e
2894,2894,0,40229866,00dff01e,0040,14da,f,1,4cde,0e
2895,2895,0,40229866,00dff01e,0040,14da,f,1,4cde,02
2896,2896,0,40229866,00dff01e,0040,14da,f,1,4cde,02
2897,2897,0,40229866,00dff01e,0040,14da,f,1,4cde,02
2898,2898,0,40229866,00dff01e,0040,14da,f,1,4cde,02
2899,2899,0,40229866,00dff01e,0040,14da,f,1,4cde,02
2900,2900,0,40229866,00dff01e,0040,14da,f,1,4cde,02
2901,2901,0,40229866,00dff01e,0040,14da,f,1,4cde,02
2902,2902,0,40229866,00dff01e,0040,14da,f,1,4cde,02
2903,2903,0,40229866,00dff01e,0040,14da,f,1,4cde,02
2904,2904,0,40229866,00dff01e,0040,14da,f,1,4cde,02
2905,2905,0,40229866,00dff01e,0040,14da,f,1,4cde,02
2906,2906,0,40229866,00dff01e,0040,14da,f,1,4cde,02
2907,2907,0,40229866,00dff01e,0040,14da,f,1,4cde,02
2908,2908,0,40229866,00dff01e,0040,14da,f,1,4cde,02
2909,2909,0,40229866,00dff01e,0040,14da,f,1,4cde,02
2910,2910,0,40229866,00dff01e,0040,14da,f,1,4cde,02
2911,2911,0,40229866,00dff01e,0040,14da,f,1,4cde,02
2912,2912,0,40229866,00dff01e,0040,14da,f,1,4cde,02
2913,2913,0,40229866,00dff01e,0040,14da,f,1,4cde,02
2914,2914,0,40229866,00dff01e,0040,14da,f,1,4cde,02
2915,2915,0,40229866,00dff01e,0040,14da,f,1,4cde,02
2916,2916,0,40229866,00dff01e,0040,14da,f,1,4cde,02
2917,2917,0,40229866,00dff01e,0040,14da,f,1,4cde,02
2918,2918,0,40229866,00dff01e,0040,14da,f,1,4cde,02
2919,2919,0,40229866,00dff01e,0040,14da,f,1,4cde,22
2920,2920,0,40229866,00dff01e,0040,14da,f,1,4cde,1d
2921,2921,0,40229866,00dff01e,0040,14da,f,1,4cde,1d
2922,2922,0,40229866,00dff01e,0040,14da,f,1,4cde,0d
2923,2923,0,40229866,00dff01e,0040,14da,f,1,4cde,25
2924,2924,0,40229866,00dff01e,0040,14da,f,1,4cde,1e
2925,2925,0,40229866,00dff01e,0040,14da,f,1,4cde,1e
2926,2926,0,40229866,00dff01e,0040,14da,f,1,4cde,0e
2927,2927,0,40229866,00dff01e,0040,14da,f,1,4cde,22
2928,2928,0,40229866,00dff01e,0040,14da,f,1,4cde,1d
2929,2929,0,40229866,00dff01e,0040,14da,f,1,4cde,1d
2930,2930,0,40229866,00dff01e,0040,14da,f,1,4cde,0d
2931,2931,0,40229866,00dff01e,0040,14da,f,1,4cde,25
2932,2932,0,40229866,00dff01e,0040,14da,f,0,4cde,1d
2933,2933,0,40229866,00dff01e,0040,14da,f,0,4cde,1d
2934,2934,0,40229866,00dff01e,0040,14da,f,0,4cde,0d
2935,2935,0,40229866,00dff01e,0040,14da,f,0,4cde,25
2936,2936,0,40229866,00dff01e,0040,14da,f,0,4cde,1d
2937,2937,0,40229866,00dff01e,0040,14da,f,0,4cde,1d
2938,2938,0,40229866,00dff01e,0040,14da,f,0,4cde,0d
2939,2939,0,40229866,00dff01e,0040,14da,f,0,4cde,25
2940,2940,0,40229866,00dff01e,0040,14da,f,0,4cde,1d
2941,2941,0,40229866,00dff01e,0040,14da,f,0,4cde,1d
2942,2942,0,40229866,00dff01e,0040,14da,f,0,4cde,0d
2943,2943,0,40229866,00dff01e,0040,14da,f,0,4cde,25
2944,2944,0,40229866,00dff01e,0040,14da,f,1,4cde,1d
2945,2945,0,40229866,00dff01e,0040,14da,f,1,4cde,1d
2946,2946,0,40229866,00dff01e,0040,14da,f,1,4cde,0d
2947,2947,0,40229866,00dff01e,0040,14da,f,1,4cde,25
2948,2948,0,40229866,00dff01e,0040,14da,f,1,4cde,1d
2949,2949,0,40229866,00dff01e,0040,14da,f,1,4cde,1d
2950,2950,0,40229866,00dff01e,0040,14da,f,1,4cde,0d
2951,2951,0,40229866,00dff01e,0040,14da,f,1,4cde,25
2952,2952,0,40229866,00dff01e,0040,14da,f,1,4cde,1e
2953,2953,0,40229866,00dff01e,0040,14da,f,1,4cde,1e
2954,2954,0,40229866,00dff01e,0040,14da,f,1,4cde,0e
2955,2955,0,40229866,00dff01e,0040,14da,f,1,4cde,22
2956,2956,0,40229866,00dff01e,0040,14da,f,1,4cde,1d
2957,2957,0,40229866,00dff01e,0040,14da,f,1,4cde,1d
2958,2958,0,40229866,00dff01e,0040,14da,f,1,4cde,0d
2959,2959,0,40229866,00dff01e,0040,14da,f,1,4cde,25
2960,2960,0,40229866,00dff01e,0040,14da,f,1,4cde,1e
2961,2961,0,40229866,00dff01e,0040,14da,f,1,4cde,1e
2962,2962,0,40229866,00dff01e,0040,14da,f,1,4cde,0e
2963,2963,0,40229866,00dff01e,0040,14da,f,1,4cde,22
2964,2964,0,40229866,00dff01e,0040,14da,f,1,4cde,1d
2965,2965,0,40229866,00dff01e,0040,14da,f,1,4cde,1d
2966,2966,0,40229866,00dff01e,0040,14da,f,1,4cde,0d
2967,2967,0,40229866,00dff01e,0040,14da,f,1,4cde,25
2968,2968,0,40229866,00dff01e,0040,14da,f,0,4cde,1d
2969,2969,0,40229866,00dff01e,0040,14da,f,0,4cde,1d
2970,2970,0,40229866,00dff01e,0040,14da,f,0,4cde,0d
2971,2971,0,40229866,00dff01e,0040,14da,f,0,4cde,25
2972,2972,0,40229866,00dff01e,0040,14da,f,0,4cde,1d
2973,2973,0,40229866,00dff01e,0040,14da,f,0,4cde,1d
2974,2974,0,40229866,00dff01e,0040,14da,f,0,4cde,0d
2975,2975,0,40229866,00dff01e,0040,14da,f,0,4cde,25
2976,2976,0,40229866,00dff01e,0040,14da,f,0,4cde,1d
2977,2977,0,40229866,00dff01e,0040,14da,f,0,4cde,1d
2978,2978,0,40229866,00dff01e,0040,14da,f,0,4cde,0d
2979,2979,0,40229866,00dff01e,0040,14da,f,0,4cde,25
2980,2980,0,40229866,00dff01e,0040,14da,f,1,4cde,1d
2981,2981,0,40229866,00dff01e,0040,14da,f,1,4cde,1d
2982,2982,0,40229866,00dff01e,0040,14da,f,1,4cde,0d
2983,2983,0,40229866,00dff01e,0040,14da,f,1,4cde,25
2984,2984,0,40229866,00dff01e,0040,14da,f,1,4cde,1d
2985,2985,0,40229866,00dff01e,0040,14da,f,1,4cde,1d
2986,2986,0,40229866,00dff01e,0040,14da,f,1,4cde,0d
2987,2987,0,40229866,00dff01e,0040,14da,f,1,4cde,25
2988,2988,0,40229866,00dff01e,0040,14da,f,1,4cde,1e
2989,2989,0,40229866,00dff01e,0040,14da,f,1,4cde,1e
2990,2990,0,40229866,00dff01e,0040,14da,f,1,4cde,0e
2991,2991,0,40229866,00dff01e,0040,14da,f,1,4cde,22
2992,2992,0,40229866,00dff01e,0040,14da,f,1,4cde,1d
2993,2993,0,40229866,00dff01e,0040,14da,f,1,4cde,1d
2994,2994,0,40229866,00dff01e,0040,14da,f,1,4cde,0d
2995,2995,0,40229866,00dff01e,0040,14da,f,1,4cde,25
2996,2996,0,40229866,00dff01e,0040,14da,f,1,4cde,1e
2997,2997,0,40229866,00dff01e,0040,14da,f,1,4cde,1e
2998,2998,0,40229866,00dff01e,0040,14da,f,1,4cde,0e
2999,2999,0,40229866,00dff01e,0040,14da,f,1,4cde,22
3000,3000,0,40229866,00dff01e,0040,14da,f,1,4cde,1d
3001,3001,0,40229866,00dff01e,0040,14da,f,1,4cde,1d
3002,3002,0,40229866,00dff01e,0040,14da,f,1,4cde,0d
3003,3003,0,40229866,00dff01e,0040,14da,f,1,4cde,25
3004,3004,0,40229866,00dff01e,0040,14da,f,0,4cde,1d
3005,3005,0,40229866,00dff01e,0040,14da,f,0,4cde,1d
3006,3006,0,40229866,00dff01e,0040,14da,f,0,4cde,0d
3007,3007,0,40229866,00dff01e,0040,14da,f,0,4cde,25
3008,3008,0,40229866,00dff01e,0040,14da,f,0,4cde,1d
3009,3009,0,40229866,00dff01e,0040,14da,f,0,4cde,1d
3010,3010,0,40229866,00dff01e,0040,14da,f,0,4cde,0d
3011,3011,0,40229866,00dff01e,0040,14da,f,0,4cde,25
3012,3012,0,40229866,00dff01e,0040,14da,f,0,4cde,1d
3013,3013,0,40229866,00dff01e,0040,14da,f,0,4cde,1d
3014,3014,0,40229866,00dff01e,0040,14da,f,0,4cde,0d
3015,3015,0,40229866,00dff01e,0040,14da,f,0,4cde,25
3016,3016,0,40229866,00dff01e,0040,14da,f,1,4cde,1d
3017,3017,0,40229866,00dff01e,0040,14da,f,1,4cde,1d
3018,3018,0,40229866,00dff01e,0040,14da,f,1,4cde,0d
3019,3019,0,40229866,00dff01e,0040,14da,f,1,4cde,25
3020,3020,0,40229866,00dff01e,0040,14da,f,1,4cde,1d
3021,3021,0,40229866,00dff01e,0040,14da,f,1,4cde,1d
3022,3022,0,40229866,00dff01e,0040,14da,f,1,4cde,0d
3023,3023,0,40229866,00dff01e,0040,14da,f,1,4cde,25
3024,3024,0,40229866,00dff01e,0040,14da,f,1,4cde,1e
3025,3025,0,40229866,00dff01e,0040,14da,f,1,4cde,1e
3026,3026,0,40229866,00dff01e,0040,14da,f,1,4cde,0e
3027,3027,0,40229866,00dff01e,0040,14da,f,1,4cde,22
3028,3028,0,40229866,00dff01e,0040,14da,f,1,4cde,1d
3029,3029,0,40229866,00dff01e,0040,14da,f,1,4cde,1d
3030,3030,0,40229866,00dff01e,0040,14da,f,1,4cde,0d
3031,3031,0,40229866,00dff01e,0040,14da,f,1,4cde,25
3032,3032,0,40229866,00dff01e,0040,14da,f,1,4cde,1e
3033,3033,0,40229866,00dff01e,0040,14da,f,1,4cde,1e
3034,3034,0,40229866,00dff01e,0040,14da,f,1,4cde,0e
3035,3035,0,40229866,00dff01e,0040,14da,f,1,4cde,22
3036,3036,0,40229866,00dff01e,0040,14da,f,1,4cde,1d
3037,3037,0,40229866,00dff01e,0040,14da,f,1,4cde,1d
3038,3038,0,40229866,00dff01e,0040,14da,f,1,4cde,0d
3039,3039,0,40229866,00dff01e,0040,14da,f,1,4cde,25
3040,3040,0,40229866,00dff01e,0040,14da,f,0,4cde,1d
3041,3041,0,40229866,00dff01e,0040,14da,f,0,4cde,1d
3042,3042,0,40229866,00dff01e,0040,14da,f,0,4cde,0d
3043,3043,0,40229866,00dff01e,0040,14da,f,0,4cde,25
3044,3044,0,40229866,00dff01e,0040,14da,f,0,4cde,1d
3045,3045,0,40229866,00dff01e,0040,14da,f,0,4cde,1d
3046,3046,0,40229866,00dff01e,0040,14da,f,0,4cde,0d
3047,3047,0,40229866,00dff01e,0040,14da,f,0,4cde,25
3048,3048,0,40229866,00dff01e,0040,14da,f,0,4cde,1d
3049,3049,0,40229866,00dff01e,0040,14da,f,0,4cde,1d
3050,3050,0,40229866,00dff01e,0040,14da,f,0,4cde,0d
3051,3051,0,40229866,00dff01e,0040,14da,f,0,4cde,25
3052,3052,0,40229866,00dff01e,0040,14da,f,1,4cde,1d
3053,3053,0,40229866,00dff01e,0040,14da,f,1,4cde,1d
3054,3054,0,40229866,00dff01e,0040,14da,f,1,4cde,0d
3055,3055,0,40229866,00dff01e,0040,14da,f,1,4cde,25
3056,3056,0,40229866,00dff01e,0040,14da,f,1,4cde,1d
3057,3057,0,40229866,00dff01e,0040,14da,f,1,4cde,1d
3058,3058,0,40229866,00dff01e,0040,14da,f,1,4cde,0d
3059,3059,0,40229866,00dff01e,0040,14da,f,1,4cde,25
3060,3060,0,40229866,00dff01e,0040,14da,f,1,4cde,1e
3061,3061,0,40229866,00dff01e,0040,14da,f,1,4cde,1e
3062,3062,0,40229866,00dff01e,0040,14da,f,1,4cde,0e
3063,3063,0,40229866,00dff01e,0040,14da,f,1,4cde,02
3064,3064,0,40229866,00dff01e,0040,14da,f,1,4cde,02
3065,3065,0,40229866,00dff01e,0040,14da,f,1,4cde,02
3066,3066,0,40229866,00dff01e,0040,14da,f,1,4cde,02
3067,3067,0,40229866,00dff01e,0040,14da,f,1,4cde,02
3068,3068,0,40229866,00dff01e,0040,14da,f,1,4cde,02
3069,3069,0,40229866,00dff01e,0040,14da,f,1,4cde,02
3070,3070,0,40229866,00dff01e,0040,14da,f,1,4cde,02
3071,3071,0,40229866,00dff01e,0040,14da,f,1,4cde,02
3072,3072,0,40229866,00dff01e,0040,14da,f,1,4cde,02
3073,3073,0,40229866,00dff01e,0040,14da,f,1,4cde,02
3074,3074,0,40229866,00dff01e,0040,14da,f,1,4cde,02
3075,3075,0,40229866,00dff01e,0040,14da,f,1,4cde,02
3076,3076,0,40229866,00dff01e,0040,14da,f,1,4cde,02
3077,3077,0,40229866,00dff01e,0040,14da,f,1,4cde,02
3078,3078,0,40229866,00dff01e,0040,14da,f,1,4cde,02
3079,3079,0,40229866,00dff01e,0040,14da,f,1,4cde,22
3080,3080,0,40229866,00dff01e,0040,14da,f,1,4cde,1d
3081,3081,0,40229866,00dff01e,0040,14da,f,1,4cde,1d
3082,3082,0,40229866,00dff01e,0040,14da,f,1,4cde,0d
3083,3083,0,40229866,00dff01e,0040,14da,f,1,4cde,25
3084,3084,0,40229866,00dff01e,0040,14da,f,1,4cde,1e
3085,3085,0,40229866,00dff01e,0040,14da,f,1,4cde,1e
3086,3086,0,40229866,00dff01e,0040,14da,f,1,4cde,0e
3087,3087,0,40229866,00dff01e,0040,14da,f,1,4cde,22
3088,3088,0,40229866,00dff01e,0040,14da,f,1,4cde,1d
3089,3089,0,40229866,00dff01e,0040,14da,f,1,4cde,1d
3090,3090,0,40229866,00dff01e,0040,14da,f,1,4cde,0d
3091,3091,0,40229866,00dff01e,0040,14da,f,1,4cde,25
3092,3092,0,40229866,00dff01e,0040,14da,f,0,4cde,1d
3093,3093,0,40229866,00dff01e,0040,14da,f,0,4cde,1d
3094,3094,0,40229866,00dff01e,0040,14da,f,0,4cde,0d
3095,3095,0,40229866,00dff01e,0040,14da,f,0,4cde,25
3096,3096,0,40229866,00dff01e,0040,14da,f,0,4cde,1d
3097,3097,0,40229866,00dff01e,0040,14da,f,0,4cde,1d
3098,3098,0,40229866,00dff01e,0040,14da,f,0,4cde,0d
3099,3099,0,40229866,00dff01e,0040,14da,f,0,4cde,25
3100,3100,0,40229866,00dff01e,0040,14da,f,0,4cde,1d
3101,3101,0,40229866,00dff01e,0040,14da,f,0,4cde,1d
3102,3102,0,40229866,00dff01e,0040,14da,f,0,4cde,0d
3103,3103,0,40229866,00dff01e,0040,14da,f,0,4cde,25
3104,3104,0,40229866,00dff01e,0040,14da,f,1,4cde,1d
3105,3105,0,40229866,00dff01e,0040,14da,f,1,4cde,1d
3106,3106,0,40229866,00dff01e,0040,14da,f,1,4cde,0d
3107,3107,0,40229866,00dff01e,0040,14da,f,1,4cde,25
3108,3108,0,40229866,00dff01e,0040,14da,f,1,4cde,1d
3109,3109,0,40229866,00dff01e,0040,14da,f,1,4cde,1d
3110,3110,0,40229866,00dff01e,0040,14da,f,1,4cde,0d
3111,3111,0,40229866,00dff01e,0040,14da,f,1,4cde,25
3112,3112,0,40229866,00dff01e,0040,14da,f,1,4cde,1e
3113,3113,0,40229866,00dff01e,0040,14da,f,1,4cde,1e
3114,3114,0,40229866,00dff01e,0040,14da,f,1,4cde,0e
3115,3115,0,40229866,00dff01e,0040,14da,f,1,4cde,22
3116,3116,0,40229866,00dff01e,0040,14da,f,1,4cde,1d
3117,3117,0,40229866,00dff01e,0040,14da,f,1,4cde,1d
3118,3118,0,40229866,00dff01e,0040,14da,f,1,4cde,0d
3119,3119,0,40229866,00dff01e,0040,14da,f,1,4cde,25
3120,3120,0,40229866,00dff01e,0040,14da,f,1,4cde,1e
3121,3121,0,40229866,00dff01e,0040,14da,f,1,4cde,1e
3122,3122,0,40229866,00dff01e,0040,14da,f,1,4cde,0e
3123,3123,0,40229866,00dff01e,0040,14da,f,1,4cde,22
3124,3124,0,40229866,00dff01e,0040,14da,f,1,4cde,1d
3125,3125,0,40229866,00dff01e,0040,14da,f,1,4cde,1d
3126,3126,0,40229866,00dff01e,0040,14da,f,1,4cde,0d
3127,3127,0,40229866,00dff01e,0040,14da,f,1,4cde,25
3128,3128,0,40229866,00dff01e,0040,14da,f,0,4cde,1d
3129,3129,0,40229866,00dff01e,0040,14da,f,0,4cde,1d
3130,3130,0,40229866,00dff01e,0040,14da,f,0,4cde,0d
3131,3131,0,40229866,00dff01e,0040,14da,f,0,4cde,25
3132,3132,0,40229866,00dff01e,0040,14da,f,0,4cde,1d
3133,3133,0,40229866,00dff01e,0040,14da,f,0,4cde,1d
3134,3134,0,40229866,00dff01e,0040,14da,f,0,4cde,0d
3135,3135,0,40229866,00dff01e,0040,14da,f,0,4cde,25
3136,3136,0,40229866,00dff01e,0040,14da,f,0,4cde,1d
3137,3137,0,40229866,00dff01e,0040,14da,f,0,4cde,1d
3138,3138,0,40229866,00dff01e,0040,14da,f,0,4cde,0d
3139,3139,0,40229866,00dff01e,0040,14da,f,0,4cde,25
3140,3140,0,40229866,00dff01e,0040,14da,f,1,4cde,1d
3141,3141,0,40229866,00dff01e,0040,14da,f,1,4cde,1d
3142,3142,0,40229866,00dff01e,0040,14da,f,1,4cde,0d
3143,3143,0,40229866,00dff01e,0040,14da,f,1,4cde,25
3144,3144,0,40229866,00dff01e,0040,14da,f,1,4cde,1d
3145,3145,0,40229866,00dff01e,0040,14da,f,1,4cde,1d
3146,3146,0,40229866,00dff01e,0040,14da,f,1,4cde,0d
3147,3147,0,40229866,00dff01e,0040,14da,f,1,4cde,25
3148,3148,0,40229866,00dff01e,0040,14da,f,1,4cde,1e
3149,3149,0,40229866,00dff01e,0040,14da,f,1,4cde,1e
3150,3150,0,40229866,00dff01e,0040,14da,f,1,4cde,0e
3151,3151,0,40229866,00dff01e,0040,14da,f,1,4cde,22
3152,3152,0,40229866,00dff01e,0040,14da,f,1,4cde,1d
3153,3153,0,40229866,00dff01e,0040,14da,f,1,4cde,1d
3154,3154,0,40229866,00dff01e,0040,14da,f,1,4cde,0d
3155,3155,0,40229866,00dff01e,0040,14da,f,1,4cde,25
3156,3156,0,40229866,00dff01e,0040,14da,f,1,4cde,1e
3157,3157,0,40229866,00dff01e,0040,14da,f,1,4cde,1e
3158,3158,0,40229866,00dff01e,0040,14da,f,1,4cde,0e
3159,3159,0,40229866,00dff01e,0040,14da,f,1,4cde,22
3160,3160,0,40229866,00dff01e,0040,14da,f,1,4cde,1d
3161,3161,0,40229866,00dff01e,0040,14da,f,1,4cde,1d
3162,3162,0,40229866,00dff01e,0040,14da,f,1,4cde,0d
3163,3163,0,40229866,00dff01e,0040,14da,f,1,4cde,25
3164,3164,0,40229866,00dff01e,0040,14da,f,0,4cde,1d
3165,3165,0,40229866,00dff01e,0040,14da,f,0,4cde,1d
3166,3166,0,40229866,00dff01e,0040,14da,f,0,4cde,0d
3167,3167,0,40229866,00dff01e,0040,14da,f,0,4cde,25
3168,3168,0,40229866,00dff01e,0040,14da,f,0,4cde,1d
3169,3169,0,40229866,00dff01e,0040,14da,f,0,4cde,1d
3170,3170,0,40229866,00dff01e,0040,14da,f,0,4cde,0d
3171,3171,0,40229866,00dff01e,0040,14da,f,0,4cde,25
3172,3172,0,40229866,00dff01e,0040,14da,f,0,4cde,1d
3173,3173,0,40229866,00dff01e,0040,14da,f,0,4cde,1d
3174,3174,0,40229866,00dff01e,0040,14da,f,0,4cde,0d
3175,3175,0,40229866,00dff01e,0040,14da,f,0,4cde,25
3176,3176,0,40229866,00dff01e,0040,14da,f,1,4cde,1d
3177,3177,0,40229866,00dff01e,0040,14da,f,1,4cde,1d
3178,3178,0,40229866,00dff01e,0040,14da,f,1,4cde,0d
3179,3179,0,40229866,00dff01e,0040,14da,f,1,4cde,25
3180,3180,0,40229866,00dff01e,0040,14da,f,1,4cde,1d
3181,3181,0,40229866,00dff01e,0040,14da,f,1,4cde,1d
3182,3182,0,40229866,00dff01e,0040,14da,f,1,4cde,0d
3183,3183,0,40229866,00dff01e,0040,14da,f,1,4cde,25
3184,3184,0,40229866,00dff01e,0040,14da,f,1,4cde,1e
3185,3185,0,40229866,00dff01e,0040,14da,f,1,4cde,1e
3186,3186,0,40229866,00dff01e,0040,14da,f,1,4cde,0e
3187,3187,0,40229866,00dff01e,0040,14da,f,1,4cde,22
3188,3188,0,40229866,00dff01e,0040,14da,f,1,4cde,1d
3189,3189,0,40229866,00dff01e,0040,14da,f,1,4cde,1d
3190,3190,0,40229866,00dff01e,0040,14da,f,1,4cde,0d
3191,3191,0,40229866,00dff01e,0040,14da,f,1,4cde,25
3192,3192,0,40229866,00dff01e,0040,14da,f,1,4cde,1e
3193,3193,0,40229866,00dff01e,0040,14da,f,1,4cde,1e
3194,3194,0,40229866,00dff01e,0040,14da,f,1,4cde,0e
3195,3195,0,40229866,00dff01e,0040,14da,f,1,4cde,22
3196,3196,0,40229866,00dff01e,0040,14da,f,1,4cde,1d
3197,3197,0,40229866,00dff01e,0040,14da,f,1,4cde,1d
3198,3198,0,40229866,00dff01e,0040,14da,f,1,4cde,0d
3199,3199,0,40229866,00dff01e,0040,14da,f,1,4cde,25
3200,3200,0,40229866,00dff01e,0040,14da,f,0,4cde,1d
3201,3201,0,40229866,00dff01e,0040,14da,f,0,4cde,1d
3202,3202,0,40229866,00dff01e,0040,14da,f,0,4cde,0d
3203,3203,0,40229866,00dff01e,0040,14da,f,0,4cde,25
3204,3204,0,40229866,00dff01e,0040,14da,f,0,4cde,1d
3205,3205,0,40229866,00dff01e,0040,14da,f,0,4cde,1d
3206,3206,0,40229866,00dff01e,0040,14da,f,0,4cde,0d
3207,3207,0,40229866,00dff01e,0040,14da,f,0,4cde,25
3208,3208,0,40229866,00dff01e,0040,14da,f,0,4cde,1d
3209,3209,0,40229866,00dff01e,0040,14da,f,0,4cde,1d
3210,3210,0,40229866,00dff01e,0040,14da,f,0,4cde,0d
3211,3211,0,40229866,00dff01e,0040,14da,f,0,4cde,25
3212,3212,0,40229868,00dff01e,0040,14da,f,0,4cde,1d
3213,3213,0,40229868,00dff01e,0040,14da,f,0,4cde,1d
3214,3214,0,40229868,00dff01e,0040,14da,f,0,4cde,0d
3215,3215,0,40229868,00dff01e,0040,14da,f,0,4cde,25
3216,3216,0,40229868,00dff01e,0040,14da,f,1,4cde,1d
3217,3217,0,40229868,00dff01e,0040,14da,f,1,4cde,1d
3218,3218,0,40229868,00dff01e,0040,14da,f,1,4cde,0d
3219,3219,0,40229868,00dff01e,0040,14da,f,1,4cde,25
3220,3220,0,4022986a,00dff01e,0040,14da,f,1,4cde,1d
3221,3221,0,4022986a,00dff01e,0040,14da,f,1,4cde,1d
3222,3222,0,4022986a,00dff01e,0040,14da,f,1,4cde,0d
3223,3223,0,4022986a,00dff01e,0040,14da,f,1,4cde,25
3224,3224,0,4022986a,00dff01e,0040,14da,f,1,4cde,1d
3225,3225,0,4022986a,00dff01e,0040,14da,f,1,4cde,1d
3226,3226,0,4022986a,00dff01e,0040,14da,f,1,4cde,0d
3227,3227,0,4022986a,00dff01e,0040,14da,f,1,4cde,25
3228,3228,0,4022986a,00dff01e,0040,14da,f,0,4cde,1d
3229,3229,0,4022986a,00dff01e,0040,14da,f,0,4cde,1d
3230,3230,0,4022986a,00dff01e,0040,14da,f,0,4cde,0d
3231,3231,0,4022986a,00dff01e,0040,14da,f,0,4cde,25
3232,3232,0,4022986a,00dff01e,0040,14da,f,0,4cde,1d
3233,3233,0,4022986a,00dff01e,0040,14da,f,0,4cde,1d
3234,3234,0,4022986a,00dff01e,0040,14da,f,0,4cde,0d
3235,3235,0,4022986a,00dff01e,0040,14da,f,0,4cde,25
3236,3236,0,4022986a,00dff01e,0040,14da,f,1,4cde,1d
3237,3237,0,4022986a,00dff01e,0040,14da,f,1,4cde,1d
3238,3238,0,4022986a,00dff01e,0040,14da,f,1,4cde,0d
3239,3239,0,4022986a,00dff01e,0040,14da,f,1,4cde,25
3240,3240,0,4022986a,00dff01e,0040,14da,f,1,4cde,1d
3241,3241,0,4022986a,00dff01e,0040,14da,f,1,4cde,1d
3242,3242,0,4022986a,00dff01e,0040,14da,f,1,4cde,0d
3243,3243,0,4022986a,00dff01e,0040,14da,f,1,4cde,25
3244,3244,0,4022986a,00dff01e,0040,14da,f,1,4cde,1e
3245,3245,0,4022986a,00dff01e,0040,14da,f,1,4cde,1e
3246,3246,0,4022986a,00dff01e,0040,14da,f,1,4cde,0e
3247,3247,0,4022986a,00dff01e,0040,14da,f,1,4cde,02
3248,3248,0,4022986a,00dff01e,0040,14da,f,1,4cde,02
3249,3249,0,4022986a,00dff01e,0040,14da,f,1,4cde,02
3250,3250,0,4022986a,00dff01e,0040,14da,f,1,4cde,02
3251,3251,0,4022986a,00dff01e,0040,14da,f,1,4cde,02
3252,3252,0,4022986a,00dff01e,0040,14da,f,1,4cde,02
3253,3253,0,4022986a,00dff01e,0040,14da,f,1,4cde,02
3254,3254,0,4022986a,00dff01e,0040,14da,f,1,4cde,02
3255,3255,0,4022986a,00dff01e,0040,14da,f,1,4cde,02
3256,3256,0,4022986a,00dff01e,0040,14da,f,1,4cde,02
3257,3257,0,4022986a,00dff01e,0040,14da,f,1,4cde,02
3258,3258,0,4022986a,00dff01e,0040,14da,f,1,4cde,02
3259,3259,0,4022986a,00dff01e,0040,14da,f,1,4cde,02
3260,3260,0,4022986a,00dff01e,0040,14da,f,1,4cde,02
3261,3261,0,4022986a,00dff01e,0040,14da,f,1,4cde,02
3262,3262,0,4022986a,00dff01e,0040,14da,f,1,4cde,02
3263,3263,0,4022986a,00dff01e,0040,14da,f,1,4cde,02
3264,3264,0,4022986a,00dff01e,0040,14da,f,1,4cde,02
3265,3265,0,4022986a,00dff01e,0040,14da,f,1,4cde,02
3266,3266,0,4022986a,00dff01e,0040,14da,f,1,4cde,02
3267,3267,0,4022986a,00dff01e,0040,14da,f,1,4cde,02
3268,3268,0,4022986a,00dff01e,0040,14da,f,1,4cde,02
3269,3269,0,4022986a,00dff01e,0040,14da,f,1,4cde,02
3270,3270,0,4022986a,00dff01e,0040,14da,f,1,4cde,02
3271,3271,0,4022986a,00dff01e,0040,14da,f,1,4cde,22
3272,3272,0,4022986a,00dff01e,0040,14da,f,1,4cde,1d
3273,3273,0,4022986a,00dff01e,0040,14da,f,1,4cde,1d
3274,3274,0,4022986a,00dff01e,0040,14da,f,1,4cde,0d
3275,3275,0,4022986a,00dff01e,0040,14da,f,1,4cde,25
3276,3276,0,4022986a,00dff01e,0040,14da,f,1,4cde,1e
3277,3277,0,4022986a,00dff01e,0040,14da,f,1,4cde,1e
3278,3278,0,4022986a,00dff01e,0040,14da,f,1,4cde,0e
3279,3279,0,4022986a,00dff01e,0040,14da,f,1,4cde,22
3280,3280,0,4022986a,00dff01e,0040,14da,f,1,4cde,1d
3281,3281,0,4022986a,00dff01e,0040,14da,f,1,4cde,1d
3282,3282,0,4022986a,00dff01e,0040,14da,f,1,4cde,0d
3283,3283,0,4022986a,00dff01e,0040,14da,f,1,4cde,25
3284,3284,0,4022986a,00dff01e,0040,14da,f,0,4cde,1d
3285,3285,0,4022986a,00dff01e,0040,14da,f,0,4cde,1d
3286,3286,0,4022986a,00dff01e,0040,14da,f,0,4cde,0d
3287,3287,0,4022986a,00dff01e,0040,14da,f,0,4cde,25
3288,3288,0,4022986a,00dff01e,0040,14da,f,0,4cde,1d
3289,3289,0,4022986a,00dff01e,0040,14da,f,0,4cde,1d
3290,3290,0,4022986a,00dff01e,0040,14da,f,0,4cde,0d
3291,3291,0,4022986a,00dff01e,0040,14da,f,0,4cde,25
3292,3292,0,4022986a,00dff01e,0040,14da,f,0,4cde,1d
3293,3293,0,4022986a,00dff01e,0040,14da,f,0,4cde,1d
3294,3294,0,4022986a,00dff01e,0040,14da,f,0,4cde,0d
3295,3295,0,4022986a,00dff01e,0040,14da,f,0,4cde,25
3296,3296,0,4022986a,00dff01e,0040,14da,f,1,4cde,1d
3297,3297,0,4022986a,00dff01e,0040,14da,f,1,4cde,1d
3298,3298,0,4022986a,00dff01e,0040,14da,f,1,4cde,0d
3299,3299,0,4022986a,00dff01e,0040,14da,f,1,4cde,25
3300,3300,0,4022986a,00dff01e,0040,14da,f,1,4cde,1d
3301,3301,0,4022986a,00dff01e,0040,14da,f,1,4cde,1d
3302,3302,0,4022986a,00dff01e,0040,14da,f,1,4cde,0d
3303,3303,0,4022986a,00dff01e,0040,14da,f,1,4cde,25
3304,3304,0,4022986a,00dff01e,0040,14da,f,1,4cde,1e
3305,3305,0,4022986a,00dff01e,0040,14da,f,1,4cde,1e
3306,3306,0,4022986a,00dff01e,0040,14da,f,1,4cde,0e
3307,3307,0,4022986a,00dff01e,0040,14da,f,1,4cde,22
3308,3308,0,4022986a,00dff01e,0040,14da,f,1,4cde,1d
3309,3309,0,4022986a,00dff01e,0040,14da,f,1,4cde,1d
3310,3310,0,4022986a,00dff01e,0040,14da,f,1,4cde,0d
3311,3311,0,4022986a,00dff01e,0040,14da,f,1,4cde,25
3312,3312,0,4022986a,00dff01e,0040,14da,f,1,4cde,1e
3313,3313,0,4022986a,00dff01e,0040,14da,f,1,4cde,1e
3314,3314,0,4022986a,00dff01e,0040,14da,f,1,4cde,0e
3315,3315,0,4022986a,00dff01e,0040,14da,f,1,4cde,22
3316,3316,0,4022986a,00dff01e,0040,14da,f,1,4cde,1d
3317,3317,0,4022986a,00dff01e,0040,14da,f,1,4cde,1d
3318,3318,0,4022986a,00dff01e,0040,14da,f,1,4cde,0d
3319,3319,0,4022986a,00dff01e,0040,14da,f,1,4cde,25
3320,3320,0,4022986a,00dff01e,0040,14da,f,0,4cde,1d
3321,3321,0,4022986a,00dff01e,0040,14da,f,0,4cde,1d
3322,3322,0,4022986a,00dff01e,0040,14da,f,0,4cde,0d
3323,3323,0,4022986a,00dff01e,0040,14da,f,0,4cde,25
3324,3324,0,4022986a,00dff01e,0040,14da,f,0,4cde,1d
3325,3325,0,4022986a,00dff01e,0040,14da,f,0,4cde,1d
3326,3326,0,4022986a,00dff01e,0040,14da,f,0,4cde,0d
3327,3327,0,4022986a,00dff01e,0040,14da,f,0,4cde,25
3328,3328,0,4022986a,00dff01e,0040,14da,f,0,4cde,1d
3329,3329,0,4022986a,00dff01e,0040,14da,f,0,4cde,1d
3330,3330,0,4022986a,00dff01e,0040,14da,f,0,4cde,0d
3331,3331,0,4022986a,00dff01e,0040,14da,f,0,4cde,25
3332,3332,0,4022986a,00dff01e,0040,14da,f,1,4cde,1d
3333,3333,0,4022986a,00dff01e,0040,14da,f,1,4cde,1d
3334,3334,0,4022986a,00dff01e,0040,14da,f,1,4cde,0d
3335,3335,0,4022986a,00dff01e,0040,14da,f,1,4cde,25
3336,3336,0,4022986a,00dff01e,0040,14da,f,1,4cde,1d
3337,3337,0,4022986a,00dff01e,0040,14da,f,1,4cde,1d
3338,3338,0,4022986a,00dff01e,0040,14da,f,1,4cde,0d
3339,3339,0,4022986a,00dff01e,0040,14da,f,1,4cde,25
3340,3340,0,4022986a,00dff01e,0040,14da,f,1,4cde,1e
3341,3341,0,4022986a,00dff01e,0040,14da,f,1,4cde,1e
3342,3342,0,4022986a,00dff01e,0040,14da,f,1,4cde,0e
3343,3343,0,4022986a,00dff01e,0040,14da,f,1,4cde,22
3344,3344,0,4022986a,00dff01e,0040,14da,f,1,4cde,1d
3345,3345,0,4022986a,00dff01e,0040,14da,f,1,4cde,1d
3346,3346,0,4022986a,00dff01e,0040,14da,f,1,4cde,0d
3347,3347,0,4022986a,00dff01e,0040,14da,f,1,4cde,25
3348,3348,0,4022986a,00dff01e,0040,14da,f,1,4cde,1e
3349,3349,0,4022986a,00dff01e,0040,14da,f,1,4cde,1e
3350,3350,0,4022986a,00dff01e,0040,14da,f,1,4cde,0e
3351,3351,0,4022986a,00dff01e,0040,14da,f,1,4cde,22
3352,3352,0,4022986a,00dff01e,0040,14da,f,1,4cde,1d
3353,3353,0,4022986a,00dff01e,0040,14da,f,1,4cde,1d
3354,3354,0,4022986a,00dff01e,0040,14da,f,1,4cde,0d
3355,3355,0,4022986a,00dff01e,0040,14da,f,1,4cde,25
3356,3356,0,4022986a,00dff01e,0040,14da,f,0,4cde,1d
3357,3357,0,4022986a,00dff01e,0040,14da,f,0,4cde,1d
3358,3358,0,4022986a,00dff01e,0040,14da,f,0,4cde,0d
3359,3359,0,4022986a,00dff01e,0040,14da,f,0,4cde,25
3360,3360,0,4022986a,00dff01e,0040,14da,f,0,4cde,1d
3361,3361,0,4022986a,00dff01e,0040,14da,f,0,4cde,1d
3362,3362,0,4022986a,00dff01e,0040,14da,f,0,4cde,0d
3363,3363,0,4022986a,00dff01e,0040,14da,f,0,4cde,25
3364,3364,0,4022986a,00dff01e,0040,14da,f,0,4cde,1d
3365,3365,0,4022986a,00dff01e,0040,14da,f,0,4cde,1d
3366,3366,0,4022986a,00dff01e,0040,14da,f,0,4cde,0d
3367,3367,0,4022986a,00dff01e,0040,14da,f,0,4cde,25
3368,3368,0,4022986a,00dff01e,0040,14da,f,1,4cde,1d
3369,3369,0,4022986a,00dff01e,0040,14da,f,1,4cde,1d
3370,3370,0,4022986a,00dff01e,0040,14da,f,1,4cde,0d
3371,3371,0,4022986a,00dff01e,0040,14da,f,1,4cde,25
3372,3372,0,4022986a,00dff01e,0040,14da,f,1,4cde,1d
3373,3373,0,4022986a,00dff01e,0040,14da,f,1,4cde,1d
3374,3374,0,4022986a,00dff01e,0040,14da,f,1,4cde,0d
3375,3375,0,4022986a,00dff01e,0040,14da,f,1,4cde,25
3376,3376,0,4022986a,00dff01e,0040,14da,f,1,4cde,1e
3377,3377,0,4022986a,00dff01e,0040,14da,f,1,4cde,1e
3378,3378,0,4022986a,00dff01e,0040,14da,f,1,4cde,0e
3379,3379,0,4022986a,00dff01e,0040,14da,f,1,4cde,22
3380,3380,0,4022986a,00dff01e,0040,14da,f,1,4cde,1d
3381,3381,0,4022986a,00dff01e,0040,14da,f,1,4cde,1d
3382,3382,0,4022986a,00dff01e,0040,14da,f,1,4cde,0d
3383,3383,0,4022986a,00dff01e,0040,14da,f,1,4cde,25
3384,3384,0,4022986a,00dff01e,0040,14da,f,1,4cde,1e
3385,3385,0,4022986a,00dff01e,0040,14da,f,1,4cde,1e
3386,3386,0,4022986a,00dff01e,0040,14da,f,1,4cde,0e
3387,3387,0,4022986a,00dff01e,0040,14da,f,1,4cde,22
3388,3388,0,4022986a,00dff01e,0040,14da,f,1,4cde,1d
3389,3389,0,4022986a,00dff01e,0040,14da,f,1,4cde,1d
3390,3390,0,4022986a,00dff01e,0040,14da,f,1,4cde,0d
3391,3391,0,4022986a,00dff01e,0040,14da,f,1,4cde,25
3392,3392,0,4022986a,00dff01e,0040,14da,f,0,4cde,1d
3393,3393,0,4022986a,00dff01e,0040,14da,f,0,4cde,1d
3394,3394,0,4022986a,00dff01e,0040,14da,f,0,4cde,0d
3395,3395,0,4022986a,00dff01e,0040,14da,f,0,4cde,25
3396,3396,0,4022986a,00dff01e,0040,14da,f,0,4cde,1d
3397,3397,0,4022986a,00dff01e,0040,14da,f,0,4cde,1d
3398,3398,0,4022986a,00dff01e,0040,14da,f,0,4cde,0d
3399,3399,0,4022986a,00dff01e,0040,14da,f,0,4cde,25
3400,3400,0,4022986a,00dff01e,0040,14da,f,0,4cde,1d
3401,3401,0,4022986a,00dff01e,0040,14da,f,0,4cde,1d
3402,3402,0,4022986a,00dff01e,0040,14da,f,0,4cde,0d
3403,3403,0,4022986a,00dff01e,0040,14da,f,0,4cde,25
3404,3404,0,4022986a,00dff01e,0040,14da,f,1,4cde,1d
3405,3405,0,4022986a,00dff01e,0040,14da,f,1,4cde,1d
3406,3406,0,4022986a,00dff01e,0040,14da,f,1,4cde,0d
3407,3407,0,4022986a,00dff01e,0040,14da,f,1,4cde,25
3408,3408,0,4022986a,00dff01e,0040,14da,f,1,4cde,1d
3409,3409,0,4022986a,00dff01e,0040,14da,f,1,4cde,1d
3410,3410,0,4022986a,00dff01e,0040,14da,f,1,4cde,0d
3411,3411,0,4022986a,00dff01e,0040,14da,f,1,4cde,25
3412,3412,0,4022986a,00dff01e,0040,14da,f,1,4cde,1e
3413,3413,0,4022986a,00dff01e,0040,14da,f,1,4cde,1e
3414,3414,0,4022986a,00dff01e,0040,14da,f,1,4cde,0e
3415,3415,0,4022986a,00dff01e,0040,14da,f,1,4cde,02
3416,3416,0,4022986a,00dff01e,0040,14da,f,1,4cde,02
3417,3417,0,4022986a,00dff01e,0040,14da,f,1,4cde,02
3418,3418,0,4022986a,00dff01e,0040,14da,f,1,4cde,02
3419,3419,0,4022986a,00dff01e,0040,14da,f,1,4cde,02
3420,3420,0,4022986a,00dff01e,0040,14da,f,1,4cde,02
3421,3421,0,4022986a,00dff01e,0040,14da,f,1,4cde,02
3422,3422,0,4022986a,00dff01e,0040,14da,f,1,4cde,02
3423,3423,0,4022986a,00dff01e,0040,14da,f,1,4cde,02
3424,3424,0,4022986a,00dff01e,0040,14da,f,1,4cde,02
3425,3425,0,4022986a,00dff01e,0040,14da,f,1,4cde,02
3426,3426,0,4022986a,00dff01e,0040,14da,f,1,4cde,02
3427,3427,0,4022986a,00dff01e,0040,14da,f,1,4cde,02
3428,3428,0,4022986a,00dff01e,0040,14da,f,1,4cde,02
3429,3429,0,4022986a,00dff01e,0040,14da,f,1,4cde,02
3430,3430,0,4022986a,00dff01e,0040,14da,f,1,4cde,02
3431,3431,0,4022986a,00dff01e,0040,14da,f,1,4cde,22
3432,3432,0,4022986a,00dff01e,0040,14da,f,1,4cde,1d
3433,3433,0,4022986a,00dff01e,0040,14da,f,1,4cde,1d
3434,3434,0,4022986a,00dff01e,0040,14da,f,1,4cde,0d
3435,3435,0,4022986a,00dff01e,0040,14da,f,1,4cde,25
3436,3436,0,4022986a,00dff01e,0040,14da,f,1,4cde,1e
3437,3437,0,4022986a,00dff01e,0040,14da,f,1,4cde,1e
3438,3438,0,4022986a,00dff01e,0040,14da,f,1,4cde,0e
3439,3439,0,4022986a,00dff01e,0040,14da,f,1,4cde,22
3440,3440,0,4022986a,00dff01e,0040,14da,f,1,4cde,1d
3441,3441,0,4022986a,00dff01e,0040,14da,f,1,4cde,1d
3442,3442,0,4022986a,00dff01e,0040,14da,f,1,4cde,0d
3443,3443,0,4022986a,00dff01e,0040,14da,f,1,4cde,25
3444,3444,0,4022986a,00dff01e,0040,14da,f,0,4cde,1d
3445,3445,0,4022986a,00dff01e,0040,14da,f,0,4cde,1d
3446,3446,0,4022986a,00dff01e,0040,14da,f,0,4cde,0d
3447,3447,0,4022986a,00dff01e,0040,14da,f,0,4cde,25
3448,3448,0,4022986a,00dff01e,0040,14da,f,0,4cde,1d
3449,3449,0,4022986a,00dff01e,0040,14da,f,0,4cde,1d
3450,3450,0,4022986a,00dff01e,0040,14da,f,0,4cde,0d
3451,3451,0,4022986a,00dff01e,0040,14da,f,0,4cde,25
3452,3452,0,4022986a,00dff01e,0040,14da,f,0,4cde,1d
3453,3453,0,4022986a,00dff01e,0040,14da,f,0,4cde,1d
3454,3454,0,4022986a,00dff01e,0040,14da,f,0,4cde,0d
3455,3455,0,4022986a,00dff01e,0040,14da,f,0,4cde,25
3456,3456,0,4022986a,00dff01e,0040,14da,f,1,4cde,1d
3457,3457,0,4022986a,00dff01e,0040,14da,f,1,4cde,1d
3458,3458,0,4022986a,00dff01e,0040,14da,f,1,4cde,0d
3459,3459,0,4022986a,00dff01e,0040,14da,f,1,4cde,25
3460,3460,0,4022986a,00dff01e,0040,14da,f,1,4cde,1d
3461,3461,0,4022986a,00dff01e,0040,14da,f,1,4cde,1d
3462,3462,0,4022986a,00dff01e,0040,14da,f,1,4cde,0d
3463,3463,0,4022986a,00dff01e,0040,14da,f,1,4cde,25
3464,3464,0,4022986a,00dff01e,0040,14da,f,1,4cde,1e
3465,3465,0,4022986a,00dff01e,0040,14da,f,1,4cde,1e
3466,3466,0,4022986a,00dff01e,0040,14da,f,1,4cde,0e
3467,3467,0,4022986a,00dff01e,0040,14da,f,1,4cde,22
3468,3468,0,4022986a,00dff01e,0040,14da,f,1,4cde,1d
3469,3469,0,4022986a,00dff01e,0040,14da,f,1,4cde,1d
3470,3470,0,4022986a,00dff01e,0040,14da,f,1,4cde,0d
3471,3471,0,4022986a,00dff01e,0040,14da,f,1,4cde,25
3472,3472,0,4022986a,00dff01e,0040,14da,f,1,4cde,1e
3473,3473,0,4022986a,00dff01e,0040,14da,f,1,4cde,1e
3474,3474,0,4022986a,00dff01e,0040,14da,f,1,4cde,0e
3475,3475,0,4022986a,00dff01e,0040,14da,f,1,4cde,22
3476,3476,0,4022986a,00dff01e,0040,14da,f,1,4cde,1d
3477,3477,0,4022986a,00dff01e,0040,14da,f,1,4cde,1d
3478,3478,0,4022986a,00dff01e,0040,14da,f,1,4cde,0d
3479,3479,0,4022986a,00dff01e,0040,14da,f,1,4cde,25
3480,3480,0,4022986a,00dff01e,0040,14da,f,0,4cde,1d
3481,3481,0,4022986a,00dff01e,0040,14da,f,0,4cde,1d
3482,3482,0,4022986a,00dff01e,0040,14da,f,0,4cde,0d
3483,3483,0,4022986a,00dff01e,0040,14da,f,0,4cde,25
3484,3484,0,4022986a,00dff01e,0040,14da,f,0,4cde,1d
3485,3485,0,4022986a,00dff01e,0040,14da,f,0,4cde,1d
3486,3486,0,4022986a,00dff01e,0040,14da,f,0,4cde,0d
3487,3487,0,4022986a,00dff01e,0040,14da,f,0,4cde,25
3488,3488,0,4022986a,00dff01e,0040,14da,f,0,4cde,1d
3489,3489,0,4022986a,00dff01e,0040,14da,f,0,4cde,1d
3490,3490,0,4022986a,00dff01e,0040,14da,f,0,4cde,0d
3491,3491,0,4022986a,00dff01e,0040,14da,f,0,4cde,25
3492,3492,0,4022986a,00dff01e,0040,14da,f,1,4cde,1d
3493,3493,0,4022986a,00dff01e,0040,14da,f,1,4cde,1d
3494,3494,0,4022986a,00dff01e,0040,14da,f,1,4cde,0d
3495,3495,0,4022986a,00dff01e,0040,14da,f,1,4cde,25
3496,3496,0,4022986a,00dff01e,0040,14da,f,1,4cde,1d
3497,3497,0,4022986a,00dff01e,0040,14da,f,1,4cde,1d
3498,3498,0,4022986a,00dff01e,0040,14da,f,1,4cde,0d
3499,3499,0,4022986a,00dff01e,0040,14da,f,1,4cde,25
3500,3500,0,4022986a,00dff01e,0040,14da,f,1,4cde,1e
3501,3501,0,4022986a,00dff01e,0040,14da,f,1,4cde,1e
3502,3502,0,4022986a,00dff01e,0040,14da,f,1,4cde,0e
3503,3503,0,4022986a,00dff01e,0040,14da,f,1,4cde,22
3504,3504,0,4022986a,00dff01e,0040,14da,f,1,4cde,1d
3505,3505,0,4022986a,00dff01e,0040,14da,f,1,4cde,1d
3506,3506,0,4022986a,00dff01e,0040,14da,f,1,4cde,0d
3507,3507,0,4022986a,00dff01e,0040,14da,f,1,4cde,25
3508,3508,0,4022986a,00dff01e,0040,14da,f,1,4cde,1e
3509,3509,0,4022986a,00dff01e,0040,14da,f,1,4cde,1e
3510,3510,0,4022986a,00dff01e,0040,14da,f,1,4cde,0e
3511,3511,0,4022986a,00dff01e,0040,14da,f,1,4cde,22
3512,3512,0,4022986a,00dff01e,0040,14da,f,1,4cde,1d
3513,3513,0,4022986a,00dff01e,0040,14da,f,1,4cde,1d
3514,3514,0,4022986a,00dff01e,0040,14da,f,1,4cde,0d
3515,3515,0,4022986a,00dff01e,0040,14da,f,1,4cde,25
3516,3516,0,4022986a,00dff01e,0040,14da,f,0,4cde,1d
3517,3517,0,4022986a,00dff01e,0040,14da,f,0,4cde,1d
3518,3518,0,4022986a,00dff01e,0040,14da,f,0,4cde,0d
3519,3519,0,4022986a,00dff01e,0040,14da,f,0,4cde,25
3520,3520,0,4022986a,00dff01e,0040,14da,f,0,4cde,1d
3521,3521,0,4022986a,00dff01e,0040,14da,f,0,4cde,1d
3522,3522,0,4022986a,00dff01e,0040,14da,f,0,4cde,0d
3523,3523,0,4022986a,00dff01e,0040,14da,f,0,4cde,25
3524,3524,0,4022986a,00dff01e,0040,14da,f,0,4cde,1d
3525,3525,0,4022986a,00dff01e,0040,14da,f,0,4cde,1d
3526,3526,0,4022986a,00dff01e,0040,14da,f,0,4cde,0d
3527,3527,0,4022986a,00dff01e,0040,14da,f,0,4cde,25
3528,3528,0,4022986a,00dff01e,0040,14da,f,1,4cde,1d
3529,3529,0,4022986a,00dff01e,0040,14da,f,1,4cde,1d
3530,3530,0,4022986a,00dff01e,0040,14da,f,1,4cde,0d
3531,3531,0,4022986a,00dff01e,0040,14da,f,1,4cde,25
3532,3532,0,4022986a,00dff01e,0040,14da,f,1,4cde,1d
3533,3533,0,4022986a,00dff01e,0040,14da,f,1,4cde,1d
3534,3534,0,4022986a,00dff01e,0040,14da,f,1,4cde,0d
3535,3535,0,4022986a,00dff01e,0040,14da,f,1,4cde,25
3536,3536,0,4022986a,00dff01e,0040,14da,f,1,4cde,1e
3537,3537,0,4022986a,00dff01e,0040,14da,f,1,4cde,1e
3538,3538,0,4022986a,00dff01e,0040,14da,f,1,4cde,0e
3539,3539,0,4022986a,00dff01e,0040,14da,f,1,4cde,22
3540,3540,0,4022986a,00dff01e,0040,14da,f,1,4cde,1d
3541,3541,0,4022986a,00dff01e,0040,14da,f,1,4cde,1d
3542,3542,0,4022986a,00dff01e,0040,14da,f,1,4cde,0d
3543,3543,0,4022986a,00dff01e,0040,14da,f,1,4cde,25
3544,3544,0,4022986a,00dff01e,0040,14da,f,1,4cde,1e
3545,3545,0,4022986a,00dff01e,0040,14da,f,1,4cde,1e
3546,3546,0,4022986a,00dff01e,0040,14da,f,1,4cde,0e
3547,3547,0,4022986a,00dff01e,0040,14da,f,1,4cde,22
3548,3548,0,4022986a,00dff01e,0040,14da,f,1,4cde,1d
3549,3549,0,4022986a,00dff01e,0040,14da,f,1,4cde,1d
3550,3550,0,4022986a,00dff01e,0040,14da,f,1,4cde,0d
3551,3551,0,4022986a,00dff01e,0040,14da,f,1,4cde,25
3552,3552,0,4022986a,00dff01e,0040,14da,f,0,4cde,1d
3553,3553,0,4022986a,00dff01e,0040,14da,f,0,4cde,1d
3554,3554,0,4022986a,00dff01e,0040,14da,f,0,4cde,0d
3555,3555,0,4022986a,00dff01e,0040,14da,f,0,4cde,25
3556,3556,0,4022986a,00dff01e,0040,14da,f,0,4cde,1d
3557,3557,0,4022986a,00dff01e,0040,14da,f,0,4cde,1d
3558,3558,0,4022986a,00dff01e,0040,14da,f,0,4cde,0d
3559,3559,0,4022986a,00dff01e,0040,14da,f,0,4cde,25
3560,3560,0,4022986a,00dff01e,0040,14da,f,0,4cde,1d
3561,3561,0,4022986a,00dff01e,0040,14da,f,0,4cde,1d
3562,3562,0,4022986a,00dff01e,0040,14da,f,0,4cde,0d
3563,3563,0,4022986a,00dff01e,0040,14da,f,0,4cde,25
3564,3564,0,4022986a,00dff01e,0040,14da,f,1,4cde,1d
3565,3565,0,4022986a,00dff01e,0040,14da,f,1,4cde,1d
3566,3566,0,4022986a,00dff01e,0040,14da,f,1,4cde,0d
3567,3567,0,4022986a,00dff01e,0040,14da,f,1,4cde,25
3568,3568,0,4022986a,00dff01e,0040,14da,f,1,4cde,1d
3569,3569,0,4022986a,00dff01e,0040,14da,f,1,4cde,1d
3570,3570,0,4022986a,00dff01e,0040,14da,f,1,4cde,0d
3571,3571,0,4022986a,00dff01e,0040,14da,f,1,4cde,25
3572,3572,0,4022986a,00dff01e,0040,14da,f,1,4cde,1e
3573,3573,0,4022986a,00dff01e,0040,14da,f,1,4cde,1e
3574,3574,0,4022986a,00dff01e,0040,14da,f,1,4cde,0e
3575,3575,0,4022986a,00dff01e,0040,14da,f,1,4cde,02
3576,3576,0,4022986a,00dff01e,0040,14da,f,1,4cde,02
3577,3577,0,4022986a,00dff01e,0040,14da,f,1,4cde,02
3578,3578,0,4022986a,00dff01e,0040,14da,f,1,4cde,02
3579,3579,0,4022986a,00dff01e,0040,14da,f,1,4cde,02
3580,3580,0,4022986a,00dff01e,0040,14da,f,1,4cde,02
3581,3581,0,4022986a,00dff01e,0040,14da,f,1,4cde,02
3582,3582,0,4022986a,00dff01e,0040,14da,f,1,4cde,02
3583,3583,0,4022986a,00dff01e,0040,14da,f,1,4cde,02
3584,3584,0,4022986a,00dff01e,0040,14da,f,1,4cde,02
3585,3585,0,4022986a,00dff01e,0040,14da,f,1,4cde,02
3586,3586,0,4022986a,00dff01e,0040,14da,f,1,4cde,02
3587,3587,0,4022986a,00dff01e,0040,14da,f,1,4cde,02
3588,3588,0,4022986a,00dff01e,0040,14da,f,1,4cde,02
3589,3589,0,4022986a,00dff01e,0040,14da,f,1,4cde,02
3590,3590,0,4022986a,00dff01e,0040,14da,f,1,4cde,02
3591,3591,0,4022986a,00dff01e,0040,14da,f,1,4cde,22
3592,3592,0,4022986a,00dff01e,0040,14da,f,1,4cde,1d
3593,3593,0,4022986a,00dff01e,0040,14da,f,1,4cde,1d
3594,3594,0,4022986a,00dff01e,0040,14da,f,1,4cde,0d
3595,3595,0,4022986a,00dff01e,0040,14da,f,1,4cde,25
3596,3596,0,4022986a,00dff01e,0040,14da,f,1,4cde,1e
3597,3597,0,4022986a,00dff01e,0040,14da,f,1,4cde,1e
3598,3598,0,4022986a,00dff01e,0040,14da,f,1,4cde,0e
3599,3599,0,4022986a,00dff01e,0040,14da,f,1,4cde,22
3600,3600,0,4022986a,00dff01e,0040,14da,f,1,4cde,1d
3601,3601,0,4022986a,00dff01e,0040,14da,f,1,4cde,1d
3602,3602,0,4022986a,00dff01e,0040,14da,f,1,4cde,0d
3603,3603,0,4022986a,00dff01e,0040,14da,f,1,4cde,25
3604,3604,0,4022986a,00dff01e,0040,14da,f,0,4cde,1d
3605,3605,0,4022986a,00dff01e,0040,14da,f,0,4cde,1d
3606,3606,0,4022986a,00dff01e,0040,14da,f,0,4cde,0d
3607,3607,0,4022986a,00dff01e,0040,14da,f,0,4cde,25
3608,3608,0,4022986a,00dff01e,0040,14da,f,0,4cde,1d
3609,3609,0,4022986a,00dff01e,0040,14da,f,0,4cde,1d
3610,3610,0,4022986a,00dff01e,0040,14da,f,0,4cde,0d
3611,3611,0,4022986a,00dff01e,0040,14da,f,0,4cde,25
3612,3612,0,4022986a,00dff01e,0040,14da,f,0,4cde,1d
3613,3613,0,4022986a,00dff01e,0040,14da,f,0,4cde,1d
3614,3614,0,4022986a,00dff01e,0040,14da,f,0,4cde,0d
3615,3615,0,4022986a,00dff01e,0040,14da,f,0,4cde,25
3616,3616,0,4022986a,00dff01e,0040,14da,f,1,4cde,1d
3617,3617,0,4022986a,00dff01e,0040,14da,f,1,4cde,1d
3618,3618,0,4022986a,00dff01e,0040,14da,f,1,4cde,0d
3619,3619,0,4022986a,00dff01e,0040,14da,f,1,4cde,25
3620,3620,0,4022986a,00dff01e,0040,14da,f,1,4cde,1d
3621,3621,0,4022986a,00dff01e,0040,14da,f,1,4cde,1d
3622,3622,0,4022986a,00dff01e,0040,14da,f,1,4cde,0d
3623,3623,0,4022986a,00dff01e,0040,14da,f,1,4cde,25
3624,3624,0,4022986a,00dff01e,0040,14da,f,1,4cde,1e
3625,3625,0,4022986a,00dff01e,0040,14da,f,1,4cde,1e
3626,3626,0,4022986a,00dff01e,0040,14da,f,1,4cde,0e
3627,3627,0,4022986a,00dff01e,0040,14da,f,1,4cde,22
3628,3628,0,4022986a,00dff01e,0040,14da,f,1,4cde,1d
3629,3629,0,4022986a,00dff01e,0040,14da,f,1,4cde,1d
3630,3630,0,4022986a,00dff01e,0040,14da,f,1,4cde,0d
3631,3631,0,4022986a,00dff01e,0040,14da,f,1,4cde,25
3632,3632,0,4022986a,00dff01e,0040,14da,f,1,4cde,1e
3633,3633,0,4022986a,00dff01e,0040,14da,f,1,4cde,1e
3634,3634,0,4022986a,00dff01e,0040,14da,f,1,4cde,0e
3635,3635,0,4022986a,00dff01e,0040,14da,f,1,4cde,22
3636,3636,0,4022986a,00dff01e,0040,14da,f,1,4cde,1d
3637,3637,0,4022986a,00dff01e,0040,14da,f,1,4cde,1d
3638,3638,0,4022986a,00dff01e,0040,14da,f,1,4cde,0d
3639,3639,0,4022986a,00dff01e,0040,14da,f,1,4cde,25
3640,3640,0,4022986a,00dff01e,0040,14da,f,0,4cde,1d
3641,3641,0,4022986a,00dff01e,0040,14da,f,0,4cde,1d
3642,3642,0,4022986a,00dff01e,0040,14da,f,0,4cde,0d
3643,3643,0,4022986a,00dff01e,0040,14da,f,0,4cde,25
3644,3644,0,4022986a,00dff01e,0040,14da,f,0,4cde,1d
3645,3645,0,4022986a,00dff01e,0040,14da,f,0,4cde,1d
3646,3646,0,4022986a,00dff01e,0040,14da,f,0,4cde,0d
3647,3647,0,4022986a,00dff01e,0040,14da,f,0,4cde,25
3648,3648,0,4022986a,00dff01e,0040,14da,f,0,4cde,1d
3649,3649,0,4022986a,00dff01e,0040,14da,f,0,4cde,1d
3650,3650,0,4022986a,00dff01e,0040,14da,f,0,4cde,0d
3651,3651,0,4022986a,00dff01e,0040,14da,f,0,4cde,25
3652,3652,0,4022986c,00dff01e,0040,14da,f,0,4cde,1d
3653,3653,0,4022986c,00dff01e,0040,14da,f,0,4cde,1d
3654,3654,0,4022986c,00dff01e,0040,14da,f,0,4cde,0d
3655,3655,0,4022986c,00dff01e,0040,14da,f,0,4cde,25
3656,3656,0,4022986c,00dff01e,0040,14da,f,1,4cde,1d
3657,3657,0,4022986c,00dff01e,0040,14da,f,1,4cde,1d
3658,3658,0,4022986c,00dff01e,0040,14da,f,1,4cde,0d
3659,3659,0,4022986c,00dff01e,0040,14da,f,1,4cde,25
3660,3660,0,4022986e,00dff01e,0040,14da,f,1,4cde,1d
3661,3661,0,4022986e,00dff01e,0040,14da,f,1,4cde,1d
3662,3662,0,4022986e,00dff01e,0040,14da,f,1,4cde,0d
3663,3663,0,4022986e,00dff01e,0040,14da,f,1,4cde,25
3664,3664,0,4022986e,00dff01e,0040,14da,f,1,4cde,1d
3665,3665,0,4022986e,00dff01e,0040,14da,f,1,4cde,1d
3666,3666,0,4022986e,00dff01e,0040,14da,f,1,4cde,0d
3667,3667,0,4022986e,00dff01e,0040,14da,f,1,4cde,25
3668,3668,0,4022986e,00dff01e,0040,14da,f,0,4cde,1d
3669,3669,0,4022986e,00dff01e,0040,14da,f,0,4cde,1d
3670,3670,0,4022986e,00dff01e,0040,14da,f,0,4cde,0d
3671,3671,0,4022986e,00dff01e,0040,14da,f,0,4cde,25
3672,3672,0,4022986e,00dff01e,0040,14da,f,0,4cde,1d
3673,3673,0,4022986e,00dff01e,0040,14da,f,0,4cde,1d
3674,3674,0,4022986e,00dff01e,0040,14da,f,0,4cde,0d
3675,3675,0,4022986e,00dff01e,0040,14da,f,0,4cde,25
3676,3676,0,4022986e,00dff01e,0040,14da,f,1,4cde,1d
3677,3677,0,4022986e,00dff01e,0040,14da,f,1,4cde,1d
3678,3678,0,4022986e,00dff01e,0040,14da,f,1,4cde,0d
3679,3679,0,4022986e,00dff01e,0040,14da,f,1,4cde,25
3680,3680,0,4022986e,00dff01e,0040,14da,f,1,4cde,1d
3681,3681,0,4022986e,00dff01e,0040,14da,f,1,4cde,1d
3682,3682,0,4022986e,00dff01e,0040,14da,f,1,4cde,0d
3683,3683,0,4022986e,00dff01e,0040,14da,f,1,4cde,25
3684,3684,0,4022986e,00dff01e,0040,14da,f,1,4cde,1e
3685,3685,0,4022986e,00dff01e,0040,14da,f,1,4cde,1e
3686,3686,0,4022986e,00dff01e,0040,14da,f,1,4cde,0e
3687,3687,0,4022986e,00dff01e,0040,14da,f,1,4cde,22
3688,3688,0,4022986e,00dff01e,0040,14da,f,1,4cde,1d
3689,3689,0,4022986e,00dff01e,0040,14da,f,1,4cde,1d
3690,3690,0,4022986e,00dff01e,0040,14da,f,1,4cde,0d
3691,3691,0,4022986e,00dff01e,0040,14da,f,1,4cde,25
3692,3692,0,4022986e,00dff01e,0040,14da,f,1,4cde,1e
3693,3693,0,4022986e,00dff01e,0040,14da,f,1,4cde,1e
3694,3694,0,4022986e,00dff01e,0040,14da,f,1,4cde,0e
3695,3695,0,4022986e,00dff01e,0040,14da,f,1,4cde,22
3696,3696,0,4022986e,00dff01e,0040,14da,f,1,4cde,1d
3697,3697,0,4022986e,00dff01e,0040,14da,f,1,4cde,1d
3698,3698,0,4022986e,00dff01e,0040,14da,f,1,4cde,0d
3699,3699,0,4022986e,00dff01e,0040,14da,f,1,4cde,25
3700,3700,0,4022986e,00dff01e,0040,14da,f,0,4cde,1d
3701,3701,0,4022986e,00dff01e,0040,14da,f,0,4cde,1d
3702,3702,0,4022986e,00dff01e,0040,14da,f,0,4cde,0d
3703,3703,0,4022986e,00dff01e,0040,14da,f,0,4cde,25
3704,3704,0,4022986e,00dff01e,0040,14da,f,0,4cde,1d
3705,3705,0,4022986e,00dff01e,0040,14da,f,0,4cde,1d
3706,3706,0,4022986e,00dff01e,0040,14da,f,0,4cde,0d
3707,3707,0,4022986e,00dff01e,0040,14da,f,0,4cde,25
3708,3708,0,4022986e,00dff01e,0040,14da,f,0,4cde,1d
3709,3709,0,4022986e,00dff01e,0040,14da,f,0,4cde,1d
3710,3710,0,4022986e,00dff01e,0040,14da,f,0,4cde,0d
3711,3711,0,4022986e,00dff01e,0040,14da,f,0,4cde,25
3712,3712,0,4022986e,00dff01e,0040,14da,f,1,4cde,1d
3713,3713,0,4022986e,00dff01e,0040,14da,f,1,4cde,1d
3714,3714,0,4022986e,00dff01e,0040,14da,f,1,4cde,0d
3715,3715,0,4022986e,00dff01e,0040,14da,f,1,4cde,25
3716,3716,0,4022986e,00dff01e,0040,14da,f,1,4cde,1d
3717,3717,0,4022986e,00dff01e,0040,14da,f,1,4cde,1d
3718,3718,0,4022986e,00dff01e,0040,14da,f,1,4cde,0d
3719,3719,0,4022986e,00dff01e,0040,14da,f,1,4cde,25
3720,3720,0,4022986e,00dff01e,0040,14da,f,1,4cde,1e
3721,3721,0,4022986e,00dff01e,0040,14da,f,1,4cde,1e
3722,3722,0,4022986e,00dff01e,0040,14da,f,1,4cde,0e
3723,3723,0,4022986e,00dff01e,0040,14da,f,1,4cde,22
3724,3724,0,4022986e,00dff01e,0040,14da,f,1,4cde,1d
3725,3725,0,4022986e,00dff01e,0040,14da,f,1,4cde,1d
3726,3726,0,4022986e,00dff01e,0040,14da,f,1,4cde,0d
3727,3727,0,4022986e,00dff01e,0040,14da,f,1,4cde,25
3728,3728,0,4022986e,00dff01e,0040,14da,f,1,4cde,1e
3729,3729,0,4022986e,00dff01e,0040,14da,f,1,4cde,1e
3730,3730,0,4022986e,00dff01e,0040,14da,f,1,4cde,0e
3731,3731,0,4022986e,00dff01e,0040,14da,f,1,4cde,22
3732,3732,0,4022986e,00dff01e,0040,14da,f,1,4cde,1d
3733,3733,0,4022986e,00dff01e,0040,14da,f,1,4cde,1d
3734,3734,0,4022986e,00dff01e,0040,14da,f,1,4cde,0d
3735,3735,0,4022986e,00dff01e,0040,14da,f,1,4cde,25
3736,3736,0,4022986e,00dff01e,0040,14da,f,0,4cde,1d
3737,3737,0,4022986e,00dff01e,0040,14da,f,0,4cde,1d
3738,3738,0,4022986e,00dff01e,0040,14da,f,0,4cde,0d
3739,3739,0,4022986e,00dff01e,0040,14da,f,0,4cde,25
3740,3740,0,4022986e,00dff01e,0040,14da,f,0,4cde,1d
3741,3741,0,4022986e,00dff01e,0040,14da,f,0,4cde,1d
3742,3742,0,4022986e,00dff01e,0040,14da,f,0,4cde,0d
3743,3743,0,4022986e,00dff01e,0040,14da,f,0,4cde,25
3744,3744,0,4022986e,00dff01e,0040,14da,f,0,4cde,1d
3745,3745,0,4022986e,00dff01e,0040,14da,f,0,4cde,1d
3746,3746,0,4022986e,00dff01e,0040,14da,f,0,4cde,0d
3747,3747,0,4022986e,00dff01e,0040,14da,f,0,4cde,25
3748,3748,0,4022986e,00dff01e,0040,14da,f,1,4cde,1d
3749,3749,0,4022986e,00dff01e,0040,14da,f,1,4cde,1d
3750,3750,0,4022986e,00dff01e,0040,14da,f,1,4cde,0d
3751,3751,0,4022986e,00dff01e,0040,14da,f,1,4cde,25
3752,3752,0,4022986e,00dff01e,0040,14da,f,1,4cde,1d
3753,3753,0,4022986e,00dff01e,0040,14da,f,1,4cde,1d
3754,3754,0,4022986e,00dff01e,0040,14da,f,1,4cde,0d
3755,3755,0,4022986e,00dff01e,0040,14da,f,1,4cde,25
3756,3756,0,4022986e,00dff01e,0040,14da,f,1,4cde,1e
3757,3757,0,4022986e,00dff01e,0040,14da,f,1,4cde,1e
3758,3758,0,4022986e,00dff01e,0040,14da,f,1,4cde,0e
3759,3759,0,4022986e,00dff01e,0040,14da,f,1,4cde,02
3760,3760,0,4022986e,00dff01e,0040,14da,f,1,4cde,02
3761,3761,0,4022986e,00dff01e,0040,14da,f,1,4cde,02
3762,3762,0,4022986e,00dff01e,0040,14da,f,1,4cde,02
3763,3763,0,4022986e,00dff01e,0040,14da,f,1,4cde,02
3764,3764,0,4022986e,00dff01e,0040,14da,f,1,4cde,02
3765,3765,0,4022986e,00dff01e,0040,14da,f,1,4cde,02
3766,3766,0,4022986e,00dff01e,0040,14da,f,1,4cde,02
3767,3767,0,4022986e,00dff01e,0040,14da,f,1,4cde,02
3768,3768,0,4022986e,00dff01e,0040,14da,f,1,4cde,02
3769,3769,0,4022986e,00dff01e,0040,14da,f,1,4cde,02
3770,3770,0,4022986e,00dff01e,0040,14da,f,1,4cde,02
3771,3771,0,4022986e,00dff01e,0040,14da,f,1,4cde,02
3772,3772,0,4022986e,00dff01e,0040,14da,f,1,4cde,02
3773,3773,0,4022986e,00dff01e,0040,14da,f,1,4cde,02
3774,3774,0,4022986e,00dff01e,0040,14da,f,1,4cde,02
3775,3775,0,4022986e,00dff01e,0040,14da,f,1,4cde,02
3776,3776,0,4022986e,00dff01e,0040,14da,f,1,4cde,02
3777,3777,0,4022986e,00dff01e,0040,14da,f,1,4cde,02
3778,3778,0,4022986e,00dff01e,0040,14da,f,1,4cde,02
3779,3779,0,4022986e,00dff01e,0040,14da,f,1,4cde,02
3780,3780,0,4022986e,00dff01e,0040,14da,f,1,4cde,02
3781,3781,0,4022986e,00dff01e,0040,14da,f,1,4cde,02
3782,3782,0,4022986e,00dff01e,0040,14da,f,1,4cde,02
3783,3783,0,4022986e,00dff01e,0040,14da,f,1,4cde,22
3784,3784,0,4022986e,00dff01e,0040,14da,f,1,4cde,1d
3785,3785,0,4022986e,00dff01e,0040,14da,f,1,4cde,1d
3786,3786,0,4022986e,00dff01e,0040,14da,f,1,4cde,0d
3787,3787,0,4022986e,00dff01e,0040,14da,f,1,4cde,25
3788,3788,0,4022986e,00dff01e,0040,14da,f,1,4cde,1e
3789,3789,0,4022986e,00dff01e,0040,14da,f,1,4cde,1e
3790,3790,0,4022986e,00dff01e,0040,14da,f,1,4cde,0e
3791,3791,0,4022986e,00dff01e,0040,14da,f,1,4cde,22
3792,3792,0,4022986e,00dff01e,0040,14da,f,1,4cde,1d
3793,3793,0,4022986e,00dff01e,0040,14da,f,1,4cde,1d
3794,3794,0,4022986e,00dff01e,0040,14da,f,1,4cde,0d
3795,3795,0,4022986e,00dff01e,0040,14da,f,1,4cde,25
3796,3796,0,4022986e,00dff01e,0040,14da,f,0,4cde,1d
3797,3797,0,4022986e,00dff01e,0040,14da,f,0,4cde,1d
3798,3798,0,4022986e,00dff01e,0040,14da,f,0,4cde,0d
3799,3799,0,4022986e,00dff01e,0040,14da,f,0,4cde,25
3800,3800,0,4022986e,00dff01e,0040,14da,f,0,4cde,1d
3801,3801,0,4022986e,00dff01e,0040,14da,f,0,4cde,1d
3802,3802,0,4022986e,00dff01e,0040,14da,f,0,4cde,0d
3803,3803,0,4022986e,00dff01e,0040,14da,f,0,4cde,25
3804,3804,0,4022986e,00dff01e,0040,14da,f,0,4cde,1d
3805,3805,0,4022986e,00dff01e,0040,14da,f,0,4cde,1d
3806,3806,0,4022986e,00dff01e,0040,14da,f,0,4cde,0d
3807,3807,0,4022986e,00dff01e,0040,14da,f,0,4cde,25
3808,3808,0,4022986e,00dff01e,0040,14da,f,1,4cde,1d
3809,3809,0,4022986e,00dff01e,0040,14da,f,1,4cde,1d
3810,3810,0,4022986e,00dff01e,0040,14da,f,1,4cde,0d
3811,3811,0,4022986e,00dff01e,0040,14da,f,1,4cde,25
3812,3812,0,4022986e,00dff01e,0040,14da,f,1,4cde,1d
3813,3813,0,4022986e,00dff01e,0040,14da,f,1,4cde,1d
3814,3814,0,4022986e,00dff01e,0040,14da,f,1,4cde,0d
3815,3815,0,4022986e,00dff01e,0040,14da,f,1,4cde,25
3816,3816,0,4022986e,00dff01e,0040,14da,f,1,4cde,1e
3817,3817,0,4022986e,00dff01e,0040,14da,f,1,4cde,1e
3818,3818,0,4022986e,00dff01e,0040,14da,f,1,4cde,0e
3819,3819,0,4022986e,00dff01e,0040,14da,f,1,4cde,22
3820,3820,0,4022986e,00dff01e,0040,14da,f,1,4cde,1d
3821,3821,0,4022986e,00dff01e,0040,14da,f,1,4cde,1d
3822,3822,0,4022986e,00dff01e,0040,14da,f,1,4cde,0d
3823,3823,0,4022986e,00dff01e,0040,14da,f,1,4cde,25
3824,3824,0,4022986e,00dff01e,0040,14da,f,1,4cde,1e
3825,3825,0,4022986e,00dff01e,0040,14da,f,1,4cde,1e
3826,3826,0,4022986e,00dff01e,0040,14da,f,1,4cde,0e
3827,3827,0,4022986e,00dff01e,0040,14da,f,1,4cde,22
3828,3828,0,4022986e,00dff01e,0040,14da,f,1,4cde,1d
3829,3829,0,4022986e,00dff01e,0040,14da,f,1,4cde,1d
3830,3830,0,4022986e,00dff01e,0040,14da,f,1,4cde,0d
3831,3831,0,4022986e,00dff01e,0040,14da,f,1,4cde,25
3832,3832,0,4022986e,00dff01e,0040,14da,f,0,4cde,1d
3833,3833,0,4022986e,00dff01e,0040,14da,f,0,4cde,1d
3834,3834,0,4022986e,00dff01e,0040,14da,f,0,4cde,0d
3835,3835,0,4022986e,00dff01e,0040,14da,f,0,4cde,25
3836,3836,0,4022986e,00dff01e,0040,14da,f,0,4cde,1d
3837,3837,0,4022986e,00dff01e,0040,14da,f,0,4cde,1d
3838,3838,0,4022986e,00dff01e,0040,14da,f,0,4cde,0d
3839,3839,0,4022986e,00dff01e,0040,14da,f,0,4cde,25
3840,3840,0,4022986e,00dff01e,0040,14da,f,0,4cde,1d
3841,3841,0,4022986e,00dff01e,0040,14da,f,0,4cde,1d
3842,3842,0,4022986e,00dff01e,0040,14da,f,0,4cde,0d
3843,3843,0,4022986e,00dff01e,0040,14da,f,0,4cde,25
3844,3844,0,4022986e,00dff01e,0040,14da,f,1,4cde,1d
3845,3845,0,4022986e,00dff01e,0040,14da,f,1,4cde,1d
3846,3846,0,4022986e,00dff01e,0040,14da,f,1,4cde,0d
3847,3847,0,4022986e,00dff01e,0040,14da,f,1,4cde,25
3848,3848,0,4022986e,00dff01e,0040,14da,f,1,4cde,1d
3849,3849,0,4022986e,00dff01e,0040,14da,f,1,4cde,1d
3850,3850,0,4022986e,00dff01e,0040,14da,f,1,4cde,0d
3851,3851,0,4022986e,00dff01e,0040,14da,f,1,4cde,25
3852,3852,0,4022986e,00dff01e,0040,14da,f,1,4cde,1e
3853,3853,0,4022986e,00dff01e,0040,14da,f,1,4cde,1e
3854,3854,0,4022986e,00dff01e,0040,14da,f,1,4cde,0e
3855,3855,0,4022986e,00dff01e,0040,14da,f,1,4cde,22
3856,3856,0,4022986e,00dff01e,0040,14da,f,1,4cde,1d
3857,3857,0,4022986e,00dff01e,0040,14da,f,1,4cde,1d
3858,3858,0,4022986e,00dff01e,0040,14da,f,1,4cde,0d
3859,3859,0,4022986e,00dff01e,0040,14da,f,1,4cde,25
3860,3860,0,4022986e,00dff01e,0040,14da,f,1,4cde,1e
3861,3861,0,4022986e,00dff01e,0040,14da,f,1,4cde,1e
3862,3862,0,4022986e,00dff01e,0040,14da,f,1,4cde,0e
3863,3863,0,4022986e,00dff01e,0040,14da,f,1,4cde,22
3864,3864,0,4022986e,00dff01e,0040,14da,f,1,4cde,1d
3865,3865,0,4022986e,00dff01e,0040,14da,f,1,4cde,1d
3866,3866,0,4022986e,00dff01e,0040,14da,f,1,4cde,0d
3867,3867,0,4022986e,00dff01e,0040,14da,f,1,4cde,25
3868,3868,0,4022986e,00dff01e,0040,14da,f,0,4cde,1d
3869,3869,0,4022986e,00dff01e,0040,14da,f,0,4cde,1d
3870,3870,0,4022986e,00dff01e,0040,14da,f,0,4cde,0d
3871,3871,0,4022986e,00dff01e,0040,14da,f,0,4cde,25
3872,3872,0,4022986e,00dff01e,0040,14da,f,0,4cde,1d
3873,3873,0,4022986e,00dff01e,0040,14da,f,0,4cde,1d
3874,3874,0,4022986e,00dff01e,0040,14da,f,0,4cde,0d
3875,3875,0,4022986e,00dff01e,0040,14da,f,0,4cde,25
3876,3876,0,4022986e,00dff01e,0040,14da,f,0,4cde,1d
3877,3877,0,4022986e,00dff01e,0040,14da,f,0,4cde,1d
3878,3878,0,4022986e,00dff01e,0040,14da,f,0,4cde,0d
3879,3879,0,4022986e,00dff01e,0040,14da,f,0,4cde,25
3880,3880,0,4022986e,00dff01e,0040,14da,f,1,4cde,1d
3881,3881,0,4022986e,00dff01e,0040,14da,f,1,4cde,1d
3882,3882,0,4022986e,00dff01e,0040,14da,f,1,4cde,0d
3883,3883,0,4022986e,00dff01e,0040,14da,f,1,4cde,25
3884,3884,0,4022986e,00dff01e,0040,14da,f,1,4cde,1d
3885,3885,0,4022986e,00dff01e,0040,14da,f,1,4cde,1d
3886,3886,0,4022986e,00dff01e,0040,14da,f,1,4cde,0d
3887,3887,0,4022986e,00dff01e,0040,14da,f,1,4cde,25
3888,3888,0,4022986e,00dff01e,0040,14da,f,1,4cde,1e
3889,3889,0,4022986e,00dff01e,0040,14da,f,1,4cde,1e
3890,3890,0,4022986e,00dff01e,0040,14da,f,1,4cde,0e
3891,3891,0,4022986e,00dff01e,0040,14da,f,1,4cde,22
3892,3892,0,4022986e,00dff01e,0040,14da,f,1,4cde,1d
3893,3893,0,4022986e,00dff01e,0040,14da,f,1,4cde,1d
3894,3894,0,4022986e,00dff01e,0040,14da,f,1,4cde,0d
3895,3895,0,4022986e,00dff01e,0040,14da,f,1,4cde,25
3896,3896,0,4022986e,00dff01e,0040,14da,f,1,4cde,1e
3897,3897,0,4022986e,00dff01e,0040,14da,f,1,4cde,1e
3898,3898,0,4022986e,00dff01e,0040,14da,f,1,4cde,0e
3899,3899,0,4022986e,00dff01e,0040,14da,f,1,4cde,22
3900,3900,0,4022986e,00dff01e,0040,14da,f,1,4cde,1d
3901,3901,0,4022986e,00dff01e,0040,14da,f,1,4cde,1d
3902,3902,0,4022986e,00dff01e,0040,14da,f,1,4cde,0d
3903,3903,0,4022986e,00dff01e,0040,14da,f,1,4cde,25
3904,3904,0,4022986e,00dff01e,0040,14da,f,0,4cde,1d
3905,3905,0,4022986e,00dff01e,0040,14da,f,0,4cde,1d
3906,3906,0,4022986e,00dff01e,0040,14da,f,0,4cde,0d
3907,3907,0,4022986e,00dff01e,0040,14da,f,0,4cde,25
3908,3908,0,4022986e,00dff01e,0040,14da,f,0,4cde,1d
3909,3909,0,4022986e,00dff01e,0040,14da,f,0,4cde,1d
3910,3910,0,4022986e,00dff01e,0040,14da,f,0,4cde,0d
3911,3911,0,4022986e,00dff01e,0040,14da,f,0,4cde,25
3912,3912,0,4022986e,00dff01e,0040,14da,f,0,4cde,1d
3913,3913,0,4022986e,00dff01e,0040,14da,f,0,4cde,1d
3914,3914,0,4022986e,00dff01e,0040,14da,f,0,4cde,0d
3915,3915,0,4022986e,00dff01e,0040,14da,f,0,4cde,25
3916,3916,0,4022986e,00dff01e,0040,14da,f,1,4cde,1d
3917,3917,0,4022986e,00dff01e,0040,14da,f,1,4cde,1d
3918,3918,0,4022986e,00dff01e,0040,14da,f,1,4cde,0d
3919,3919,0,4022986e,00dff01e,0040,14da,f,1,4cde,25
3920,3920,0,4022986e,00dff01e,0040,14da,f,1,4cde,1d
3921,3921,0,4022986e,00dff01e,0040,14da,f,1,4cde,1d
3922,3922,0,4022986e,00dff01e,0040,14da,f,1,4cde,0d
3923,3923,0,4022986e,00dff01e,0040,14da,f,1,4cde,25
3924,3924,0,4022986e,00dff01e,0040,14da,f,1,4cde,1e
3925,3925,0,4022986e,00dff01e,0040,14da,f,1,4cde,1e
3926,3926,0,4022986e,00dff01e,0040,14da,f,1,4cde,0e
3927,3927,0,4022986e,00dff01e,0040,14da,f,1,4cde,02
3928,3928,0,4022986e,00dff01e,0040,14da,f,1,4cde,02
3929,3929,0,4022986e,00dff01e,0040,14da,f,1,4cde,02
3930,3930,0,4022986e,00dff01e,0040,14da,f,1,4cde,02
3931,3931,0,4022986e,00dff01e,0040,14da,f,1,4cde,02
3932,3932,0,4022986e,00dff01e,0040,14da,f,1,4cde,02
3933,3933,0,4022986e,00dff01e,0040,14da,f,1,4cde,02
3934,3934,0,4022986e,00dff01e,0040,14da,f,1,4cde,02
3935,3935,0,4022986e,00dff01e,0040,14da,f,1,4cde,02
3936,3936,0,4022986e,00dff01e,0040,14da,f,1,4cde,02
3937,3937,0,4022986e,00dff01e,0040,14da,f,1,4cde,02
3938,3938,0,4022986e,00dff01e,0040,14da,f,1,4cde,02
3939,3939,0,4022986e,00dff01e,0040,14da,f,1,4cde,02
3940,3940,0,4022986e,00dff01e,0040,14da,f,1,4cde,02
3941,3941,0,4022986e,00dff01e,0040,14da,f,1,4cde,02
3942,3942,0,4022986e,00dff01e,0040,14da,f,1,4cde,02
3943,3943,0,4022986e,00dff01e,0040,14da,f,1,4cde,22
3944,3944,0,4022986e,00dff01e,0040,14da,f,1,4cde,1d
3945,3945,0,4022986e,00dff01e,0040,14da,f,1,4cde,1d
3946,3946,0,4022986e,00dff01e,0040,14da,f,1,4cde,0d
3947,3947,0,4022986e,00dff01e,0040,14da,f,1,4cde,25
3948,3948,0,4022986e,00dff01e,0040,14da,f,1,4cde,1e
3949,3949,0,4022986e,00dff01e,0040,14da,f,1,4cde,1e
3950,3950,0,4022986e,00dff01e,0040,14da,f,1,4cde,0e
3951,3951,0,4022986e,00dff01e,0040,14da,f,1,4cde,22
3952,3952,0,4022986e,00dff01e,0040,14da,f,1,4cde,1d
3953,3953,0,4022986e,00dff01e,0040,14da,f,1,4cde,1d
3954,3954,0,4022986e,00dff01e,0040,14da,f,1,4cde,0d
3955,3955,0,4022986e,00dff01e,0040,14da,f,1,4cde,25
3956,3956,0,4022986e,00dff01e,0040,14da,f,0,4cde,1d
3957,3957,0,4022986e,00dff01e,0040,14da,f,0,4cde,1d
3958,3958,0,4022986e,00dff01e,0040,14da,f,0,4cde,0d
3959,3959,0,4022986e,00dff01e,0040,14da,f,0,4cde,25
3960,3960,0,4022986e,00dff01e,0040,14da,f,0,4cde,1d
3961,3961,0,4022986e,00dff01e,0040,14da,f,0,4cde,1d
3962,3962,0,4022986e,00dff01e,0040,14da,f,0,4cde,0d
3963,3963,0,4022986e,00dff01e,0040,14da,f,0,4cde,25
3964,3964,0,4022986e,00dff01e,0040,14da,f,0,4cde,1d
3965,3965,0,4022986e,00dff01e,0040,14da,f,0,4cde,1d
3966,3966,0,4022986e,00dff01e,0040,14da,f,0,4cde,0d
3967,3967,0,4022986e,00dff01e,0040,14da,f,0,4cde,25
3968,3968,0,4022986e,00dff01e,0040,14da,f,1,4cde,1d
3969,3969,0,4022986e,00dff01e,0040,14da,f,1,4cde,1d
3970,3970,0,4022986e,00dff01e,0040,14da,f,1,4cde,0d
3971,3971,0,4022986e,00dff01e,0040,14da,f,1,4cde,25
3972,3972,0,4022986e,00dff01e,0040,14da,f,1,4cde,1d
3973,3973,0,4022986e,00dff01e,0040,14da,f,1,4cde,1d
3974,3974,0,4022986e,00dff01e,0040,14da,f,1,4cde,0d
3975,3975,0,4022986e,00dff01e,0040,14da,f,1,4cde,25
3976,3976,0,4022986e,00dff01e,0040,14da,f,1,4cde,1e
3977,3977,0,4022986e,00dff01e,0040,14da,f,1,4cde,1e
3978,3978,0,4022986e,00dff01e,0040,14da,f,1,4cde,0e
3979,3979,0,4022986e,00dff01e,0040,14da,f,1,4cde,22
3980,3980,0,4022986e,00dff01e,0040,14da,f,1,4cde,1d
3981,3981,0,4022986e,00dff01e,0040,14da,f,1,4cde,1d
3982,3982,0,4022986e,00dff01e,0040,14da,f,1,4cde,0d
3983,3983,0,4022986e,00dff01e,0040,14da,f,1,4cde,25
3984,3984,0,4022986e,00dff01e,0040,14da,f,1,4cde,1e
3985,3985,0,4022986e,00dff01e,0040,14da,f,1,4cde,1e
3986,3986,0,4022986e,00dff01e,0040,14da,f,1,4cde,0e
3987,3987,0,4022986e,00dff01e,0040,14da,f,1,4cde,22
3988,3988,0,4022986e,00dff01e,0040,14da,f,1,4cde,1d
3989,3989,0,4022986e,00dff01e,0040,14da,f,1,4cde,1d
3990,3990,0,4022986e,00dff01e,0040,14da,f,1,4cde,0d
3991,3991,0,4022986e,00dff01e,0040,14da,f,1,4cde,25
3992,3992,0,4022986e,00dff01e,0040,14da,f,0,4cde,1d
3993,3993,0,4022986e,00dff01e,0040,14da,f,0,4cde,1d
3994,3994,0,4022986e,00dff01e,0040,14da,f,0,4cde,0d
3995,3995,0,4022986e,00dff01e,0040,14da,f,0,4cde,25
3996,3996,0,4022986e,00dff01e,0040,14da,f,0,4cde,1d
3997,3997,0,4022986e,00dff01e,0040,14da,f,0,4cde,1d
3998,3998,0,4022986e,00dff01e,0040,14da,f,0,4cde,0d
3999,3999,0,4022986e,00dff01e,0040,14da,f,0,4cde,25
4000,4000,0,4022986e,00dff01e,0040,14da,f,0,4cde,1d
4001,4001,0,4022986e,00dff01e,0040,14da,f,0,4cde,1d
4002,4002,0,4022986e,00dff01e,0040,14da,f,0,4cde,0d
4003,4003,0,4022986e,00dff01e,0040,14da,f,0,4cde,25
4004,4004,0,4022986e,00dff01e,0040,14da,f,1,4cde,1d
4005,4005,0,4022986e,00dff01e,0040,14da,f,1,4cde,1d
4006,4006,0,4022986e,00dff01e,0040,14da,f,1,4cde,0d
4007,4007,0,4022986e,00dff01e,0040,14da,f,1,4cde,25
4008,4008,0,4022986e,00dff01e,0040,14da,f,1,4cde,1d
4009,4009,0,4022986e,00dff01e,0040,14da,f,1,4cde,1d
4010,4010,0,4022986e,00dff01e,0040,14da,f,1,4cde,0d
4011,4011,0,4022986e,00dff01e,0040,14da,f,1,4cde,25
4012,4012,0,4022986e,00dff01e,0040,14da,f,1,4cde,1e
4013,4013,0,4022986e,00dff01e,0040,14da,f,1,4cde,1e
4014,4014,0,4022986e,00dff01e,0040,14da,f,1,4cde,0e
4015,4015,0,4022986e,00dff01e,0040,14da,f,1,4cde,22
4016,4016,0,4022986e,00dff01e,0040,14da,f,1,4cde,1d
4017,4017,0,4022986e,00dff01e,0040,14da,f,1,4cde,1d
4018,4018,0,4022986e,00dff01e,0040,14da,f,1,4cde,0d
4019,4019,0,4022986e,00dff01e,0040,14da,f,1,4cde,25
4020,4020,0,4022986e,00dff01e,0040,14da,f,1,4cde,1e
4021,4021,0,4022986e,00dff01e,0040,14da,f,1,4cde,1e
4022,4022,0,4022986e,00dff01e,0040,14da,f,1,4cde,0e
4023,4023,0,4022986e,00dff01e,0040,14da,f,1,4cde,22
4024,4024,0,4022986e,00dff01e,0040,14da,f,1,4cde,1d
4025,4025,0,4022986e,00dff01e,0040,14da,f,1,4cde,1d
4026,4026,0,4022986e,00dff01e,0040,14da,f,1,4cde,0d
4027,4027,0,4022986e,00dff01e,0040,14da,f,1,4cde,25
4028,4028,0,4022986e,00dff01e,0040,14da,f,0,4cde,1d
4029,4029,0,4022986e,00dff01e,0040,14da,f,0,4cde,1d
4030,4030,0,4022986e,00dff01e,0040,14da,f,0,4cde,0d
4031,4031,0,4022986e,00dff01e,0040,14da,f,0,4cde,25
4032,4032,0,4022986e,00dff01e,0040,14da,f,0,4cde,1d
4033,4033,0,4022986e,00dff01e,0040,14da,f,0,4cde,1d
4034,4034,0,4022986e,00dff01e,0040,14da,f,0,4cde,0d
4035,4035,0,4022986e,00dff01e,0040,14da,f,0,4cde,25
4036,4036,0,4022986e,00dff01e,0040,14da,f,0,4cde,1d
4037,4037,0,4022986e,00dff01e,0040,14da,f,0,4cde,1d
4038,4038,0,4022986e,00dff01e,0040,14da,f,0,4cde,0d
4039,4039,0,4022986e,00dff01e,0040,14da,f,0,4cde,25
4040,4040,0,4022986e,00dff01e,0040,14da,f,1,4cde,1d
4041,4041,0,4022986e,00dff01e,0040,14da,f,1,4cde,1d
4042,4042,0,4022986e,00dff01e,0040,14da,f,1,4cde,0d
4043,4043,0,4022986e,00dff01e,0040,14da,f,1,4cde,25
4044,4044,0,4022986e,00dff01e,0040,14da,f,1,4cde,1d
4045,4045,0,4022986e,00dff01e,0040,14da,f,1,4cde,1d
4046,4046,0,4022986e,00dff01e,0040,14da,f,1,4cde,0d
4047,4047,0,4022986e,00dff01e,0040,14da,f,1,4cde,25
4048,4048,0,4022986e,00dff01e,0040,14da,f,1,4cde,1e
4049,4049,0,4022986e,00dff01e,0040,14da,f,1,4cde,1e
4050,4050,0,4022986e,00dff01e,0040,14da,f,1,4cde,0e
4051,4051,0,4022986e,00dff01e,0040,14da,f,1,4cde,22
4052,4052,0,4022986e,00dff01e,0040,14da,f,1,4cde,1d
4053,4053,0,4022986e,00dff01e,0040,14da,f,1,4cde,1d
4054,4054,0,4022986e,00dff01e,0040,14da,f,1,4cde,0d
4055,4055,0,4022986e,00dff01e,0040,14da,f,1,4cde,25
4056,4056,0,4022986e,00dff01e,0040,14da,f,1,4cde,1e
4057,4057,0,4022986e,00dff01e,0040,14da,f,1,4cde,1e
4058,4058,0,4022986e,00dff01e,0040,14da,f,1,4cde,0e
4059,4059,0,4022986e,00dff01e,0040,14da,f,1,4cde,22
4060,4060,0,4022986e,00dff01e,0040,14da,f,1,4cde,1d
4061,4061,0,4022986e,00dff01e,0040,14da,f,1,4cde,1d
4062,4062,0,4022986e,00dff01e,0040,14da,f,1,4cde,0d
4063,4063,0,4022986e,00dff01e,0040,14da,f,1,4cde,25
4064,4064,0,4022986e,00dff01e,0040,14da,f,0,4cde,1d
4065,4065,0,4022986e,00dff01e,0040,14da,f,0,4cde,1d
4066,4066,0,4022986e,00dff01e,0040,14da,f,0,4cde,0d
4067,4067,0,4022986e,00dff01e,0040,14da,f,0,4cde,25
4068,4068,0,4022986e,00dff01e,0040,14da,f,0,4cde,1d
4069,4069,0,4022986e,00dff01e,0040,14da,f,0,4cde,1d
4070,4070,0,4022986e,00dff01e,0040,14da,f,0,4cde,0d
4071,4071,0,4022986e,00dff01e,0040,14da,f,0,4cde,25
4072,4072,0,4022986e,00dff01e,0040,14da,f,0,4cde,1d
4073,4073,0,4022986e,00dff01e,0040,14da,f,0,4cde,1d
4074,4074,0,4022986e,00dff01e,0040,14da,f,0,4cde,0d
4075,4075,0,4022986e,00dff01e,0040,14da,f,0,4cde,25
4076,4076,0,40229870,00dff01e,0040,14da,f,0,4cde,1d
4077,4077,0,40229870,00dff01e,0040,14da,f,0,4cde,1d
4078,4078,0,40229870,00dff01e,0040,14da,f,0,4cde,0d
4079,4079,0,40229870,00dff01e,0040,14da,f,0,4cde,25
4080,4080,0,40229870,00dff01e,0040,14da,f,1,4cde,1d
4081,4081,0,40229870,00dff01e,0040,14da,f,1,4cde,1d
4082,4082,0,40229870,00dff01e,0040,14da,f,1,4cde,0d
4083,4083,0,40229870,00dff01e,0040,14da,f,1,4cde,25
4084,4084,0,40229872,00dff01e,0040,14da,f,1,4cde,1d
4085,4085,0,40229872,00dff01e,0040,14da,f,1,4cde,1d
4086,4086,0,40229872,00dff01e,0040,14da,f,1,4cde,0d
4087,4087,0,40229872,00dff01e,0040,14da,f,1,4cde,25
4088,4088,0,40229872,00dff01e,0040,14da,f,1,4cde,1d
4089,4089,0,40229872,00dff01e,0040,14da,f,1,4cde,1d
4090,4090,0,40229872,00dff01e,0040,14da,f,1,4cde,0d
4091,4091,0,40229872,00dff01e,0040,14da,f,1,4cde,25
4092,4092,0,40229872,00dff01e,0040,14da,f,0,4cde,1d
4093,4093,0,40229872,00dff01e,0040,14da,f,0,4cde,1d
4094,4094,0,40229872,00dff01e,0040,14da,f,0,4cde,0d
4095,4095,0,40229872,00dff01e,0040,14da,f,0,4cde,25
