Sample in Buffer,Sample in Window,TRIGGER,openaars_virtual_top/dbg_pc[31:0],openaars_virtual_top/tg68_adr[31:0],openaars_virtual_top/tg68_dat_in[15:0],openaars_virtual_top/tg68_dat_out[15:0],openaars_virtual_top/g_cpu040_ila.bus_ctl[3:0],openaars_virtual_top/dbg_flags[3:0],openaars_virtual_top/dbg_ir[15:0],openaars_virtual_top/tg68_cpustate_1[6:0]
Radix - UNSIGNED,UNSIGNED,UNSIGNED,HEX,HEX,HEX,HEX,HEX,HEX,HEX,HEX
0,0,1,4022952a,00dff01e,0040,14da,f,1,2028,25
1,1,0,4022952a,00dff01e,0040,14da,f,0,2028,1d
2,2,0,4022952a,00dff01e,0040,14da,f,0,2028,1d
3,3,0,4022952a,00dff01e,0040,14da,f,0,2028,0d
4,4,0,4022952a,00dff01e,0040,14da,f,0,2028,25
5,5,0,4022952a,00dff01e,0040,14da,f,0,2028,1d
6,6,0,4022952a,00dff01e,0040,14da,f,0,2028,1d
7,7,0,4022952a,00dff01e,0040,14da,f,0,2028,0d
8,8,0,4022952a,00dff01e,0040,14da,f,0,2028,25
9,9,0,4022952a,00dff01e,0040,14da,f,0,2028,1d
10,10,0,4022952a,00dff01e,0040,14da,f,0,2028,1d
11,11,0,4022952a,00dff01e,0040,14da,f,0,2028,0d
12,12,0,4022952a,00dff01e,0040,14da,f,0,2028,25
13,13,0,4022952c,00dff01e,0040,14da,f,0,4881,1d
14,14,0,4022952c,00dff01e,0040,14da,f,0,4881,1d
15,15,0,4022952c,00dff01e,0040,14da,f,0,4881,0d
16,16,0,4022952c,00dff01e,0040,14da,f,0,4881,25
17,17,0,4022952c,00dff01e,0040,14da,f,1,4881,1d
18,18,0,4022952c,00dff01e,0040,14da,f,1,4881,1d
19,19,0,4022952c,00dff01e,0040,14da,f,1,4881,0d
20,20,0,4022952c,00dff01e,0040,14da,f,1,4881,25
21,21,0,4022952c,00dff01e,0040,14da,f,1,4881,1d
22,22,0,4022952c,00dff01e,0040,14da,f,1,4881,1d
23,23,0,4022952c,00dff01e,0040,14da,f,1,4881,0d
24,24,0,4022952c,00dff01e,0040,14da,f,1,4881,25
25,25,0,4022952c,00dff01e,0040,14da,f,1,4881,1d
26,26,0,4022952c,00dff01e,0040,14da,f,1,4881,1d
27,27,0,4022952c,00dff01e,0040,14da,f,1,4881,0d
28,28,0,4022952c,00dff01e,0040,14da,f,1,4881,25
29,29,0,4022952c,00dff01e,0040,14da,f,0,4881,1d
30,30,0,4022952c,00dff01e,0040,14da,f,0,4881,1d
31,31,0,4022952c,00dff01e,0040,14da,f,0,4881,0d
32,32,0,4022952c,00dff01e,0040,14da,f,0,4881,25
33,33,0,4022952e,00dff01e,0040,14da,f,0,48c1,1d
34,34,0,4022952e,00dff01e,0040,14da,f,0,48c1,1d
35,35,0,4022952e,00dff01e,0040,14da,f,0,48c1,0d
36,36,0,4022952e,00dff01e,0040,14da,f,0,48c1,25
37,37,0,4022952e,00dff01e,0040,14da,f,0,48c1,1d
38,38,0,4022952e,00dff01e,0040,14da,f,0,48c1,1d
39,39,0,4022952e,00dff01e,0040,14da,f,0,48c1,0d
40,40,0,4022952e,00dff01e,0040,14da,f,0,48c1,25
41,41,0,4022952e,00dff01e,0040,14da,f,0,48c1,1d
42,42,0,4022952e,00dff01e,0040,14da,f,0,48c1,1d
43,43,0,4022952e,00dff01e,0040,14da,f,0,48c1,0d
44,44,0,4022952e,00dff01e,0040,14da,f,0,48c1,25
45,45,0,4022952e,00dff01e,0040,14da,f,0,48c1,1d
46,46,0,4022952e,00dff01e,0040,14da,f,0,48c1,1d
47,47,0,4022952e,00dff01e,0040,14da,f,0,48c1,0d
48,48,0,4022952e,00dff01e,0040,14da,f,0,48c1,25
49,49,0,4022952e,00dff01e,0040,14da,f,0,48c1,1d
50,50,0,4022952e,00dff01e,0040,14da,f,0,48c1,1d
51,51,0,4022952e,00dff01e,0040,14da,f,0,48c1,0d
52,52,0,4022952e,00dff01e,0040,14da,f,0,48c1,25
53,53,0,40229530,00dff01e,0040,14da,f,0,2028,1d
54,54,0,40229530,00dff01e,0040,14da,f,0,2028,1d
55,55,0,40229530,00dff01e,0040,14da,f,0,2028,0d
56,56,0,40229530,00dff01e,0040,14da,f,0,2028,25
57,57,0,40229530,00dff01e,0040,14da,f,1,2028,1d
58,58,0,40229530,00dff01e,0040,14da,f,1,2028,1d
59,59,0,40229530,00dff01e,0040,14da,f,1,2028,0d
60,60,0,40229530,00dff01e,0040,14da,f,1,2028,25
61,61,0,40229530,00dff01e,0040,14da,f,1,2028,1d
62,62,0,40229530,00dff01e,0040,14da,f,1,2028,1d
63,63,0,40229530,00dff01e,0040,14da,f,1,2028,0d
64,64,0,40229530,00dff01e,0040,14da,f,1,2028,25
65,65,0,40229530,00dff01e,0040,14da,f,1,2028,1d
66,66,0,40229530,00dff01e,0040,14da,f,1,2028,1d
67,67,0,40229530,00dff01e,0040,14da,f,1,2028,0d
68,68,0,40229530,00dff01e,0040,14da,f,1,2028,25
69,69,0,40229532,00dff01e,0040,14da,f,0,2028,1d
70,70,0,40229532,00dff01e,0040,14da,f,0,2028,1d
71,71,0,40229532,00dff01e,0040,14da,f,0,2028,0d
72,72,0,40229532,00dff01e,0040,14da,f,0,2028,25
73,73,0,40229532,00dff01e,0040,14da,f,0,2028,1d
74,74,0,40229532,00dff01e,0040,14da,f,0,2028,1d
75,75,0,40229532,00dff01e,0040,14da,f,0,2028,0d
76,76,0,40229532,00dff01e,0040,14da,f,0,2028,25
77,77,0,40229532,00dff01e,0040,14da,f,0,2028,1d
78,78,0,40229532,00dff01e,0040,14da,f,0,2028,1d
79,79,0,40229532,00dff01e,0040,14da,f,0,2028,0d
80,80,0,40229532,00dff01e,0040,14da,f,0,2028,25
81,81,0,40229532,00dff01e,0040,14da,f,1,2028,1d
82,82,0,40229532,00dff01e,0040,14da,f,1,2028,1d
83,83,0,40229532,00dff01e,0040,14da,f,1,2028,0d
84,84,0,40229532,00dff01e,0040,14da,f,1,2028,25
85,85,0,40229532,00dff01e,0040,14da,f,1,2028,1d
86,86,0,40229532,00dff01e,0040,14da,f,1,2028,1d
87,87,0,40229532,00dff01e,0040,14da,f,1,2028,0d
88,88,0,40229532,00dff01e,0040,14da,f,1,2028,25
89,89,0,40229532,00dff01e,0040,14da,f,1,2028,1d
90,90,0,40229532,00dff01e,0040,14da,f,1,2028,1d
91,91,0,40229532,00dff01e,0040,14da,f,1,2028,0d
92,92,0,40229532,00dff01e,0040,14da,f,1,2028,25
93,93,0,40229532,00dff01e,0040,14da,f,0,2028,1d
94,94,0,40229532,00dff01e,0040,14da,f,0,2028,1d
95,95,0,40229532,00dff01e,0040,14da,f,0,2028,0d
96,96,0,40229532,00dff01e,0040,14da,f,0,2028,25
97,97,0,40229532,00dff01e,0040,14da,f,0,2028,1d
98,98,0,40229532,00dff01e,0040,14da,f,0,2028,1d
99,99,0,40229532,00dff01e,0040,14da,f,0,2028,0d
100,100,0,40229532,00dff01e,0040,14da,f,0,2028,25
101,101,0,40229532,00dff01e,0040,14da,f,0,2028,1d
102,102,0,40229532,00dff01e,0040,14da,f,0,2028,1d
103,103,0,40229532,00dff01e,0040,14da,f,0,2028,0d
104,104,0,40229532,00dff01e,0040,14da,f,0,2028,25
105,105,0,40229534,00dff01e,0040,14da,f,0,223c,1d
106,106,0,40229534,00dff01e,0040,14da,f,0,223c,1d
107,107,0,40229534,00dff01e,0040,14da,f,0,223c,0d
108,108,0,40229534,00dff01e,0040,14da,f,0,223c,25
109,109,0,40229534,00dff01e,0040,14da,f,1,223c,1d
110,110,0,40229534,00dff01e,0040,14da,f,1,223c,1d
111,111,0,40229534,00dff01e,0040,14da,f,1,223c,0d
112,112,0,40229534,00dff01e,0040,14da,f,1,223c,25
113,113,0,40229538,00dff01e,0040,14da,f,1,223c,1d
114,114,0,40229538,00dff01e,0040,14da,f,1,223c,1d
115,115,0,40229538,00dff01e,0040,14da,f,1,223c,0d
116,116,0,40229538,00dff01e,0040,14da,f,1,223c,25
117,117,0,40229538,00dff01e,0040,14da,f,1,223c,1d
118,118,0,40229538,00dff01e,0040,14da,f,1,223c,1d
119,119,0,40229538,00dff01e,0040,14da,f,1,223c,0d
120,120,0,40229538,00dff01e,0040,14da,f,1,223c,25
121,121,0,40229538,00dff01e,0040,14da,f,0,223c,1d
122,122,0,40229538,00dff01e,0040,14da,f,0,223c,1d
123,123,0,40229538,00dff01e,0040,14da,f,0,223c,0d
124,124,0,40229538,00dff01e,0040,14da,f,0,223c,25
125,125,0,40229538,00dff01e,0040,14da,f,1,223c,1d
126,126,0,40229538,00dff01e,0040,14da,f,1,223c,1d
127,127,0,40229538,00dff01e,0040,14da,f,1,223c,0d
128,128,0,40229538,00dff01e,0040,14da,f,1,223c,25
129,129,0,4022953a,00dff01e,0040,14da,f,1,2028,1d
130,130,0,4022953a,00dff01e,0040,14da,f,1,2028,1d
131,131,0,4022953a,00dff01e,0040,14da,f,1,2028,0d
132,132,0,4022953a,00dff01e,0040,14da,f,1,2028,25
133,133,0,4022953a,00dff01e,0040,14da,f,1,2028,1d
134,134,0,4022953a,00dff01e,0040,14da,f,1,2028,1d
135,135,0,4022953a,00dff01e,0040,14da,f,1,2028,0d
136,136,0,4022953a,00dff01e,0040,14da,f,1,2028,25
137,137,0,4022953a,00dff01e,0040,14da,f,0,2028,1d
138,138,0,4022953a,00dff01e,0040,14da,f,0,2028,1d
139,139,0,4022953a,00dff01e,0040,14da,f,0,2028,0d
140,140,0,4022953a,00dff01e,0040,14da,f,0,2028,25
141,141,0,4022953a,00dff01e,0040,14da,f,0,2028,1d
142,142,0,4022953a,00dff01e,0040,14da,f,0,2028,1d
143,143,0,4022953a,00dff01e,0040,14da,f,0,2028,0d
144,144,0,4022953a,00dff01e,0040,14da,f,0,2028,25
145,145,0,4022953c,00dff01e,0040,14da,f,0,2028,1d
146,146,0,4022953c,00dff01e,0040,14da,f,0,2028,1d
147,147,0,4022953c,00dff01e,0040,14da,f,0,2028,0d
148,148,0,4022953c,00dff01e,0040,14da,f,0,2028,25
149,149,0,4022953c,00dff01e,0040,14da,f,0,2028,1d
150,150,0,4022953c,00dff01e,0040,14da,f,0,2028,1d
151,151,0,4022953c,00dff01e,0040,14da,f,0,2028,0d
152,152,0,4022953c,00dff01e,0040,14da,f,0,2028,25
153,153,0,4022953c,00dff01e,0040,14da,f,0,2028,1d
154,154,0,4022953c,00dff01e,0040,14da,f,0,2028,1d
155,155,0,4022953c,00dff01e,0040,14da,f,0,2028,0d
156,156,0,4022953c,00dff01e,0040,14da,f,0,2028,25
157,157,0,4022953c,00dff01e,0040,14da,f,1,2028,1d
158,158,0,4022953c,00dff01e,0040,14da,f,1,2028,1d
159,159,0,4022953c,00dff01e,0040,14da,f,1,2028,0d
160,160,0,4022953c,00dff01e,0040,14da,f,1,2028,25
161,161,0,4022953c,00dff01e,0040,14da,f,1,2028,1d
162,162,0,4022953c,00dff01e,0040,14da,f,1,2028,1d
163,163,0,4022953c,00dff01e,0040,14da,f,1,2028,0d
164,164,0,4022953c,00dff01e,0040,14da,f,1,2028,25
165,165,0,4022953c,00dff01e,0040,14da,f,1,2028,1d
166,166,0,4022953c,00dff01e,0040,14da,f,1,2028,1d
167,167,0,4022953c,00dff01e,0040,14da,f,1,2028,0d
168,168,0,4022953c,00dff01e,0040,14da,f,1,2028,25
169,169,0,4022953c,00dff01e,0040,14da,f,0,2028,1d
170,170,0,4022953c,00dff01e,0040,14da,f,0,2028,1d
171,171,0,4022953c,00dff01e,0040,14da,f,0,2028,0d
172,172,0,4022953c,00dff01e,0040,14da,f,0,2028,25
173,173,0,4022953c,00dff01e,0040,14da,f,1,2028,1d
174,174,0,4022953c,00dff01e,0040,14da,f,1,2028,1d
175,175,0,4022953c,00dff01e,0040,14da,f,1,2028,0d
176,176,0,4022953c,00dff01e,0040,14da,f,1,2028,25
177,177,0,4022953c,00dff01e,0040,14da,f,1,2028,1d
178,178,0,4022953c,00dff01e,0040,14da,f,1,2028,1d
179,179,0,4022953c,00dff01e,0040,14da,f,1,2028,0d
180,180,0,4022953c,00dff01e,0040,14da,f,1,2028,25
181,181,0,4022953e,00dff01e,0040,14da,f,1,4841,1d
182,182,0,4022953e,00dff01e,0040,14da,f,1,4841,1d
183,183,0,4022953e,00dff01e,0040,14da,f,1,4841,0d
184,184,0,4022953e,00dff01e,0040,14da,f,1,4841,25
185,185,0,4022953e,00dff01e,0040,14da,f,0,4841,1d
186,186,0,4022953e,00dff01e,0040,14da,f,0,4841,1d
187,187,0,4022953e,00dff01e,0040,14da,f,0,4841,0d
188,188,0,4022953e,00dff01e,0040,14da,f,0,4841,25
189,189,0,4022953e,00dff01e,0040,14da,f,0,4841,1d
190,190,0,4022953e,00dff01e,0040,14da,f,0,4841,1d
191,191,0,4022953e,00dff01e,0040,14da,f,0,4841,0d
192,192,0,4022953e,00dff01e,0040,14da,f,0,4841,25
193,193,0,4022953e,00dff01e,0040,14da,f,0,4841,1d
194,194,0,4022953e,00dff01e,0040,14da,f,0,4841,1d
195,195,0,4022953e,00dff01e,0040,14da,f,0,4841,0d
196,196,0,4022953e,00dff01e,0040,14da,f,0,4841,25
197,197,0,4022953e,00dff01e,0040,14da,f,0,4841,1d
198,198,0,4022953e,00dff01e,0040,14da,f,0,4841,1d
199,199,0,4022953e,00dff01e,0040,14da,f,0,4841,0d
200,200,0,4022953e,00dff01e,0040,14da,f,0,4841,25
201,201,0,40229540,00dff01e,0040,14da,f,0,6100,1d
202,202,0,40229540,00dff01e,0040,14da,f,0,6100,1d
203,203,0,40229540,00dff01e,0040,14da,f,0,6100,0d
204,204,0,40229540,00dff01e,0040,14da,f,0,6100,25
205,205,0,40229540,00dff01e,0040,14da,f,1,6100,1d
206,206,0,40229540,00dff01e,0040,14da,f,1,6100,1d
207,207,0,40229540,00dff01e,0040,14da,f,1,6100,0d
208,208,0,40229540,00dff01e,0040,14da,f,1,6100,25
209,209,0,40229542,00dff01e,0040,14da,f,1,6100,1d
210,210,0,40229542,00dff01e,0040,14da,f,1,6100,1d
211,211,0,40229542,00dff01e,0040,14da,f,1,6100,0d
212,212,0,40229542,00dff01e,0040,14da,f,1,6100,25
213,213,0,40229542,00dff01e,0040,14da,f,1,6100,1d
214,214,0,40229542,00dff01e,0040,14da,f,1,6100,1d
215,215,0,40229542,00dff01e,0040,14da,f,1,6100,0d
216,216,0,40229542,00dff01e,0040,14da,f,1,6100,25
217,217,0,40229542,00dff01e,0040,14da,f,0,6100,1d
218,218,0,40229542,00dff01e,0040,14da,f,0,6100,1d
219,219,0,40229542,00dff01e,0040,14da,f,0,6100,0d
220,220,0,40229542,00dff01e,0040,14da,f,0,6100,25
221,221,0,40229542,00dff01e,0040,14da,f,1,6100,1d
222,222,0,40229542,00dff01e,0040,14da,f,1,6100,1d
223,223,0,40229542,00dff01e,0040,14da,f,1,6100,0d
224,224,0,40229542,00dff01e,0040,14da,f,1,6100,25
225,225,0,40229542,00dff01e,0040,14da,f,1,6100,1d
226,226,0,40229542,00dff01e,0040,14da,f,1,6100,1d
227,227,0,40229542,00dff01e,0040,14da,f,1,6100,0d
228,228,0,40229542,00dff01e,0040,14da,f,1,6100,25
229,229,0,40229542,00dff01e,0040,14da,f,0,6100,1f
230,230,0,40229542,00dff01e,0040,14da,f,0,6100,1f
231,231,0,40229542,00dff01e,0040,14da,f,0,6100,0f
232,232,0,40229542,00dff01e,0040,14da,f,0,6100,03
233,233,0,40229542,00dff01e,0040,14da,f,0,6100,03
234,234,0,40229542,00dff01e,0040,14da,f,0,6100,03
235,235,0,40229542,00dff01e,0040,14da,f,0,6100,03
236,236,0,40229542,00dff01e,0040,14da,f,0,6100,23
237,237,0,4022958e,00dff01e,0040,14da,f,1,6100,1d
238,238,0,4022958e,00dff01e,0040,14da,f,1,6100,1d
239,239,0,4022958e,00dff01e,0040,14da,f,1,6100,0d
240,240,0,4022958e,00dff01e,0040,14da,f,1,6100,25
241,241,0,4022958e,00dff01e,0040,14da,f,1,6100,1f
242,242,0,4022958e,00dff01e,0040,14da,f,1,6100,1f
243,243,0,4022958e,00dff01e,0040,14da,f,1,6100,0f
244,244,0,4022958e,00dff01e,0040,14da,f,1,6100,03
245,245,0,4022958e,00dff01e,0040,14da,f,1,6100,03
246,246,0,4022958e,00dff01e,0040,14da,f,1,6100,03
247,247,0,4022958e,00dff01e,0040,14da,f,1,6100,03
248,248,0,4022958e,00dff01e,0040,14da,f,1,6100,03
249,249,0,4022958e,00dff01e,0040,14da,f,1,6100,03
250,250,0,4022958e,00dff01e,0040,14da,f,1,6100,03
251,251,0,4022958e,00dff01e,0040,14da,f,1,6100,03
252,252,0,4022958e,00dff01e,0040,14da,f,1,6100,23
253,253,0,4022958e,00dff01e,0040,14da,f,1,6100,1d
254,254,0,4022958e,00dff01e,0040,14da,f,1,6100,1d
255,255,0,4022958e,00dff01e,0040,14da,f,1,6100,0d
256,256,0,4022958e,00dff01e,0040,14da,f,1,6100,25
257,257,0,40229590,00dff01e,0040,14da,f,0,4e75,1d
258,258,0,40229590,00dff01e,0040,14da,f,0,4e75,1d
259,259,0,40229590,00dff01e,0040,14da,f,0,4e75,0d
260,260,0,40229590,00dff01e,0040,14da,f,0,4e75,25
261,261,0,40229590,00dff01e,0040,14da,f,1,4e75,1d
262,262,0,40229590,00dff01e,0040,14da,f,1,4e75,1d
263,263,0,40229590,00dff01e,0040,14da,f,1,4e75,0d
264,264,0,40229590,00dff01e,0040,14da,f,1,4e75,25
265,265,0,40229590,00dff01e,0040,14da,f,1,4e75,1d
266,266,0,40229590,00dff01e,0040,14da,f,1,4e75,1d
267,267,0,40229590,00dff01e,0040,14da,f,1,4e75,0d
268,268,0,40229590,00dff01e,0040,14da,f,1,4e75,25
269,269,0,40229590,00dff01e,0040,14da,f,1,4e75,1d
270,270,0,40229590,00dff01e,0040,14da,f,1,4e75,1d
271,271,0,40229590,00dff01e,0040,14da,f,1,4e75,0d
272,272,0,40229590,00dff01e,0040,14da,f,1,4e75,25
273,273,0,40229590,00dff01e,0040,14da,f,0,4e75,1d
274,274,0,40229590,00dff01e,0040,14da,f,0,4e75,1d
275,275,0,40229590,00dff01e,0040,14da,f,0,4e75,0d
276,276,0,40229590,00dff01e,0040,14da,f,0,4e75,25
277,277,0,40229590,00dff01e,0040,14da,f,1,4e75,1d
278,278,0,40229590,00dff01e,0040,14da,f,1,4e75,1d
279,279,0,40229590,00dff01e,0040,14da,f,1,4e75,0d
280,280,0,40229590,00dff01e,0040,14da,f,1,4e75,25
281,281,0,40229590,00dff01e,0040,14da,f,1,4e75,1d
282,282,0,40229590,00dff01e,0040,14da,f,1,4e75,1d
283,283,0,40229590,00dff01e,0040,14da,f,1,4e75,0d
284,284,0,40229590,00dff01e,0040,14da,f,1,4e75,25
285,285,0,40229590,00dff01e,0040,14da,f,1,4e75,1d
286,286,0,40229590,00dff01e,0040,14da,f,1,4e75,1d
287,287,0,40229590,00dff01e,0040,14da,f,1,4e75,0d
288,288,0,40229590,00dff01e,0040,14da,f,1,4e75,25
289,289,0,40229590,00dff01e,0040,14da,f,0,4e75,1d
290,290,0,40229590,00dff01e,0040,14da,f,0,4e75,1d
291,291,0,40229590,00dff01e,0040,14da,f,0,4e75,0d
292,292,0,40229590,00dff01e,0040,14da,f,0,4e75,25
293,293,0,40229542,00dff01e,0040,14da,f,1,4e75,1d
294,294,0,40229542,00dff01e,0040,14da,f,1,4e75,1d
295,295,0,40229542,00dff01e,0040,14da,f,1,4e75,0d
296,296,0,40229542,00dff01e,0040,14da,f,1,4e75,25
297,297,0,40229542,00dff01e,0040,14da,f,1,4e75,1d
298,298,0,40229542,00dff01e,0040,14da,f,1,4e75,1d
299,299,0,40229542,00dff01e,0040,14da,f,1,4e75,0d
300,300,0,40229542,00dff01e,0040,14da,f,1,4e75,25
301,301,0,40229542,00dff01e,0040,14da,f,1,4e75,1d
302,302,0,40229542,00dff01e,0040,14da,f,1,4e75,1d
303,303,0,40229542,00dff01e,0040,14da,f,1,4e75,0d
304,304,0,40229542,00dff01e,0040,14da,f,1,4e75,25
305,305,0,40229544,00dff01e,0040,14da,f,0,c141,1d
306,306,0,40229544,00dff01e,0040,14da,f,0,c141,1d
307,307,0,40229544,00dff01e,0040,14da,f,0,c141,0d
308,308,0,40229544,00dff01e,0040,14da,f,0,c141,25
309,309,0,40229544,00dff01e,0040,14da,f,1,c141,1d
310,310,0,40229544,00dff01e,0040,14da,f,1,c141,1d
311,311,0,40229544,00dff01e,0040,14da,f,1,c141,0d
312,312,0,40229544,00dff01e,0040,14da,f,1,c141,25
313,313,0,40229544,00dff01e,0040,14da,f,1,c141,1d
314,314,0,40229544,00dff01e,0040,14da,f,1,c141,1d
315,315,0,40229544,00dff01e,0040,14da,f,1,c141,0d
316,316,0,40229544,00dff01e,0040,14da,f,1,c141,25
317,317,0,40229544,00dff01e,0040,14da,f,1,c141,1d
318,318,0,40229544,00dff01e,0040,14da,f,1,c141,1d
319,319,0,40229544,00dff01e,0040,14da,f,1,c141,0d
320,320,0,40229544,00dff01e,0040,14da,f,1,c141,25
321,321,0,40229546,00dff01e,0040,14da,f,0,4281,1d
322,322,0,40229546,00dff01e,0040,14da,f,0,4281,1d
323,323,0,40229546,00dff01e,0040,14da,f,0,4281,0d
324,324,0,40229546,00dff01e,0040,14da,f,0,4281,25
325,325,0,40229546,00dff01e,0040,14da,f,1,4281,1d
326,326,0,40229546,00dff01e,0040,14da,f,1,4281,1d
327,327,0,40229546,00dff01e,0040,14da,f,1,4281,0d
328,328,0,40229546,00dff01e,0040,14da,f,1,4281,25
329,329,0,40229546,00dff01e,0040,14da,f,1,4281,1d
330,330,0,40229546,00dff01e,0040,14da,f,1,4281,1d
331,331,0,40229546,00dff01e,0040,14da,f,1,4281,0d
332,332,0,40229546,00dff01e,0040,14da,f,1,4281,25
333,333,0,40229546,00dff01e,0040,14da,f,1,4281,1d
334,334,0,40229546,00dff01e,0040,14da,f,1,4281,1d
335,335,0,40229546,00dff01e,0040,14da,f,1,4281,0d
336,336,0,40229546,00dff01e,0040,14da,f,1,4281,25
337,337,0,40229546,00dff01e,0040,14da,f,0,4281,1d
338,338,0,40229546,00dff01e,0040,14da,f,0,4281,1d
339,339,0,40229546,00dff01e,0040,14da,f,0,4281,0d
340,340,0,40229546,00dff01e,0040,14da,f,0,4281,25
341,341,0,40229548,00dff01e,0040,14da,f,1,4480,1d
342,342,0,40229548,00dff01e,0040,14da,f,1,4480,1d
343,343,0,40229548,00dff01e,0040,14da,f,1,4480,0d
344,344,0,40229548,00dff01e,0040,14da,f,1,4480,25
345,345,0,40229548,00dff01e,0040,14da,f,1,4480,1d
346,346,0,40229548,00dff01e,0040,14da,f,1,4480,1d
347,347,0,40229548,00dff01e,0040,14da,f,1,4480,0d
348,348,0,40229548,00dff01e,0040,14da,f,1,4480,25
349,349,0,40229548,00dff01e,0040,14da,f,1,4480,1d
350,350,0,40229548,00dff01e,0040,14da,f,1,4480,1d
351,351,0,40229548,00dff01e,0040,14da,f,1,4480,0d
352,352,0,40229548,00dff01e,0040,14da,f,1,4480,25
353,353,0,40229548,00dff01e,0040,14da,f,0,4480,1d
354,354,0,40229548,00dff01e,0040,14da,f,0,4480,1d
355,355,0,40229548,00dff01e,0040,14da,f,0,4480,0d
356,356,0,40229548,00dff01e,0040,14da,f,0,4480,25
357,357,0,40229548,00dff01e,0040,14da,f,1,4480,1d
358,358,0,40229548,00dff01e,0040,14da,f,1,4480,1d
359,359,0,40229548,00dff01e,0040,14da,f,1,4480,0d
360,360,0,40229548,00dff01e,0040,14da,f,1,4480,25
361,361,0,4022954a,00dff01e,0040,14da,f,1,d080,1d
362,362,0,4022954a,00dff01e,0040,14da,f,1,d080,1d
363,363,0,4022954a,00dff01e,0040,14da,f,1,d080,0d
364,364,0,4022954a,00dff01e,0040,14da,f,1,d080,25
365,365,0,4022954a,00dff01e,0040,14da,f,1,d080,1d
366,366,0,4022954a,00dff01e,0040,14da,f,1,d080,1d
367,367,0,4022954a,00dff01e,0040,14da,f,1,d080,0d
368,368,0,4022954a,00dff01e,0040,14da,f,1,d080,25
369,369,0,4022954a,00dff01e,0040,14da,f,0,d080,1d
370,370,0,4022954a,00dff01e,0040,14da,f,0,d080,1d
371,371,0,4022954a,00dff01e,0040,14da,f,0,d080,0d
372,372,0,4022954a,00dff01e,0040,14da,f,0,d080,25
373,373,0,4022954a,00dff01e,0040,14da,f,1,d080,1d
374,374,0,4022954a,00dff01e,0040,14da,f,1,d080,1d
375,375,0,4022954a,00dff01e,0040,14da,f,1,d080,0d
376,376,0,4022954a,00dff01e,0040,14da,f,1,d080,25
377,377,0,4022954a,00dff01e,0040,14da,f,1,d080,1d
378,378,0,4022954a,00dff01e,0040,14da,f,1,d080,1d
379,379,0,4022954a,00dff01e,0040,14da,f,1,d080,0d
380,380,0,4022954a,00dff01e,0040,14da,f,1,d080,25
381,381,0,4022954c,00dff01e,0040,14da,f,1,d281,1d
382,382,0,4022954c,00dff01e,0040,14da,f,1,d281,1d
383,383,0,4022954c,00dff01e,0040,14da,f,1,d281,0d
384,384,0,4022954c,00dff01e,0040,14da,f,1,d281,25
385,385,0,4022954c,00dff01e,0040,14da,f,0,d281,1d
386,386,0,4022954c,00dff01e,0040,14da,f,0,d281,1d
387,387,0,4022954c,00dff01e,0040,14da,f,0,d281,0d
388,388,0,4022954c,00dff01e,0040,14da,f,0,d281,25
389,389,0,4022954c,00dff01e,0040,14da,f,1,d281,1d
390,390,0,4022954c,00dff01e,0040,14da,f,1,d281,1d
391,391,0,4022954c,00dff01e,0040,14da,f,1,d281,0d
392,392,0,4022954c,00dff01e,0040,14da,f,1,d281,25
393,393,0,4022954c,00dff01e,0040,14da,f,1,d281,1d
394,394,0,4022954c,00dff01e,0040,14da,f,1,d281,1d
395,395,0,4022954c,00dff01e,0040,14da,f,1,d281,0d
396,396,0,4022954c,00dff01e,0040,14da,f,1,d281,25
397,397,0,4022954c,00dff01e,0040,14da,f,1,d281,1d
398,398,0,4022954c,00dff01e,0040,14da,f,1,d281,1d
399,399,0,4022954c,00dff01e,0040,14da,f,1,d281,0d
400,400,0,4022954c,00dff01e,0040,14da,f,1,d281,25
401,401,0,4022954e,00dff01e,0040,14da,f,0,d080,1d
402,402,0,4022954e,00dff01e,0040,14da,f,0,d080,1d
403,403,0,4022954e,00dff01e,0040,14da,f,0,d080,0d
404,404,0,4022954e,00dff01e,0040,14da,f,0,d080,25
405,405,0,4022954e,00dff01e,0040,14da,f,0,d080,1d
406,406,0,4022954e,00dff01e,0040,14da,f,0,d080,1d
407,407,0,4022954e,00dff01e,0040,14da,f,0,d080,0d
408,408,0,4022954e,00dff01e,0040,14da,f,0,d080,25
409,409,0,4022954e,00dff01e,0040,14da,f,0,d080,1d
410,410,0,4022954e,00dff01e,0040,14da,f,0,d080,1d
411,411,0,4022954e,00dff01e,0040,14da,f,0,d080,0d
412,412,0,4022954e,00dff01e,0040,14da,f,0,d080,25
413,413,0,4022954e,00dff01e,0040,14da,f,0,d080,1d
414,414,0,4022954e,00dff01e,0040,14da,f,0,d080,1d
415,415,0,4022954e,00dff01e,0040,14da,f,0,d080,0d
416,416,0,4022954e,00dff01e,0040,14da,f,0,d080,25
417,417,0,4022954e,00dff01e,0040,14da,f,0,d080,1d
418,418,0,4022954e,00dff01e,0040,14da,f,0,d080,1d
419,419,0,4022954e,00dff01e,0040,14da,f,0,d080,0d
420,420,0,4022954e,00dff01e,0040,14da,f,0,d080,25
421,421,0,40229550,00dff01e,0040,14da,f,0,d281,1d
422,422,0,40229550,00dff01e,0040,14da,f,0,d281,1d
423,423,0,40229550,00dff01e,0040,14da,f,0,d281,0d
424,424,0,40229550,00dff01e,0040,14da,f,0,d281,25
425,425,0,40229550,00dff01e,0040,14da,f,1,d281,1d
426,426,0,40229550,00dff01e,0040,14da,f,1,d281,1d
427,427,0,40229550,00dff01e,0040,14da,f,1,d281,0d
428,428,0,40229550,00dff01e,0040,14da,f,1,d281,25
429,429,0,40229550,00dff01e,0040,14da,f,1,d281,1d
430,430,0,40229550,00dff01e,0040,14da,f,1,d281,1d
431,431,0,40229550,00dff01e,0040,14da,f,1,d281,0d
432,432,0,40229550,00dff01e,0040,14da,f,1,d281,25
433,433,0,40229550,00dff01e,0040,14da,f,1,d281,1d
434,434,0,40229550,00dff01e,0040,14da,f,1,d281,1d
435,435,0,40229550,00dff01e,0040,14da,f,1,d281,0d
436,436,0,40229550,00dff01e,0040,14da,f,1,d281,25
437,437,0,40229550,00dff01e,0040,14da,f,0,d281,1d
438,438,0,40229550,00dff01e,0040,14da,f,0,d281,1d
439,439,0,40229550,00dff01e,0040,14da,f,0,d281,0d
440,440,0,40229550,00dff01e,0040,14da,f,0,d281,25
441,441,0,40229552,00dff01e,0040,14da,f,0,0680,1d
442,442,0,40229552,00dff01e,0040,14da,f,0,0680,1d
443,443,0,40229552,00dff01e,0040,14da,f,0,0680,0d
444,444,0,40229552,00dff01e,0040,14da,f,0,0680,25
445,445,0,40229552,00dff01e,0040,14da,f,0,0680,1d
446,446,0,40229552,00dff01e,0040,14da,f,0,0680,1d
447,447,0,40229552,00dff01e,0040,14da,f,0,0680,0d
448,448,0,40229552,00dff01e,0040,14da,f,0,0680,25
449,449,0,40229556,00dff01e,0040,14da,f,0,0680,1d
450,450,0,40229556,00dff01e,0040,14da,f,0,0680,1d
451,451,0,40229556,00dff01e,0040,14da,f,0,0680,0d
452,452,0,40229556,00dff01e,0040,14da,f,0,0680,25
453,453,0,40229556,00dff01e,0040,14da,f,1,0680,1d
454,454,0,40229556,00dff01e,0040,14da,f,1,0680,1d
455,455,0,40229556,00dff01e,0040,14da,f,1,0680,0d
456,456,0,40229556,00dff01e,0040,14da,f,1,0680,25
457,457,0,40229556,00dff01e,0040,14da,f,1,0680,1d
458,458,0,40229556,00dff01e,0040,14da,f,1,0680,1d
459,459,0,40229556,00dff01e,0040,14da,f,1,0680,0d
460,460,0,40229556,00dff01e,0040,14da,f,1,0680,25
461,461,0,40229556,00dff01e,0040,14da,f,1,0680,1d
462,462,0,40229556,00dff01e,0040,14da,f,1,0680,1d
463,463,0,40229556,00dff01e,0040,14da,f,1,0680,0d
464,464,0,40229556,00dff01e,0040,14da,f,1,0680,25
465,465,0,40229558,00dff01e,0040,14da,f,0,0481,1d
466,466,0,40229558,00dff01e,0040,14da,f,0,0481,1d
467,467,0,40229558,00dff01e,0040,14da,f,0,0481,0d
468,468,0,40229558,00dff01e,0040,14da,f,0,0481,25
469,469,0,40229558,00dff01e,0040,14da,f,1,0481,1d
470,470,0,40229558,00dff01e,0040,14da,f,1,0481,1d
471,471,0,40229558,00dff01e,0040,14da,f,1,0481,0d
472,472,0,40229558,00dff01e,0040,14da,f,1,0481,25
473,473,0,4022955c,00dff01e,0040,14da,f,1,0481,1d
474,474,0,4022955c,00dff01e,0040,14da,f,1,0481,1d
475,475,0,4022955c,00dff01e,0040,14da,f,1,0481,0d
476,476,0,4022955c,00dff01e,0040,14da,f,1,0481,25
477,477,0,4022955c,00dff01e,0040,14da,f,1,0481,1d
478,478,0,4022955c,00dff01e,0040,14da,f,1,0481,1d
479,479,0,4022955c,00dff01e,0040,14da,f,1,0481,0d
480,480,0,4022955c,00dff01e,0040,14da,f,1,0481,25
481,481,0,4022955c,00dff01e,0040,14da,f,0,0481,1d
482,482,0,4022955c,00dff01e,0040,14da,f,0,0481,1d
483,483,0,4022955c,00dff01e,0040,14da,f,0,0481,0d
484,484,0,4022955c,00dff01e,0040,14da,f,0,0481,25
485,485,0,4022955c,00dff01e,0040,14da,f,1,0481,1d
486,486,0,4022955c,00dff01e,0040,14da,f,1,0481,1d
487,487,0,4022955c,00dff01e,0040,14da,f,1,0481,0d
488,488,0,4022955c,00dff01e,0040,14da,f,1,0481,25
489,489,0,4022955e,00dff01e,0040,14da,f,1,207c,1d
490,490,0,4022955e,00dff01e,0040,14da,f,1,207c,1d
491,491,0,4022955e,00dff01e,0040,14da,f,1,207c,0d
492,492,0,4022955e,00dff01e,0040,14da,f,1,207c,25
493,493,0,4022955e,00dff01e,0040,14da,f,1,207c,1d
494,494,0,4022955e,00dff01e,0040,14da,f,1,207c,1d
495,495,0,4022955e,00dff01e,0040,14da,f,1,207c,0d
496,496,0,4022955e,00dff01e,0040,14da,f,1,207c,25
497,497,0,40229562,00dff01e,0040,14da,f,0,207c,1d
498,498,0,40229562,00dff01e,0040,14da,f,0,207c,1d
499,499,0,40229562,00dff01e,0040,14da,f,0,207c,0d
500,500,0,40229562,00dff01e,0040,14da,f,0,207c,25
501,501,0,40229562,00dff01e,0040,14da,f,1,207c,1d
502,502,0,40229562,00dff01e,0040,14da,f,1,207c,1d
503,503,0,40229562,00dff01e,0040,14da,f,1,207c,0d
504,504,0,40229562,00dff01e,0040,14da,f,1,207c,25
505,505,0,40229562,00dff01e,0040,14da,f,1,207c,1d
506,506,0,40229562,00dff01e,0040,14da,f,1,207c,1d
507,507,0,40229562,00dff01e,0040,14da,f,1,207c,0d
508,508,0,40229562,00dff01e,0040,14da,f,1,207c,25
509,509,0,40229562,00dff01e,0040,14da,f,1,207c,1d
510,510,0,40229562,00dff01e,0040,14da,f,1,207c,1d
511,511,0,40229562,00dff01e,0040,14da,f,1,207c,0d
512,512,0,40229562,00dff01e,0040,14da,f,1,207c,25
513,513,0,40229564,00dff01e,0040,14da,f,0,2028,1d
514,514,0,40229564,00dff01e,0040,14da,f,0,2028,1d
515,515,0,40229564,00dff01e,0040,14da,f,0,2028,0d
516,516,0,40229564,00dff01e,0040,14da,f,0,2028,25
517,517,0,40229564,00dff01e,0040,14da,f,1,2028,1d
518,518,0,40229564,00dff01e,0040,14da,f,1,2028,1d
519,519,0,40229564,00dff01e,0040,14da,f,1,2028,0d
520,520,0,40229564,00dff01e,0040,14da,f,1,2028,25
521,521,0,40229564,00dff01e,0040,14da,f,1,2028,1d
522,522,0,40229564,00dff01e,0040,14da,f,1,2028,1d
523,523,0,40229564,00dff01e,0040,14da,f,1,2028,0d
524,524,0,40229564,00dff01e,0040,14da,f,1,2028,25
525,525,0,40229564,00dff01e,0040,14da,f,1,2028,1d
526,526,0,40229564,00dff01e,0040,14da,f,1,2028,1d
527,527,0,40229564,00dff01e,0040,14da,f,1,2028,0d
528,528,0,40229564,00dff01e,0040,14da,f,1,2028,25
529,529,0,40229566,00dff01e,0040,14da,f,0,2028,1d
530,530,0,40229566,00dff01e,0040,14da,f,0,2028,1d
531,531,0,40229566,00dff01e,0040,14da,f,0,2028,0d
532,532,0,40229566,00dff01e,0040,14da,f,0,2028,25
533,533,0,40229566,00dff01e,0040,14da,f,0,2028,1d
534,534,0,40229566,00dff01e,0040,14da,f,0,2028,1d
535,535,0,40229566,00dff01e,0040,14da,f,0,2028,0d
536,536,0,40229566,00dff01e,0040,14da,f,0,2028,25
537,537,0,40229566,00dff01e,0040,14da,f,0,2028,1d
538,538,0,40229566,00dff01e,0040,14da,f,0,2028,1d
539,539,0,40229566,00dff01e,0040,14da,f,0,2028,0d
540,540,0,40229566,00dff01e,0040,14da,f,0,2028,25
541,541,0,40229566,00dff01e,0040,14da,f,1,2028,1d
542,542,0,40229566,00dff01e,0040,14da,f,1,2028,1d
543,543,0,40229566,00dff01e,0040,14da,f,1,2028,0d
544,544,0,40229566,00dff01e,0040,14da,f,1,2028,25
545,545,0,40229566,00dff01e,0040,14da,f,1,2028,1d
546,546,0,40229566,00dff01e,0040,14da,f,1,2028,1d
547,547,0,40229566,00dff01e,0040,14da,f,1,2028,0d
548,548,0,40229566,00dff01e,0040,14da,f,1,2028,25
549,549,0,40229566,00dff01e,0040,14da,f,1,2028,1d
550,550,0,40229566,00dff01e,0040,14da,f,1,2028,1d
551,551,0,40229566,00dff01e,0040,14da,f,1,2028,0d
552,552,0,40229566,00dff01e,0040,14da,f,1,2028,25
553,553,0,40229566,00dff01e,0040,14da,f,0,2028,1d
554,554,0,40229566,00dff01e,0040,14da,f,0,2028,1d
555,555,0,40229566,00dff01e,0040,14da,f,0,2028,0d
556,556,0,40229566,00dff01e,0040,14da,f,0,2028,25
557,557,0,40229566,00dff01e,0040,14da,f,0,2028,1d
558,558,0,40229566,00dff01e,0040,14da,f,0,2028,1d
559,559,0,40229566,00dff01e,0040,14da,f,0,2028,0d
560,560,0,40229566,00dff01e,0040,14da,f,0,2028,25
561,561,0,40229566,00dff01e,0040,14da,f,0,2028,1d
562,562,0,40229566,00dff01e,0040,14da,f,0,2028,1d
563,563,0,40229566,00dff01e,0040,14da,f,0,2028,0d
564,564,0,40229566,00dff01e,0040,14da,f,0,2028,25
565,565,0,40229568,00dff01e,0040,14da,f,0,4881,1d
566,566,0,40229568,00dff01e,0040,14da,f,0,4881,1d
567,567,0,40229568,00dff01e,0040,14da,f,0,4881,0d
568,568,0,40229568,00dff01e,0040,14da,f,0,4881,25
569,569,0,40229568,00dff01e,0040,14da,f,1,4881,1d
570,570,0,40229568,00dff01e,0040,14da,f,1,4881,1d
571,571,0,40229568,00dff01e,0040,14da,f,1,4881,0d
572,572,0,40229568,00dff01e,0040,14da,f,1,4881,25
573,573,0,40229568,00dff01e,0040,14da,f,1,4881,1d
574,574,0,40229568,00dff01e,0040,14da,f,1,4881,1d
575,575,0,40229568,00dff01e,0040,14da,f,1,4881,0d
576,576,0,40229568,00dff01e,0040,14da,f,1,4881,25
577,577,0,40229568,00dff01e,0040,14da,f,1,4881,1d
578,578,0,40229568,00dff01e,0040,14da,f,1,4881,1d
579,579,0,40229568,00dff01e,0040,14da,f,1,4881,0d
580,580,0,40229568,00dff01e,0040,14da,f,1,4881,25
581,581,0,40229568,00dff01e,0040,14da,f,0,4881,1d
582,582,0,40229568,00dff01e,0040,14da,f,0,4881,1d
583,583,0,40229568,00dff01e,0040,14da,f,0,4881,0d
584,584,0,40229568,00dff01e,0040,14da,f,0,4881,25
585,585,0,4022956a,00dff01e,0040,14da,f,0,48c1,1d
586,586,0,4022956a,00dff01e,0040,14da,f,0,48c1,1d
587,587,0,4022956a,00dff01e,0040,14da,f,0,48c1,0d
588,588,0,4022956a,00dff01e,0040,14da,f,0,48c1,25
589,589,0,4022956a,00dff01e,0040,14da,f,0,48c1,1d
590,590,0,4022956a,00dff01e,0040,14da,f,0,48c1,1d
591,591,0,4022956a,00dff01e,0040,14da,f,0,48c1,0d
592,592,0,4022956a,00dff01e,0040,14da,f,0,48c1,25
593,593,0,4022956a,00dff01e,0040,14da,f,0,48c1,1d
594,594,0,4022956a,00dff01e,0040,14da,f,0,48c1,1d
595,595,0,4022956a,00dff01e,0040,14da,f,0,48c1,0d
596,596,0,4022956a,00dff01e,0040,14da,f,0,48c1,25
597,597,0,4022956a,00dff01e,0040,14da,f,0,48c1,1d
598,598,0,4022956a,00dff01e,0040,14da,f,0,48c1,1d
599,599,0,4022956a,00dff01e,0040,14da,f,0,48c1,0d
600,600,0,4022956a,00dff01e,0040,14da,f,0,48c1,25
601,601,0,4022956a,00dff01e,0040,14da,f,0,48c1,1d
602,602,0,4022956a,00dff01e,0040,14da,f,0,48c1,1d
603,603,0,4022956a,00dff01e,0040,14da,f,0,48c1,0d
604,604,0,4022956a,00dff01e,0040,14da,f,0,48c1,25
605,605,0,4022956c,00dff01e,0040,14da,f,0,2028,1d
606,606,0,4022956c,00dff01e,0040,14da,f,0,2028,1d
607,607,0,4022956c,00dff01e,0040,14da,f,0,2028,0d
608,608,0,4022956c,00dff01e,0040,14da,f,0,2028,25
609,609,0,4022956c,00dff01e,0040,14da,f,1,2028,1d
610,610,0,4022956c,00dff01e,0040,14da,f,1,2028,1d
611,611,0,4022956c,00dff01e,0040,14da,f,1,2028,0d
612,612,0,4022956c,00dff01e,0040,14da,f,1,2028,25
613,613,0,4022956c,00dff01e,0040,14da,f,1,2028,1d
614,614,0,4022956c,00dff01e,0040,14da,f,1,2028,1d
615,615,0,4022956c,00dff01e,0040,14da,f,1,2028,0d
616,616,0,4022956c,00dff01e,0040,14da,f,1,2028,25
617,617,0,4022956c,00dff01e,0040,14da,f,1,2028,1d
618,618,0,4022956c,00dff01e,0040,14da,f,1,2028,1d
619,619,0,4022956c,00dff01e,0040,14da,f,1,2028,0d
620,620,0,4022956c,00dff01e,0040,14da,f,1,2028,25
621,621,0,4022956e,00dff01e,0040,14da,f,0,2028,1d
622,622,0,4022956e,00dff01e,0040,14da,f,0,2028,1d
623,623,0,4022956e,00dff01e,0040,14da,f,0,2028,0d
624,624,0,4022956e,00dff01e,0040,14da,f,0,2028,25
625,625,0,4022956e,00dff01e,0040,14da,f,0,2028,1d
626,626,0,4022956e,00dff01e,0040,14da,f,0,2028,1d
627,627,0,4022956e,00dff01e,0040,14da,f,0,2028,0d
628,628,0,4022956e,00dff01e,0040,14da,f,0,2028,25
629,629,0,4022956e,00dff01e,0040,14da,f,0,2028,1d
630,630,0,4022956e,00dff01e,0040,14da,f,0,2028,1d
631,631,0,4022956e,00dff01e,0040,14da,f,0,2028,0d
632,632,0,4022956e,00dff01e,0040,14da,f,0,2028,25
633,633,0,4022956e,00dff01e,0040,14da,f,1,2028,1d
634,634,0,4022956e,00dff01e,0040,14da,f,1,2028,1d
635,635,0,4022956e,00dff01e,0040,14da,f,1,2028,0d
636,636,0,4022956e,00dff01e,0040,14da,f,1,2028,25
637,637,0,4022956e,00dff01e,0040,14da,f,1,2028,1d
638,638,0,4022956e,00dff01e,0040,14da,f,1,2028,1d
639,639,0,4022956e,00dff01e,0040,14da,f,1,2028,0d
640,640,0,4022956e,00dff01e,0040,14da,f,1,2028,25
641,641,0,4022956e,00dff01e,0040,14da,f,1,2028,1d
642,642,0,4022956e,00dff01e,0040,14da,f,1,2028,1d
643,643,0,4022956e,00dff01e,0040,14da,f,1,2028,0d
644,644,0,4022956e,00dff01e,0040,14da,f,1,2028,25
645,645,0,4022956e,00dff01e,0040,14da,f,0,2028,1d
646,646,0,4022956e,00dff01e,0040,14da,f,0,2028,1d
647,647,0,4022956e,00dff01e,0040,14da,f,0,2028,0d
648,648,0,4022956e,00dff01e,0040,14da,f,0,2028,25
649,649,0,4022956e,00dff01e,0040,14da,f,0,2028,1d
650,650,0,4022956e,00dff01e,0040,14da,f,0,2028,1d
651,651,0,4022956e,00dff01e,0040,14da,f,0,2028,0d
652,652,0,4022956e,00dff01e,0040,14da,f,0,2028,25
653,653,0,4022956e,00dff01e,0040,14da,f,0,2028,1d
654,654,0,4022956e,00dff01e,0040,14da,f,0,2028,1d
655,655,0,4022956e,00dff01e,0040,14da,f,0,2028,0d
656,656,0,4022956e,00dff01e,0040,14da,f,0,2028,25
657,657,0,40229570,00dff01e,0040,14da,f,0,223c,1d
658,658,0,40229570,00dff01e,0040,14da,f,0,223c,1d
659,659,0,40229570,00dff01e,0040,14da,f,0,223c,0d
660,660,0,40229570,00dff01e,0040,14da,f,0,223c,25
661,661,0,40229570,00dff01e,0040,14da,f,1,223c,1d
662,662,0,40229570,00dff01e,0040,14da,f,1,223c,1d
663,663,0,40229570,00dff01e,0040,14da,f,1,223c,0d
664,664,0,40229570,00dff01e,0040,14da,f,1,223c,25
665,665,0,40229574,00dff01e,0040,14da,f,1,223c,1d
666,666,0,40229574,00dff01e,0040,14da,f,1,223c,1d
667,667,0,40229574,00dff01e,0040,14da,f,1,223c,0d
668,668,0,40229574,00dff01e,0040,14da,f,1,223c,25
669,669,0,40229574,00dff01e,0040,14da,f,1,223c,1d
670,670,0,40229574,00dff01e,0040,14da,f,1,223c,1d
671,671,0,40229574,00dff01e,0040,14da,f,1,223c,0d
672,672,0,40229574,00dff01e,0040,14da,f,1,223c,25
673,673,0,40229574,00dff01e,0040,14da,f,0,223c,1d
674,674,0,40229574,00dff01e,0040,14da,f,0,223c,1d
675,675,0,40229574,00dff01e,0040,14da,f,0,223c,0d
676,676,0,40229574,00dff01e,0040,14da,f,0,223c,25
677,677,0,40229574,00dff01e,0040,14da,f,1,223c,1d
678,678,0,40229574,00dff01e,0040,14da,f,1,223c,1d
679,679,0,40229574,00dff01e,0040,14da,f,1,223c,0d
680,680,0,40229574,00dff01e,0040,14da,f,1,223c,25
681,681,0,40229576,00dff01e,0040,14da,f,1,2028,1d
682,682,0,40229576,00dff01e,0040,14da,f,1,2028,1d
683,683,0,40229576,00dff01e,0040,14da,f,1,2028,0d
684,684,0,40229576,00dff01e,0040,14da,f,1,2028,25
685,685,0,40229576,00dff01e,0040,14da,f,1,2028,1d
686,686,0,40229576,00dff01e,0040,14da,f,1,2028,1d
687,687,0,40229576,00dff01e,0040,14da,f,1,2028,0d
688,688,0,40229576,00dff01e,0040,14da,f,1,2028,25
689,689,0,40229576,00dff01e,0040,14da,f,0,2028,1d
690,690,0,40229576,00dff01e,0040,14da,f,0,2028,1d
691,691,0,40229576,00dff01e,0040,14da,f,0,2028,0d
692,692,0,40229576,00dff01e,0040,14da,f,0,2028,25
693,693,0,40229576,00dff01e,0040,14da,f,0,2028,1d
694,694,0,40229576,00dff01e,0040,14da,f,0,2028,1d
695,695,0,40229576,00dff01e,0040,14da,f,0,2028,0d
696,696,0,40229576,00dff01e,0040,14da,f,0,2028,25
697,697,0,40229578,00dff01e,0040,14da,f,0,2028,1d
698,698,0,40229578,00dff01e,0040,14da,f,0,2028,1d
699,699,0,40229578,00dff01e,0040,14da,f,0,2028,0d
700,700,0,40229578,00dff01e,0040,14da,f,0,2028,25
701,701,0,40229578,00dff01e,0040,14da,f,0,2028,1d
702,702,0,40229578,00dff01e,0040,14da,f,0,2028,1d
703,703,0,40229578,00dff01e,0040,14da,f,0,2028,0d
704,704,0,40229578,00dff01e,0040,14da,f,0,2028,25
705,705,0,40229578,00dff01e,0040,14da,f,0,2028,1d
706,706,0,40229578,00dff01e,0040,14da,f,0,2028,1d
707,707,0,40229578,00dff01e,0040,14da,f,0,2028,0d
708,708,0,40229578,00dff01e,0040,14da,f,0,2028,25
709,709,0,40229578,00dff01e,0040,14da,f,1,2028,1d
710,710,0,40229578,00dff01e,0040,14da,f,1,2028,1d
711,711,0,40229578,00dff01e,0040,14da,f,1,2028,0d
712,712,0,40229578,00dff01e,0040,14da,f,1,2028,25
713,713,0,40229578,00dff01e,0040,14da,f,1,2028,1d
714,714,0,40229578,00dff01e,0040,14da,f,1,2028,1d
715,715,0,40229578,00dff01e,0040,14da,f,1,2028,0d
716,716,0,40229578,00dff01e,0040,14da,f,1,2028,25
717,717,0,40229578,00dff01e,0040,14da,f,1,2028,1d
718,718,0,40229578,00dff01e,0040,14da,f,1,2028,1d
719,719,0,40229578,00dff01e,0040,14da,f,1,2028,0d
720,720,0,40229578,00dff01e,0040,14da,f,1,2028,25
721,721,0,40229578,00dff01e,0040,14da,f,0,2028,1d
722,722,0,40229578,00dff01e,0040,14da,f,0,2028,1d
723,723,0,40229578,00dff01e,0040,14da,f,0,2028,0d
724,724,0,40229578,00dff01e,0040,14da,f,0,2028,25
725,725,0,40229578,00dff01e,0040,14da,f,1,2028,1d
726,726,0,40229578,00dff01e,0040,14da,f,1,2028,1d
727,727,0,40229578,00dff01e,0040,14da,f,1,2028,0d
728,728,0,40229578,00dff01e,0040,14da,f,1,2028,25
729,729,0,40229578,00dff01e,0040,14da,f,1,2028,1d
730,730,0,40229578,00dff01e,0040,14da,f,1,2028,1d
731,731,0,40229578,00dff01e,0040,14da,f,1,2028,0d
732,732,0,40229578,00dff01e,0040,14da,f,1,2028,25
733,733,0,4022957a,00dff01e,0040,14da,f,1,4841,1d
734,734,0,4022957a,00dff01e,0040,14da,f,1,4841,1d
735,735,0,4022957a,00dff01e,0040,14da,f,1,4841,0d
736,736,0,4022957a,00dff01e,0040,14da,f,1,4841,25
737,737,0,4022957a,00dff01e,0040,14da,f,0,4841,1d
738,738,0,4022957a,00dff01e,0040,14da,f,0,4841,1d
739,739,0,4022957a,00dff01e,0040,14da,f,0,4841,0d
740,740,0,4022957a,00dff01e,0040,14da,f,0,4841,25
741,741,0,4022957a,00dff01e,0040,14da,f,0,4841,1d
742,742,0,4022957a,00dff01e,0040,14da,f,0,4841,1d
743,743,0,4022957a,00dff01e,0040,14da,f,0,4841,0d
744,744,0,4022957a,00dff01e,0040,14da,f,0,4841,25
745,745,0,4022957a,00dff01e,0040,14da,f,0,4841,1d
746,746,0,4022957a,00dff01e,0040,14da,f,0,4841,1d
747,747,0,4022957a,00dff01e,0040,14da,f,0,4841,0d
748,748,0,4022957a,00dff01e,0040,14da,f,0,4841,25
749,749,0,4022957a,00dff01e,0040,14da,f,0,4841,1d
750,750,0,4022957a,00dff01e,0040,14da,f,0,4841,1d
751,751,0,4022957a,00dff01e,0040,14da,f,0,4841,0d
752,752,0,4022957a,00dff01e,0040,14da,f,0,4841,25
753,753,0,4022957c,00dff01e,0040,14da,f,0,6100,1d
754,754,0,4022957c,00dff01e,0040,14da,f,0,6100,1d
755,755,0,4022957c,00dff01e,0040,14da,f,0,6100,0d
756,756,0,4022957c,00dff01e,0040,14da,f,0,6100,25
757,757,0,4022957c,00dff01e,0040,14da,f,1,6100,1d
758,758,0,4022957c,00dff01e,0040,14da,f,1,6100,1d
759,759,0,4022957c,00dff01e,0040,14da,f,1,6100,0d
760,760,0,4022957c,00dff01e,0040,14da,f,1,6100,25
761,761,0,4022957e,00dff01e,0040,14da,f,1,6100,1d
762,762,0,4022957e,00dff01e,0040,14da,f,1,6100,1d
763,763,0,4022957e,00dff01e,0040,14da,f,1,6100,0d
764,764,0,4022957e,00dff01e,0040,14da,f,1,6100,25
765,765,0,4022957e,00dff01e,0040,14da,f,1,6100,1d
766,766,0,4022957e,00dff01e,0040,14da,f,1,6100,1d
767,767,0,4022957e,00dff01e,0040,14da,f,1,6100,0d
768,768,0,4022957e,00dff01e,0040,14da,f,1,6100,25
769,769,0,4022957e,00dff01e,0040,14da,f,0,6100,1d
770,770,0,4022957e,00dff01e,0040,14da,f,0,6100,1d
771,771,0,4022957e,00dff01e,0040,14da,f,0,6100,0d
772,772,0,4022957e,00dff01e,0040,14da,f,0,6100,25
773,773,0,4022957e,00dff01e,0040,14da,f,1,6100,1d
774,774,0,4022957e,00dff01e,0040,14da,f,1,6100,1d
775,775,0,4022957e,00dff01e,0040,14da,f,1,6100,0d
776,776,0,4022957e,00dff01e,0040,14da,f,1,6100,25
777,777,0,4022957e,00dff01e,0040,14da,f,1,6100,1d
778,778,0,4022957e,00dff01e,0040,14da,f,1,6100,1d
779,779,0,4022957e,00dff01e,0040,14da,f,1,6100,0d
780,780,0,4022957e,00dff01e,0040,14da,f,1,6100,25
781,781,0,4022957e,00dff01e,0040,14da,f,0,6100,1f
782,782,0,4022957e,00dff01e,0040,14da,f,0,6100,1f
783,783,0,4022957e,00dff01e,0040,14da,f,0,6100,0f
784,784,0,4022957e,00dff01e,0040,14da,f,0,6100,03
785,785,0,4022957e,00dff01e,0040,14da,f,0,6100,03
786,786,0,4022957e,00dff01e,0040,14da,f,0,6100,03
787,787,0,4022957e,00dff01e,0040,14da,f,0,6100,03
788,788,0,4022957e,00dff01e,0040,14da,f,0,6100,23
789,789,0,4022958e,00dff01e,0040,14da,f,1,6100,1d
790,790,0,4022958e,00dff01e,0040,14da,f,1,6100,1d
791,791,0,4022958e,00dff01e,0040,14da,f,1,6100,0d
792,792,0,4022958e,00dff01e,0040,14da,f,1,6100,25
793,793,0,4022958e,00dff01e,0040,14da,f,1,6100,1f
794,794,0,4022958e,00dff01e,0040,14da,f,1,6100,1f
795,795,0,4022958e,00dff01e,0040,14da,f,1,6100,0f
796,796,0,4022958e,00dff01e,0040,14da,f,1,6100,03
797,797,0,4022958e,00dff01e,0040,14da,f,1,6100,03
798,798,0,4022958e,00dff01e,0040,14da,f,1,6100,03
799,799,0,4022958e,00dff01e,0040,14da,f,1,6100,03
800,800,0,4022958e,00dff01e,0040,14da,f,1,6100,03
801,801,0,4022958e,00dff01e,0040,14da,f,1,6100,03
802,802,0,4022958e,00dff01e,0040,14da,f,1,6100,03
803,803,0,4022958e,00dff01e,0040,14da,f,1,6100,03
804,804,0,4022958e,00dff01e,0040,14da,f,1,6100,23
805,805,0,4022958e,00dff01e,0040,14da,f,1,6100,1d
806,806,0,4022958e,00dff01e,0040,14da,f,1,6100,1d
807,807,0,4022958e,00dff01e,0040,14da,f,1,6100,0d
808,808,0,4022958e,00dff01e,0040,14da,f,1,6100,25
809,809,0,40229590,00dff01e,0040,14da,f,0,4e75,1d
810,810,0,40229590,00dff01e,0040,14da,f,0,4e75,1d
811,811,0,40229590,00dff01e,0040,14da,f,0,4e75,0d
812,812,0,40229590,00dff01e,0040,14da,f,0,4e75,25
813,813,0,40229590,00dff01e,0040,14da,f,1,4e75,1d
814,814,0,40229590,00dff01e,0040,14da,f,1,4e75,1d
815,815,0,40229590,00dff01e,0040,14da,f,1,4e75,0d
816,816,0,40229590,00dff01e,0040,14da,f,1,4e75,25
817,817,0,40229590,00dff01e,0040,14da,f,1,4e75,1d
818,818,0,40229590,00dff01e,0040,14da,f,1,4e75,1d
819,819,0,40229590,00dff01e,0040,14da,f,1,4e75,0d
820,820,0,40229590,00dff01e,0040,14da,f,1,4e75,25
821,821,0,40229590,00dff01e,0040,14da,f,1,4e75,1d
822,822,0,40229590,00dff01e,0040,14da,f,1,4e75,1d
823,823,0,40229590,00dff01e,0040,14da,f,1,4e75,0d
824,824,0,40229590,00dff01e,0040,14da,f,1,4e75,25
825,825,0,40229590,00dff01e,0040,14da,f,0,4e75,1d
826,826,0,40229590,00dff01e,0040,14da,f,0,4e75,1d
827,827,0,40229590,00dff01e,0040,14da,f,0,4e75,0d
828,828,0,40229590,00dff01e,0040,14da,f,0,4e75,25
829,829,0,40229590,00dff01e,0040,14da,f,1,4e75,1d
830,830,0,40229590,00dff01e,0040,14da,f,1,4e75,1d
831,831,0,40229590,00dff01e,0040,14da,f,1,4e75,0d
832,832,0,40229590,00dff01e,0040,14da,f,1,4e75,25
833,833,0,40229590,00dff01e,0040,14da,f,1,4e75,1d
834,834,0,40229590,00dff01e,0040,14da,f,1,4e75,1d
835,835,0,40229590,00dff01e,0040,14da,f,1,4e75,0d
836,836,0,40229590,00dff01e,0040,14da,f,1,4e75,25
837,837,0,40229590,00dff01e,0040,14da,f,1,4e75,1d
838,838,0,40229590,00dff01e,0040,14da,f,1,4e75,1d
839,839,0,40229590,00dff01e,0040,14da,f,1,4e75,0d
840,840,0,40229590,00dff01e,0040,14da,f,1,4e75,25
841,841,0,40229590,00dff01e,0040,14da,f,0,4e75,1d
842,842,0,40229590,00dff01e,0040,14da,f,0,4e75,1d
843,843,0,40229590,00dff01e,0040,14da,f,0,4e75,0d
844,844,0,40229590,00dff01e,0040,14da,f,0,4e75,25
845,845,0,4022957e,00dff01e,0040,14da,f,1,4e75,1d
846,846,0,4022957e,00dff01e,0040,14da,f,1,4e75,1d
847,847,0,4022957e,00dff01e,0040,14da,f,1,4e75,0d
848,848,0,4022957e,00dff01e,0040,14da,f,1,4e75,25
849,849,0,4022957e,00dff01e,0040,14da,f,1,4e75,1d
850,850,0,4022957e,00dff01e,0040,14da,f,1,4e75,1d
851,851,0,4022957e,00dff01e,0040,14da,f,1,4e75,0d
852,852,0,4022957e,00dff01e,0040,14da,f,1,4e75,25
853,853,0,4022957e,00dff01e,0040,14da,f,1,4e75,1d
854,854,0,4022957e,00dff01e,0040,14da,f,1,4e75,1d
855,855,0,4022957e,00dff01e,0040,14da,f,1,4e75,0d
856,856,0,4022957e,00dff01e,0040,14da,f,1,4e75,25
857,857,0,40229580,00dff01e,0040,14da,f,0,c141,1d
858,858,0,40229580,00dff01e,0040,14da,f,0,c141,1d
859,859,0,40229580,00dff01e,0040,14da,f,0,c141,0d
860,860,0,40229580,00dff01e,0040,14da,f,0,c141,25
861,861,0,40229580,00dff01e,0040,14da,f,1,c141,1d
862,862,0,40229580,00dff01e,0040,14da,f,1,c141,1d
863,863,0,40229580,00dff01e,0040,14da,f,1,c141,0d
864,864,0,40229580,00dff01e,0040,14da,f,1,c141,25
865,865,0,40229580,00dff01e,0040,14da,f,1,c141,1d
866,866,0,40229580,00dff01e,0040,14da,f,1,c141,1d
867,867,0,40229580,00dff01e,0040,14da,f,1,c141,0d
868,868,0,40229580,00dff01e,0040,14da,f,1,c141,25
869,869,0,40229580,00dff01e,0040,14da,f,1,c141,1d
870,870,0,40229580,00dff01e,0040,14da,f,1,c141,1d
871,871,0,40229580,00dff01e,0040,14da,f,1,c141,0d
872,872,0,40229580,00dff01e,0040,14da,f,1,c141,25
873,873,0,40229582,00dff01e,0040,14da,f,0,4281,1d
874,874,0,40229582,00dff01e,0040,14da,f,0,4281,1d
875,875,0,40229582,00dff01e,0040,14da,f,0,4281,0d
876,876,0,40229582,00dff01e,0040,14da,f,0,4281,25
877,877,0,40229582,00dff01e,0040,14da,f,1,4281,1d
878,878,0,40229582,00dff01e,0040,14da,f,1,4281,1d
879,879,0,40229582,00dff01e,0040,14da,f,1,4281,0d
880,880,0,40229582,00dff01e,0040,14da,f,1,4281,25
881,881,0,40229582,00dff01e,0040,14da,f,1,4281,1d
882,882,0,40229582,00dff01e,0040,14da,f,1,4281,1d
883,883,0,40229582,00dff01e,0040,14da,f,1,4281,0d
884,884,0,40229582,00dff01e,0040,14da,f,1,4281,25
885,885,0,40229582,00dff01e,0040,14da,f,1,4281,1d
886,886,0,40229582,00dff01e,0040,14da,f,1,4281,1d
887,887,0,40229582,00dff01e,0040,14da,f,1,4281,0d
888,888,0,40229582,00dff01e,0040,14da,f,1,4281,25
889,889,0,40229582,00dff01e,0040,14da,f,0,4281,1d
890,890,0,40229582,00dff01e,0040,14da,f,0,4281,1d
891,891,0,40229582,00dff01e,0040,14da,f,0,4281,0d
892,892,0,40229582,00dff01e,0040,14da,f,0,4281,25
893,893,0,40229584,00dff01e,0040,14da,f,1,4480,1d
894,894,0,40229584,00dff01e,0040,14da,f,1,4480,1d
895,895,0,40229584,00dff01e,0040,14da,f,1,4480,0d
896,896,0,40229584,00dff01e,0040,14da,f,1,4480,25
897,897,0,40229584,00dff01e,0040,14da,f,1,4480,1d
898,898,0,40229584,00dff01e,0040,14da,f,1,4480,1d
899,899,0,40229584,00dff01e,0040,14da,f,1,4480,0d
900,900,0,40229584,00dff01e,0040,14da,f,1,4480,25
901,901,0,40229584,00dff01e,0040,14da,f,1,4480,1d
902,902,0,40229584,00dff01e,0040,14da,f,1,4480,1d
903,903,0,40229584,00dff01e,0040,14da,f,1,4480,0d
904,904,0,40229584,00dff01e,0040,14da,f,1,4480,25
905,905,0,40229584,00dff01e,0040,14da,f,0,4480,1d
906,906,0,40229584,00dff01e,0040,14da,f,0,4480,1d
907,907,0,40229584,00dff01e,0040,14da,f,0,4480,0d
908,908,0,40229584,00dff01e,0040,14da,f,0,4480,25
909,909,0,40229584,00dff01e,0040,14da,f,1,4480,1d
910,910,0,40229584,00dff01e,0040,14da,f,1,4480,1d
911,911,0,40229584,00dff01e,0040,14da,f,1,4480,0d
912,912,0,40229584,00dff01e,0040,14da,f,1,4480,25
913,913,0,40229586,00dff01e,0040,14da,f,1,6000,1d
914,914,0,40229586,00dff01e,0040,14da,f,1,6000,1d
915,915,0,40229586,00dff01e,0040,14da,f,1,6000,0d
916,916,0,40229586,00dff01e,0040,14da,f,1,6000,25
917,917,0,40229586,00dff01e,0040,14da,f,1,6000,1d
918,918,0,40229586,00dff01e,0040,14da,f,1,6000,1d
919,919,0,40229586,00dff01e,0040,14da,f,1,6000,0d
920,920,0,40229586,00dff01e,0040,14da,f,1,6000,25
921,921,0,40229588,00dff01e,0040,14da,f,0,6000,1d
922,922,0,40229588,00dff01e,0040,14da,f,0,6000,1d
923,923,0,40229588,00dff01e,0040,14da,f,0,6000,0d
924,924,0,40229588,00dff01e,0040,14da,f,0,6000,25
925,925,0,4022958a,00dff01e,0040,14da,f,1,6000,1d
926,926,0,4022958a,00dff01e,0040,14da,f,1,6000,1d
927,927,0,4022958a,00dff01e,0040,14da,f,1,6000,0d
928,928,0,4022958a,00dff01e,0040,14da,f,1,6000,25
929,929,0,4022958a,00dff01e,0040,14da,f,1,6000,1d
930,930,0,4022958a,00dff01e,0040,14da,f,1,6000,1d
931,931,0,4022958a,00dff01e,0040,14da,f,1,6000,0d
932,932,0,4022958a,00dff01e,0040,14da,f,1,6000,25
933,933,0,4022958a,00dff01e,0040,14da,f,1,6000,1d
934,934,0,4022958a,00dff01e,0040,14da,f,1,6000,1d
935,935,0,4022958a,00dff01e,0040,14da,f,1,6000,0d
936,936,0,4022958a,00dff01e,0040,14da,f,1,6000,25
937,937,0,4022958c,00dff01e,0040,14da,f,0,323c,1d
938,938,0,4022958c,00dff01e,0040,14da,f,0,323c,1d
939,939,0,4022958c,00dff01e,0040,14da,f,0,323c,0d
940,940,0,4022958c,00dff01e,0040,14da,f,0,323c,25
941,941,0,4022958c,00dff01e,0040,14da,f,1,323c,1d
942,942,0,4022958c,00dff01e,0040,14da,f,1,323c,1d
943,943,0,4022958c,00dff01e,0040,14da,f,1,323c,0d
944,944,0,4022958c,00dff01e,0040,14da,f,1,323c,25
945,945,0,4022958c,00dff01e,0040,14da,f,1,323c,1d
946,946,0,4022958c,00dff01e,0040,14da,f,1,323c,1d
947,947,0,4022958c,00dff01e,0040,14da,f,1,323c,0d
948,948,0,4022958c,00dff01e,0040,14da,f,1,323c,25
949,949,0,4022958c,00dff01e,0040,14da,f,1,323c,1d
950,950,0,4022958c,00dff01e,0040,14da,f,1,323c,1d
951,951,0,4022958c,00dff01e,0040,14da,f,1,323c,0d
952,952,0,4022958c,00dff01e,0040,14da,f,1,323c,25
953,953,0,4022958e,00dff01e,0040,14da,f,0,323c,1d
954,954,0,4022958e,00dff01e,0040,14da,f,0,323c,1d
955,955,0,4022958e,00dff01e,0040,14da,f,0,323c,0d
956,956,0,4022958e,00dff01e,0040,14da,f,0,323c,25
957,957,0,4022958e,00dff01e,0040,14da,f,1,323c,1d
958,958,0,4022958e,00dff01e,0040,14da,f,1,323c,1d
959,959,0,4022958e,00dff01e,0040,14da,f,1,323c,0d
960,960,0,4022958e,00dff01e,0040,14da,f,1,323c,25
961,961,0,4022958e,00dff01e,0040,14da,f,1,323c,1d
962,962,0,4022958e,00dff01e,0040,14da,f,1,323c,1d
963,963,0,4022958e,00dff01e,0040,14da,f,1,323c,0d
964,964,0,4022958e,00dff01e,0040,14da,f,1,323c,25
965,965,0,4022958e,00dff01e,0040,14da,f,1,323c,1d
966,966,0,4022958e,00dff01e,0040,14da,f,1,323c,1d
967,967,0,4022958e,00dff01e,0040,14da,f,1,323c,0d
968,968,0,4022958e,00dff01e,0040,14da,f,1,323c,25
969,969,0,40229590,00dff01e,0040,14da,f,0,4e75,1d
970,970,0,40229590,00dff01e,0040,14da,f,0,4e75,1d
971,971,0,40229590,00dff01e,0040,14da,f,0,4e75,0d
972,972,0,40229590,00dff01e,0040,14da,f,0,4e75,25
973,973,0,40229590,00dff01e,0040,14da,f,1,4e75,1d
974,974,0,40229590,00dff01e,0040,14da,f,1,4e75,1d
975,975,0,40229590,00dff01e,0040,14da,f,1,4e75,0d
976,976,0,40229590,00dff01e,0040,14da,f,1,4e75,25
977,977,0,40229590,00dff01e,0040,14da,f,1,4e75,1d
978,978,0,40229590,00dff01e,0040,14da,f,1,4e75,1d
979,979,0,40229590,00dff01e,0040,14da,f,1,4e75,0d
980,980,0,40229590,00dff01e,0040,14da,f,1,4e75,25
981,981,0,40229590,00dff01e,0040,14da,f,1,4e75,1d
982,982,0,40229590,00dff01e,0040,14da,f,1,4e75,1d
983,983,0,40229590,00dff01e,0040,14da,f,1,4e75,0d
984,984,0,40229590,00dff01e,0040,14da,f,1,4e75,25
985,985,0,40229590,00dff01e,0040,14da,f,0,4e75,1d
986,986,0,40229590,00dff01e,0040,14da,f,0,4e75,1d
987,987,0,40229590,00dff01e,0040,14da,f,0,4e75,0d
988,988,0,40229590,00dff01e,0040,14da,f,0,4e75,25
989,989,0,40229590,00dff01e,0040,14da,f,1,4e75,1d
990,990,0,40229590,00dff01e,0040,14da,f,1,4e75,1d
991,991,0,40229590,00dff01e,0040,14da,f,1,4e75,0d
992,992,0,40229590,00dff01e,0040,14da,f,1,4e75,25
993,993,0,40229590,00dff01e,0040,14da,f,1,4e75,1d
994,994,0,40229590,00dff01e,0040,14da,f,1,4e75,1d
995,995,0,40229590,00dff01e,0040,14da,f,1,4e75,0d
996,996,0,40229590,00dff01e,0040,14da,f,1,4e75,25
997,997,0,40229590,00dff01e,0040,14da,f,1,4e75,1d
998,998,0,40229590,00dff01e,0040,14da,f,1,4e75,1d
999,999,0,40229590,00dff01e,0040,14da,f,1,4e75,0d
1000,1000,0,40229590,00dff01e,0040,14da,f,1,4e75,25
1001,1001,0,40229590,00dff01e,0040,14da,f,0,4e75,1d
1002,1002,0,40229590,00dff01e,0040,14da,f,0,4e75,1d
1003,1003,0,40229590,00dff01e,0040,14da,f,0,4e75,0d
1004,1004,0,40229590,00dff01e,0040,14da,f,0,4e75,25
1005,1005,0,4022932a,00dff01e,0040,14da,f,1,4e75,1d
1006,1006,0,4022932a,00dff01e,0040,14da,f,1,4e75,1d
1007,1007,0,4022932a,00dff01e,0040,14da,f,1,4e75,0d
1008,1008,0,4022932a,00dff01e,0040,14da,f,1,4e75,25
1009,1009,0,4022932a,00dff01e,0040,14da,f,1,4e75,1d
1010,1010,0,4022932a,00dff01e,0040,14da,f,1,4e75,1d
1011,1011,0,4022932a,00dff01e,0040,14da,f,1,4e75,0d
1012,1012,0,4022932a,00dff01e,0040,14da,f,1,4e75,25
1013,1013,0,4022932a,00dff01e,0040,14da,f,1,4e75,1d
1014,1014,0,4022932a,00dff01e,0040,14da,f,1,4e75,1d
1015,1015,0,4022932a,00dff01e,0040,14da,f,1,4e75,0d
1016,1016,0,4022932a,00dff01e,0040,14da,f,1,4e75,25
1017,1017,0,4022932c,00dff01e,0040,14da,f,0,6100,1d
1018,1018,0,4022932c,00dff01e,0040,14da,f,0,6100,1d
1019,1019,0,4022932c,00dff01e,0040,14da,f,0,6100,0d
1020,1020,0,4022932c,00dff01e,0040,14da,f,0,6100,25
1021,1021,0,4022932c,00dff01e,0040,14da,f,1,6100,1d
1022,1022,0,4022932c,00dff01e,0040,14da,f,1,6100,1d
1023,1023,0,4022932c,00dff01e,0040,14da,f,1,6100,0d
1024,1024,0,4022932c,00dff01e,0040,14da,f,1,6100,25
1025,1025,0,4022932c,00dff01e,0040,14da,f,1,6100,1d
1026,1026,0,4022932c,00dff01e,0040,14da,f,1,6100,1d
1027,1027,0,4022932c,00dff01e,0040,14da,f,1,6100,0d
1028,1028,0,4022932c,00dff01e,0040,14da,f,1,6100,25
1029,1029,0,4022932c,00dff01e,0040,14da,f,1,6100,1d
1030,1030,0,4022932c,00dff01e,0040,14da,f,1,6100,1d
1031,1031,0,4022932c,00dff01e,0040,14da,f,1,6100,0d
1032,1032,0,4022932c,00dff01e,0040,14da,f,1,6100,25
1033,1033,0,4022932e,00dff01e,0040,14da,f,0,6100,1d
1034,1034,0,4022932e,00dff01e,0040,14da,f,0,6100,1d
1035,1035,0,4022932e,00dff01e,0040,14da,f,0,6100,0d
1036,1036,0,4022932e,00dff01e,0040,14da,f,0,6100,25
1037,1037,0,4022932e,00dff01e,0040,14da,f,1,6100,1d
1038,1038,0,4022932e,00dff01e,0040,14da,f,1,6100,1d
1039,1039,0,4022932e,00dff01e,0040,14da,f,1,6100,0d
1040,1040,0,4022932e,00dff01e,0040,14da,f,1,6100,25
1041,1041,0,4022932e,00dff01e,0040,14da,f,1,6100,1d
1042,1042,0,4022932e,00dff01e,0040,14da,f,1,6100,1d
1043,1043,0,4022932e,00dff01e,0040,14da,f,1,6100,0d
1044,1044,0,4022932e,00dff01e,0040,14da,f,1,6100,25
1045,1045,0,4022932e,00dff01e,0040,14da,f,1,6100,1d
1046,1046,0,4022932e,00dff01e,0040,14da,f,1,6100,1d
1047,1047,0,4022932e,00dff01e,0040,14da,f,1,6100,0d
1048,1048,0,4022932e,00dff01e,0040,14da,f,1,6100,25
1049,1049,0,4022932e,00dff01e,0040,14da,f,0,6100,1d
1050,1050,0,4022932e,00dff01e,0040,14da,f,0,6100,1d
1051,1051,0,4022932e,00dff01e,0040,14da,f,0,6100,0d
1052,1052,0,4022932e,00dff01e,0040,14da,f,0,6100,25
1053,1053,0,4022932e,00dff01e,0040,14da,f,1,6100,1d
1054,1054,0,4022932e,00dff01e,0040,14da,f,1,6100,1d
1055,1055,0,4022932e,00dff01e,0040,14da,f,1,6100,0d
1056,1056,0,4022932e,00dff01e,0040,14da,f,1,6100,25
1057,1057,0,4022932e,00dff01e,0040,14da,f,1,6100,1d
1058,1058,0,4022932e,00dff01e,0040,14da,f,1,6100,1d
1059,1059,0,4022932e,00dff01e,0040,14da,f,1,6100,0d
1060,1060,0,4022932e,00dff01e,0040,14da,f,1,6100,25
1061,1061,0,4022932e,00dff01e,0040,14da,f,0,6100,1f
1062,1062,0,4022932e,00dff01e,0040,14da,f,0,6100,1f
1063,1063,0,4022932e,00dff01e,0040,14da,f,0,6100,0f
1064,1064,0,4022932e,00dff01e,0040,14da,f,0,6100,03
1065,1065,0,4022932e,00dff01e,0040,14da,f,0,6100,03
1066,1066,0,4022932e,00dff01e,0040,14da,f,0,6100,03
1067,1067,0,4022932e,00dff01e,0040,14da,f,0,6100,03
1068,1068,0,4022932e,00dff01e,0040,14da,f,0,6100,23
1069,1069,0,402293a4,00dff01e,0040,14da,f,1,6100,1d
1070,1070,0,402293a4,00dff01e,0040,14da,f,1,6100,1d
1071,1071,0,402293a4,00dff01e,0040,14da,f,1,6100,0d
1072,1072,0,402293a4,00dff01e,0040,14da,f,1,6100,25
1073,1073,0,402293a4,00dff01e,0040,14da,f,1,6100,1f
1074,1074,0,402293a4,00dff01e,0040,14da,f,1,6100,1f
1075,1075,0,402293a4,00dff01e,0040,14da,f,1,6100,0f
1076,1076,0,402293a4,00dff01e,0040,14da,f,1,6100,03
1077,1077,0,402293a4,00dff01e,0040,14da,f,1,6100,03
1078,1078,0,402293a4,00dff01e,0040,14da,f,1,6100,03
1079,1079,0,402293a4,00dff01e,0040,14da,f,1,6100,03
1080,1080,0,402293a4,00dff01e,0040,14da,f,1,6100,03
1081,1081,0,402293a4,00dff01e,0040,14da,f,1,6100,03
1082,1082,0,402293a4,00dff01e,0040,14da,f,1,6100,03
1083,1083,0,402293a4,00dff01e,0040,14da,f,1,6100,03
1084,1084,0,402293a4,00dff01e,0040,14da,f,1,6100,23
1085,1085,0,402293a4,00dff01e,0040,14da,f,1,6100,1d
1086,1086,0,402293a4,00dff01e,0040,14da,f,1,6100,1d
1087,1087,0,402293a4,00dff01e,0040,14da,f,1,6100,0d
1088,1088,0,402293a4,00dff01e,0040,14da,f,1,6100,25
1089,1089,0,402293a6,00dff01e,0040,14da,f,0,d080,1d
1090,1090,0,402293a6,00dff01e,0040,14da,f,0,d080,1d
1091,1091,0,402293a6,00dff01e,0040,14da,f,0,d080,0d
1092,1092,0,402293a6,00dff01e,0040,14da,f,0,d080,25
1093,1093,0,402293a6,00dff01e,0040,14da,f,1,d080,1d
1094,1094,0,402293a6,00dff01e,0040,14da,f,1,d080,1d
1095,1095,0,402293a6,00dff01e,0040,14da,f,1,d080,0d
1096,1096,0,402293a6,00dff01e,0040,14da,f,1,d080,25
1097,1097,0,402293a6,00dff01e,0040,14da,f,1,d080,1d
1098,1098,0,402293a6,00dff01e,0040,14da,f,1,d080,1d
1099,1099,0,402293a6,00dff01e,0040,14da,f,1,d080,0d
1100,1100,0,402293a6,00dff01e,0040,14da,f,1,d080,25
1101,1101,0,402293a6,00dff01e,0040,14da,f,1,d080,1d
1102,1102,0,402293a6,00dff01e,0040,14da,f,1,d080,1d
1103,1103,0,402293a6,00dff01e,0040,14da,f,1,d080,0d
1104,1104,0,402293a6,00dff01e,0040,14da,f,1,d080,25
1105,1105,0,402293a6,00dff01e,0040,14da,f,0,d080,1d
1106,1106,0,402293a6,00dff01e,0040,14da,f,0,d080,1d
1107,1107,0,402293a6,00dff01e,0040,14da,f,0,d080,0d
1108,1108,0,402293a6,00dff01e,0040,14da,f,0,d080,25
1109,1109,0,402293a8,00dff01e,0040,14da,f,1,d281,1d
1110,1110,0,402293a8,00dff01e,0040,14da,f,1,d281,1d
1111,1111,0,402293a8,00dff01e,0040,14da,f,1,d281,0d
1112,1112,0,402293a8,00dff01e,0040,14da,f,1,d281,25
1113,1113,0,402293a8,00dff01e,0040,14da,f,1,d281,1d
1114,1114,0,402293a8,00dff01e,0040,14da,f,1,d281,1d
1115,1115,0,402293a8,00dff01e,0040,14da,f,1,d281,0d
1116,1116,0,402293a8,00dff01e,0040,14da,f,1,d281,25
1117,1117,0,402293a8,00dff01e,0040,14da,f,1,d281,1d
1118,1118,0,402293a8,00dff01e,0040,14da,f,1,d281,1d
1119,1119,0,402293a8,00dff01e,0040,14da,f,1,d281,0d
1120,1120,0,402293a8,00dff01e,0040,14da,f,1,d281,25
1121,1121,0,402293a8,00dff01e,0040,14da,f,0,d281,1d
1122,1122,0,402293a8,00dff01e,0040,14da,f,0,d281,1d
1123,1123,0,402293a8,00dff01e,0040,14da,f,0,d281,0d
1124,1124,0,402293a8,00dff01e,0040,14da,f,0,d281,25
1125,1125,0,402293a8,00dff01e,0040,14da,f,1,d281,1d
1126,1126,0,402293a8,00dff01e,0040,14da,f,1,d281,1d
1127,1127,0,402293a8,00dff01e,0040,14da,f,1,d281,0d
1128,1128,0,402293a8,00dff01e,0040,14da,f,1,d281,25
1129,1129,0,402293aa,00dff01e,0040,14da,f,1,d080,1d
1130,1130,0,402293aa,00dff01e,0040,14da,f,1,d080,1d
1131,1131,0,402293aa,00dff01e,0040,14da,f,1,d080,0d
1132,1132,0,402293aa,00dff01e,0040,14da,f,1,d080,25
1133,1133,0,402293aa,00dff01e,0040,14da,f,1,d080,1d
1134,1134,0,402293aa,00dff01e,0040,14da,f,1,d080,1d
1135,1135,0,402293aa,00dff01e,0040,14da,f,1,d080,0d
1136,1136,0,402293aa,00dff01e,0040,14da,f,1,d080,25
1137,1137,0,402293aa,00dff01e,0040,14da,f,0,d080,1d
1138,1138,0,402293aa,00dff01e,0040,14da,f,0,d080,1d
1139,1139,0,402293aa,00dff01e,0040,14da,f,0,d080,0d
1140,1140,0,402293aa,00dff01e,0040,14da,f,0,d080,25
1141,1141,0,402293aa,00dff01e,0040,14da,f,1,d080,1d
1142,1142,0,402293aa,00dff01e,0040,14da,f,1,d080,1d
1143,1143,0,402293aa,00dff01e,0040,14da,f,1,d080,0d
1144,1144,0,402293aa,00dff01e,0040,14da,f,1,d080,25
1145,1145,0,402293aa,00dff01e,0040,14da,f,1,d080,1d
1146,1146,0,402293aa,00dff01e,0040,14da,f,1,d080,1d
1147,1147,0,402293aa,00dff01e,0040,14da,f,1,d080,0d
1148,1148,0,402293aa,00dff01e,0040,14da,f,1,d080,25
1149,1149,0,402293ac,00dff01e,0040,14da,f,1,d281,1d
1150,1150,0,402293ac,00dff01e,0040,14da,f,1,d281,1d
1151,1151,0,402293ac,00dff01e,0040,14da,f,1,d281,0d
1152,1152,0,402293ac,00dff01e,0040,14da,f,1,d281,25
1153,1153,0,402293ac,00dff01e,0040,14da,f,0,d281,1d
1154,1154,0,402293ac,00dff01e,0040,14da,f,0,d281,1d
1155,1155,0,402293ac,00dff01e,0040,14da,f,0,d281,0d
1156,1156,0,402293ac,00dff01e,0040,14da,f,0,d281,25
1157,1157,0,402293ac,00dff01e,0040,14da,f,1,d281,1d
1158,1158,0,402293ac,00dff01e,0040,14da,f,1,d281,1d
1159,1159,0,402293ac,00dff01e,0040,14da,f,1,d281,0d
1160,1160,0,402293ac,00dff01e,0040,14da,f,1,d281,25
1161,1161,0,402293ac,00dff01e,0040,14da,f,1,d281,1d
1162,1162,0,402293ac,00dff01e,0040,14da,f,1,d281,1d
1163,1163,0,402293ac,00dff01e,0040,14da,f,1,d281,0d
1164,1164,0,402293ac,00dff01e,0040,14da,f,1,d281,25
1165,1165,0,402293ac,00dff01e,0040,14da,f,1,d281,1d
1166,1166,0,402293ac,00dff01e,0040,14da,f,1,d281,1d
1167,1167,0,402293ac,00dff01e,0040,14da,f,1,d281,0d
1168,1168,0,402293ac,00dff01e,0040,14da,f,1,d281,25
1169,1169,0,402293ae,00dff01e,0040,14da,f,0,0680,1d
1170,1170,0,402293ae,00dff01e,0040,14da,f,0,0680,1d
1171,1171,0,402293ae,00dff01e,0040,14da,f,0,0680,0d
1172,1172,0,402293ae,00dff01e,0040,14da,f,0,0680,25
1173,1173,0,402293ae,00dff01e,0040,14da,f,0,0680,1d
1174,1174,0,402293ae,00dff01e,0040,14da,f,0,0680,1d
1175,1175,0,402293ae,00dff01e,0040,14da,f,0,0680,0d
1176,1176,0,402293ae,00dff01e,0040,14da,f,0,0680,25
1177,1177,0,402293b2,00dff01e,0040,14da,f,0,0680,1d
1178,1178,0,402293b2,00dff01e,0040,14da,f,0,0680,1d
1179,1179,0,402293b2,00dff01e,0040,14da,f,0,0680,0d
1180,1180,0,402293b2,00dff01e,0040,14da,f,0,0680,25
1181,1181,0,402293b2,00dff01e,0040,14da,f,1,0680,1d
1182,1182,0,402293b2,00dff01e,0040,14da,f,1,0680,1d
1183,1183,0,402293b2,00dff01e,0040,14da,f,1,0680,0d
1184,1184,0,402293b2,00dff01e,0040,14da,f,1,0680,25
1185,1185,0,402293b2,00dff01e,0040,14da,f,1,0680,1d
1186,1186,0,402293b2,00dff01e,0040,14da,f,1,0680,1d
1187,1187,0,402293b2,00dff01e,0040,14da,f,1,0680,0d
1188,1188,0,402293b2,00dff01e,0040,14da,f,1,0680,25
1189,1189,0,402293b2,00dff01e,0040,14da,f,1,0680,1d
1190,1190,0,402293b2,00dff01e,0040,14da,f,1,0680,1d
1191,1191,0,402293b2,00dff01e,0040,14da,f,1,0680,0d
1192,1192,0,402293b2,00dff01e,0040,14da,f,1,0680,25
1193,1193,0,402293b4,00dff01e,0040,14da,f,0,0481,1d
1194,1194,0,402293b4,00dff01e,0040,14da,f,0,0481,1d
1195,1195,0,402293b4,00dff01e,0040,14da,f,0,0481,0d
1196,1196,0,402293b4,00dff01e,0040,14da,f,0,0481,25
1197,1197,0,402293b4,00dff01e,0040,14da,f,1,0481,1d
1198,1198,0,402293b4,00dff01e,0040,14da,f,1,0481,1d
1199,1199,0,402293b4,00dff01e,0040,14da,f,1,0481,0d
1200,1200,0,402293b4,00dff01e,0040,14da,f,1,0481,25
1201,1201,0,402293b8,00dff01e,0040,14da,f,1,0481,1d
1202,1202,0,402293b8,00dff01e,0040,14da,f,1,0481,1d
1203,1203,0,402293b8,00dff01e,0040,14da,f,1,0481,0d
1204,1204,0,402293b8,00dff01e,0040,14da,f,1,0481,25
1205,1205,0,402293b8,00dff01e,0040,14da,f,1,0481,1d
1206,1206,0,402293b8,00dff01e,0040,14da,f,1,0481,1d
1207,1207,0,402293b8,00dff01e,0040,14da,f,1,0481,0d
1208,1208,0,402293b8,00dff01e,0040,14da,f,1,0481,25
1209,1209,0,402293b8,00dff01e,0040,14da,f,0,0481,1d
1210,1210,0,402293b8,00dff01e,0040,14da,f,0,0481,1d
1211,1211,0,402293b8,00dff01e,0040,14da,f,0,0481,0d
1212,1212,0,402293b8,00dff01e,0040,14da,f,0,0481,25
1213,1213,0,402293b8,00dff01e,0040,14da,f,1,0481,1d
1214,1214,0,402293b8,00dff01e,0040,14da,f,1,0481,1d
1215,1215,0,402293b8,00dff01e,0040,14da,f,1,0481,0d
1216,1216,0,402293b8,00dff01e,0040,14da,f,1,0481,25
1217,1217,0,402293ba,00dff01e,0040,14da,f,1,41f9,1d
1218,1218,0,402293ba,00dff01e,0040,14da,f,1,41f9,1d
1219,1219,0,402293ba,00dff01e,0040,14da,f,1,41f9,0d
1220,1220,0,402293ba,00dff01e,0040,14da,f,1,41f9,25
1221,1221,0,402293ba,00dff01e,0040,14da,f,1,41f9,1d
1222,1222,0,402293ba,00dff01e,0040,14da,f,1,41f9,1d
1223,1223,0,402293ba,00dff01e,0040,14da,f,1,41f9,0d
1224,1224,0,402293ba,00dff01e,0040,14da,f,1,41f9,25
1225,1225,0,402293ba,00dff01e,0040,14da,f,0,41f9,1d
1226,1226,0,402293ba,00dff01e,0040,14da,f,0,41f9,1d
1227,1227,0,402293ba,00dff01e,0040,14da,f,0,41f9,0d
1228,1228,0,402293ba,00dff01e,0040,14da,f,0,41f9,25
1229,1229,0,402293be,00dff01e,0040,14da,f,0,41f9,1d
1230,1230,0,402293be,00dff01e,0040,14da,f,0,41f9,1d
1231,1231,0,402293be,00dff01e,0040,14da,f,0,41f9,0d
1232,1232,0,402293be,00dff01e,0040,14da,f,0,41f9,25
1233,1233,0,402293be,00dff01e,0040,14da,f,0,41f9,1d
1234,1234,0,402293be,00dff01e,0040,14da,f,0,41f9,1d
1235,1235,0,402293be,00dff01e,0040,14da,f,0,41f9,0d
1236,1236,0,402293be,00dff01e,0040,14da,f,0,41f9,25
1237,1237,0,402293be,00dff01e,0040,14da,f,1,41f9,1d
1238,1238,0,402293be,00dff01e,0040,14da,f,1,41f9,1d
1239,1239,0,402293be,00dff01e,0040,14da,f,1,41f9,0d
1240,1240,0,402293be,00dff01e,0040,14da,f,1,41f9,25
1241,1241,0,402293c0,00dff01e,0040,14da,f,1,2028,1d
1242,1242,0,402293c0,00dff01e,0040,14da,f,1,2028,1d
1243,1243,0,402293c0,00dff01e,0040,14da,f,1,2028,0d
1244,1244,0,402293c0,00dff01e,0040,14da,f,1,2028,25
1245,1245,0,402293c0,00dff01e,0040,14da,f,1,2028,1d
1246,1246,0,402293c0,00dff01e,0040,14da,f,1,2028,1d
1247,1247,0,402293c0,00dff01e,0040,14da,f,1,2028,0d
1248,1248,0,402293c0,00dff01e,0040,14da,f,1,2028,25
1249,1249,0,402293c0,00dff01e,0040,14da,f,0,2028,1d
1250,1250,0,402293c0,00dff01e,0040,14da,f,0,2028,1d
1251,1251,0,402293c0,00dff01e,0040,14da,f,0,2028,0d
1252,1252,0,402293c0,00dff01e,0040,14da,f,0,2028,25
1253,1253,0,402293c0,00dff01e,0040,14da,f,0,2028,1d
1254,1254,0,402293c0,00dff01e,0040,14da,f,0,2028,1d
1255,1255,0,402293c0,00dff01e,0040,14da,f,0,2028,0d
1256,1256,0,402293c0,00dff01e,0040,14da,f,0,2028,25
1257,1257,0,402293c2,00dff01e,0040,14da,f,1,2028,1d
1258,1258,0,402293c2,00dff01e,0040,14da,f,1,2028,1d
1259,1259,0,402293c2,00dff01e,0040,14da,f,1,2028,0d
1260,1260,0,402293c2,00dff01e,0040,14da,f,1,2028,25
1261,1261,0,402293c2,00dff01e,0040,14da,f,1,2028,1d
1262,1262,0,402293c2,00dff01e,0040,14da,f,1,2028,1d
1263,1263,0,402293c2,00dff01e,0040,14da,f,1,2028,0d
1264,1264,0,402293c2,00dff01e,0040,14da,f,1,2028,25
1265,1265,0,402293c2,00dff01e,0040,14da,f,1,2028,1d
1266,1266,0,402293c2,00dff01e,0040,14da,f,1,2028,1d
1267,1267,0,402293c2,00dff01e,0040,14da,f,1,2028,0d
1268,1268,0,402293c2,00dff01e,0040,14da,f,1,2028,25
1269,1269,0,402293c2,00dff01e,0040,14da,f,0,2028,1d
1270,1270,0,402293c2,00dff01e,0040,14da,f,0,2028,1d
1271,1271,0,402293c2,00dff01e,0040,14da,f,0,2028,0d
1272,1272,0,402293c2,00dff01e,0040,14da,f,0,2028,25
1273,1273,0,402293c2,00dff01e,0040,14da,f,1,2028,1d
1274,1274,0,402293c2,00dff01e,0040,14da,f,1,2028,1d
1275,1275,0,402293c2,00dff01e,0040,14da,f,1,2028,0d
1276,1276,0,402293c2,00dff01e,0040,14da,f,1,2028,25
1277,1277,0,402293c2,00dff01e,0040,14da,f,1,2028,1d
1278,1278,0,402293c2,00dff01e,0040,14da,f,1,2028,1d
1279,1279,0,402293c2,00dff01e,0040,14da,f,1,2028,0d
1280,1280,0,402293c2,00dff01e,0040,14da,f,1,2028,25
1281,1281,0,402293c2,00dff01e,0040,14da,f,1,2028,1d
1282,1282,0,402293c2,00dff01e,0040,14da,f,1,2028,1d
1283,1283,0,402293c2,00dff01e,0040,14da,f,1,2028,0d
1284,1284,0,402293c2,00dff01e,0040,14da,f,1,2028,25
1285,1285,0,402293c2,00dff01e,0040,14da,f,0,2028,1d
1286,1286,0,402293c2,00dff01e,0040,14da,f,0,2028,1d
1287,1287,0,402293c2,00dff01e,0040,14da,f,0,2028,0d
1288,1288,0,402293c2,00dff01e,0040,14da,f,0,2028,25
1289,1289,0,402293c2,00dff01e,0040,14da,f,0,2028,1d
1290,1290,0,402293c2,00dff01e,0040,14da,f,0,2028,1d
1291,1291,0,402293c2,00dff01e,0040,14da,f,0,2028,0d
1292,1292,0,402293c2,00dff01e,0040,14da,f,0,2028,25
1293,1293,0,402293c2,00dff01e,0040,14da,f,0,2028,1d
1294,1294,0,402293c2,00dff01e,0040,14da,f,0,2028,1d
1295,1295,0,402293c2,00dff01e,0040,14da,f,0,2028,0d
1296,1296,0,402293c2,00dff01e,0040,14da,f,0,2028,25
1297,1297,0,402293c4,00dff01e,0040,14da,f,0,4881,1d
1298,1298,0,402293c4,00dff01e,0040,14da,f,0,4881,1d
1299,1299,0,402293c4,00dff01e,0040,14da,f,0,4881,0d
1300,1300,0,402293c4,00dff01e,0040,14da,f,0,4881,25
1301,1301,0,402293c4,00dff01e,0040,14da,f,1,4881,1d
1302,1302,0,402293c4,00dff01e,0040,14da,f,1,4881,1d
1303,1303,0,402293c4,00dff01e,0040,14da,f,1,4881,0d
1304,1304,0,402293c4,00dff01e,0040,14da,f,1,4881,25
1305,1305,0,402293c4,00dff01e,0040,14da,f,1,4881,1d
1306,1306,0,402293c4,00dff01e,0040,14da,f,1,4881,1d
1307,1307,0,402293c4,00dff01e,0040,14da,f,1,4881,0d
1308,1308,0,402293c4,00dff01e,0040,14da,f,1,4881,25
1309,1309,0,402293c4,00dff01e,0040,14da,f,1,4881,1d
1310,1310,0,402293c4,00dff01e,0040,14da,f,1,4881,1d
1311,1311,0,402293c4,00dff01e,0040,14da,f,1,4881,0d
1312,1312,0,402293c4,00dff01e,0040,14da,f,1,4881,25
1313,1313,0,402293c4,00dff01e,0040,14da,f,0,4881,1d
1314,1314,0,402293c4,00dff01e,0040,14da,f,0,4881,1d
1315,1315,0,402293c4,00dff01e,0040,14da,f,0,4881,0d
1316,1316,0,402293c4,00dff01e,0040,14da,f,0,4881,25
1317,1317,0,402293c6,00dff01e,0040,14da,f,0,48c1,1d
1318,1318,0,402293c6,00dff01e,0040,14da,f,0,48c1,1d
1319,1319,0,402293c6,00dff01e,0040,14da,f,0,48c1,0d
1320,1320,0,402293c6,00dff01e,0040,14da,f,0,48c1,25
1321,1321,0,402293c6,00dff01e,0040,14da,f,0,48c1,1d
1322,1322,0,402293c6,00dff01e,0040,14da,f,0,48c1,1d
1323,1323,0,402293c6,00dff01e,0040,14da,f,0,48c1,0d
1324,1324,0,402293c6,00dff01e,0040,14da,f,0,48c1,25
1325,1325,0,402293c6,00dff01e,0040,14da,f,0,48c1,1d
1326,1326,0,402293c6,00dff01e,0040,14da,f,0,48c1,1d
1327,1327,0,402293c6,00dff01e,0040,14da,f,0,48c1,0d
1328,1328,0,402293c6,00dff01e,0040,14da,f,0,48c1,25
1329,1329,0,402293c6,00dff01e,0040,14da,f,0,48c1,1d
1330,1330,0,402293c6,00dff01e,0040,14da,f,0,48c1,1d
1331,1331,0,402293c6,00dff01e,0040,14da,f,0,48c1,0d
1332,1332,0,402293c6,00dff01e,0040,14da,f,0,48c1,25
1333,1333,0,402293c6,00dff01e,0040,14da,f,0,48c1,1d
1334,1334,0,402293c6,00dff01e,0040,14da,f,0,48c1,1d
1335,1335,0,402293c6,00dff01e,0040,14da,f,0,48c1,0d
1336,1336,0,402293c6,00dff01e,0040,14da,f,0,48c1,25
1337,1337,0,402293c8,00dff01e,0040,14da,f,0,2028,1d
1338,1338,0,402293c8,00dff01e,0040,14da,f,0,2028,1d
1339,1339,0,402293c8,00dff01e,0040,14da,f,0,2028,0d
1340,1340,0,402293c8,00dff01e,0040,14da,f,0,2028,25
1341,1341,0,402293c8,00dff01e,0040,14da,f,1,2028,1d
1342,1342,0,402293c8,00dff01e,0040,14da,f,1,2028,1d
1343,1343,0,402293c8,00dff01e,0040,14da,f,1,2028,0d
1344,1344,0,402293c8,00dff01e,0040,14da,f,1,2028,25
1345,1345,0,402293c8,00dff01e,0040,14da,f,1,2028,1d
1346,1346,0,402293c8,00dff01e,0040,14da,f,1,2028,1d
1347,1347,0,402293c8,00dff01e,0040,14da,f,1,2028,0d
1348,1348,0,402293c8,00dff01e,0040,14da,f,1,2028,25
1349,1349,0,402293c8,00dff01e,0040,14da,f,1,2028,1d
1350,1350,0,402293c8,00dff01e,0040,14da,f,1,2028,1d
1351,1351,0,402293c8,00dff01e,0040,14da,f,1,2028,0d
1352,1352,0,402293c8,00dff01e,0040,14da,f,1,2028,25
1353,1353,0,402293ca,00dff01e,0040,14da,f,0,2028,1d
1354,1354,0,402293ca,00dff01e,0040,14da,f,0,2028,1d
1355,1355,0,402293ca,00dff01e,0040,14da,f,0,2028,0d
1356,1356,0,402293ca,00dff01e,0040,14da,f,0,2028,25
1357,1357,0,402293ca,00dff01e,0040,14da,f,0,2028,1d
1358,1358,0,402293ca,00dff01e,0040,14da,f,0,2028,1d
1359,1359,0,402293ca,00dff01e,0040,14da,f,0,2028,0d
1360,1360,0,402293ca,00dff01e,0040,14da,f,0,2028,25
1361,1361,0,402293ca,00dff01e,0040,14da,f,0,2028,1d
1362,1362,0,402293ca,00dff01e,0040,14da,f,0,2028,1d
1363,1363,0,402293ca,00dff01e,0040,14da,f,0,2028,0d
1364,1364,0,402293ca,00dff01e,0040,14da,f,0,2028,25
1365,1365,0,402293ca,00dff01e,0040,14da,f,1,2028,1d
1366,1366,0,402293ca,00dff01e,0040,14da,f,1,2028,1d
1367,1367,0,402293ca,00dff01e,0040,14da,f,1,2028,0d
1368,1368,0,402293ca,00dff01e,0040,14da,f,1,2028,25
1369,1369,0,402293ca,00dff01e,0040,14da,f,1,2028,1d
1370,1370,0,402293ca,00dff01e,0040,14da,f,1,2028,1d
1371,1371,0,402293ca,00dff01e,0040,14da,f,1,2028,0d
1372,1372,0,402293ca,00dff01e,0040,14da,f,1,2028,25
1373,1373,0,402293ca,00dff01e,0040,14da,f,1,2028,1d
1374,1374,0,402293ca,00dff01e,0040,14da,f,1,2028,1d
1375,1375,0,402293ca,00dff01e,0040,14da,f,1,2028,0d
1376,1376,0,402293ca,00dff01e,0040,14da,f,1,2028,25
1377,1377,0,402293ca,00dff01e,0040,14da,f,0,2028,1d
1378,1378,0,402293ca,00dff01e,0040,14da,f,0,2028,1d
1379,1379,0,402293ca,00dff01e,0040,14da,f,0,2028,0d
1380,1380,0,402293ca,00dff01e,0040,14da,f,0,2028,25
1381,1381,0,402293ca,00dff01e,0040,14da,f,0,2028,1d
1382,1382,0,402293ca,00dff01e,0040,14da,f,0,2028,1d
1383,1383,0,402293ca,00dff01e,0040,14da,f,0,2028,0d
1384,1384,0,402293ca,00dff01e,0040,14da,f,0,2028,25
1385,1385,0,402293ca,00dff01e,0040,14da,f,0,2028,1d
1386,1386,0,402293ca,00dff01e,0040,14da,f,0,2028,1d
1387,1387,0,402293ca,00dff01e,0040,14da,f,0,2028,0d
1388,1388,0,402293ca,00dff01e,0040,14da,f,0,2028,25
1389,1389,0,402293cc,00dff01e,0040,14da,f,0,223c,1d
1390,1390,0,402293cc,00dff01e,0040,14da,f,0,223c,1d
1391,1391,0,402293cc,00dff01e,0040,14da,f,0,223c,0d
1392,1392,0,402293cc,00dff01e,0040,14da,f,0,223c,25
1393,1393,0,402293cc,00dff01e,0040,14da,f,1,223c,1d
1394,1394,0,402293cc,00dff01e,0040,14da,f,1,223c,1d
1395,1395,0,402293cc,00dff01e,0040,14da,f,1,223c,0d
1396,1396,0,402293cc,00dff01e,0040,14da,f,1,223c,25
1397,1397,0,402293d0,00dff01e,0040,14da,f,1,223c,1d
1398,1398,0,402293d0,00dff01e,0040,14da,f,1,223c,1d
1399,1399,0,402293d0,00dff01e,0040,14da,f,1,223c,0d
1400,1400,0,402293d0,00dff01e,0040,14da,f,1,223c,25
1401,1401,0,402293d0,00dff01e,0040,14da,f,1,223c,1d
1402,1402,0,402293d0,00dff01e,0040,14da,f,1,223c,1d
1403,1403,0,402293d0,00dff01e,0040,14da,f,1,223c,0d
1404,1404,0,402293d0,00dff01e,0040,14da,f,1,223c,25
1405,1405,0,402293d0,00dff01e,0040,14da,f,0,223c,1d
1406,1406,0,402293d0,00dff01e,0040,14da,f,0,223c,1d
1407,1407,0,402293d0,00dff01e,0040,14da,f,0,223c,0d
1408,1408,0,402293d0,00dff01e,0040,14da,f,0,223c,25
1409,1409,0,402293d0,00dff01e,0040,14da,f,1,223c,1d
1410,1410,0,402293d0,00dff01e,0040,14da,f,1,223c,1d
1411,1411,0,402293d0,00dff01e,0040,14da,f,1,223c,0d
1412,1412,0,402293d0,00dff01e,0040,14da,f,1,223c,25
1413,1413,0,402293d2,00dff01e,0040,14da,f,1,2028,1d
1414,1414,0,402293d2,00dff01e,0040,14da,f,1,2028,1d
1415,1415,0,402293d2,00dff01e,0040,14da,f,1,2028,0d
1416,1416,0,402293d2,00dff01e,0040,14da,f,1,2028,25
1417,1417,0,402293d2,00dff01e,0040,14da,f,1,2028,1d
1418,1418,0,402293d2,00dff01e,0040,14da,f,1,2028,1d
1419,1419,0,402293d2,00dff01e,0040,14da,f,1,2028,0d
1420,1420,0,402293d2,00dff01e,0040,14da,f,1,2028,25
1421,1421,0,402293d2,00dff01e,0040,14da,f,0,2028,1d
1422,1422,0,402293d2,00dff01e,0040,14da,f,0,2028,1d
1423,1423,0,402293d2,00dff01e,0040,14da,f,0,2028,0d
1424,1424,0,402293d2,00dff01e,0040,14da,f,0,2028,25
1425,1425,0,402293d2,00dff01e,0040,14da,f,0,2028,1d
1426,1426,0,402293d2,00dff01e,0040,14da,f,0,2028,1d
1427,1427,0,402293d2,00dff01e,0040,14da,f,0,2028,0d
1428,1428,0,402293d2,00dff01e,0040,14da,f,0,2028,25
1429,1429,0,402293d4,00dff01e,0040,14da,f,0,2028,1d
1430,1430,0,402293d4,00dff01e,0040,14da,f,0,2028,1d
1431,1431,0,402293d4,00dff01e,0040,14da,f,0,2028,0d
1432,1432,0,402293d4,00dff01e,0040,14da,f,0,2028,25
1433,1433,0,402293d4,00dff01e,0040,14da,f,0,2028,1d
1434,1434,0,402293d4,00dff01e,0040,14da,f,0,2028,1d
1435,1435,0,402293d4,00dff01e,0040,14da,f,0,2028,0d
1436,1436,0,402293d4,00dff01e,0040,14da,f,0,2028,25
1437,1437,0,402293d4,00dff01e,0040,14da,f,0,2028,1d
1438,1438,0,402293d4,00dff01e,0040,14da,f,0,2028,1d
1439,1439,0,402293d4,00dff01e,0040,14da,f,0,2028,0d
1440,1440,0,402293d4,00dff01e,0040,14da,f,0,2028,25
1441,1441,0,402293d4,00dff01e,0040,14da,f,1,2028,1d
1442,1442,0,402293d4,00dff01e,0040,14da,f,1,2028,1d
1443,1443,0,402293d4,00dff01e,0040,14da,f,1,2028,0d
1444,1444,0,402293d4,00dff01e,0040,14da,f,1,2028,25
1445,1445,0,402293d4,00dff01e,0040,14da,f,1,2028,1d
1446,1446,0,402293d4,00dff01e,0040,14da,f,1,2028,1d
1447,1447,0,402293d4,00dff01e,0040,14da,f,1,2028,0d
1448,1448,0,402293d4,00dff01e,0040,14da,f,1,2028,25
1449,1449,0,402293d4,00dff01e,0040,14da,f,1,2028,1d
1450,1450,0,402293d4,00dff01e,0040,14da,f,1,2028,1d
1451,1451,0,402293d4,00dff01e,0040,14da,f,1,2028,0d
1452,1452,0,402293d4,00dff01e,0040,14da,f,1,2028,25
1453,1453,0,402293d4,00dff01e,0040,14da,f,0,2028,1d
1454,1454,0,402293d4,00dff01e,0040,14da,f,0,2028,1d
1455,1455,0,402293d4,00dff01e,0040,14da,f,0,2028,0d
1456,1456,0,402293d4,00dff01e,0040,14da,f,0,2028,25
1457,1457,0,402293d4,00dff01e,0040,14da,f,1,2028,1d
1458,1458,0,402293d4,00dff01e,0040,14da,f,1,2028,1d
1459,1459,0,402293d4,00dff01e,0040,14da,f,1,2028,0d
1460,1460,0,402293d4,00dff01e,0040,14da,f,1,2028,25
1461,1461,0,402293d4,00dff01e,0040,14da,f,1,2028,1d
1462,1462,0,402293d4,00dff01e,0040,14da,f,1,2028,1d
1463,1463,0,402293d4,00dff01e,0040,14da,f,1,2028,0d
1464,1464,0,402293d4,00dff01e,0040,14da,f,1,2028,25
1465,1465,0,402293d6,00dff01e,0040,14da,f,1,4841,1d
1466,1466,0,402293d6,00dff01e,0040,14da,f,1,4841,1d
1467,1467,0,402293d6,00dff01e,0040,14da,f,1,4841,0d
1468,1468,0,402293d6,00dff01e,0040,14da,f,1,4841,25
1469,1469,0,402293d6,00dff01e,0040,14da,f,0,4841,1d
1470,1470,0,402293d6,00dff01e,0040,14da,f,0,4841,1d
1471,1471,0,402293d6,00dff01e,0040,14da,f,0,4841,0d
1472,1472,0,402293d6,00dff01e,0040,14da,f,0,4841,25
1473,1473,0,402293d6,00dff01e,0040,14da,f,0,4841,1d
1474,1474,0,402293d6,00dff01e,0040,14da,f,0,4841,1d
1475,1475,0,402293d6,00dff01e,0040,14da,f,0,4841,0d
1476,1476,0,402293d6,00dff01e,0040,14da,f,0,4841,25
1477,1477,0,402293d6,00dff01e,0040,14da,f,0,4841,1d
1478,1478,0,402293d6,00dff01e,0040,14da,f,0,4841,1d
1479,1479,0,402293d6,00dff01e,0040,14da,f,0,4841,0d
1480,1480,0,402293d6,00dff01e,0040,14da,f,0,4841,25
1481,1481,0,402293d6,00dff01e,0040,14da,f,0,4841,1d
1482,1482,0,402293d6,00dff01e,0040,14da,f,0,4841,1d
1483,1483,0,402293d6,00dff01e,0040,14da,f,0,4841,0d
1484,1484,0,402293d6,00dff01e,0040,14da,f,0,4841,25
1485,1485,0,402293d8,00dff01e,0040,14da,f,0,6100,1d
1486,1486,0,402293d8,00dff01e,0040,14da,f,0,6100,1d
1487,1487,0,402293d8,00dff01e,0040,14da,f,0,6100,0d
1488,1488,0,402293d8,00dff01e,0040,14da,f,0,6100,25
1489,1489,0,402293d8,00dff01e,0040,14da,f,1,6100,1d
1490,1490,0,402293d8,00dff01e,0040,14da,f,1,6100,1d
1491,1491,0,402293d8,00dff01e,0040,14da,f,1,6100,0d
1492,1492,0,402293d8,00dff01e,0040,14da,f,1,6100,25
1493,1493,0,402293da,00dff01e,0040,14da,f,1,6100,1d
1494,1494,0,402293da,00dff01e,0040,14da,f,1,6100,1d
1495,1495,0,402293da,00dff01e,0040,14da,f,1,6100,0d
1496,1496,0,402293da,00dff01e,0040,14da,f,1,6100,25
1497,1497,0,402293da,00dff01e,0040,14da,f,1,6100,1d
1498,1498,0,402293da,00dff01e,0040,14da,f,1,6100,1d
1499,1499,0,402293da,00dff01e,0040,14da,f,1,6100,0d
1500,1500,0,402293da,00dff01e,0040,14da,f,1,6100,25
1501,1501,0,402293da,00dff01e,0040,14da,f,0,6100,1d
1502,1502,0,402293da,00dff01e,0040,14da,f,0,6100,1d
1503,1503,0,402293da,00dff01e,0040,14da,f,0,6100,0d
1504,1504,0,402293da,00dff01e,0040,14da,f,0,6100,25
1505,1505,0,402293da,00dff01e,0040,14da,f,1,6100,1d
1506,1506,0,402293da,00dff01e,0040,14da,f,1,6100,1d
1507,1507,0,402293da,00dff01e,0040,14da,f,1,6100,0d
1508,1508,0,402293da,00dff01e,0040,14da,f,1,6100,25
1509,1509,0,402293da,00dff01e,0040,14da,f,1,6100,1d
1510,1510,0,402293da,00dff01e,0040,14da,f,1,6100,1d
1511,1511,0,402293da,00dff01e,0040,14da,f,1,6100,0d
1512,1512,0,402293da,00dff01e,0040,14da,f,1,6100,25
1513,1513,0,402293da,00dff01e,0040,14da,f,0,6100,1f
1514,1514,0,402293da,00dff01e,0040,14da,f,0,6100,1f
1515,1515,0,402293da,00dff01e,0040,14da,f,0,6100,0f
1516,1516,0,402293da,00dff01e,0040,14da,f,0,6100,03
1517,1517,0,402293da,00dff01e,0040,14da,f,0,6100,03
1518,1518,0,402293da,00dff01e,0040,14da,f,0,6100,03
1519,1519,0,402293da,00dff01e,0040,14da,f,0,6100,03
1520,1520,0,402293da,00dff01e,0040,14da,f,0,6100,23
1521,1521,0,4022958e,00dff01e,0040,14da,f,1,6100,1d
1522,1522,0,4022958e,00dff01e,0040,14da,f,1,6100,1d
1523,1523,0,4022958e,00dff01e,0040,14da,f,1,6100,0d
1524,1524,0,4022958e,00dff01e,0040,14da,f,1,6100,25
1525,1525,0,4022958e,00dff01e,0040,14da,f,1,6100,1f
1526,1526,0,4022958e,00dff01e,0040,14da,f,1,6100,1f
1527,1527,0,4022958e,00dff01e,0040,14da,f,1,6100,0f
1528,1528,0,4022958e,00dff01e,0040,14da,f,1,6100,03
1529,1529,0,4022958e,00dff01e,0040,14da,f,1,6100,03
1530,1530,0,4022958e,00dff01e,0040,14da,f,1,6100,03
1531,1531,0,4022958e,00dff01e,0040,14da,f,1,6100,03
1532,1532,0,4022958e,00dff01e,0040,14da,f,1,6100,23
1533,1533,0,4022958e,00dff01e,0040,14da,f,1,6100,1d
1534,1534,0,4022958e,00dff01e,0040,14da,f,1,6100,1d
1535,1535,0,4022958e,00dff01e,0040,14da,f,1,6100,0d
1536,1536,0,4022958e,00dff01e,0040,14da,f,1,6100,25
1537,1537,0,40229590,00dff01e,0040,14da,f,0,4e75,1d
1538,1538,0,40229590,00dff01e,0040,14da,f,0,4e75,1d
1539,1539,0,40229590,00dff01e,0040,14da,f,0,4e75,0d
1540,1540,0,40229590,00dff01e,0040,14da,f,0,4e75,25
1541,1541,0,40229590,00dff01e,0040,14da,f,1,4e75,1d
1542,1542,0,40229590,00dff01e,0040,14da,f,1,4e75,1d
1543,1543,0,40229590,00dff01e,0040,14da,f,1,4e75,0d
1544,1544,0,40229590,00dff01e,0040,14da,f,1,4e75,25
1545,1545,0,40229590,00dff01e,0040,14da,f,1,4e75,1d
1546,1546,0,40229590,00dff01e,0040,14da,f,1,4e75,1d
1547,1547,0,40229590,00dff01e,0040,14da,f,1,4e75,0d
1548,1548,0,40229590,00dff01e,0040,14da,f,1,4e75,25
1549,1549,0,40229590,00dff01e,0040,14da,f,1,4e75,1d
1550,1550,0,40229590,00dff01e,0040,14da,f,1,4e75,1d
1551,1551,0,40229590,00dff01e,0040,14da,f,1,4e75,0d
1552,1552,0,40229590,00dff01e,0040,14da,f,1,4e75,25
1553,1553,0,40229590,00dff01e,0040,14da,f,0,4e75,1d
1554,1554,0,40229590,00dff01e,0040,14da,f,0,4e75,1d
1555,1555,0,40229590,00dff01e,0040,14da,f,0,4e75,0d
1556,1556,0,40229590,00dff01e,0040,14da,f,0,4e75,25
1557,1557,0,40229590,00dff01e,0040,14da,f,1,4e75,1d
1558,1558,0,40229590,00dff01e,0040,14da,f,1,4e75,1d
1559,1559,0,40229590,00dff01e,0040,14da,f,1,4e75,0d
1560,1560,0,40229590,00dff01e,0040,14da,f,1,4e75,25
1561,1561,0,40229590,00dff01e,0040,14da,f,1,4e75,1d
1562,1562,0,40229590,00dff01e,0040,14da,f,1,4e75,1d
1563,1563,0,40229590,00dff01e,0040,14da,f,1,4e75,0d
1564,1564,0,40229590,00dff01e,0040,14da,f,1,4e75,25
1565,1565,0,40229590,00dff01e,0040,14da,f,1,4e75,1d
1566,1566,0,40229590,00dff01e,0040,14da,f,1,4e75,1d
1567,1567,0,40229590,00dff01e,0040,14da,f,1,4e75,0d
1568,1568,0,40229590,00dff01e,0040,14da,f,1,4e75,25
1569,1569,0,40229590,00dff01e,0040,14da,f,0,4e75,1d
1570,1570,0,40229590,00dff01e,0040,14da,f,0,4e75,1d
1571,1571,0,40229590,00dff01e,0040,14da,f,0,4e75,0d
1572,1572,0,40229590,00dff01e,0040,14da,f,0,4e75,25
1573,1573,0,402293da,00dff01e,0040,14da,f,1,4e75,1d
1574,1574,0,402293da,00dff01e,0040,14da,f,1,4e75,1d
1575,1575,0,402293da,00dff01e,0040,14da,f,1,4e75,0d
1576,1576,0,402293da,00dff01e,0040,14da,f,1,4e75,25
1577,1577,0,402293da,00dff01e,0040,14da,f,1,4e75,1d
1578,1578,0,402293da,00dff01e,0040,14da,f,1,4e75,1d
1579,1579,0,402293da,00dff01e,0040,14da,f,1,4e75,0d
1580,1580,0,402293da,00dff01e,0040,14da,f,1,4e75,25
1581,1581,0,402293da,00dff01e,0040,14da,f,1,4e75,1d
1582,1582,0,402293da,00dff01e,0040,14da,f,1,4e75,1d
1583,1583,0,402293da,00dff01e,0040,14da,f,1,4e75,0d
1584,1584,0,402293da,00dff01e,0040,14da,f,1,4e75,25
1585,1585,0,402293dc,00dff01e,0040,14da,f,0,c141,1d
1586,1586,0,402293dc,00dff01e,0040,14da,f,0,c141,1d
1587,1587,0,402293dc,00dff01e,0040,14da,f,0,c141,0d
1588,1588,0,402293dc,00dff01e,0040,14da,f,0,c141,25
1589,1589,0,402293dc,00dff01e,0040,14da,f,1,c141,1d
1590,1590,0,402293dc,00dff01e,0040,14da,f,1,c141,1d
1591,1591,0,402293dc,00dff01e,0040,14da,f,1,c141,0d
1592,1592,0,402293dc,00dff01e,0040,14da,f,1,c141,25
1593,1593,0,402293dc,00dff01e,0040,14da,f,1,c141,1d
1594,1594,0,402293dc,00dff01e,0040,14da,f,1,c141,1d
1595,1595,0,402293dc,00dff01e,0040,14da,f,1,c141,0d
1596,1596,0,402293dc,00dff01e,0040,14da,f,1,c141,25
1597,1597,0,402293dc,00dff01e,0040,14da,f,1,c141,1d
1598,1598,0,402293dc,00dff01e,0040,14da,f,1,c141,1d
1599,1599,0,402293dc,00dff01e,0040,14da,f,1,c141,0d
1600,1600,0,402293dc,00dff01e,0040,14da,f,1,c141,25
1601,1601,0,402293de,00dff01e,0040,14da,f,0,4281,1d
1602,1602,0,402293de,00dff01e,0040,14da,f,0,4281,1d
1603,1603,0,402293de,00dff01e,0040,14da,f,0,4281,0d
1604,1604,0,402293de,00dff01e,0040,14da,f,0,4281,25
1605,1605,0,402293de,00dff01e,0040,14da,f,1,4281,1d
1606,1606,0,402293de,00dff01e,0040,14da,f,1,4281,1d
1607,1607,0,402293de,00dff01e,0040,14da,f,1,4281,0d
1608,1608,0,402293de,00dff01e,0040,14da,f,1,4281,25
1609,1609,0,402293de,00dff01e,0040,14da,f,1,4281,1d
1610,1610,0,402293de,00dff01e,0040,14da,f,1,4281,1d
1611,1611,0,402293de,00dff01e,0040,14da,f,1,4281,0d
1612,1612,0,402293de,00dff01e,0040,14da,f,1,4281,25
1613,1613,0,402293de,00dff01e,0040,14da,f,1,4281,1d
1614,1614,0,402293de,00dff01e,0040,14da,f,1,4281,1d
1615,1615,0,402293de,00dff01e,0040,14da,f,1,4281,0d
1616,1616,0,402293de,00dff01e,0040,14da,f,1,4281,25
1617,1617,0,402293de,00dff01e,0040,14da,f,0,4281,1d
1618,1618,0,402293de,00dff01e,0040,14da,f,0,4281,1d
1619,1619,0,402293de,00dff01e,0040,14da,f,0,4281,0d
1620,1620,0,402293de,00dff01e,0040,14da,f,0,4281,25
1621,1621,0,402293e0,00dff01e,0040,14da,f,1,4480,1d
1622,1622,0,402293e0,00dff01e,0040,14da,f,1,4480,1d
1623,1623,0,402293e0,00dff01e,0040,14da,f,1,4480,0d
1624,1624,0,402293e0,00dff01e,0040,14da,f,1,4480,25
1625,1625,0,402293e0,00dff01e,0040,14da,f,1,4480,1d
1626,1626,0,402293e0,00dff01e,0040,14da,f,1,4480,1d
1627,1627,0,402293e0,00dff01e,0040,14da,f,1,4480,0d
1628,1628,0,402293e0,00dff01e,0040,14da,f,1,4480,25
1629,1629,0,402293e0,00dff01e,0040,14da,f,1,4480,1d
1630,1630,0,402293e0,00dff01e,0040,14da,f,1,4480,1d
1631,1631,0,402293e0,00dff01e,0040,14da,f,1,4480,0d
1632,1632,0,402293e0,00dff01e,0040,14da,f,1,4480,25
1633,1633,0,402293e0,00dff01e,0040,14da,f,0,4480,1d
1634,1634,0,402293e0,00dff01e,0040,14da,f,0,4480,1d
1635,1635,0,402293e0,00dff01e,0040,14da,f,0,4480,0d
1636,1636,0,402293e0,00dff01e,0040,14da,f,0,4480,25
1637,1637,0,402293e0,00dff01e,0040,14da,f,1,4480,1d
1638,1638,0,402293e0,00dff01e,0040,14da,f,1,4480,1d
1639,1639,0,402293e0,00dff01e,0040,14da,f,1,4480,0d
1640,1640,0,402293e0,00dff01e,0040,14da,f,1,4480,25
1641,1641,0,402293e2,00dff01e,0040,14da,f,1,d080,1d
1642,1642,0,402293e2,00dff01e,0040,14da,f,1,d080,1d
1643,1643,0,402293e2,00dff01e,0040,14da,f,1,d080,0d
1644,1644,0,402293e2,00dff01e,0040,14da,f,1,d080,25
1645,1645,0,402293e2,00dff01e,0040,14da,f,1,d080,1d
1646,1646,0,402293e2,00dff01e,0040,14da,f,1,d080,1d
1647,1647,0,402293e2,00dff01e,0040,14da,f,1,d080,0d
1648,1648,0,402293e2,00dff01e,0040,14da,f,1,d080,25
1649,1649,0,402293e2,00dff01e,0040,14da,f,0,d080,1d
1650,1650,0,402293e2,00dff01e,0040,14da,f,0,d080,1d
1651,1651,0,402293e2,00dff01e,0040,14da,f,0,d080,0d
1652,1652,0,402293e2,00dff01e,0040,14da,f,0,d080,25
1653,1653,0,402293e2,00dff01e,0040,14da,f,1,d080,1d
1654,1654,0,402293e2,00dff01e,0040,14da,f,1,d080,1d
1655,1655,0,402293e2,00dff01e,0040,14da,f,1,d080,0d
1656,1656,0,402293e2,00dff01e,0040,14da,f,1,d080,25
1657,1657,0,402293e2,00dff01e,0040,14da,f,1,d080,1d
1658,1658,0,402293e2,00dff01e,0040,14da,f,1,d080,1d
1659,1659,0,402293e2,00dff01e,0040,14da,f,1,d080,0d
1660,1660,0,402293e2,00dff01e,0040,14da,f,1,d080,25
1661,1661,0,402293e4,00dff01e,0040,14da,f,1,d281,1d
1662,1662,0,402293e4,00dff01e,0040,14da,f,1,d281,1d
1663,1663,0,402293e4,00dff01e,0040,14da,f,1,d281,0d
1664,1664,0,402293e4,00dff01e,0040,14da,f,1,d281,25
1665,1665,0,402293e4,00dff01e,0040,14da,f,0,d281,1d
1666,1666,0,402293e4,00dff01e,0040,14da,f,0,d281,1d
1667,1667,0,402293e4,00dff01e,0040,14da,f,0,d281,0d
1668,1668,0,402293e4,00dff01e,0040,14da,f,0,d281,25
1669,1669,0,402293e4,00dff01e,0040,14da,f,1,d281,1d
1670,1670,0,402293e4,00dff01e,0040,14da,f,1,d281,1d
1671,1671,0,402293e4,00dff01e,0040,14da,f,1,d281,0d
1672,1672,0,402293e4,00dff01e,0040,14da,f,1,d281,25
1673,1673,0,402293e4,00dff01e,0040,14da,f,1,d281,1d
1674,1674,0,402293e4,00dff01e,0040,14da,f,1,d281,1d
1675,1675,0,402293e4,00dff01e,0040,14da,f,1,d281,0d
1676,1676,0,402293e4,00dff01e,0040,14da,f,1,d281,25
1677,1677,0,402293e4,00dff01e,0040,14da,f,1,d281,1d
1678,1678,0,402293e4,00dff01e,0040,14da,f,1,d281,1d
1679,1679,0,402293e4,00dff01e,0040,14da,f,1,d281,0d
1680,1680,0,402293e4,00dff01e,0040,14da,f,1,d281,25
1681,1681,0,402293e6,00dff01e,0040,14da,f,0,d080,1d
1682,1682,0,402293e6,00dff01e,0040,14da,f,0,d080,1d
1683,1683,0,402293e6,00dff01e,0040,14da,f,0,d080,0d
1684,1684,0,402293e6,00dff01e,0040,14da,f,0,d080,25
1685,1685,0,402293e6,00dff01e,0040,14da,f,0,d080,1d
1686,1686,0,402293e6,00dff01e,0040,14da,f,0,d080,1d
1687,1687,0,402293e6,00dff01e,0040,14da,f,0,d080,0d
1688,1688,0,402293e6,00dff01e,0040,14da,f,0,d080,25
1689,1689,0,402293e6,00dff01e,0040,14da,f,0,d080,1d
1690,1690,0,402293e6,00dff01e,0040,14da,f,0,d080,1d
1691,1691,0,402293e6,00dff01e,0040,14da,f,0,d080,0d
1692,1692,0,402293e6,00dff01e,0040,14da,f,0,d080,25
1693,1693,0,402293e6,00dff01e,0040,14da,f,0,d080,1d
1694,1694,0,402293e6,00dff01e,0040,14da,f,0,d080,1d
1695,1695,0,402293e6,00dff01e,0040,14da,f,0,d080,0d
1696,1696,0,402293e6,00dff01e,0040,14da,f,0,d080,25
1697,1697,0,402293e6,00dff01e,0040,14da,f,0,d080,1d
1698,1698,0,402293e6,00dff01e,0040,14da,f,0,d080,1d
1699,1699,0,402293e6,00dff01e,0040,14da,f,0,d080,0d
1700,1700,0,402293e6,00dff01e,0040,14da,f,0,d080,25
1701,1701,0,402293e8,00dff01e,0040,14da,f,0,d281,1d
1702,1702,0,402293e8,00dff01e,0040,14da,f,0,d281,1d
1703,1703,0,402293e8,00dff01e,0040,14da,f,0,d281,0d
1704,1704,0,402293e8,00dff01e,0040,14da,f,0,d281,25
1705,1705,0,402293e8,00dff01e,0040,14da,f,1,d281,1d
1706,1706,0,402293e8,00dff01e,0040,14da,f,1,d281,1d
1707,1707,0,402293e8,00dff01e,0040,14da,f,1,d281,0d
1708,1708,0,402293e8,00dff01e,0040,14da,f,1,d281,25
1709,1709,0,402293e8,00dff01e,0040,14da,f,1,d281,1d
1710,1710,0,402293e8,00dff01e,0040,14da,f,1,d281,1d
1711,1711,0,402293e8,00dff01e,0040,14da,f,1,d281,0d
1712,1712,0,402293e8,00dff01e,0040,14da,f,1,d281,25
1713,1713,0,402293e8,00dff01e,0040,14da,f,1,d281,1d
1714,1714,0,402293e8,00dff01e,0040,14da,f,1,d281,1d
1715,1715,0,402293e8,00dff01e,0040,14da,f,1,d281,0d
1716,1716,0,402293e8,00dff01e,0040,14da,f,1,d281,25
1717,1717,0,402293e8,00dff01e,0040,14da,f,0,d281,1d
1718,1718,0,402293e8,00dff01e,0040,14da,f,0,d281,1d
1719,1719,0,402293e8,00dff01e,0040,14da,f,0,d281,0d
1720,1720,0,402293e8,00dff01e,0040,14da,f,0,d281,25
1721,1721,0,402293ea,00dff01e,0040,14da,f,0,0680,1d
1722,1722,0,402293ea,00dff01e,0040,14da,f,0,0680,1d
1723,1723,0,402293ea,00dff01e,0040,14da,f,0,0680,0d
1724,1724,0,402293ea,00dff01e,0040,14da,f,0,0680,25
1725,1725,0,402293ea,00dff01e,0040,14da,f,0,0680,1d
1726,1726,0,402293ea,00dff01e,0040,14da,f,0,0680,1d
1727,1727,0,402293ea,00dff01e,0040,14da,f,0,0680,0d
1728,1728,0,402293ea,00dff01e,0040,14da,f,0,0680,25
1729,1729,0,402293ee,00dff01e,0040,14da,f,0,0680,1d
1730,1730,0,402293ee,00dff01e,0040,14da,f,0,0680,1d
1731,1731,0,402293ee,00dff01e,0040,14da,f,0,0680,0d
1732,1732,0,402293ee,00dff01e,0040,14da,f,0,0680,25
1733,1733,0,402293ee,00dff01e,0040,14da,f,1,0680,1d
1734,1734,0,402293ee,00dff01e,0040,14da,f,1,0680,1d
1735,1735,0,402293ee,00dff01e,0040,14da,f,1,0680,0d
1736,1736,0,402293ee,00dff01e,0040,14da,f,1,0680,25
1737,1737,0,402293ee,00dff01e,0040,14da,f,1,0680,1d
1738,1738,0,402293ee,00dff01e,0040,14da,f,1,0680,1d
1739,1739,0,402293ee,00dff01e,0040,14da,f,1,0680,0d
1740,1740,0,402293ee,00dff01e,0040,14da,f,1,0680,25
1741,1741,0,402293ee,00dff01e,0040,14da,f,1,0680,1d
1742,1742,0,402293ee,00dff01e,0040,14da,f,1,0680,1d
1743,1743,0,402293ee,00dff01e,0040,14da,f,1,0680,0d
1744,1744,0,402293ee,00dff01e,0040,14da,f,1,0680,25
1745,1745,0,402293f0,00dff01e,0040,14da,f,0,0481,1d
1746,1746,0,402293f0,00dff01e,0040,14da,f,0,0481,1d
1747,1747,0,402293f0,00dff01e,0040,14da,f,0,0481,0d
1748,1748,0,402293f0,00dff01e,0040,14da,f,0,0481,25
1749,1749,0,402293f0,00dff01e,0040,14da,f,1,0481,1d
1750,1750,0,402293f0,00dff01e,0040,14da,f,1,0481,1d
1751,1751,0,402293f0,00dff01e,0040,14da,f,1,0481,0d
1752,1752,0,402293f0,00dff01e,0040,14da,f,1,0481,25
1753,1753,0,402293f4,00dff01e,0040,14da,f,1,0481,1d
1754,1754,0,402293f4,00dff01e,0040,14da,f,1,0481,1d
1755,1755,0,402293f4,00dff01e,0040,14da,f,1,0481,0d
1756,1756,0,402293f4,00dff01e,0040,14da,f,1,0481,25
1757,1757,0,402293f4,00dff01e,0040,14da,f,1,0481,1d
1758,1758,0,402293f4,00dff01e,0040,14da,f,1,0481,1d
1759,1759,0,402293f4,00dff01e,0040,14da,f,1,0481,0d
1760,1760,0,402293f4,00dff01e,0040,14da,f,1,0481,25
1761,1761,0,402293f4,00dff01e,0040,14da,f,0,0481,1d
1762,1762,0,402293f4,00dff01e,0040,14da,f,0,0481,1d
1763,1763,0,402293f4,00dff01e,0040,14da,f,0,0481,0d
1764,1764,0,402293f4,00dff01e,0040,14da,f,0,0481,25
1765,1765,0,402293f4,00dff01e,0040,14da,f,1,0481,1d
1766,1766,0,402293f4,00dff01e,0040,14da,f,1,0481,1d
1767,1767,0,402293f4,00dff01e,0040,14da,f,1,0481,0d
1768,1768,0,402293f4,00dff01e,0040,14da,f,1,0481,25
1769,1769,0,402293f6,00dff01e,0040,14da,f,1,207c,1d
1770,1770,0,402293f6,00dff01e,0040,14da,f,1,207c,1d
1771,1771,0,402293f6,00dff01e,0040,14da,f,1,207c,0d
1772,1772,0,402293f6,00dff01e,0040,14da,f,1,207c,25
1773,1773,0,402293f6,00dff01e,0040,14da,f,1,207c,1d
1774,1774,0,402293f6,00dff01e,0040,14da,f,1,207c,1d
1775,1775,0,402293f6,00dff01e,0040,14da,f,1,207c,0d
1776,1776,0,402293f6,00dff01e,0040,14da,f,1,207c,25
1777,1777,0,402293fa,00dff01e,0040,14da,f,0,207c,1d
1778,1778,0,402293fa,00dff01e,0040,14da,f,0,207c,1d
1779,1779,0,402293fa,00dff01e,0040,14da,f,0,207c,0d
1780,1780,0,402293fa,00dff01e,0040,14da,f,0,207c,25
1781,1781,0,402293fa,00dff01e,0040,14da,f,1,207c,1d
1782,1782,0,402293fa,00dff01e,0040,14da,f,1,207c,1d
1783,1783,0,402293fa,00dff01e,0040,14da,f,1,207c,0d
1784,1784,0,402293fa,00dff01e,0040,14da,f,1,207c,25
1785,1785,0,402293fa,00dff01e,0040,14da,f,1,207c,1d
1786,1786,0,402293fa,00dff01e,0040,14da,f,1,207c,1d
1787,1787,0,402293fa,00dff01e,0040,14da,f,1,207c,0d
1788,1788,0,402293fa,00dff01e,0040,14da,f,1,207c,25
1789,1789,0,402293fa,00dff01e,0040,14da,f,1,207c,1d
1790,1790,0,402293fa,00dff01e,0040,14da,f,1,207c,1d
1791,1791,0,402293fa,00dff01e,0040,14da,f,1,207c,0d
1792,1792,0,402293fa,00dff01e,0040,14da,f,1,207c,25
1793,1793,0,402293fc,00dff01e,0040,14da,f,0,2028,1d
1794,1794,0,402293fc,00dff01e,0040,14da,f,0,2028,1d
1795,1795,0,402293fc,00dff01e,0040,14da,f,0,2028,0d
1796,1796,0,402293fc,00dff01e,0040,14da,f,0,2028,25
1797,1797,0,402293fc,00dff01e,0040,14da,f,1,2028,1d
1798,1798,0,402293fc,00dff01e,0040,14da,f,1,2028,1d
1799,1799,0,402293fc,00dff01e,0040,14da,f,1,2028,0d
1800,1800,0,402293fc,00dff01e,0040,14da,f,1,2028,25
1801,1801,0,402293fc,00dff01e,0040,14da,f,1,2028,1d
1802,1802,0,402293fc,00dff01e,0040,14da,f,1,2028,1d
1803,1803,0,402293fc,00dff01e,0040,14da,f,1,2028,0d
1804,1804,0,402293fc,00dff01e,0040,14da,f,1,2028,25
1805,1805,0,402293fc,00dff01e,0040,14da,f,1,2028,1d
1806,1806,0,402293fc,00dff01e,0040,14da,f,1,2028,1d
1807,1807,0,402293fc,00dff01e,0040,14da,f,1,2028,0d
1808,1808,0,402293fc,00dff01e,0040,14da,f,1,2028,25
1809,1809,0,402293fe,00dff01e,0040,14da,f,0,2028,1d
1810,1810,0,402293fe,00dff01e,0040,14da,f,0,2028,1d
1811,1811,0,402293fe,00dff01e,0040,14da,f,0,2028,0d
1812,1812,0,402293fe,00dff01e,0040,14da,f,0,2028,25
1813,1813,0,402293fe,00dff01e,0040,14da,f,0,2028,1d
1814,1814,0,402293fe,00dff01e,0040,14da,f,0,2028,1d
1815,1815,0,402293fe,00dff01e,0040,14da,f,0,2028,0d
1816,1816,0,402293fe,00dff01e,0040,14da,f,0,2028,25
1817,1817,0,402293fe,00dff01e,0040,14da,f,0,2028,1d
1818,1818,0,402293fe,00dff01e,0040,14da,f,0,2028,1d
1819,1819,0,402293fe,00dff01e,0040,14da,f,0,2028,0d
1820,1820,0,402293fe,00dff01e,0040,14da,f,0,2028,25
1821,1821,0,402293fe,00dff01e,0040,14da,f,1,2028,1d
1822,1822,0,402293fe,00dff01e,0040,14da,f,1,2028,1d
1823,1823,0,402293fe,00dff01e,0040,14da,f,1,2028,0d
1824,1824,0,402293fe,00dff01e,0040,14da,f,1,2028,25
1825,1825,0,402293fe,00dff01e,0040,14da,f,1,2028,1d
1826,1826,0,402293fe,00dff01e,0040,14da,f,1,2028,1d
1827,1827,0,402293fe,00dff01e,0040,14da,f,1,2028,0d
1828,1828,0,402293fe,00dff01e,0040,14da,f,1,2028,25
1829,1829,0,402293fe,00dff01e,0040,14da,f,1,2028,1d
1830,1830,0,402293fe,00dff01e,0040,14da,f,1,2028,1d
1831,1831,0,402293fe,00dff01e,0040,14da,f,1,2028,0d
1832,1832,0,402293fe,00dff01e,0040,14da,f,1,2028,25
1833,1833,0,402293fe,00dff01e,0040,14da,f,0,2028,1d
1834,1834,0,402293fe,00dff01e,0040,14da,f,0,2028,1d
1835,1835,0,402293fe,00dff01e,0040,14da,f,0,2028,0d
1836,1836,0,402293fe,00dff01e,0040,14da,f,0,2028,25
1837,1837,0,402293fe,00dff01e,0040,14da,f,0,2028,1d
1838,1838,0,402293fe,00dff01e,0040,14da,f,0,2028,1d
1839,1839,0,402293fe,00dff01e,0040,14da,f,0,2028,0d
1840,1840,0,402293fe,00dff01e,0040,14da,f,0,2028,25
1841,1841,0,402293fe,00dff01e,0040,14da,f,0,2028,1d
1842,1842,0,402293fe,00dff01e,0040,14da,f,0,2028,1d
1843,1843,0,402293fe,00dff01e,0040,14da,f,0,2028,0d
1844,1844,0,402293fe,00dff01e,0040,14da,f,0,2028,25
1845,1845,0,40229400,00dff01e,0040,14da,f,0,4881,1d
1846,1846,0,40229400,00dff01e,0040,14da,f,0,4881,1d
1847,1847,0,40229400,00dff01e,0040,14da,f,0,4881,0d
1848,1848,0,40229400,00dff01e,0040,14da,f,0,4881,25
1849,1849,0,40229400,00dff01e,0040,14da,f,1,4881,1d
1850,1850,0,40229400,00dff01e,0040,14da,f,1,4881,1d
1851,1851,0,40229400,00dff01e,0040,14da,f,1,4881,0d
1852,1852,0,40229400,00dff01e,0040,14da,f,1,4881,25
1853,1853,0,40229400,00dff01e,0040,14da,f,1,4881,1d
1854,1854,0,40229400,00dff01e,0040,14da,f,1,4881,1d
1855,1855,0,40229400,00dff01e,0040,14da,f,1,4881,0d
1856,1856,0,40229400,00dff01e,0040,14da,f,1,4881,25
1857,1857,0,40229400,00dff01e,0040,14da,f,1,4881,1d
1858,1858,0,40229400,00dff01e,0040,14da,f,1,4881,1d
1859,1859,0,40229400,00dff01e,0040,14da,f,1,4881,0d
1860,1860,0,40229400,00dff01e,0040,14da,f,1,4881,25
1861,1861,0,40229400,00dff01e,0040,14da,f,0,4881,1d
1862,1862,0,40229400,00dff01e,0040,14da,f,0,4881,1d
1863,1863,0,40229400,00dff01e,0040,14da,f,0,4881,0d
1864,1864,0,40229400,00dff01e,0040,14da,f,0,4881,25
1865,1865,0,40229402,00dff01e,0040,14da,f,0,48c1,1d
1866,1866,0,40229402,00dff01e,0040,14da,f,0,48c1,1d
1867,1867,0,40229402,00dff01e,0040,14da,f,0,48c1,0d
1868,1868,0,40229402,00dff01e,0040,14da,f,0,48c1,25
1869,1869,0,40229402,00dff01e,0040,14da,f,0,48c1,1d
1870,1870,0,40229402,00dff01e,0040,14da,f,0,48c1,1d
1871,1871,0,40229402,00dff01e,0040,14da,f,0,48c1,0d
1872,1872,0,40229402,00dff01e,0040,14da,f,0,48c1,25
1873,1873,0,40229402,00dff01e,0040,14da,f,0,48c1,1d
1874,1874,0,40229402,00dff01e,0040,14da,f,0,48c1,1d
1875,1875,0,40229402,00dff01e,0040,14da,f,0,48c1,0d
1876,1876,0,40229402,00dff01e,0040,14da,f,0,48c1,25
1877,1877,0,40229402,00dff01e,0040,14da,f,0,48c1,1d
1878,1878,0,40229402,00dff01e,0040,14da,f,0,48c1,1d
1879,1879,0,40229402,00dff01e,0040,14da,f,0,48c1,0d
1880,1880,0,40229402,00dff01e,0040,14da,f,0,48c1,25
1881,1881,0,40229402,00dff01e,0040,14da,f,0,48c1,1d
1882,1882,0,40229402,00dff01e,0040,14da,f,0,48c1,1d
1883,1883,0,40229402,00dff01e,0040,14da,f,0,48c1,0d
1884,1884,0,40229402,00dff01e,0040,14da,f,0,48c1,25
1885,1885,0,40229404,00dff01e,0040,14da,f,0,2028,1d
1886,1886,0,40229404,00dff01e,0040,14da,f,0,2028,1d
1887,1887,0,40229404,00dff01e,0040,14da,f,0,2028,0d
1888,1888,0,40229404,00dff01e,0040,14da,f,0,2028,25
1889,1889,0,40229404,00dff01e,0040,14da,f,1,2028,1d
1890,1890,0,40229404,00dff01e,0040,14da,f,1,2028,1d
1891,1891,0,40229404,00dff01e,0040,14da,f,1,2028,0d
1892,1892,0,40229404,00dff01e,0040,14da,f,1,2028,25
1893,1893,0,40229404,00dff01e,0040,14da,f,1,2028,1d
1894,1894,0,40229404,00dff01e,0040,14da,f,1,2028,1d
1895,1895,0,40229404,00dff01e,0040,14da,f,1,2028,0d
1896,1896,0,40229404,00dff01e,0040,14da,f,1,2028,25
1897,1897,0,40229404,00dff01e,0040,14da,f,1,2028,1d
1898,1898,0,40229404,00dff01e,0040,14da,f,1,2028,1d
1899,1899,0,40229404,00dff01e,0040,14da,f,1,2028,0d
1900,1900,0,40229404,00dff01e,0040,14da,f,1,2028,25
1901,1901,0,40229406,00dff01e,0040,14da,f,0,2028,1d
1902,1902,0,40229406,00dff01e,0040,14da,f,0,2028,1d
1903,1903,0,40229406,00dff01e,0040,14da,f,0,2028,0d
1904,1904,0,40229406,00dff01e,0040,14da,f,0,2028,25
1905,1905,0,40229406,00dff01e,0040,14da,f,0,2028,1d
1906,1906,0,40229406,00dff01e,0040,14da,f,0,2028,1d
1907,1907,0,40229406,00dff01e,0040,14da,f,0,2028,0d
1908,1908,0,40229406,00dff01e,0040,14da,f,0,2028,25
1909,1909,0,40229406,00dff01e,0040,14da,f,0,2028,1d
1910,1910,0,40229406,00dff01e,0040,14da,f,0,2028,1d
1911,1911,0,40229406,00dff01e,0040,14da,f,0,2028,0d
1912,1912,0,40229406,00dff01e,0040,14da,f,0,2028,25
1913,1913,0,40229406,00dff01e,0040,14da,f,1,2028,1d
1914,1914,0,40229406,00dff01e,0040,14da,f,1,2028,1d
1915,1915,0,40229406,00dff01e,0040,14da,f,1,2028,0d
1916,1916,0,40229406,00dff01e,0040,14da,f,1,2028,25
1917,1917,0,40229406,00dff01e,0040,14da,f,1,2028,1d
1918,1918,0,40229406,00dff01e,0040,14da,f,1,2028,1d
1919,1919,0,40229406,00dff01e,0040,14da,f,1,2028,0d
1920,1920,0,40229406,00dff01e,0040,14da,f,1,2028,25
1921,1921,0,40229406,00dff01e,0040,14da,f,1,2028,1d
1922,1922,0,40229406,00dff01e,0040,14da,f,1,2028,1d
1923,1923,0,40229406,00dff01e,0040,14da,f,1,2028,0d
1924,1924,0,40229406,00dff01e,0040,14da,f,1,2028,25
1925,1925,0,40229406,00dff01e,0040,14da,f,0,2028,1d
1926,1926,0,40229406,00dff01e,0040,14da,f,0,2028,1d
1927,1927,0,40229406,00dff01e,0040,14da,f,0,2028,0d
1928,1928,0,40229406,00dff01e,0040,14da,f,0,2028,25
1929,1929,0,40229406,00dff01e,0040,14da,f,0,2028,1d
1930,1930,0,40229406,00dff01e,0040,14da,f,0,2028,1d
1931,1931,0,40229406,00dff01e,0040,14da,f,0,2028,0d
1932,1932,0,40229406,00dff01e,0040,14da,f,0,2028,25
1933,1933,0,40229406,00dff01e,0040,14da,f,0,2028,1d
1934,1934,0,40229406,00dff01e,0040,14da,f,0,2028,1d
1935,1935,0,40229406,00dff01e,0040,14da,f,0,2028,0d
1936,1936,0,40229406,00dff01e,0040,14da,f,0,2028,25
1937,1937,0,40229408,00dff01e,0040,14da,f,0,223c,1d
1938,1938,0,40229408,00dff01e,0040,14da,f,0,223c,1d
1939,1939,0,40229408,00dff01e,0040,14da,f,0,223c,0d
1940,1940,0,40229408,00dff01e,0040,14da,f,0,223c,25
1941,1941,0,40229408,00dff01e,0040,14da,f,1,223c,1d
1942,1942,0,40229408,00dff01e,0040,14da,f,1,223c,1d
1943,1943,0,40229408,00dff01e,0040,14da,f,1,223c,0d
1944,1944,0,40229408,00dff01e,0040,14da,f,1,223c,25
1945,1945,0,4022940c,00dff01e,0040,14da,f,1,223c,1d
1946,1946,0,4022940c,00dff01e,0040,14da,f,1,223c,1d
1947,1947,0,4022940c,00dff01e,0040,14da,f,1,223c,0d
1948,1948,0,4022940c,00dff01e,0040,14da,f,1,223c,25
1949,1949,0,4022940c,00dff01e,0040,14da,f,1,223c,1d
1950,1950,0,4022940c,00dff01e,0040,14da,f,1,223c,1d
1951,1951,0,4022940c,00dff01e,0040,14da,f,1,223c,0d
1952,1952,0,4022940c,00dff01e,0040,14da,f,1,223c,25
1953,1953,0,4022940c,00dff01e,0040,14da,f,0,223c,1d
1954,1954,0,4022940c,00dff01e,0040,14da,f,0,223c,1d
1955,1955,0,4022940c,00dff01e,0040,14da,f,0,223c,0d
1956,1956,0,4022940c,00dff01e,0040,14da,f,0,223c,25
1957,1957,0,4022940c,00dff01e,0040,14da,f,1,223c,1d
1958,1958,0,4022940c,00dff01e,0040,14da,f,1,223c,1d
1959,1959,0,4022940c,00dff01e,0040,14da,f,1,223c,0d
1960,1960,0,4022940c,00dff01e,0040,14da,f,1,223c,25
1961,1961,0,4022940e,00dff01e,0040,14da,f,1,2028,1d
1962,1962,0,4022940e,00dff01e,0040,14da,f,1,2028,1d
1963,1963,0,4022940e,00dff01e,0040,14da,f,1,2028,0d
1964,1964,0,4022940e,00dff01e,0040,14da,f,1,2028,25
1965,1965,0,4022940e,00dff01e,0040,14da,f,1,2028,1d
1966,1966,0,4022940e,00dff01e,0040,14da,f,1,2028,1d
1967,1967,0,4022940e,00dff01e,0040,14da,f,1,2028,0d
1968,1968,0,4022940e,00dff01e,0040,14da,f,1,2028,25
1969,1969,0,4022940e,00dff01e,0040,14da,f,0,2028,1d
1970,1970,0,4022940e,00dff01e,0040,14da,f,0,2028,1d
1971,1971,0,4022940e,00dff01e,0040,14da,f,0,2028,0d
1972,1972,0,4022940e,00dff01e,0040,14da,f,0,2028,25
1973,1973,0,4022940e,00dff01e,0040,14da,f,0,2028,1d
1974,1974,0,4022940e,00dff01e,0040,14da,f,0,2028,1d
1975,1975,0,4022940e,00dff01e,0040,14da,f,0,2028,0d
1976,1976,0,4022940e,00dff01e,0040,14da,f,0,2028,25
1977,1977,0,40229410,00dff01e,0040,14da,f,0,2028,1d
1978,1978,0,40229410,00dff01e,0040,14da,f,0,2028,1d
1979,1979,0,40229410,00dff01e,0040,14da,f,0,2028,0d
1980,1980,0,40229410,00dff01e,0040,14da,f,0,2028,25
1981,1981,0,40229410,00dff01e,0040,14da,f,0,2028,1d
1982,1982,0,40229410,00dff01e,0040,14da,f,0,2028,1d
1983,1983,0,40229410,00dff01e,0040,14da,f,0,2028,0d
1984,1984,0,40229410,00dff01e,0040,14da,f,0,2028,25
1985,1985,0,40229410,00dff01e,0040,14da,f,0,2028,1d
1986,1986,0,40229410,00dff01e,0040,14da,f,0,2028,1d
1987,1987,0,40229410,00dff01e,0040,14da,f,0,2028,0d
1988,1988,0,40229410,00dff01e,0040,14da,f,0,2028,25
1989,1989,0,40229410,00dff01e,0040,14da,f,1,2028,1d
1990,1990,0,40229410,00dff01e,0040,14da,f,1,2028,1d
1991,1991,0,40229410,00dff01e,0040,14da,f,1,2028,0d
1992,1992,0,40229410,00dff01e,0040,14da,f,1,2028,25
1993,1993,0,40229410,00dff01e,0040,14da,f,1,2028,1d
1994,1994,0,40229410,00dff01e,0040,14da,f,1,2028,1d
1995,1995,0,40229410,00dff01e,0040,14da,f,1,2028,0d
1996,1996,0,40229410,00dff01e,0040,14da,f,1,2028,25
1997,1997,0,40229410,00dff01e,0040,14da,f,1,2028,1d
1998,1998,0,40229410,00dff01e,0040,14da,f,1,2028,1d
1999,1999,0,40229410,00dff01e,0040,14da,f,1,2028,0d
2000,2000,0,40229410,00dff01e,0040,14da,f,1,2028,25
2001,2001,0,40229410,00dff01e,0040,14da,f,0,2028,1d
2002,2002,0,40229410,00dff01e,0040,14da,f,0,2028,1d
2003,2003,0,40229410,00dff01e,0040,14da,f,0,2028,0d
2004,2004,0,40229410,00dff01e,0040,14da,f,0,2028,25
2005,2005,0,40229410,00dff01e,0040,14da,f,1,2028,1d
2006,2006,0,40229410,00dff01e,0040,14da,f,1,2028,1d
2007,2007,0,40229410,00dff01e,0040,14da,f,1,2028,0d
2008,2008,0,40229410,00dff01e,0040,14da,f,1,2028,25
2009,2009,0,40229410,00dff01e,0040,14da,f,1,2028,1d
2010,2010,0,40229410,00dff01e,0040,14da,f,1,2028,1d
2011,2011,0,40229410,00dff01e,0040,14da,f,1,2028,0d
2012,2012,0,40229410,00dff01e,0040,14da,f,1,2028,25
2013,2013,0,40229412,00dff01e,0040,14da,f,1,4841,1d
2014,2014,0,40229412,00dff01e,0040,14da,f,1,4841,1d
2015,2015,0,40229412,00dff01e,0040,14da,f,1,4841,0d
2016,2016,0,40229412,00dff01e,0040,14da,f,1,4841,25
2017,2017,0,40229412,00dff01e,0040,14da,f,0,4841,1d
2018,2018,0,40229412,00dff01e,0040,14da,f,0,4841,1d
2019,2019,0,40229412,00dff01e,0040,14da,f,0,4841,0d
2020,2020,0,40229412,00dff01e,0040,14da,f,0,4841,25
2021,2021,0,40229412,00dff01e,0040,14da,f,0,4841,1d
2022,2022,0,40229412,00dff01e,0040,14da,f,0,4841,1d
2023,2023,0,40229412,00dff01e,0040,14da,f,0,4841,0d
2024,2024,0,40229412,00dff01e,0040,14da,f,0,4841,25
2025,2025,0,40229412,00dff01e,0040,14da,f,0,4841,1d
2026,2026,0,40229412,00dff01e,0040,14da,f,0,4841,1d
2027,2027,0,40229412,00dff01e,0040,14da,f,0,4841,0d
2028,2028,0,40229412,00dff01e,0040,14da,f,0,4841,25
2029,2029,0,40229412,00dff01e,0040,14da,f,0,4841,1d
2030,2030,0,40229412,00dff01e,0040,14da,f,0,4841,1d
2031,2031,0,40229412,00dff01e,0040,14da,f,0,4841,0d
2032,2032,0,40229412,00dff01e,0040,14da,f,0,4841,25
2033,2033,0,40229414,00dff01e,0040,14da,f,0,6100,1d
2034,2034,0,40229414,00dff01e,0040,14da,f,0,6100,1d
2035,2035,0,40229414,00dff01e,0040,14da,f,0,6100,0d
2036,2036,0,40229414,00dff01e,0040,14da,f,0,6100,25
2037,2037,0,40229414,00dff01e,0040,14da,f,1,6100,1d
2038,2038,0,40229414,00dff01e,0040,14da,f,1,6100,1d
2039,2039,0,40229414,00dff01e,0040,14da,f,1,6100,0d
2040,2040,0,40229414,00dff01e,0040,14da,f,1,6100,25
2041,2041,0,40229416,00dff01e,0040,14da,f,1,6100,1d
2042,2042,0,40229416,00dff01e,0040,14da,f,1,6100,1d
2043,2043,0,40229416,00dff01e,0040,14da,f,1,6100,0d
2044,2044,0,40229416,00dff01e,0040,14da,f,1,6100,25
2045,2045,0,40229416,00dff01e,0040,14da,f,1,6100,1d
2046,2046,0,40229416,00dff01e,0040,14da,f,1,6100,1d
2047,2047,0,40229416,00dff01e,0040,14da,f,1,6100,0d
2048,2048,0,40229416,00dff01e,0040,14da,f,1,6100,25
2049,2049,0,40229416,00dff01e,0040,14da,f,0,6100,1d
2050,2050,0,40229416,00dff01e,0040,14da,f,0,6100,1d
2051,2051,0,40229416,00dff01e,0040,14da,f,0,6100,0d
2052,2052,0,40229416,00dff01e,0040,14da,f,0,6100,25
2053,2053,0,40229416,00dff01e,0040,14da,f,1,6100,1d
2054,2054,0,40229416,00dff01e,0040,14da,f,1,6100,1d
2055,2055,0,40229416,00dff01e,0040,14da,f,1,6100,0d
2056,2056,0,40229416,00dff01e,0040,14da,f,1,6100,25
2057,2057,0,40229416,00dff01e,0040,14da,f,1,6100,1d
2058,2058,0,40229416,00dff01e,0040,14da,f,1,6100,1d
2059,2059,0,40229416,00dff01e,0040,14da,f,1,6100,0d
2060,2060,0,40229416,00dff01e,0040,14da,f,1,6100,25
2061,2061,0,40229416,00dff01e,0040,14da,f,0,6100,1f
2062,2062,0,40229416,00dff01e,0040,14da,f,0,6100,1f
2063,2063,0,40229416,00dff01e,0040,14da,f,0,6100,0f
2064,2064,0,40229416,00dff01e,0040,14da,f,0,6100,03
2065,2065,0,40229416,00dff01e,0040,14da,f,0,6100,03
2066,2066,0,40229416,00dff01e,0040,14da,f,0,6100,03
2067,2067,0,40229416,00dff01e,0040,14da,f,0,6100,03
2068,2068,0,40229416,00dff01e,0040,14da,f,0,6100,23
2069,2069,0,4022958e,00dff01e,0040,14da,f,1,6100,1d
2070,2070,0,4022958e,00dff01e,0040,14da,f,1,6100,1d
2071,2071,0,4022958e,00dff01e,0040,14da,f,1,6100,0d
2072,2072,0,4022958e,00dff01e,0040,14da,f,1,6100,25
2073,2073,0,4022958e,00dff01e,0040,14da,f,1,6100,1f
2074,2074,0,4022958e,00dff01e,0040,14da,f,1,6100,1f
2075,2075,0,4022958e,00dff01e,0040,14da,f,1,6100,0f
2076,2076,0,4022958e,00dff01e,0040,14da,f,1,6100,03
2077,2077,0,4022958e,00dff01e,0040,14da,f,1,6100,03
2078,2078,0,4022958e,00dff01e,0040,14da,f,1,6100,03
2079,2079,0,4022958e,00dff01e,0040,14da,f,1,6100,03
2080,2080,0,4022958e,00dff01e,0040,14da,f,1,6100,03
2081,2081,0,4022958e,00dff01e,0040,14da,f,1,6100,03
2082,2082,0,4022958e,00dff01e,0040,14da,f,1,6100,03
2083,2083,0,4022958e,00dff01e,0040,14da,f,1,6100,03
2084,2084,0,4022958e,00dff01e,0040,14da,f,1,6100,23
2085,2085,0,4022958e,00dff01e,0040,14da,f,1,6100,1d
2086,2086,0,4022958e,00dff01e,0040,14da,f,1,6100,1d
2087,2087,0,4022958e,00dff01e,0040,14da,f,1,6100,0d
2088,2088,0,4022958e,00dff01e,0040,14da,f,1,6100,25
2089,2089,0,40229590,00dff01e,0040,14da,f,0,4e75,1d
2090,2090,0,40229590,00dff01e,0040,14da,f,0,4e75,1d
2091,2091,0,40229590,00dff01e,0040,14da,f,0,4e75,0d
2092,2092,0,40229590,00dff01e,0040,14da,f,0,4e75,25
2093,2093,0,40229590,00dff01e,0040,14da,f,1,4e75,1d
2094,2094,0,40229590,00dff01e,0040,14da,f,1,4e75,1d
2095,2095,0,40229590,00dff01e,0040,14da,f,1,4e75,0d
2096,2096,0,40229590,00dff01e,0040,14da,f,1,4e75,25
2097,2097,0,40229590,00dff01e,0040,14da,f,1,4e75,1d
2098,2098,0,40229590,00dff01e,0040,14da,f,1,4e75,1d
2099,2099,0,40229590,00dff01e,0040,14da,f,1,4e75,0d
2100,2100,0,40229590,00dff01e,0040,14da,f,1,4e75,25
2101,2101,0,40229590,00dff01e,0040,14da,f,1,4e75,1d
2102,2102,0,40229590,00dff01e,0040,14da,f,1,4e75,1d
2103,2103,0,40229590,00dff01e,0040,14da,f,1,4e75,0d
2104,2104,0,40229590,00dff01e,0040,14da,f,1,4e75,25
2105,2105,0,40229590,00dff01e,0040,14da,f,0,4e75,1d
2106,2106,0,40229590,00dff01e,0040,14da,f,0,4e75,1d
2107,2107,0,40229590,00dff01e,0040,14da,f,0,4e75,0d
2108,2108,0,40229590,00dff01e,0040,14da,f,0,4e75,25
2109,2109,0,40229590,00dff01e,0040,14da,f,1,4e75,1d
2110,2110,0,40229590,00dff01e,0040,14da,f,1,4e75,1d
2111,2111,0,40229590,00dff01e,0040,14da,f,1,4e75,0d
2112,2112,0,40229590,00dff01e,0040,14da,f,1,4e75,25
2113,2113,0,40229590,00dff01e,0040,14da,f,1,4e75,1d
2114,2114,0,40229590,00dff01e,0040,14da,f,1,4e75,1d
2115,2115,0,40229590,00dff01e,0040,14da,f,1,4e75,0d
2116,2116,0,40229590,00dff01e,0040,14da,f,1,4e75,25
2117,2117,0,40229590,00dff01e,0040,14da,f,1,4e75,1d
2118,2118,0,40229590,00dff01e,0040,14da,f,1,4e75,1d
2119,2119,0,40229590,00dff01e,0040,14da,f,1,4e75,0d
2120,2120,0,40229590,00dff01e,0040,14da,f,1,4e75,25
2121,2121,0,40229590,00dff01e,0040,14da,f,0,4e75,1d
2122,2122,0,40229590,00dff01e,0040,14da,f,0,4e75,1d
2123,2123,0,40229590,00dff01e,0040,14da,f,0,4e75,0d
2124,2124,0,40229590,00dff01e,0040,14da,f,0,4e75,25
2125,2125,0,40229416,00dff01e,0040,14da,f,1,4e75,1d
2126,2126,0,40229416,00dff01e,0040,14da,f,1,4e75,1d
2127,2127,0,40229416,00dff01e,0040,14da,f,1,4e75,0d
2128,2128,0,40229416,00dff01e,0040,14da,f,1,4e75,25
2129,2129,0,40229416,00dff01e,0040,14da,f,1,4e75,1d
2130,2130,0,40229416,00dff01e,0040,14da,f,1,4e75,1d
2131,2131,0,40229416,00dff01e,0040,14da,f,1,4e75,0d
2132,2132,0,40229416,00dff01e,0040,14da,f,1,4e75,25
2133,2133,0,40229416,00dff01e,0040,14da,f,1,4e75,1d
2134,2134,0,40229416,00dff01e,0040,14da,f,1,4e75,1d
2135,2135,0,40229416,00dff01e,0040,14da,f,1,4e75,0d
2136,2136,0,40229416,00dff01e,0040,14da,f,1,4e75,25
2137,2137,0,40229418,00dff01e,0040,14da,f,0,c141,1d
2138,2138,0,40229418,00dff01e,0040,14da,f,0,c141,1d
2139,2139,0,40229418,00dff01e,0040,14da,f,0,c141,0d
2140,2140,0,40229418,00dff01e,0040,14da,f,0,c141,25
2141,2141,0,40229418,00dff01e,0040,14da,f,1,c141,1d
2142,2142,0,40229418,00dff01e,0040,14da,f,1,c141,1d
2143,2143,0,40229418,00dff01e,0040,14da,f,1,c141,0d
2144,2144,0,40229418,00dff01e,0040,14da,f,1,c141,25
2145,2145,0,40229418,00dff01e,0040,14da,f,1,c141,1d
2146,2146,0,40229418,00dff01e,0040,14da,f,1,c141,1d
2147,2147,0,40229418,00dff01e,0040,14da,f,1,c141,0d
2148,2148,0,40229418,00dff01e,0040,14da,f,1,c141,25
2149,2149,0,40229418,00dff01e,0040,14da,f,1,c141,1d
2150,2150,0,40229418,00dff01e,0040,14da,f,1,c141,1d
2151,2151,0,40229418,00dff01e,0040,14da,f,1,c141,0d
2152,2152,0,40229418,00dff01e,0040,14da,f,1,c141,25
2153,2153,0,4022941a,00dff01e,0040,14da,f,0,4281,1d
2154,2154,0,4022941a,00dff01e,0040,14da,f,0,4281,1d
2155,2155,0,4022941a,00dff01e,0040,14da,f,0,4281,0d
2156,2156,0,4022941a,00dff01e,0040,14da,f,0,4281,25
2157,2157,0,4022941a,00dff01e,0040,14da,f,1,4281,1d
2158,2158,0,4022941a,00dff01e,0040,14da,f,1,4281,1d
2159,2159,0,4022941a,00dff01e,0040,14da,f,1,4281,0d
2160,2160,0,4022941a,00dff01e,0040,14da,f,1,4281,25
2161,2161,0,4022941a,00dff01e,0040,14da,f,1,4281,1d
2162,2162,0,4022941a,00dff01e,0040,14da,f,1,4281,1d
2163,2163,0,4022941a,00dff01e,0040,14da,f,1,4281,0d
2164,2164,0,4022941a,00dff01e,0040,14da,f,1,4281,25
2165,2165,0,4022941a,00dff01e,0040,14da,f,1,4281,1d
2166,2166,0,4022941a,00dff01e,0040,14da,f,1,4281,1d
2167,2167,0,4022941a,00dff01e,0040,14da,f,1,4281,0d
2168,2168,0,4022941a,00dff01e,0040,14da,f,1,4281,25
2169,2169,0,4022941a,00dff01e,0040,14da,f,0,4281,1d
2170,2170,0,4022941a,00dff01e,0040,14da,f,0,4281,1d
2171,2171,0,4022941a,00dff01e,0040,14da,f,0,4281,0d
2172,2172,0,4022941a,00dff01e,0040,14da,f,0,4281,25
2173,2173,0,4022941c,00dff01e,0040,14da,f,1,4480,1d
2174,2174,0,4022941c,00dff01e,0040,14da,f,1,4480,1d
2175,2175,0,4022941c,00dff01e,0040,14da,f,1,4480,0d
2176,2176,0,4022941c,00dff01e,0040,14da,f,1,4480,25
2177,2177,0,4022941c,00dff01e,0040,14da,f,1,4480,1d
2178,2178,0,4022941c,00dff01e,0040,14da,f,1,4480,1d
2179,2179,0,4022941c,00dff01e,0040,14da,f,1,4480,0d
2180,2180,0,4022941c,00dff01e,0040,14da,f,1,4480,25
2181,2181,0,4022941c,00dff01e,0040,14da,f,1,4480,1d
2182,2182,0,4022941c,00dff01e,0040,14da,f,1,4480,1d
2183,2183,0,4022941c,00dff01e,0040,14da,f,1,4480,0d
2184,2184,0,4022941c,00dff01e,0040,14da,f,1,4480,25
2185,2185,0,4022941c,00dff01e,0040,14da,f,0,4480,1d
2186,2186,0,4022941c,00dff01e,0040,14da,f,0,4480,1d
2187,2187,0,4022941c,00dff01e,0040,14da,f,0,4480,0d
2188,2188,0,4022941c,00dff01e,0040,14da,f,0,4480,25
2189,2189,0,4022941c,00dff01e,0040,14da,f,1,4480,1d
2190,2190,0,4022941c,00dff01e,0040,14da,f,1,4480,1d
2191,2191,0,4022941c,00dff01e,0040,14da,f,1,4480,0d
2192,2192,0,4022941c,00dff01e,0040,14da,f,1,4480,25
2193,2193,0,4022941e,00dff01e,0040,14da,f,1,d080,1d
2194,2194,0,4022941e,00dff01e,0040,14da,f,1,d080,1d
2195,2195,0,4022941e,00dff01e,0040,14da,f,1,d080,0d
2196,2196,0,4022941e,00dff01e,0040,14da,f,1,d080,25
2197,2197,0,4022941e,00dff01e,0040,14da,f,1,d080,1d
2198,2198,0,4022941e,00dff01e,0040,14da,f,1,d080,1d
2199,2199,0,4022941e,00dff01e,0040,14da,f,1,d080,0d
2200,2200,0,4022941e,00dff01e,0040,14da,f,1,d080,25
2201,2201,0,4022941e,00dff01e,0040,14da,f,0,d080,1d
2202,2202,0,4022941e,00dff01e,0040,14da,f,0,d080,1d
2203,2203,0,4022941e,00dff01e,0040,14da,f,0,d080,0d
2204,2204,0,4022941e,00dff01e,0040,14da,f,0,d080,25
2205,2205,0,4022941e,00dff01e,0040,14da,f,1,d080,1d
2206,2206,0,4022941e,00dff01e,0040,14da,f,1,d080,1d
2207,2207,0,4022941e,00dff01e,0040,14da,f,1,d080,0d
2208,2208,0,4022941e,00dff01e,0040,14da,f,1,d080,25
2209,2209,0,4022941e,00dff01e,0040,14da,f,1,d080,1d
2210,2210,0,4022941e,00dff01e,0040,14da,f,1,d080,1d
2211,2211,0,4022941e,00dff01e,0040,14da,f,1,d080,0d
2212,2212,0,4022941e,00dff01e,0040,14da,f,1,d080,25
2213,2213,0,40229420,00dff01e,0040,14da,f,1,d281,1d
2214,2214,0,40229420,00dff01e,0040,14da,f,1,d281,1d
2215,2215,0,40229420,00dff01e,0040,14da,f,1,d281,0d
2216,2216,0,40229420,00dff01e,0040,14da,f,1,d281,25
2217,2217,0,40229420,00dff01e,0040,14da,f,0,d281,1d
2218,2218,0,40229420,00dff01e,0040,14da,f,0,d281,1d
2219,2219,0,40229420,00dff01e,0040,14da,f,0,d281,0d
2220,2220,0,40229420,00dff01e,0040,14da,f,0,d281,25
2221,2221,0,40229420,00dff01e,0040,14da,f,1,d281,1d
2222,2222,0,40229420,00dff01e,0040,14da,f,1,d281,1d
2223,2223,0,40229420,00dff01e,0040,14da,f,1,d281,0d
2224,2224,0,40229420,00dff01e,0040,14da,f,1,d281,25
2225,2225,0,40229420,00dff01e,0040,14da,f,1,d281,1d
2226,2226,0,40229420,00dff01e,0040,14da,f,1,d281,1d
2227,2227,0,40229420,00dff01e,0040,14da,f,1,d281,0d
2228,2228,0,40229420,00dff01e,0040,14da,f,1,d281,25
2229,2229,0,40229420,00dff01e,0040,14da,f,1,d281,1d
2230,2230,0,40229420,00dff01e,0040,14da,f,1,d281,1d
2231,2231,0,40229420,00dff01e,0040,14da,f,1,d281,0d
2232,2232,0,40229420,00dff01e,0040,14da,f,1,d281,25
2233,2233,0,40229422,00dff01e,0040,14da,f,0,d080,1d
2234,2234,0,40229422,00dff01e,0040,14da,f,0,d080,1d
2235,2235,0,40229422,00dff01e,0040,14da,f,0,d080,0d
2236,2236,0,40229422,00dff01e,0040,14da,f,0,d080,25
2237,2237,0,40229422,00dff01e,0040,14da,f,0,d080,1d
2238,2238,0,40229422,00dff01e,0040,14da,f,0,d080,1d
2239,2239,0,40229422,00dff01e,0040,14da,f,0,d080,0d
2240,2240,0,40229422,00dff01e,0040,14da,f,0,d080,25
2241,2241,0,40229422,00dff01e,0040,14da,f,0,d080,1d
2242,2242,0,40229422,00dff01e,0040,14da,f,0,d080,1d
2243,2243,0,40229422,00dff01e,0040,14da,f,0,d080,0d
2244,2244,0,40229422,00dff01e,0040,14da,f,0,d080,25
2245,2245,0,40229422,00dff01e,0040,14da,f,0,d080,1d
2246,2246,0,40229422,00dff01e,0040,14da,f,0,d080,1d
2247,2247,0,40229422,00dff01e,0040,14da,f,0,d080,0d
2248,2248,0,40229422,00dff01e,0040,14da,f,0,d080,25
2249,2249,0,40229422,00dff01e,0040,14da,f,0,d080,1d
2250,2250,0,40229422,00dff01e,0040,14da,f,0,d080,1d
2251,2251,0,40229422,00dff01e,0040,14da,f,0,d080,0d
2252,2252,0,40229422,00dff01e,0040,14da,f,0,d080,25
2253,2253,0,40229424,00dff01e,0040,14da,f,0,d281,1d
2254,2254,0,40229424,00dff01e,0040,14da,f,0,d281,1d
2255,2255,0,40229424,00dff01e,0040,14da,f,0,d281,0d
2256,2256,0,40229424,00dff01e,0040,14da,f,0,d281,25
2257,2257,0,40229424,00dff01e,0040,14da,f,1,d281,1d
2258,2258,0,40229424,00dff01e,0040,14da,f,1,d281,1d
2259,2259,0,40229424,00dff01e,0040,14da,f,1,d281,0d
2260,2260,0,40229424,00dff01e,0040,14da,f,1,d281,25
2261,2261,0,40229424,00dff01e,0040,14da,f,1,d281,1d
2262,2262,0,40229424,00dff01e,0040,14da,f,1,d281,1d
2263,2263,0,40229424,00dff01e,0040,14da,f,1,d281,0d
2264,2264,0,40229424,00dff01e,0040,14da,f,1,d281,25
2265,2265,0,40229424,00dff01e,0040,14da,f,1,d281,1d
2266,2266,0,40229424,00dff01e,0040,14da,f,1,d281,1d
2267,2267,0,40229424,00dff01e,0040,14da,f,1,d281,0d
2268,2268,0,40229424,00dff01e,0040,14da,f,1,d281,25
2269,2269,0,40229424,00dff01e,0040,14da,f,0,d281,1d
2270,2270,0,40229424,00dff01e,0040,14da,f,0,d281,1d
2271,2271,0,40229424,00dff01e,0040,14da,f,0,d281,0d
2272,2272,0,40229424,00dff01e,0040,14da,f,0,d281,25
2273,2273,0,40229426,00dff01e,0040,14da,f,0,0680,1d
2274,2274,0,40229426,00dff01e,0040,14da,f,0,0680,1d
2275,2275,0,40229426,00dff01e,0040,14da,f,0,0680,0d
2276,2276,0,40229426,00dff01e,0040,14da,f,0,0680,25
2277,2277,0,40229426,00dff01e,0040,14da,f,0,0680,1d
2278,2278,0,40229426,00dff01e,0040,14da,f,0,0680,1d
2279,2279,0,40229426,00dff01e,0040,14da,f,0,0680,0d
2280,2280,0,40229426,00dff01e,0040,14da,f,0,0680,25
2281,2281,0,4022942a,00dff01e,0040,14da,f,0,0680,1d
2282,2282,0,4022942a,00dff01e,0040,14da,f,0,0680,1d
2283,2283,0,4022942a,00dff01e,0040,14da,f,0,0680,0d
2284,2284,0,4022942a,00dff01e,0040,14da,f,0,0680,25
2285,2285,0,4022942a,00dff01e,0040,14da,f,1,0680,1d
2286,2286,0,4022942a,00dff01e,0040,14da,f,1,0680,1d
2287,2287,0,4022942a,00dff01e,0040,14da,f,1,0680,0d
2288,2288,0,4022942a,00dff01e,0040,14da,f,1,0680,25
2289,2289,0,4022942a,00dff01e,0040,14da,f,1,0680,1d
2290,2290,0,4022942a,00dff01e,0040,14da,f,1,0680,1d
2291,2291,0,4022942a,00dff01e,0040,14da,f,1,0680,0d
2292,2292,0,4022942a,00dff01e,0040,14da,f,1,0680,25
2293,2293,0,4022942a,00dff01e,0040,14da,f,1,0680,1d
2294,2294,0,4022942a,00dff01e,0040,14da,f,1,0680,1d
2295,2295,0,4022942a,00dff01e,0040,14da,f,1,0680,0d
2296,2296,0,4022942a,00dff01e,0040,14da,f,1,0680,25
2297,2297,0,4022942c,00dff01e,0040,14da,f,0,0481,1d
2298,2298,0,4022942c,00dff01e,0040,14da,f,0,0481,1d
2299,2299,0,4022942c,00dff01e,0040,14da,f,0,0481,0d
2300,2300,0,4022942c,00dff01e,0040,14da,f,0,0481,25
2301,2301,0,4022942c,00dff01e,0040,14da,f,1,0481,1d
2302,2302,0,4022942c,00dff01e,0040,14da,f,1,0481,1d
2303,2303,0,4022942c,00dff01e,0040,14da,f,1,0481,0d
2304,2304,0,4022942c,00dff01e,0040,14da,f,1,0481,25
2305,2305,0,40229430,00dff01e,0040,14da,f,1,0481,1d
2306,2306,0,40229430,00dff01e,0040,14da,f,1,0481,1d
2307,2307,0,40229430,00dff01e,0040,14da,f,1,0481,0d
2308,2308,0,40229430,00dff01e,0040,14da,f,1,0481,25
2309,2309,0,40229430,00dff01e,0040,14da,f,1,0481,1d
2310,2310,0,40229430,00dff01e,0040,14da,f,1,0481,1d
2311,2311,0,40229430,00dff01e,0040,14da,f,1,0481,0d
2312,2312,0,40229430,00dff01e,0040,14da,f,1,0481,25
2313,2313,0,40229430,00dff01e,0040,14da,f,0,0481,1d
2314,2314,0,40229430,00dff01e,0040,14da,f,0,0481,1d
2315,2315,0,40229430,00dff01e,0040,14da,f,0,0481,0d
2316,2316,0,40229430,00dff01e,0040,14da,f,0,0481,25
2317,2317,0,40229430,00dff01e,0040,14da,f,1,0481,1d
2318,2318,0,40229430,00dff01e,0040,14da,f,1,0481,1d
2319,2319,0,40229430,00dff01e,0040,14da,f,1,0481,0d
2320,2320,0,40229430,00dff01e,0040,14da,f,1,0481,25
2321,2321,0,40229432,00dff01e,0040,14da,f,1,207c,1d
2322,2322,0,40229432,00dff01e,0040,14da,f,1,207c,1d
2323,2323,0,40229432,00dff01e,0040,14da,f,1,207c,0d
2324,2324,0,40229432,00dff01e,0040,14da,f,1,207c,25
2325,2325,0,40229432,00dff01e,0040,14da,f,1,207c,1d
2326,2326,0,40229432,00dff01e,0040,14da,f,1,207c,1d
2327,2327,0,40229432,00dff01e,0040,14da,f,1,207c,0d
2328,2328,0,40229432,00dff01e,0040,14da,f,1,207c,25
2329,2329,0,40229436,00dff01e,0040,14da,f,0,207c,1d
2330,2330,0,40229436,00dff01e,0040,14da,f,0,207c,1d
2331,2331,0,40229436,00dff01e,0040,14da,f,0,207c,0d
2332,2332,0,40229436,00dff01e,0040,14da,f,0,207c,25
2333,2333,0,40229436,00dff01e,0040,14da,f,1,207c,1d
2334,2334,0,40229436,00dff01e,0040,14da,f,1,207c,1d
2335,2335,0,40229436,00dff01e,0040,14da,f,1,207c,0d
2336,2336,0,40229436,00dff01e,0040,14da,f,1,207c,25
2337,2337,0,40229436,00dff01e,0040,14da,f,1,207c,1d
2338,2338,0,40229436,00dff01e,0040,14da,f,1,207c,1d
2339,2339,0,40229436,00dff01e,0040,14da,f,1,207c,0d
2340,2340,0,40229436,00dff01e,0040,14da,f,1,207c,25
2341,2341,0,40229436,00dff01e,0040,14da,f,1,207c,1d
2342,2342,0,40229436,00dff01e,0040,14da,f,1,207c,1d
2343,2343,0,40229436,00dff01e,0040,14da,f,1,207c,0d
2344,2344,0,40229436,00dff01e,0040,14da,f,1,207c,25
2345,2345,0,40229438,00dff01e,0040,14da,f,0,2028,1d
2346,2346,0,40229438,00dff01e,0040,14da,f,0,2028,1d
2347,2347,0,40229438,00dff01e,0040,14da,f,0,2028,0d
2348,2348,0,40229438,00dff01e,0040,14da,f,0,2028,25
2349,2349,0,40229438,00dff01e,0040,14da,f,1,2028,1d
2350,2350,0,40229438,00dff01e,0040,14da,f,1,2028,1d
2351,2351,0,40229438,00dff01e,0040,14da,f,1,2028,0d
2352,2352,0,40229438,00dff01e,0040,14da,f,1,2028,25
2353,2353,0,40229438,00dff01e,0040,14da,f,1,2028,1d
2354,2354,0,40229438,00dff01e,0040,14da,f,1,2028,1d
2355,2355,0,40229438,00dff01e,0040,14da,f,1,2028,0d
2356,2356,0,40229438,00dff01e,0040,14da,f,1,2028,25
2357,2357,0,40229438,00dff01e,0040,14da,f,1,2028,1d
2358,2358,0,40229438,00dff01e,0040,14da,f,1,2028,1d
2359,2359,0,40229438,00dff01e,0040,14da,f,1,2028,0d
2360,2360,0,40229438,00dff01e,0040,14da,f,1,2028,25
2361,2361,0,4022943a,00dff01e,0040,14da,f,0,2028,1d
2362,2362,0,4022943a,00dff01e,0040,14da,f,0,2028,1d
2363,2363,0,4022943a,00dff01e,0040,14da,f,0,2028,0d
2364,2364,0,4022943a,00dff01e,0040,14da,f,0,2028,25
2365,2365,0,4022943a,00dff01e,0040,14da,f,0,2028,1d
2366,2366,0,4022943a,00dff01e,0040,14da,f,0,2028,1d
2367,2367,0,4022943a,00dff01e,0040,14da,f,0,2028,0d
2368,2368,0,4022943a,00dff01e,0040,14da,f,0,2028,25
2369,2369,0,4022943a,00dff01e,0040,14da,f,0,2028,1d
2370,2370,0,4022943a,00dff01e,0040,14da,f,0,2028,1d
2371,2371,0,4022943a,00dff01e,0040,14da,f,0,2028,0d
2372,2372,0,4022943a,00dff01e,0040,14da,f,0,2028,25
2373,2373,0,4022943a,00dff01e,0040,14da,f,1,2028,1d
2374,2374,0,4022943a,00dff01e,0040,14da,f,1,2028,1d
2375,2375,0,4022943a,00dff01e,0040,14da,f,1,2028,0d
2376,2376,0,4022943a,00dff01e,0040,14da,f,1,2028,25
2377,2377,0,4022943a,00dff01e,0040,14da,f,1,2028,1d
2378,2378,0,4022943a,00dff01e,0040,14da,f,1,2028,1d
2379,2379,0,4022943a,00dff01e,0040,14da,f,1,2028,0d
2380,2380,0,4022943a,00dff01e,0040,14da,f,1,2028,25
2381,2381,0,4022943a,00dff01e,0040,14da,f,1,2028,1d
2382,2382,0,4022943a,00dff01e,0040,14da,f,1,2028,1d
2383,2383,0,4022943a,00dff01e,0040,14da,f,1,2028,0d
2384,2384,0,4022943a,00dff01e,0040,14da,f,1,2028,25
2385,2385,0,4022943a,00dff01e,0040,14da,f,0,2028,1d
2386,2386,0,4022943a,00dff01e,0040,14da,f,0,2028,1d
2387,2387,0,4022943a,00dff01e,0040,14da,f,0,2028,0d
2388,2388,0,4022943a,00dff01e,0040,14da,f,0,2028,25
2389,2389,0,4022943a,00dff01e,0040,14da,f,0,2028,1d
2390,2390,0,4022943a,00dff01e,0040,14da,f,0,2028,1d
2391,2391,0,4022943a,00dff01e,0040,14da,f,0,2028,0d
2392,2392,0,4022943a,00dff01e,0040,14da,f,0,2028,25
2393,2393,0,4022943a,00dff01e,0040,14da,f,0,2028,1d
2394,2394,0,4022943a,00dff01e,0040,14da,f,0,2028,1d
2395,2395,0,4022943a,00dff01e,0040,14da,f,0,2028,0d
2396,2396,0,4022943a,00dff01e,0040,14da,f,0,2028,25
2397,2397,0,4022943c,00dff01e,0040,14da,f,0,4881,1d
2398,2398,0,4022943c,00dff01e,0040,14da,f,0,4881,1d
2399,2399,0,4022943c,00dff01e,0040,14da,f,0,4881,0d
2400,2400,0,4022943c,00dff01e,0040,14da,f,0,4881,25
2401,2401,0,4022943c,00dff01e,0040,14da,f,1,4881,1d
2402,2402,0,4022943c,00dff01e,0040,14da,f,1,4881,1d
2403,2403,0,4022943c,00dff01e,0040,14da,f,1,4881,0d
2404,2404,0,4022943c,00dff01e,0040,14da,f,1,4881,25
2405,2405,0,4022943c,00dff01e,0040,14da,f,1,4881,1d
2406,2406,0,4022943c,00dff01e,0040,14da,f,1,4881,1d
2407,2407,0,4022943c,00dff01e,0040,14da,f,1,4881,0d
2408,2408,0,4022943c,00dff01e,0040,14da,f,1,4881,25
2409,2409,0,4022943c,00dff01e,0040,14da,f,1,4881,1d
2410,2410,0,4022943c,00dff01e,0040,14da,f,1,4881,1d
2411,2411,0,4022943c,00dff01e,0040,14da,f,1,4881,0d
2412,2412,0,4022943c,00dff01e,0040,14da,f,1,4881,25
2413,2413,0,4022943c,00dff01e,0040,14da,f,0,4881,1d
2414,2414,0,4022943c,00dff01e,0040,14da,f,0,4881,1d
2415,2415,0,4022943c,00dff01e,0040,14da,f,0,4881,0d
2416,2416,0,4022943c,00dff01e,0040,14da,f,0,4881,25
2417,2417,0,4022943e,00dff01e,0040,14da,f,0,48c1,1d
2418,2418,0,4022943e,00dff01e,0040,14da,f,0,48c1,1d
2419,2419,0,4022943e,00dff01e,0040,14da,f,0,48c1,0d
2420,2420,0,4022943e,00dff01e,0040,14da,f,0,48c1,25
2421,2421,0,4022943e,00dff01e,0040,14da,f,0,48c1,1d
2422,2422,0,4022943e,00dff01e,0040,14da,f,0,48c1,1d
2423,2423,0,4022943e,00dff01e,0040,14da,f,0,48c1,0d
2424,2424,0,4022943e,00dff01e,0040,14da,f,0,48c1,25
2425,2425,0,4022943e,00dff01e,0040,14da,f,0,48c1,1d
2426,2426,0,4022943e,00dff01e,0040,14da,f,0,48c1,1d
2427,2427,0,4022943e,00dff01e,0040,14da,f,0,48c1,0d
2428,2428,0,4022943e,00dff01e,0040,14da,f,0,48c1,25
2429,2429,0,4022943e,00dff01e,0040,14da,f,0,48c1,1d
2430,2430,0,4022943e,00dff01e,0040,14da,f,0,48c1,1d
2431,2431,0,4022943e,00dff01e,0040,14da,f,0,48c1,0d
2432,2432,0,4022943e,00dff01e,0040,14da,f,0,48c1,25
2433,2433,0,4022943e,00dff01e,0040,14da,f,0,48c1,1d
2434,2434,0,4022943e,00dff01e,0040,14da,f,0,48c1,1d
2435,2435,0,4022943e,00dff01e,0040,14da,f,0,48c1,0d
2436,2436,0,4022943e,00dff01e,0040,14da,f,0,48c1,25
2437,2437,0,40229440,00dff01e,0040,14da,f,0,2028,1d
2438,2438,0,40229440,00dff01e,0040,14da,f,0,2028,1d
2439,2439,0,40229440,00dff01e,0040,14da,f,0,2028,0d
2440,2440,0,40229440,00dff01e,0040,14da,f,0,2028,25
2441,2441,0,40229440,00dff01e,0040,14da,f,1,2028,1d
2442,2442,0,40229440,00dff01e,0040,14da,f,1,2028,1d
2443,2443,0,40229440,00dff01e,0040,14da,f,1,2028,0d
2444,2444,0,40229440,00dff01e,0040,14da,f,1,2028,25
2445,2445,0,40229440,00dff01e,0040,14da,f,1,2028,1d
2446,2446,0,40229440,00dff01e,0040,14da,f,1,2028,1d
2447,2447,0,40229440,00dff01e,0040,14da,f,1,2028,0d
2448,2448,0,40229440,00dff01e,0040,14da,f,1,2028,25
2449,2449,0,40229440,00dff01e,0040,14da,f,1,2028,1d
2450,2450,0,40229440,00dff01e,0040,14da,f,1,2028,1d
2451,2451,0,40229440,00dff01e,0040,14da,f,1,2028,0d
2452,2452,0,40229440,00dff01e,0040,14da,f,1,2028,25
2453,2453,0,40229442,00dff01e,0040,14da,f,0,2028,1d
2454,2454,0,40229442,00dff01e,0040,14da,f,0,2028,1d
2455,2455,0,40229442,00dff01e,0040,14da,f,0,2028,0d
2456,2456,0,40229442,00dff01e,0040,14da,f,0,2028,25
2457,2457,0,40229442,00dff01e,0040,14da,f,0,2028,1d
2458,2458,0,40229442,00dff01e,0040,14da,f,0,2028,1d
2459,2459,0,40229442,00dff01e,0040,14da,f,0,2028,0d
2460,2460,0,40229442,00dff01e,0040,14da,f,0,2028,25
2461,2461,0,40229442,00dff01e,0040,14da,f,0,2028,1d
2462,2462,0,40229442,00dff01e,0040,14da,f,0,2028,1d
2463,2463,0,40229442,00dff01e,0040,14da,f,0,2028,0d
2464,2464,0,40229442,00dff01e,0040,14da,f,0,2028,25
2465,2465,0,40229442,00dff01e,0040,14da,f,1,2028,1d
2466,2466,0,40229442,00dff01e,0040,14da,f,1,2028,1d
2467,2467,0,40229442,00dff01e,0040,14da,f,1,2028,0d
2468,2468,0,40229442,00dff01e,0040,14da,f,1,2028,25
2469,2469,0,40229442,00dff01e,0040,14da,f,1,2028,1d
2470,2470,0,40229442,00dff01e,0040,14da,f,1,2028,1d
2471,2471,0,40229442,00dff01e,0040,14da,f,1,2028,0d
2472,2472,0,40229442,00dff01e,0040,14da,f,1,2028,25
2473,2473,0,40229442,00dff01e,0040,14da,f,1,2028,1d
2474,2474,0,40229442,00dff01e,0040,14da,f,1,2028,1d
2475,2475,0,40229442,00dff01e,0040,14da,f,1,2028,0d
2476,2476,0,40229442,00dff01e,0040,14da,f,1,2028,25
2477,2477,0,40229442,00dff01e,0040,14da,f,0,2028,1d
2478,2478,0,40229442,00dff01e,0040,14da,f,0,2028,1d
2479,2479,0,40229442,00dff01e,0040,14da,f,0,2028,0d
2480,2480,0,40229442,00dff01e,0040,14da,f,0,2028,25
2481,2481,0,40229442,00dff01e,0040,14da,f,0,2028,1d
2482,2482,0,40229442,00dff01e,0040,14da,f,0,2028,1d
2483,2483,0,40229442,00dff01e,0040,14da,f,0,2028,0d
2484,2484,0,40229442,00dff01e,0040,14da,f,0,2028,25
2485,2485,0,40229442,00dff01e,0040,14da,f,0,2028,1d
2486,2486,0,40229442,00dff01e,0040,14da,f,0,2028,1d
2487,2487,0,40229442,00dff01e,0040,14da,f,0,2028,0d
2488,2488,0,40229442,00dff01e,0040,14da,f,0,2028,25
2489,2489,0,40229444,00dff01e,0040,14da,f,0,223c,1d
2490,2490,0,40229444,00dff01e,0040,14da,f,0,223c,1d
2491,2491,0,40229444,00dff01e,0040,14da,f,0,223c,0d
2492,2492,0,40229444,00dff01e,0040,14da,f,0,223c,25
2493,2493,0,40229444,00dff01e,0040,14da,f,1,223c,1d
2494,2494,0,40229444,00dff01e,0040,14da,f,1,223c,1d
2495,2495,0,40229444,00dff01e,0040,14da,f,1,223c,0d
2496,2496,0,40229444,00dff01e,0040,14da,f,1,223c,25
2497,2497,0,40229448,00dff01e,0040,14da,f,1,223c,1d
2498,2498,0,40229448,00dff01e,0040,14da,f,1,223c,1d
2499,2499,0,40229448,00dff01e,0040,14da,f,1,223c,0d
2500,2500,0,40229448,00dff01e,0040,14da,f,1,223c,25
2501,2501,0,40229448,00dff01e,0040,14da,f,1,223c,1d
2502,2502,0,40229448,00dff01e,0040,14da,f,1,223c,1d
2503,2503,0,40229448,00dff01e,0040,14da,f,1,223c,0d
2504,2504,0,40229448,00dff01e,0040,14da,f,1,223c,25
2505,2505,0,40229448,00dff01e,0040,14da,f,0,223c,1d
2506,2506,0,40229448,00dff01e,0040,14da,f,0,223c,1d
2507,2507,0,40229448,00dff01e,0040,14da,f,0,223c,0d
2508,2508,0,40229448,00dff01e,0040,14da,f,0,223c,25
2509,2509,0,40229448,00dff01e,0040,14da,f,1,223c,1d
2510,2510,0,40229448,00dff01e,0040,14da,f,1,223c,1d
2511,2511,0,40229448,00dff01e,0040,14da,f,1,223c,0d
2512,2512,0,40229448,00dff01e,0040,14da,f,1,223c,25
2513,2513,0,4022944a,00dff01e,0040,14da,f,1,2028,1d
2514,2514,0,4022944a,00dff01e,0040,14da,f,1,2028,1d
2515,2515,0,4022944a,00dff01e,0040,14da,f,1,2028,0d
2516,2516,0,4022944a,00dff01e,0040,14da,f,1,2028,25
2517,2517,0,4022944a,00dff01e,0040,14da,f,1,2028,1d
2518,2518,0,4022944a,00dff01e,0040,14da,f,1,2028,1d
2519,2519,0,4022944a,00dff01e,0040,14da,f,1,2028,0d
2520,2520,0,4022944a,00dff01e,0040,14da,f,1,2028,25
2521,2521,0,4022944a,00dff01e,0040,14da,f,0,2028,1d
2522,2522,0,4022944a,00dff01e,0040,14da,f,0,2028,1d
2523,2523,0,4022944a,00dff01e,0040,14da,f,0,2028,0d
2524,2524,0,4022944a,00dff01e,0040,14da,f,0,2028,25
2525,2525,0,4022944a,00dff01e,0040,14da,f,0,2028,1d
2526,2526,0,4022944a,00dff01e,0040,14da,f,0,2028,1d
2527,2527,0,4022944a,00dff01e,0040,14da,f,0,2028,0d
2528,2528,0,4022944a,00dff01e,0040,14da,f,0,2028,25
2529,2529,0,4022944c,00dff01e,0040,14da,f,0,2028,1d
2530,2530,0,4022944c,00dff01e,0040,14da,f,0,2028,1d
2531,2531,0,4022944c,00dff01e,0040,14da,f,0,2028,0d
2532,2532,0,4022944c,00dff01e,0040,14da,f,0,2028,25
2533,2533,0,4022944c,00dff01e,0040,14da,f,0,2028,1d
2534,2534,0,4022944c,00dff01e,0040,14da,f,0,2028,1d
2535,2535,0,4022944c,00dff01e,0040,14da,f,0,2028,0d
2536,2536,0,4022944c,00dff01e,0040,14da,f,0,2028,25
2537,2537,0,4022944c,00dff01e,0040,14da,f,0,2028,1d
2538,2538,0,4022944c,00dff01e,0040,14da,f,0,2028,1d
2539,2539,0,4022944c,00dff01e,0040,14da,f,0,2028,0d
2540,2540,0,4022944c,00dff01e,0040,14da,f,0,2028,25
2541,2541,0,4022944c,00dff01e,0040,14da,f,1,2028,1d
2542,2542,0,4022944c,00dff01e,0040,14da,f,1,2028,1d
2543,2543,0,4022944c,00dff01e,0040,14da,f,1,2028,0d
2544,2544,0,4022944c,00dff01e,0040,14da,f,1,2028,25
2545,2545,0,4022944c,00dff01e,0040,14da,f,1,2028,1d
2546,2546,0,4022944c,00dff01e,0040,14da,f,1,2028,1d
2547,2547,0,4022944c,00dff01e,0040,14da,f,1,2028,0d
2548,2548,0,4022944c,00dff01e,0040,14da,f,1,2028,25
2549,2549,0,4022944c,00dff01e,0040,14da,f,1,2028,1d
2550,2550,0,4022944c,00dff01e,0040,14da,f,1,2028,1d
2551,2551,0,4022944c,00dff01e,0040,14da,f,1,2028,0d
2552,2552,0,4022944c,00dff01e,0040,14da,f,1,2028,25
2553,2553,0,4022944c,00dff01e,0040,14da,f,0,2028,1d
2554,2554,0,4022944c,00dff01e,0040,14da,f,0,2028,1d
2555,2555,0,4022944c,00dff01e,0040,14da,f,0,2028,0d
2556,2556,0,4022944c,00dff01e,0040,14da,f,0,2028,25
2557,2557,0,4022944c,00dff01e,0040,14da,f,1,2028,1d
2558,2558,0,4022944c,00dff01e,0040,14da,f,1,2028,1d
2559,2559,0,4022944c,00dff01e,0040,14da,f,1,2028,0d
2560,2560,0,4022944c,00dff01e,0040,14da,f,1,2028,25
2561,2561,0,4022944c,00dff01e,0040,14da,f,1,2028,1d
2562,2562,0,4022944c,00dff01e,0040,14da,f,1,2028,1d
2563,2563,0,4022944c,00dff01e,0040,14da,f,1,2028,0d
2564,2564,0,4022944c,00dff01e,0040,14da,f,1,2028,25
2565,2565,0,4022944e,00dff01e,0040,14da,f,1,4841,1d
2566,2566,0,4022944e,00dff01e,0040,14da,f,1,4841,1d
2567,2567,0,4022944e,00dff01e,0040,14da,f,1,4841,0d
2568,2568,0,4022944e,00dff01e,0040,14da,f,1,4841,25
2569,2569,0,4022944e,00dff01e,0040,14da,f,0,4841,1d
2570,2570,0,4022944e,00dff01e,0040,14da,f,0,4841,1d
2571,2571,0,4022944e,00dff01e,0040,14da,f,0,4841,0d
2572,2572,0,4022944e,00dff01e,0040,14da,f,0,4841,25
2573,2573,0,4022944e,00dff01e,0040,14da,f,0,4841,1d
2574,2574,0,4022944e,00dff01e,0040,14da,f,0,4841,1d
2575,2575,0,4022944e,00dff01e,0040,14da,f,0,4841,0d
2576,2576,0,4022944e,00dff01e,0040,14da,f,0,4841,25
2577,2577,0,4022944e,00dff01e,0040,14da,f,0,4841,1d
2578,2578,0,4022944e,00dff01e,0040,14da,f,0,4841,1d
2579,2579,0,4022944e,00dff01e,0040,14da,f,0,4841,0d
2580,2580,0,4022944e,00dff01e,0040,14da,f,0,4841,25
2581,2581,0,4022944e,00dff01e,0040,14da,f,0,4841,1d
2582,2582,0,4022944e,00dff01e,0040,14da,f,0,4841,1d
2583,2583,0,4022944e,00dff01e,0040,14da,f,0,4841,0d
2584,2584,0,4022944e,00dff01e,0040,14da,f,0,4841,25
2585,2585,0,40229450,00dff01e,0040,14da,f,0,6100,1d
2586,2586,0,40229450,00dff01e,0040,14da,f,0,6100,1d
2587,2587,0,40229450,00dff01e,0040,14da,f,0,6100,0d
2588,2588,0,40229450,00dff01e,0040,14da,f,0,6100,25
2589,2589,0,40229450,00dff01e,0040,14da,f,1,6100,1d
2590,2590,0,40229450,00dff01e,0040,14da,f,1,6100,1d
2591,2591,0,40229450,00dff01e,0040,14da,f,1,6100,0d
2592,2592,0,40229450,00dff01e,0040,14da,f,1,6100,25
2593,2593,0,40229452,00dff01e,0040,14da,f,1,6100,1d
2594,2594,0,40229452,00dff01e,0040,14da,f,1,6100,1d
2595,2595,0,40229452,00dff01e,0040,14da,f,1,6100,0d
2596,2596,0,40229452,00dff01e,0040,14da,f,1,6100,25
2597,2597,0,40229452,00dff01e,0040,14da,f,1,6100,1d
2598,2598,0,40229452,00dff01e,0040,14da,f,1,6100,1d
2599,2599,0,40229452,00dff01e,0040,14da,f,1,6100,0d
2600,2600,0,40229452,00dff01e,0040,14da,f,1,6100,25
2601,2601,0,40229452,00dff01e,0040,14da,f,0,6100,1d
2602,2602,0,40229452,00dff01e,0040,14da,f,0,6100,1d
2603,2603,0,40229452,00dff01e,0040,14da,f,0,6100,0d
2604,2604,0,40229452,00dff01e,0040,14da,f,0,6100,25
2605,2605,0,40229452,00dff01e,0040,14da,f,1,6100,1d
2606,2606,0,40229452,00dff01e,0040,14da,f,1,6100,1d
2607,2607,0,40229452,00dff01e,0040,14da,f,1,6100,0d
2608,2608,0,40229452,00dff01e,0040,14da,f,1,6100,25
2609,2609,0,40229452,00dff01e,0040,14da,f,1,6100,1d
2610,2610,0,40229452,00dff01e,0040,14da,f,1,6100,1d
2611,2611,0,40229452,00dff01e,0040,14da,f,1,6100,0d
2612,2612,0,40229452,00dff01e,0040,14da,f,1,6100,25
2613,2613,0,40229452,00dff01e,0040,14da,f,0,6100,1f
2614,2614,0,40229452,00dff01e,0040,14da,f,0,6100,1f
2615,2615,0,40229452,00dff01e,0040,14da,f,0,6100,0f
2616,2616,0,40229452,00dff01e,0040,14da,f,0,6100,03
2617,2617,0,40229452,00dff01e,0040,14da,f,0,6100,03
2618,2618,0,40229452,00dff01e,0040,14da,f,0,6100,03
2619,2619,0,40229452,00dff01e,0040,14da,f,0,6100,03
2620,2620,0,40229452,00dff01e,0040,14da,f,0,6100,23
2621,2621,0,4022958e,00dff01e,0040,14da,f,1,6100,1d
2622,2622,0,4022958e,00dff01e,0040,14da,f,1,6100,1d
2623,2623,0,4022958e,00dff01e,0040,14da,f,1,6100,0d
2624,2624,0,4022958e,00dff01e,0040,14da,f,1,6100,25
2625,2625,0,4022958e,00dff01e,0040,14da,f,1,6100,1f
2626,2626,0,4022958e,00dff01e,0040,14da,f,1,6100,1f
2627,2627,0,4022958e,00dff01e,0040,14da,f,1,6100,0f
2628,2628,0,4022958e,00dff01e,0040,14da,f,1,6100,03
2629,2629,0,4022958e,00dff01e,0040,14da,f,1,6100,03
2630,2630,0,4022958e,00dff01e,0040,14da,f,1,6100,03
2631,2631,0,4022958e,00dff01e,0040,14da,f,1,6100,03
2632,2632,0,4022958e,00dff01e,0040,14da,f,1,6100,03
2633,2633,0,4022958e,00dff01e,0040,14da,f,1,6100,03
2634,2634,0,4022958e,00dff01e,0040,14da,f,1,6100,03
2635,2635,0,4022958e,00dff01e,0040,14da,f,1,6100,03
2636,2636,0,4022958e,00dff01e,0040,14da,f,1,6100,03
2637,2637,0,4022958e,00dff01e,0040,14da,f,1,6100,03
2638,2638,0,4022958e,00dff01e,0040,14da,f,1,6100,03
2639,2639,0,4022958e,00dff01e,0040,14da,f,1,6100,03
2640,2640,0,4022958e,00dff01e,0040,14da,f,1,6100,03
2641,2641,0,4022958e,00dff01e,0040,14da,f,1,6100,03
2642,2642,0,4022958e,00dff01e,0040,14da,f,1,6100,03
2643,2643,0,4022958e,00dff01e,0040,14da,f,1,6100,03
2644,2644,0,4022958e,00dff01e,0040,14da,f,1,6100,23
2645,2645,0,4022958e,00dff01e,0040,14da,f,1,6100,1d
2646,2646,0,4022958e,00dff01e,0040,14da,f,1,6100,1d
2647,2647,0,4022958e,00dff01e,0040,14da,f,1,6100,0d
2648,2648,0,4022958e,00dff01e,0040,14da,f,1,6100,25
2649,2649,0,40229590,00dff01e,0040,14da,f,0,4e75,1d
2650,2650,0,40229590,00dff01e,0040,14da,f,0,4e75,1d
2651,2651,0,40229590,00dff01e,0040,14da,f,0,4e75,0d
2652,2652,0,40229590,00dff01e,0040,14da,f,0,4e75,25
2653,2653,0,40229590,00dff01e,0040,14da,f,1,4e75,1d
2654,2654,0,40229590,00dff01e,0040,14da,f,1,4e75,1d
2655,2655,0,40229590,00dff01e,0040,14da,f,1,4e75,0d
2656,2656,0,40229590,00dff01e,0040,14da,f,1,4e75,25
2657,2657,0,40229590,00dff01e,0040,14da,f,1,4e75,1d
2658,2658,0,40229590,00dff01e,0040,14da,f,1,4e75,1d
2659,2659,0,40229590,00dff01e,0040,14da,f,1,4e75,0d
2660,2660,0,40229590,00dff01e,0040,14da,f,1,4e75,25
2661,2661,0,40229590,00dff01e,0040,14da,f,1,4e75,1d
2662,2662,0,40229590,00dff01e,0040,14da,f,1,4e75,1d
2663,2663,0,40229590,00dff01e,0040,14da,f,1,4e75,0d
2664,2664,0,40229590,00dff01e,0040,14da,f,1,4e75,25
2665,2665,0,40229590,00dff01e,0040,14da,f,0,4e75,1d
2666,2666,0,40229590,00dff01e,0040,14da,f,0,4e75,1d
2667,2667,0,40229590,00dff01e,0040,14da,f,0,4e75,0d
2668,2668,0,40229590,00dff01e,0040,14da,f,0,4e75,25
2669,2669,0,40229590,00dff01e,0040,14da,f,1,4e75,1d
2670,2670,0,40229590,00dff01e,0040,14da,f,1,4e75,1d
2671,2671,0,40229590,00dff01e,0040,14da,f,1,4e75,0d
2672,2672,0,40229590,00dff01e,0040,14da,f,1,4e75,25
2673,2673,0,40229590,00dff01e,0040,14da,f,1,4e75,1d
2674,2674,0,40229590,00dff01e,0040,14da,f,1,4e75,1d
2675,2675,0,40229590,00dff01e,0040,14da,f,1,4e75,0d
2676,2676,0,40229590,00dff01e,0040,14da,f,1,4e75,25
2677,2677,0,40229590,00dff01e,0040,14da,f,1,4e75,1d
2678,2678,0,40229590,00dff01e,0040,14da,f,1,4e75,1d
2679,2679,0,40229590,00dff01e,0040,14da,f,1,4e75,0d
2680,2680,0,40229590,00dff01e,0040,14da,f,1,4e75,25
2681,2681,0,40229590,00dff01e,0040,14da,f,0,4e75,1d
2682,2682,0,40229590,00dff01e,0040,14da,f,0,4e75,1d
2683,2683,0,40229590,00dff01e,0040,14da,f,0,4e75,0d
2684,2684,0,40229590,00dff01e,0040,14da,f,0,4e75,25
2685,2685,0,40229452,00dff01e,0040,14da,f,1,4e75,1d
2686,2686,0,40229452,00dff01e,0040,14da,f,1,4e75,1d
2687,2687,0,40229452,00dff01e,0040,14da,f,1,4e75,0d
2688,2688,0,40229452,00dff01e,0040,14da,f,1,4e75,25
2689,2689,0,40229452,00dff01e,0040,14da,f,1,4e75,1d
2690,2690,0,40229452,00dff01e,0040,14da,f,1,4e75,1d
2691,2691,0,40229452,00dff01e,0040,14da,f,1,4e75,0d
2692,2692,0,40229452,00dff01e,0040,14da,f,1,4e75,25
2693,2693,0,40229452,00dff01e,0040,14da,f,1,4e75,1d
2694,2694,0,40229452,00dff01e,0040,14da,f,1,4e75,1d
2695,2695,0,40229452,00dff01e,0040,14da,f,1,4e75,0d
2696,2696,0,40229452,00dff01e,0040,14da,f,1,4e75,25
2697,2697,0,40229454,00dff01e,0040,14da,f,0,c141,1d
2698,2698,0,40229454,00dff01e,0040,14da,f,0,c141,1d
2699,2699,0,40229454,00dff01e,0040,14da,f,0,c141,0d
2700,2700,0,40229454,00dff01e,0040,14da,f,0,c141,25
2701,2701,0,40229454,00dff01e,0040,14da,f,1,c141,1d
2702,2702,0,40229454,00dff01e,0040,14da,f,1,c141,1d
2703,2703,0,40229454,00dff01e,0040,14da,f,1,c141,0d
2704,2704,0,40229454,00dff01e,0040,14da,f,1,c141,25
2705,2705,0,40229454,00dff01e,0040,14da,f,1,c141,1d
2706,2706,0,40229454,00dff01e,0040,14da,f,1,c141,1d
2707,2707,0,40229454,00dff01e,0040,14da,f,1,c141,0d
2708,2708,0,40229454,00dff01e,0040,14da,f,1,c141,25
2709,2709,0,40229454,00dff01e,0040,14da,f,1,c141,1d
2710,2710,0,40229454,00dff01e,0040,14da,f,1,c141,1d
2711,2711,0,40229454,00dff01e,0040,14da,f,1,c141,0d
2712,2712,0,40229454,00dff01e,0040,14da,f,1,c141,25
2713,2713,0,40229456,00dff01e,0040,14da,f,0,4281,1d
2714,2714,0,40229456,00dff01e,0040,14da,f,0,4281,1d
2715,2715,0,40229456,00dff01e,0040,14da,f,0,4281,0d
2716,2716,0,40229456,00dff01e,0040,14da,f,0,4281,25
2717,2717,0,40229456,00dff01e,0040,14da,f,1,4281,1d
2718,2718,0,40229456,00dff01e,0040,14da,f,1,4281,1d
2719,2719,0,40229456,00dff01e,0040,14da,f,1,4281,0d
2720,2720,0,40229456,00dff01e,0040,14da,f,1,4281,25
2721,2721,0,40229456,00dff01e,0040,14da,f,1,4281,1d
2722,2722,0,40229456,00dff01e,0040,14da,f,1,4281,1d
2723,2723,0,40229456,00dff01e,0040,14da,f,1,4281,0d
2724,2724,0,40229456,00dff01e,0040,14da,f,1,4281,25
2725,2725,0,40229456,00dff01e,0040,14da,f,1,4281,1d
2726,2726,0,40229456,00dff01e,0040,14da,f,1,4281,1d
2727,2727,0,40229456,00dff01e,0040,14da,f,1,4281,0d
2728,2728,0,40229456,00dff01e,0040,14da,f,1,4281,25
2729,2729,0,40229456,00dff01e,0040,14da,f,0,4281,1d
2730,2730,0,40229456,00dff01e,0040,14da,f,0,4281,1d
2731,2731,0,40229456,00dff01e,0040,14da,f,0,4281,0d
2732,2732,0,40229456,00dff01e,0040,14da,f,0,4281,25
2733,2733,0,40229458,00dff01e,0040,14da,f,1,4480,1d
2734,2734,0,40229458,00dff01e,0040,14da,f,1,4480,1d
2735,2735,0,40229458,00dff01e,0040,14da,f,1,4480,0d
2736,2736,0,40229458,00dff01e,0040,14da,f,1,4480,25
2737,2737,0,40229458,00dff01e,0040,14da,f,1,4480,1d
2738,2738,0,40229458,00dff01e,0040,14da,f,1,4480,1d
2739,2739,0,40229458,00dff01e,0040,14da,f,1,4480,0d
2740,2740,0,40229458,00dff01e,0040,14da,f,1,4480,25
2741,2741,0,40229458,00dff01e,0040,14da,f,1,4480,1d
2742,2742,0,40229458,00dff01e,0040,14da,f,1,4480,1d
2743,2743,0,40229458,00dff01e,0040,14da,f,1,4480,0d
2744,2744,0,40229458,00dff01e,0040,14da,f,1,4480,25
2745,2745,0,40229458,00dff01e,0040,14da,f,0,4480,1d
2746,2746,0,40229458,00dff01e,0040,14da,f,0,4480,1d
2747,2747,0,40229458,00dff01e,0040,14da,f,0,4480,0d
2748,2748,0,40229458,00dff01e,0040,14da,f,0,4480,25
2749,2749,0,40229458,00dff01e,0040,14da,f,1,4480,1d
2750,2750,0,40229458,00dff01e,0040,14da,f,1,4480,1d
2751,2751,0,40229458,00dff01e,0040,14da,f,1,4480,0d
2752,2752,0,40229458,00dff01e,0040,14da,f,1,4480,25
2753,2753,0,4022945a,00dff01e,0040,14da,f,1,d080,1d
2754,2754,0,4022945a,00dff01e,0040,14da,f,1,d080,1d
2755,2755,0,4022945a,00dff01e,0040,14da,f,1,d080,0d
2756,2756,0,4022945a,00dff01e,0040,14da,f,1,d080,25
2757,2757,0,4022945a,00dff01e,0040,14da,f,1,d080,1d
2758,2758,0,4022945a,00dff01e,0040,14da,f,1,d080,1d
2759,2759,0,4022945a,00dff01e,0040,14da,f,1,d080,0d
2760,2760,0,4022945a,00dff01e,0040,14da,f,1,d080,25
2761,2761,0,4022945a,00dff01e,0040,14da,f,0,d080,1d
2762,2762,0,4022945a,00dff01e,0040,14da,f,0,d080,1d
2763,2763,0,4022945a,00dff01e,0040,14da,f,0,d080,0d
2764,2764,0,4022945a,00dff01e,0040,14da,f,0,d080,25
2765,2765,0,4022945a,00dff01e,0040,14da,f,1,d080,1d
2766,2766,0,4022945a,00dff01e,0040,14da,f,1,d080,1d
2767,2767,0,4022945a,00dff01e,0040,14da,f,1,d080,0d
2768,2768,0,4022945a,00dff01e,0040,14da,f,1,d080,25
2769,2769,0,4022945a,00dff01e,0040,14da,f,1,d080,1d
2770,2770,0,4022945a,00dff01e,0040,14da,f,1,d080,1d
2771,2771,0,4022945a,00dff01e,0040,14da,f,1,d080,0d
2772,2772,0,4022945a,00dff01e,0040,14da,f,1,d080,25
2773,2773,0,4022945c,00dff01e,0040,14da,f,1,d281,1d
2774,2774,0,4022945c,00dff01e,0040,14da,f,1,d281,1d
2775,2775,0,4022945c,00dff01e,0040,14da,f,1,d281,0d
2776,2776,0,4022945c,00dff01e,0040,14da,f,1,d281,25
2777,2777,0,4022945c,00dff01e,0040,14da,f,0,d281,1d
2778,2778,0,4022945c,00dff01e,0040,14da,f,0,d281,1d
2779,2779,0,4022945c,00dff01e,0040,14da,f,0,d281,0d
2780,2780,0,4022945c,00dff01e,0040,14da,f,0,d281,25
2781,2781,0,4022945c,00dff01e,0040,14da,f,1,d281,1d
2782,2782,0,4022945c,00dff01e,0040,14da,f,1,d281,1d
2783,2783,0,4022945c,00dff01e,0040,14da,f,1,d281,0d
2784,2784,0,4022945c,00dff01e,0040,14da,f,1,d281,25
2785,2785,0,4022945c,00dff01e,0040,14da,f,1,d281,1d
2786,2786,0,4022945c,00dff01e,0040,14da,f,1,d281,1d
2787,2787,0,4022945c,00dff01e,0040,14da,f,1,d281,0d
2788,2788,0,4022945c,00dff01e,0040,14da,f,1,d281,25
2789,2789,0,4022945c,00dff01e,0040,14da,f,1,d281,1d
2790,2790,0,4022945c,00dff01e,0040,14da,f,1,d281,1d
2791,2791,0,4022945c,00dff01e,0040,14da,f,1,d281,0d
2792,2792,0,4022945c,00dff01e,0040,14da,f,1,d281,25
2793,2793,0,4022945e,00dff01e,0040,14da,f,0,d080,1d
2794,2794,0,4022945e,00dff01e,0040,14da,f,0,d080,1d
2795,2795,0,4022945e,00dff01e,0040,14da,f,0,d080,0d
2796,2796,0,4022945e,00dff01e,0040,14da,f,0,d080,25
2797,2797,0,4022945e,00dff01e,0040,14da,f,0,d080,1d
2798,2798,0,4022945e,00dff01e,0040,14da,f,0,d080,1d
2799,2799,0,4022945e,00dff01e,0040,14da,f,0,d080,0d
2800,2800,0,4022945e,00dff01e,0040,14da,f,0,d080,25
2801,2801,0,4022945e,00dff01e,0040,14da,f,0,d080,1d
2802,2802,0,4022945e,00dff01e,0040,14da,f,0,d080,1d
2803,2803,0,4022945e,00dff01e,0040,14da,f,0,d080,0d
2804,2804,0,4022945e,00dff01e,0040,14da,f,0,d080,25
2805,2805,0,4022945e,00dff01e,0040,14da,f,0,d080,1d
2806,2806,0,4022945e,00dff01e,0040,14da,f,0,d080,1d
2807,2807,0,4022945e,00dff01e,0040,14da,f,0,d080,0d
2808,2808,0,4022945e,00dff01e,0040,14da,f,0,d080,25
2809,2809,0,4022945e,00dff01e,0040,14da,f,0,d080,1d
2810,2810,0,4022945e,00dff01e,0040,14da,f,0,d080,1d
2811,2811,0,4022945e,00dff01e,0040,14da,f,0,d080,0d
2812,2812,0,4022945e,00dff01e,0040,14da,f,0,d080,25
2813,2813,0,40229460,00dff01e,0040,14da,f,0,d281,1d
2814,2814,0,40229460,00dff01e,0040,14da,f,0,d281,1d
2815,2815,0,40229460,00dff01e,0040,14da,f,0,d281,0d
2816,2816,0,40229460,00dff01e,0040,14da,f,0,d281,25
2817,2817,0,40229460,00dff01e,0040,14da,f,1,d281,1d
2818,2818,0,40229460,00dff01e,0040,14da,f,1,d281,1d
2819,2819,0,40229460,00dff01e,0040,14da,f,1,d281,0d
2820,2820,0,40229460,00dff01e,0040,14da,f,1,d281,25
2821,2821,0,40229460,00dff01e,0040,14da,f,1,d281,1d
2822,2822,0,40229460,00dff01e,0040,14da,f,1,d281,1d
2823,2823,0,40229460,00dff01e,0040,14da,f,1,d281,0d
2824,2824,0,40229460,00dff01e,0040,14da,f,1,d281,25
2825,2825,0,40229460,00dff01e,0040,14da,f,1,d281,1d
2826,2826,0,40229460,00dff01e,0040,14da,f,1,d281,1d
2827,2827,0,40229460,00dff01e,0040,14da,f,1,d281,0d
2828,2828,0,40229460,00dff01e,0040,14da,f,1,d281,25
2829,2829,0,40229460,00dff01e,0040,14da,f,0,d281,1d
2830,2830,0,40229460,00dff01e,0040,14da,f,0,d281,1d
2831,2831,0,40229460,00dff01e,0040,14da,f,0,d281,0d
2832,2832,0,40229460,00dff01e,0040,14da,f,0,d281,25
2833,2833,0,40229462,00dff01e,0040,14da,f,0,0680,1d
2834,2834,0,40229462,00dff01e,0040,14da,f,0,0680,1d
2835,2835,0,40229462,00dff01e,0040,14da,f,0,0680,0d
2836,2836,0,40229462,00dff01e,0040,14da,f,0,0680,25
2837,2837,0,40229462,00dff01e,0040,14da,f,0,0680,1d
2838,2838,0,40229462,00dff01e,0040,14da,f,0,0680,1d
2839,2839,0,40229462,00dff01e,0040,14da,f,0,0680,0d
2840,2840,0,40229462,00dff01e,0040,14da,f,0,0680,25
2841,2841,0,40229466,00dff01e,0040,14da,f,0,0680,1d
2842,2842,0,40229466,00dff01e,0040,14da,f,0,0680,1d
2843,2843,0,40229466,00dff01e,0040,14da,f,0,0680,0d
2844,2844,0,40229466,00dff01e,0040,14da,f,0,0680,25
2845,2845,0,40229466,00dff01e,0040,14da,f,1,0680,1d
2846,2846,0,40229466,00dff01e,0040,14da,f,1,0680,1d
2847,2847,0,40229466,00dff01e,0040,14da,f,1,0680,0d
2848,2848,0,40229466,00dff01e,0040,14da,f,1,0680,25
2849,2849,0,40229466,00dff01e,0040,14da,f,1,0680,1d
2850,2850,0,40229466,00dff01e,0040,14da,f,1,0680,1d
2851,2851,0,40229466,00dff01e,0040,14da,f,1,0680,0d
2852,2852,0,40229466,00dff01e,0040,14da,f,1,0680,25
2853,2853,0,40229466,00dff01e,0040,14da,f,1,0680,1d
2854,2854,0,40229466,00dff01e,0040,14da,f,1,0680,1d
2855,2855,0,40229466,00dff01e,0040,14da,f,1,0680,0d
2856,2856,0,40229466,00dff01e,0040,14da,f,1,0680,25
2857,2857,0,40229468,00dff01e,0040,14da,f,0,0481,1d
2858,2858,0,40229468,00dff01e,0040,14da,f,0,0481,1d
2859,2859,0,40229468,00dff01e,0040,14da,f,0,0481,0d
2860,2860,0,40229468,00dff01e,0040,14da,f,0,0481,25
2861,2861,0,40229468,00dff01e,0040,14da,f,1,0481,1d
2862,2862,0,40229468,00dff01e,0040,14da,f,1,0481,1d
2863,2863,0,40229468,00dff01e,0040,14da,f,1,0481,0d
2864,2864,0,40229468,00dff01e,0040,14da,f,1,0481,25
2865,2865,0,4022946c,00dff01e,0040,14da,f,1,0481,1d
2866,2866,0,4022946c,00dff01e,0040,14da,f,1,0481,1d
2867,2867,0,4022946c,00dff01e,0040,14da,f,1,0481,0d
2868,2868,0,4022946c,00dff01e,0040,14da,f,1,0481,25
2869,2869,0,4022946c,00dff01e,0040,14da,f,1,0481,1d
2870,2870,0,4022946c,00dff01e,0040,14da,f,1,0481,1d
2871,2871,0,4022946c,00dff01e,0040,14da,f,1,0481,0d
2872,2872,0,4022946c,00dff01e,0040,14da,f,1,0481,25
2873,2873,0,4022946c,00dff01e,0040,14da,f,0,0481,1d
2874,2874,0,4022946c,00dff01e,0040,14da,f,0,0481,1d
2875,2875,0,4022946c,00dff01e,0040,14da,f,0,0481,0d
2876,2876,0,4022946c,00dff01e,0040,14da,f,0,0481,25
2877,2877,0,4022946c,00dff01e,0040,14da,f,1,0481,1d
2878,2878,0,4022946c,00dff01e,0040,14da,f,1,0481,1d
2879,2879,0,4022946c,00dff01e,0040,14da,f,1,0481,0d
2880,2880,0,4022946c,00dff01e,0040,14da,f,1,0481,25
2881,2881,0,4022946e,00dff01e,0040,14da,f,1,207c,1d
2882,2882,0,4022946e,00dff01e,0040,14da,f,1,207c,1d
2883,2883,0,4022946e,00dff01e,0040,14da,f,1,207c,0d
2884,2884,0,4022946e,00dff01e,0040,14da,f,1,207c,25
2885,2885,0,4022946e,00dff01e,0040,14da,f,1,207c,1d
2886,2886,0,4022946e,00dff01e,0040,14da,f,1,207c,1d
2887,2887,0,4022946e,00dff01e,0040,14da,f,1,207c,0d
2888,2888,0,4022946e,00dff01e,0040,14da,f,1,207c,25
2889,2889,0,40229472,00dff01e,0040,14da,f,0,207c,1d
2890,2890,0,40229472,00dff01e,0040,14da,f,0,207c,1d
2891,2891,0,40229472,00dff01e,0040,14da,f,0,207c,0d
2892,2892,0,40229472,00dff01e,0040,14da,f,0,207c,25
2893,2893,0,40229472,00dff01e,0040,14da,f,1,207c,1d
2894,2894,0,40229472,00dff01e,0040,14da,f,1,207c,1d
2895,2895,0,40229472,00dff01e,0040,14da,f,1,207c,0d
2896,2896,0,40229472,00dff01e,0040,14da,f,1,207c,25
2897,2897,0,40229472,00dff01e,0040,14da,f,1,207c,1d
2898,2898,0,40229472,00dff01e,0040,14da,f,1,207c,1d
2899,2899,0,40229472,00dff01e,0040,14da,f,1,207c,0d
2900,2900,0,40229472,00dff01e,0040,14da,f,1,207c,25
2901,2901,0,40229472,00dff01e,0040,14da,f,1,207c,1d
2902,2902,0,40229472,00dff01e,0040,14da,f,1,207c,1d
2903,2903,0,40229472,00dff01e,0040,14da,f,1,207c,0d
2904,2904,0,40229472,00dff01e,0040,14da,f,1,207c,25
2905,2905,0,40229474,00dff01e,0040,14da,f,0,2028,1d
2906,2906,0,40229474,00dff01e,0040,14da,f,0,2028,1d
2907,2907,0,40229474,00dff01e,0040,14da,f,0,2028,0d
2908,2908,0,40229474,00dff01e,0040,14da,f,0,2028,25
2909,2909,0,40229474,00dff01e,0040,14da,f,1,2028,1d
2910,2910,0,40229474,00dff01e,0040,14da,f,1,2028,1d
2911,2911,0,40229474,00dff01e,0040,14da,f,1,2028,0d
2912,2912,0,40229474,00dff01e,0040,14da,f,1,2028,25
2913,2913,0,40229474,00dff01e,0040,14da,f,1,2028,1d
2914,2914,0,40229474,00dff01e,0040,14da,f,1,2028,1d
2915,2915,0,40229474,00dff01e,0040,14da,f,1,2028,0d
2916,2916,0,40229474,00dff01e,0040,14da,f,1,2028,25
2917,2917,0,40229474,00dff01e,0040,14da,f,1,2028,1d
2918,2918,0,40229474,00dff01e,0040,14da,f,1,2028,1d
2919,2919,0,40229474,00dff01e,0040,14da,f,1,2028,0d
2920,2920,0,40229474,00dff01e,0040,14da,f,1,2028,25
2921,2921,0,40229476,00dff01e,0040,14da,f,0,2028,1d
2922,2922,0,40229476,00dff01e,0040,14da,f,0,2028,1d
2923,2923,0,40229476,00dff01e,0040,14da,f,0,2028,0d
2924,2924,0,40229476,00dff01e,0040,14da,f,0,2028,25
2925,2925,0,40229476,00dff01e,0040,14da,f,0,2028,1d
2926,2926,0,40229476,00dff01e,0040,14da,f,0,2028,1d
2927,2927,0,40229476,00dff01e,0040,14da,f,0,2028,0d
2928,2928,0,40229476,00dff01e,0040,14da,f,0,2028,25
2929,2929,0,40229476,00dff01e,0040,14da,f,0,2028,1d
2930,2930,0,40229476,00dff01e,0040,14da,f,0,2028,1d
2931,2931,0,40229476,00dff01e,0040,14da,f,0,2028,0d
2932,2932,0,40229476,00dff01e,0040,14da,f,0,2028,25
2933,2933,0,40229476,00dff01e,0040,14da,f,1,2028,1d
2934,2934,0,40229476,00dff01e,0040,14da,f,1,2028,1d
2935,2935,0,40229476,00dff01e,0040,14da,f,1,2028,0d
2936,2936,0,40229476,00dff01e,0040,14da,f,1,2028,25
2937,2937,0,40229476,00dff01e,0040,14da,f,1,2028,1d
2938,2938,0,40229476,00dff01e,0040,14da,f,1,2028,1d
2939,2939,0,40229476,00dff01e,0040,14da,f,1,2028,0d
2940,2940,0,40229476,00dff01e,0040,14da,f,1,2028,25
2941,2941,0,40229476,00dff01e,0040,14da,f,1,2028,1d
2942,2942,0,40229476,00dff01e,0040,14da,f,1,2028,1d
2943,2943,0,40229476,00dff01e,0040,14da,f,1,2028,0d
2944,2944,0,40229476,00dff01e,0040,14da,f,1,2028,25
2945,2945,0,40229476,00dff01e,0040,14da,f,0,2028,1d
2946,2946,0,40229476,00dff01e,0040,14da,f,0,2028,1d
2947,2947,0,40229476,00dff01e,0040,14da,f,0,2028,0d
2948,2948,0,40229476,00dff01e,0040,14da,f,0,2028,25
2949,2949,0,40229476,00dff01e,0040,14da,f,0,2028,1d
2950,2950,0,40229476,00dff01e,0040,14da,f,0,2028,1d
2951,2951,0,40229476,00dff01e,0040,14da,f,0,2028,0d
2952,2952,0,40229476,00dff01e,0040,14da,f,0,2028,25
2953,2953,0,40229476,00dff01e,0040,14da,f,0,2028,1d
2954,2954,0,40229476,00dff01e,0040,14da,f,0,2028,1d
2955,2955,0,40229476,00dff01e,0040,14da,f,0,2028,0d
2956,2956,0,40229476,00dff01e,0040,14da,f,0,2028,25
2957,2957,0,40229478,00dff01e,0040,14da,f,0,4881,1d
2958,2958,0,40229478,00dff01e,0040,14da,f,0,4881,1d
2959,2959,0,40229478,00dff01e,0040,14da,f,0,4881,0d
2960,2960,0,40229478,00dff01e,0040,14da,f,0,4881,25
2961,2961,0,40229478,00dff01e,0040,14da,f,1,4881,1d
2962,2962,0,40229478,00dff01e,0040,14da,f,1,4881,1d
2963,2963,0,40229478,00dff01e,0040,14da,f,1,4881,0d
2964,2964,0,40229478,00dff01e,0040,14da,f,1,4881,25
2965,2965,0,40229478,00dff01e,0040,14da,f,1,4881,1d
2966,2966,0,40229478,00dff01e,0040,14da,f,1,4881,1d
2967,2967,0,40229478,00dff01e,0040,14da,f,1,4881,0d
2968,2968,0,40229478,00dff01e,0040,14da,f,1,4881,25
2969,2969,0,40229478,00dff01e,0040,14da,f,1,4881,1d
2970,2970,0,40229478,00dff01e,0040,14da,f,1,4881,1d
2971,2971,0,40229478,00dff01e,0040,14da,f,1,4881,0d
2972,2972,0,40229478,00dff01e,0040,14da,f,1,4881,25
2973,2973,0,40229478,00dff01e,0040,14da,f,0,4881,1d
2974,2974,0,40229478,00dff01e,0040,14da,f,0,4881,1d
2975,2975,0,40229478,00dff01e,0040,14da,f,0,4881,0d
2976,2976,0,40229478,00dff01e,0040,14da,f,0,4881,25
2977,2977,0,4022947a,00dff01e,0040,14da,f,0,48c1,1d
2978,2978,0,4022947a,00dff01e,0040,14da,f,0,48c1,1d
2979,2979,0,4022947a,00dff01e,0040,14da,f,0,48c1,0d
2980,2980,0,4022947a,00dff01e,0040,14da,f,0,48c1,25
2981,2981,0,4022947a,00dff01e,0040,14da,f,0,48c1,1d
2982,2982,0,4022947a,00dff01e,0040,14da,f,0,48c1,1d
2983,2983,0,4022947a,00dff01e,0040,14da,f,0,48c1,0d
2984,2984,0,4022947a,00dff01e,0040,14da,f,0,48c1,25
2985,2985,0,4022947a,00dff01e,0040,14da,f,0,48c1,1d
2986,2986,0,4022947a,00dff01e,0040,14da,f,0,48c1,1d
2987,2987,0,4022947a,00dff01e,0040,14da,f,0,48c1,0d
2988,2988,0,4022947a,00dff01e,0040,14da,f,0,48c1,25
2989,2989,0,4022947a,00dff01e,0040,14da,f,0,48c1,1d
2990,2990,0,4022947a,00dff01e,0040,14da,f,0,48c1,1d
2991,2991,0,4022947a,00dff01e,0040,14da,f,0,48c1,0d
2992,2992,0,4022947a,00dff01e,0040,14da,f,0,48c1,25
2993,2993,0,4022947a,00dff01e,0040,14da,f,0,48c1,1d
2994,2994,0,4022947a,00dff01e,0040,14da,f,0,48c1,1d
2995,2995,0,4022947a,00dff01e,0040,14da,f,0,48c1,0d
2996,2996,0,4022947a,00dff01e,0040,14da,f,0,48c1,25
2997,2997,0,4022947c,00dff01e,0040,14da,f,0,2028,1d
2998,2998,0,4022947c,00dff01e,0040,14da,f,0,2028,1d
2999,2999,0,4022947c,00dff01e,0040,14da,f,0,2028,0d
3000,3000,0,4022947c,00dff01e,0040,14da,f,0,2028,25
3001,3001,0,4022947c,00dff01e,0040,14da,f,1,2028,1d
3002,3002,0,4022947c,00dff01e,0040,14da,f,1,2028,1d
3003,3003,0,4022947c,00dff01e,0040,14da,f,1,2028,0d
3004,3004,0,4022947c,00dff01e,0040,14da,f,1,2028,25
3005,3005,0,4022947c,00dff01e,0040,14da,f,1,2028,1d
3006,3006,0,4022947c,00dff01e,0040,14da,f,1,2028,1d
3007,3007,0,4022947c,00dff01e,0040,14da,f,1,2028,0d
3008,3008,0,4022947c,00dff01e,0040,14da,f,1,2028,25
3009,3009,0,4022947c,00dff01e,0040,14da,f,1,2028,1d
3010,3010,0,4022947c,00dff01e,0040,14da,f,1,2028,1d
3011,3011,0,4022947c,00dff01e,0040,14da,f,1,2028,0d
3012,3012,0,4022947c,00dff01e,0040,14da,f,1,2028,25
3013,3013,0,4022947e,00dff01e,0040,14da,f,0,2028,1d
3014,3014,0,4022947e,00dff01e,0040,14da,f,0,2028,1d
3015,3015,0,4022947e,00dff01e,0040,14da,f,0,2028,0d
3016,3016,0,4022947e,00dff01e,0040,14da,f,0,2028,25
3017,3017,0,4022947e,00dff01e,0040,14da,f,0,2028,1d
3018,3018,0,4022947e,00dff01e,0040,14da,f,0,2028,1d
3019,3019,0,4022947e,00dff01e,0040,14da,f,0,2028,0d
3020,3020,0,4022947e,00dff01e,0040,14da,f,0,2028,25
3021,3021,0,4022947e,00dff01e,0040,14da,f,0,2028,1d
3022,3022,0,4022947e,00dff01e,0040,14da,f,0,2028,1d
3023,3023,0,4022947e,00dff01e,0040,14da,f,0,2028,0d
3024,3024,0,4022947e,00dff01e,0040,14da,f,0,2028,25
3025,3025,0,4022947e,00dff01e,0040,14da,f,1,2028,1d
3026,3026,0,4022947e,00dff01e,0040,14da,f,1,2028,1d
3027,3027,0,4022947e,00dff01e,0040,14da,f,1,2028,0d
3028,3028,0,4022947e,00dff01e,0040,14da,f,1,2028,25
3029,3029,0,4022947e,00dff01e,0040,14da,f,1,2028,1d
3030,3030,0,4022947e,00dff01e,0040,14da,f,1,2028,1d
3031,3031,0,4022947e,00dff01e,0040,14da,f,1,2028,0d
3032,3032,0,4022947e,00dff01e,0040,14da,f,1,2028,25
3033,3033,0,4022947e,00dff01e,0040,14da,f,1,2028,1d
3034,3034,0,4022947e,00dff01e,0040,14da,f,1,2028,1d
3035,3035,0,4022947e,00dff01e,0040,14da,f,1,2028,0d
3036,3036,0,4022947e,00dff01e,0040,14da,f,1,2028,25
3037,3037,0,4022947e,00dff01e,0040,14da,f,0,2028,1d
3038,3038,0,4022947e,00dff01e,0040,14da,f,0,2028,1d
3039,3039,0,4022947e,00dff01e,0040,14da,f,0,2028,0d
3040,3040,0,4022947e,00dff01e,0040,14da,f,0,2028,25
3041,3041,0,4022947e,00dff01e,0040,14da,f,0,2028,1d
3042,3042,0,4022947e,00dff01e,0040,14da,f,0,2028,1d
3043,3043,0,4022947e,00dff01e,0040,14da,f,0,2028,0d
3044,3044,0,4022947e,00dff01e,0040,14da,f,0,2028,25
3045,3045,0,4022947e,00dff01e,0040,14da,f,0,2028,1d
3046,3046,0,4022947e,00dff01e,0040,14da,f,0,2028,1d
3047,3047,0,4022947e,00dff01e,0040,14da,f,0,2028,0d
3048,3048,0,4022947e,00dff01e,0040,14da,f,0,2028,25
3049,3049,0,40229480,00dff01e,0040,14da,f,0,223c,1d
3050,3050,0,40229480,00dff01e,0040,14da,f,0,223c,1d
3051,3051,0,40229480,00dff01e,0040,14da,f,0,223c,0d
3052,3052,0,40229480,00dff01e,0040,14da,f,0,223c,25
3053,3053,0,40229480,00dff01e,0040,14da,f,1,223c,1d
3054,3054,0,40229480,00dff01e,0040,14da,f,1,223c,1d
3055,3055,0,40229480,00dff01e,0040,14da,f,1,223c,0d
3056,3056,0,40229480,00dff01e,0040,14da,f,1,223c,25
3057,3057,0,40229484,00dff01e,0040,14da,f,1,223c,1d
3058,3058,0,40229484,00dff01e,0040,14da,f,1,223c,1d
3059,3059,0,40229484,00dff01e,0040,14da,f,1,223c,0d
3060,3060,0,40229484,00dff01e,0040,14da,f,1,223c,25
3061,3061,0,40229484,00dff01e,0040,14da,f,1,223c,1d
3062,3062,0,40229484,00dff01e,0040,14da,f,1,223c,1d
3063,3063,0,40229484,00dff01e,0040,14da,f,1,223c,0d
3064,3064,0,40229484,00dff01e,0040,14da,f,1,223c,25
3065,3065,0,40229484,00dff01e,0040,14da,f,0,223c,1d
3066,3066,0,40229484,00dff01e,0040,14da,f,0,223c,1d
3067,3067,0,40229484,00dff01e,0040,14da,f,0,223c,0d
3068,3068,0,40229484,00dff01e,0040,14da,f,0,223c,25
3069,3069,0,40229484,00dff01e,0040,14da,f,1,223c,1d
3070,3070,0,40229484,00dff01e,0040,14da,f,1,223c,1d
3071,3071,0,40229484,00dff01e,0040,14da,f,1,223c,0d
3072,3072,0,40229484,00dff01e,0040,14da,f,1,223c,25
3073,3073,0,40229486,00dff01e,0040,14da,f,1,2028,1d
3074,3074,0,40229486,00dff01e,0040,14da,f,1,2028,1d
3075,3075,0,40229486,00dff01e,0040,14da,f,1,2028,0d
3076,3076,0,40229486,00dff01e,0040,14da,f,1,2028,25
3077,3077,0,40229486,00dff01e,0040,14da,f,1,2028,1d
3078,3078,0,40229486,00dff01e,0040,14da,f,1,2028,1d
3079,3079,0,40229486,00dff01e,0040,14da,f,1,2028,0d
3080,3080,0,40229486,00dff01e,0040,14da,f,1,2028,25
3081,3081,0,40229486,00dff01e,0040,14da,f,0,2028,1d
3082,3082,0,40229486,00dff01e,0040,14da,f,0,2028,1d
3083,3083,0,40229486,00dff01e,0040,14da,f,0,2028,0d
3084,3084,0,40229486,00dff01e,0040,14da,f,0,2028,25
3085,3085,0,40229486,00dff01e,0040,14da,f,0,2028,1d
3086,3086,0,40229486,00dff01e,0040,14da,f,0,2028,1d
3087,3087,0,40229486,00dff01e,0040,14da,f,0,2028,0d
3088,3088,0,40229486,00dff01e,0040,14da,f,0,2028,25
3089,3089,0,40229488,00dff01e,0040,14da,f,0,2028,1d
3090,3090,0,40229488,00dff01e,0040,14da,f,0,2028,1d
3091,3091,0,40229488,00dff01e,0040,14da,f,0,2028,0d
3092,3092,0,40229488,00dff01e,0040,14da,f,0,2028,25
3093,3093,0,40229488,00dff01e,0040,14da,f,0,2028,1d
3094,3094,0,40229488,00dff01e,0040,14da,f,0,2028,1d
3095,3095,0,40229488,00dff01e,0040,14da,f,0,2028,0d
3096,3096,0,40229488,00dff01e,0040,14da,f,0,2028,25
3097,3097,0,40229488,00dff01e,0040,14da,f,0,2028,1d
3098,3098,0,40229488,00dff01e,0040,14da,f,0,2028,1d
3099,3099,0,40229488,00dff01e,0040,14da,f,0,2028,0d
3100,3100,0,40229488,00dff01e,0040,14da,f,0,2028,25
3101,3101,0,40229488,00dff01e,0040,14da,f,1,2028,1d
3102,3102,0,40229488,00dff01e,0040,14da,f,1,2028,1d
3103,3103,0,40229488,00dff01e,0040,14da,f,1,2028,0d
3104,3104,0,40229488,00dff01e,0040,14da,f,1,2028,25
3105,3105,0,40229488,00dff01e,0040,14da,f,1,2028,1d
3106,3106,0,40229488,00dff01e,0040,14da,f,1,2028,1d
3107,3107,0,40229488,00dff01e,0040,14da,f,1,2028,0d
3108,3108,0,40229488,00dff01e,0040,14da,f,1,2028,25
3109,3109,0,40229488,00dff01e,0040,14da,f,1,2028,1d
3110,3110,0,40229488,00dff01e,0040,14da,f,1,2028,1d
3111,3111,0,40229488,00dff01e,0040,14da,f,1,2028,0d
3112,3112,0,40229488,00dff01e,0040,14da,f,1,2028,25
3113,3113,0,40229488,00dff01e,0040,14da,f,0,2028,1d
3114,3114,0,40229488,00dff01e,0040,14da,f,0,2028,1d
3115,3115,0,40229488,00dff01e,0040,14da,f,0,2028,0d
3116,3116,0,40229488,00dff01e,0040,14da,f,0,2028,25
3117,3117,0,40229488,00dff01e,0040,14da,f,1,2028,1d
3118,3118,0,40229488,00dff01e,0040,14da,f,1,2028,1d
3119,3119,0,40229488,00dff01e,0040,14da,f,1,2028,0d
3120,3120,0,40229488,00dff01e,0040,14da,f,1,2028,25
3121,3121,0,40229488,00dff01e,0040,14da,f,1,2028,1d
3122,3122,0,40229488,00dff01e,0040,14da,f,1,2028,1d
3123,3123,0,40229488,00dff01e,0040,14da,f,1,2028,0d
3124,3124,0,40229488,00dff01e,0040,14da,f,1,2028,25
3125,3125,0,4022948a,00dff01e,0040,14da,f,1,4841,1d
3126,3126,0,4022948a,00dff01e,0040,14da,f,1,4841,1d
3127,3127,0,4022948a,00dff01e,0040,14da,f,1,4841,0d
3128,3128,0,4022948a,00dff01e,0040,14da,f,1,4841,25
3129,3129,0,4022948a,00dff01e,0040,14da,f,0,4841,1d
3130,3130,0,4022948a,00dff01e,0040,14da,f,0,4841,1d
3131,3131,0,4022948a,00dff01e,0040,14da,f,0,4841,0d
3132,3132,0,4022948a,00dff01e,0040,14da,f,0,4841,25
3133,3133,0,4022948a,00dff01e,0040,14da,f,0,4841,1d
3134,3134,0,4022948a,00dff01e,0040,14da,f,0,4841,1d
3135,3135,0,4022948a,00dff01e,0040,14da,f,0,4841,0d
3136,3136,0,4022948a,00dff01e,0040,14da,f,0,4841,25
3137,3137,0,4022948a,00dff01e,0040,14da,f,0,4841,1d
3138,3138,0,4022948a,00dff01e,0040,14da,f,0,4841,1d
3139,3139,0,4022948a,00dff01e,0040,14da,f,0,4841,0d
3140,3140,0,4022948a,00dff01e,0040,14da,f,0,4841,25
3141,3141,0,4022948a,00dff01e,0040,14da,f,0,4841,1d
3142,3142,0,4022948a,00dff01e,0040,14da,f,0,4841,1d
3143,3143,0,4022948a,00dff01e,0040,14da,f,0,4841,0d
3144,3144,0,4022948a,00dff01e,0040,14da,f,0,4841,25
3145,3145,0,4022948c,00dff01e,0040,14da,f,0,6100,1d
3146,3146,0,4022948c,00dff01e,0040,14da,f,0,6100,1d
3147,3147,0,4022948c,00dff01e,0040,14da,f,0,6100,0d
3148,3148,0,4022948c,00dff01e,0040,14da,f,0,6100,25
3149,3149,0,4022948c,00dff01e,0040,14da,f,1,6100,1d
3150,3150,0,4022948c,00dff01e,0040,14da,f,1,6100,1d
3151,3151,0,4022948c,00dff01e,0040,14da,f,1,6100,0d
3152,3152,0,4022948c,00dff01e,0040,14da,f,1,6100,25
3153,3153,0,4022948e,00dff01e,0040,14da,f,1,6100,1d
3154,3154,0,4022948e,00dff01e,0040,14da,f,1,6100,1d
3155,3155,0,4022948e,00dff01e,0040,14da,f,1,6100,0d
3156,3156,0,4022948e,00dff01e,0040,14da,f,1,6100,25
3157,3157,0,4022948e,00dff01e,0040,14da,f,1,6100,1d
3158,3158,0,4022948e,00dff01e,0040,14da,f,1,6100,1d
3159,3159,0,4022948e,00dff01e,0040,14da,f,1,6100,0d
3160,3160,0,4022948e,00dff01e,0040,14da,f,1,6100,25
3161,3161,0,4022948e,00dff01e,0040,14da,f,0,6100,1d
3162,3162,0,4022948e,00dff01e,0040,14da,f,0,6100,1d
3163,3163,0,4022948e,00dff01e,0040,14da,f,0,6100,0d
3164,3164,0,4022948e,00dff01e,0040,14da,f,0,6100,25
3165,3165,0,4022948e,00dff01e,0040,14da,f,1,6100,1d
3166,3166,0,4022948e,00dff01e,0040,14da,f,1,6100,1d
3167,3167,0,4022948e,00dff01e,0040,14da,f,1,6100,0d
3168,3168,0,4022948e,00dff01e,0040,14da,f,1,6100,25
3169,3169,0,4022948e,00dff01e,0040,14da,f,1,6100,1d
3170,3170,0,4022948e,00dff01e,0040,14da,f,1,6100,1d
3171,3171,0,4022948e,00dff01e,0040,14da,f,1,6100,0d
3172,3172,0,4022948e,00dff01e,0040,14da,f,1,6100,25
3173,3173,0,4022948e,00dff01e,0040,14da,f,0,6100,1f
3174,3174,0,4022948e,00dff01e,0040,14da,f,0,6100,1f
3175,3175,0,4022948e,00dff01e,0040,14da,f,0,6100,0f
3176,3176,0,4022948e,00dff01e,0040,14da,f,0,6100,03
3177,3177,0,4022948e,00dff01e,0040,14da,f,0,6100,03
3178,3178,0,4022948e,00dff01e,0040,14da,f,0,6100,03
3179,3179,0,4022948e,00dff01e,0040,14da,f,0,6100,03
3180,3180,0,4022948e,00dff01e,0040,14da,f,0,6100,23
3181,3181,0,4022958e,00dff01e,0040,14da,f,1,6100,1d
3182,3182,0,4022958e,00dff01e,0040,14da,f,1,6100,1d
3183,3183,0,4022958e,00dff01e,0040,14da,f,1,6100,0d
3184,3184,0,4022958e,00dff01e,0040,14da,f,1,6100,25
3185,3185,0,4022958e,00dff01e,0040,14da,f,1,6100,1f
3186,3186,0,4022958e,00dff01e,0040,14da,f,1,6100,1f
3187,3187,0,4022958e,00dff01e,0040,14da,f,1,6100,0f
3188,3188,0,4022958e,00dff01e,0040,14da,f,1,6100,03
3189,3189,0,4022958e,00dff01e,0040,14da,f,1,6100,03
3190,3190,0,4022958e,00dff01e,0040,14da,f,1,6100,03
3191,3191,0,4022958e,00dff01e,0040,14da,f,1,6100,03
3192,3192,0,4022958e,00dff01e,0040,14da,f,1,6100,03
3193,3193,0,4022958e,00dff01e,0040,14da,f,1,6100,03
3194,3194,0,4022958e,00dff01e,0040,14da,f,1,6100,03
3195,3195,0,4022958e,00dff01e,0040,14da,f,1,6100,03
3196,3196,0,4022958e,00dff01e,0040,14da,f,1,6100,23
3197,3197,0,4022958e,00dff01e,0040,14da,f,1,6100,1d
3198,3198,0,4022958e,00dff01e,0040,14da,f,1,6100,1d
3199,3199,0,4022958e,00dff01e,0040,14da,f,1,6100,0d
3200,3200,0,4022958e,00dff01e,0040,14da,f,1,6100,25
3201,3201,0,40229590,00dff01e,0040,14da,f,0,4e75,1d
3202,3202,0,40229590,00dff01e,0040,14da,f,0,4e75,1d
3203,3203,0,40229590,00dff01e,0040,14da,f,0,4e75,0d
3204,3204,0,40229590,00dff01e,0040,14da,f,0,4e75,25
3205,3205,0,40229590,00dff01e,0040,14da,f,1,4e75,1d
3206,3206,0,40229590,00dff01e,0040,14da,f,1,4e75,1d
3207,3207,0,40229590,00dff01e,0040,14da,f,1,4e75,0d
3208,3208,0,40229590,00dff01e,0040,14da,f,1,4e75,25
3209,3209,0,40229590,00dff01e,0040,14da,f,1,4e75,1d
3210,3210,0,40229590,00dff01e,0040,14da,f,1,4e75,1d
3211,3211,0,40229590,00dff01e,0040,14da,f,1,4e75,0d
3212,3212,0,40229590,00dff01e,0040,14da,f,1,4e75,25
3213,3213,0,40229590,00dff01e,0040,14da,f,1,4e75,1d
3214,3214,0,40229590,00dff01e,0040,14da,f,1,4e75,1d
3215,3215,0,40229590,00dff01e,0040,14da,f,1,4e75,0d
3216,3216,0,40229590,00dff01e,0040,14da,f,1,4e75,25
3217,3217,0,40229590,00dff01e,0040,14da,f,0,4e75,1d
3218,3218,0,40229590,00dff01e,0040,14da,f,0,4e75,1d
3219,3219,0,40229590,00dff01e,0040,14da,f,0,4e75,0d
3220,3220,0,40229590,00dff01e,0040,14da,f,0,4e75,25
3221,3221,0,40229590,00dff01e,0040,14da,f,1,4e75,1d
3222,3222,0,40229590,00dff01e,0040,14da,f,1,4e75,1d
3223,3223,0,40229590,00dff01e,0040,14da,f,1,4e75,0d
3224,3224,0,40229590,00dff01e,0040,14da,f,1,4e75,25
3225,3225,0,40229590,00dff01e,0040,14da,f,1,4e75,1d
3226,3226,0,40229590,00dff01e,0040,14da,f,1,4e75,1d
3227,3227,0,40229590,00dff01e,0040,14da,f,1,4e75,0d
3228,3228,0,40229590,00dff01e,0040,14da,f,1,4e75,25
3229,3229,0,40229590,00dff01e,0040,14da,f,1,4e75,1d
3230,3230,0,40229590,00dff01e,0040,14da,f,1,4e75,1d
3231,3231,0,40229590,00dff01e,0040,14da,f,1,4e75,0d
3232,3232,0,40229590,00dff01e,0040,14da,f,1,4e75,25
3233,3233,0,40229590,00dff01e,0040,14da,f,0,4e75,1d
3234,3234,0,40229590,00dff01e,0040,14da,f,0,4e75,1d
3235,3235,0,40229590,00dff01e,0040,14da,f,0,4e75,0d
3236,3236,0,40229590,00dff01e,0040,14da,f,0,4e75,25
3237,3237,0,4022948e,00dff01e,0040,14da,f,1,4e75,1d
3238,3238,0,4022948e,00dff01e,0040,14da,f,1,4e75,1d
3239,3239,0,4022948e,00dff01e,0040,14da,f,1,4e75,0d
3240,3240,0,4022948e,00dff01e,0040,14da,f,1,4e75,25
3241,3241,0,4022948e,00dff01e,0040,14da,f,1,4e75,1d
3242,3242,0,4022948e,00dff01e,0040,14da,f,1,4e75,1d
3243,3243,0,4022948e,00dff01e,0040,14da,f,1,4e75,0d
3244,3244,0,4022948e,00dff01e,0040,14da,f,1,4e75,25
3245,3245,0,4022948e,00dff01e,0040,14da,f,1,4e75,1d
3246,3246,0,4022948e,00dff01e,0040,14da,f,1,4e75,1d
3247,3247,0,4022948e,00dff01e,0040,14da,f,1,4e75,0d
3248,3248,0,4022948e,00dff01e,0040,14da,f,1,4e75,25
3249,3249,0,40229490,00dff01e,0040,14da,f,0,c141,1d
3250,3250,0,40229490,00dff01e,0040,14da,f,0,c141,1d
3251,3251,0,40229490,00dff01e,0040,14da,f,0,c141,0d
3252,3252,0,40229490,00dff01e,0040,14da,f,0,c141,25
3253,3253,0,40229490,00dff01e,0040,14da,f,1,c141,1d
3254,3254,0,40229490,00dff01e,0040,14da,f,1,c141,1d
3255,3255,0,40229490,00dff01e,0040,14da,f,1,c141,0d
3256,3256,0,40229490,00dff01e,0040,14da,f,1,c141,25
3257,3257,0,40229490,00dff01e,0040,14da,f,1,c141,1d
3258,3258,0,40229490,00dff01e,0040,14da,f,1,c141,1d
3259,3259,0,40229490,00dff01e,0040,14da,f,1,c141,0d
3260,3260,0,40229490,00dff01e,0040,14da,f,1,c141,25
3261,3261,0,40229490,00dff01e,0040,14da,f,1,c141,1d
3262,3262,0,40229490,00dff01e,0040,14da,f,1,c141,1d
3263,3263,0,40229490,00dff01e,0040,14da,f,1,c141,0d
3264,3264,0,40229490,00dff01e,0040,14da,f,1,c141,25
3265,3265,0,40229492,00dff01e,0040,14da,f,0,4281,1d
3266,3266,0,40229492,00dff01e,0040,14da,f,0,4281,1d
3267,3267,0,40229492,00dff01e,0040,14da,f,0,4281,0d
3268,3268,0,40229492,00dff01e,0040,14da,f,0,4281,25
3269,3269,0,40229492,00dff01e,0040,14da,f,1,4281,1d
3270,3270,0,40229492,00dff01e,0040,14da,f,1,4281,1d
3271,3271,0,40229492,00dff01e,0040,14da,f,1,4281,0d
3272,3272,0,40229492,00dff01e,0040,14da,f,1,4281,25
3273,3273,0,40229492,00dff01e,0040,14da,f,1,4281,1d
3274,3274,0,40229492,00dff01e,0040,14da,f,1,4281,1d
3275,3275,0,40229492,00dff01e,0040,14da,f,1,4281,0d
3276,3276,0,40229492,00dff01e,0040,14da,f,1,4281,25
3277,3277,0,40229492,00dff01e,0040,14da,f,1,4281,1d
3278,3278,0,40229492,00dff01e,0040,14da,f,1,4281,1d
3279,3279,0,40229492,00dff01e,0040,14da,f,1,4281,0d
3280,3280,0,40229492,00dff01e,0040,14da,f,1,4281,25
3281,3281,0,40229492,00dff01e,0040,14da,f,0,4281,1d
3282,3282,0,40229492,00dff01e,0040,14da,f,0,4281,1d
3283,3283,0,40229492,00dff01e,0040,14da,f,0,4281,0d
3284,3284,0,40229492,00dff01e,0040,14da,f,0,4281,25
3285,3285,0,40229494,00dff01e,0040,14da,f,1,4480,1d
3286,3286,0,40229494,00dff01e,0040,14da,f,1,4480,1d
3287,3287,0,40229494,00dff01e,0040,14da,f,1,4480,0d
3288,3288,0,40229494,00dff01e,0040,14da,f,1,4480,25
3289,3289,0,40229494,00dff01e,0040,14da,f,1,4480,1d
3290,3290,0,40229494,00dff01e,0040,14da,f,1,4480,1d
3291,3291,0,40229494,00dff01e,0040,14da,f,1,4480,0d
3292,3292,0,40229494,00dff01e,0040,14da,f,1,4480,25
3293,3293,0,40229494,00dff01e,0040,14da,f,1,4480,1d
3294,3294,0,40229494,00dff01e,0040,14da,f,1,4480,1d
3295,3295,0,40229494,00dff01e,0040,14da,f,1,4480,0d
3296,3296,0,40229494,00dff01e,0040,14da,f,1,4480,25
3297,3297,0,40229494,00dff01e,0040,14da,f,0,4480,1d
3298,3298,0,40229494,00dff01e,0040,14da,f,0,4480,1d
3299,3299,0,40229494,00dff01e,0040,14da,f,0,4480,0d
3300,3300,0,40229494,00dff01e,0040,14da,f,0,4480,25
3301,3301,0,40229494,00dff01e,0040,14da,f,1,4480,1d
3302,3302,0,40229494,00dff01e,0040,14da,f,1,4480,1d
3303,3303,0,40229494,00dff01e,0040,14da,f,1,4480,0d
3304,3304,0,40229494,00dff01e,0040,14da,f,1,4480,25
3305,3305,0,40229496,00dff01e,0040,14da,f,1,d080,1d
3306,3306,0,40229496,00dff01e,0040,14da,f,1,d080,1d
3307,3307,0,40229496,00dff01e,0040,14da,f,1,d080,0d
3308,3308,0,40229496,00dff01e,0040,14da,f,1,d080,25
3309,3309,0,40229496,00dff01e,0040,14da,f,1,d080,1d
3310,3310,0,40229496,00dff01e,0040,14da,f,1,d080,1d
3311,3311,0,40229496,00dff01e,0040,14da,f,1,d080,0d
3312,3312,0,40229496,00dff01e,0040,14da,f,1,d080,25
3313,3313,0,40229496,00dff01e,0040,14da,f,0,d080,1d
3314,3314,0,40229496,00dff01e,0040,14da,f,0,d080,1d
3315,3315,0,40229496,00dff01e,0040,14da,f,0,d080,0d
3316,3316,0,40229496,00dff01e,0040,14da,f,0,d080,25
3317,3317,0,40229496,00dff01e,0040,14da,f,1,d080,1d
3318,3318,0,40229496,00dff01e,0040,14da,f,1,d080,1d
3319,3319,0,40229496,00dff01e,0040,14da,f,1,d080,0d
3320,3320,0,40229496,00dff01e,0040,14da,f,1,d080,25
3321,3321,0,40229496,00dff01e,0040,14da,f,1,d080,1d
3322,3322,0,40229496,00dff01e,0040,14da,f,1,d080,1d
3323,3323,0,40229496,00dff01e,0040,14da,f,1,d080,0d
3324,3324,0,40229496,00dff01e,0040,14da,f,1,d080,25
3325,3325,0,40229498,00dff01e,0040,14da,f,1,d281,1d
3326,3326,0,40229498,00dff01e,0040,14da,f,1,d281,1d
3327,3327,0,40229498,00dff01e,0040,14da,f,1,d281,0d
3328,3328,0,40229498,00dff01e,0040,14da,f,1,d281,25
3329,3329,0,40229498,00dff01e,0040,14da,f,0,d281,1d
3330,3330,0,40229498,00dff01e,0040,14da,f,0,d281,1d
3331,3331,0,40229498,00dff01e,0040,14da,f,0,d281,0d
3332,3332,0,40229498,00dff01e,0040,14da,f,0,d281,25
3333,3333,0,40229498,00dff01e,0040,14da,f,1,d281,1d
3334,3334,0,40229498,00dff01e,0040,14da,f,1,d281,1d
3335,3335,0,40229498,00dff01e,0040,14da,f,1,d281,0d
3336,3336,0,40229498,00dff01e,0040,14da,f,1,d281,25
3337,3337,0,40229498,00dff01e,0040,14da,f,1,d281,1d
3338,3338,0,40229498,00dff01e,0040,14da,f,1,d281,1d
3339,3339,0,40229498,00dff01e,0040,14da,f,1,d281,0d
3340,3340,0,40229498,00dff01e,0040,14da,f,1,d281,25
3341,3341,0,40229498,00dff01e,0040,14da,f,1,d281,1d
3342,3342,0,40229498,00dff01e,0040,14da,f,1,d281,1d
3343,3343,0,40229498,00dff01e,0040,14da,f,1,d281,0d
3344,3344,0,40229498,00dff01e,0040,14da,f,1,d281,25
3345,3345,0,4022949a,00dff01e,0040,14da,f,0,d080,1d
3346,3346,0,4022949a,00dff01e,0040,14da,f,0,d080,1d
3347,3347,0,4022949a,00dff01e,0040,14da,f,0,d080,0d
3348,3348,0,4022949a,00dff01e,0040,14da,f,0,d080,25
3349,3349,0,4022949a,00dff01e,0040,14da,f,0,d080,1d
3350,3350,0,4022949a,00dff01e,0040,14da,f,0,d080,1d
3351,3351,0,4022949a,00dff01e,0040,14da,f,0,d080,0d
3352,3352,0,4022949a,00dff01e,0040,14da,f,0,d080,25
3353,3353,0,4022949a,00dff01e,0040,14da,f,0,d080,1d
3354,3354,0,4022949a,00dff01e,0040,14da,f,0,d080,1d
3355,3355,0,4022949a,00dff01e,0040,14da,f,0,d080,0d
3356,3356,0,4022949a,00dff01e,0040,14da,f,0,d080,25
3357,3357,0,4022949a,00dff01e,0040,14da,f,0,d080,1d
3358,3358,0,4022949a,00dff01e,0040,14da,f,0,d080,1d
3359,3359,0,4022949a,00dff01e,0040,14da,f,0,d080,0d
3360,3360,0,4022949a,00dff01e,0040,14da,f,0,d080,25
3361,3361,0,4022949a,00dff01e,0040,14da,f,0,d080,1d
3362,3362,0,4022949a,00dff01e,0040,14da,f,0,d080,1d
3363,3363,0,4022949a,00dff01e,0040,14da,f,0,d080,0d
3364,3364,0,4022949a,00dff01e,0040,14da,f,0,d080,25
3365,3365,0,4022949c,00dff01e,0040,14da,f,0,d281,1d
3366,3366,0,4022949c,00dff01e,0040,14da,f,0,d281,1d
3367,3367,0,4022949c,00dff01e,0040,14da,f,0,d281,0d
3368,3368,0,4022949c,00dff01e,0040,14da,f,0,d281,25
3369,3369,0,4022949c,00dff01e,0040,14da,f,1,d281,1d
3370,3370,0,4022949c,00dff01e,0040,14da,f,1,d281,1d
3371,3371,0,4022949c,00dff01e,0040,14da,f,1,d281,0d
3372,3372,0,4022949c,00dff01e,0040,14da,f,1,d281,25
3373,3373,0,4022949c,00dff01e,0040,14da,f,1,d281,1d
3374,3374,0,4022949c,00dff01e,0040,14da,f,1,d281,1d
3375,3375,0,4022949c,00dff01e,0040,14da,f,1,d281,0d
3376,3376,0,4022949c,00dff01e,0040,14da,f,1,d281,25
3377,3377,0,4022949c,00dff01e,0040,14da,f,1,d281,1d
3378,3378,0,4022949c,00dff01e,0040,14da,f,1,d281,1d
3379,3379,0,4022949c,00dff01e,0040,14da,f,1,d281,0d
3380,3380,0,4022949c,00dff01e,0040,14da,f,1,d281,25
3381,3381,0,4022949c,00dff01e,0040,14da,f,0,d281,1d
3382,3382,0,4022949c,00dff01e,0040,14da,f,0,d281,1d
3383,3383,0,4022949c,00dff01e,0040,14da,f,0,d281,0d
3384,3384,0,4022949c,00dff01e,0040,14da,f,0,d281,25
3385,3385,0,4022949e,00dff01e,0040,14da,f,0,0680,1d
3386,3386,0,4022949e,00dff01e,0040,14da,f,0,0680,1d
3387,3387,0,4022949e,00dff01e,0040,14da,f,0,0680,0d
3388,3388,0,4022949e,00dff01e,0040,14da,f,0,0680,25
3389,3389,0,4022949e,00dff01e,0040,14da,f,0,0680,1d
3390,3390,0,4022949e,00dff01e,0040,14da,f,0,0680,1d
3391,3391,0,4022949e,00dff01e,0040,14da,f,0,0680,0d
3392,3392,0,4022949e,00dff01e,0040,14da,f,0,0680,25
3393,3393,0,402294a2,00dff01e,0040,14da,f,0,0680,1d
3394,3394,0,402294a2,00dff01e,0040,14da,f,0,0680,1d
3395,3395,0,402294a2,00dff01e,0040,14da,f,0,0680,0d
3396,3396,0,402294a2,00dff01e,0040,14da,f,0,0680,25
3397,3397,0,402294a2,00dff01e,0040,14da,f,1,0680,1d
3398,3398,0,402294a2,00dff01e,0040,14da,f,1,0680,1d
3399,3399,0,402294a2,00dff01e,0040,14da,f,1,0680,0d
3400,3400,0,402294a2,00dff01e,0040,14da,f,1,0680,25
3401,3401,0,402294a2,00dff01e,0040,14da,f,1,0680,1d
3402,3402,0,402294a2,00dff01e,0040,14da,f,1,0680,1d
3403,3403,0,402294a2,00dff01e,0040,14da,f,1,0680,0d
3404,3404,0,402294a2,00dff01e,0040,14da,f,1,0680,25
3405,3405,0,402294a2,00dff01e,0040,14da,f,1,0680,1d
3406,3406,0,402294a2,00dff01e,0040,14da,f,1,0680,1d
3407,3407,0,402294a2,00dff01e,0040,14da,f,1,0680,0d
3408,3408,0,402294a2,00dff01e,0040,14da,f,1,0680,25
3409,3409,0,402294a4,00dff01e,0040,14da,f,0,0481,1d
3410,3410,0,402294a4,00dff01e,0040,14da,f,0,0481,1d
3411,3411,0,402294a4,00dff01e,0040,14da,f,0,0481,0d
3412,3412,0,402294a4,00dff01e,0040,14da,f,0,0481,25
3413,3413,0,402294a4,00dff01e,0040,14da,f,1,0481,1d
3414,3414,0,402294a4,00dff01e,0040,14da,f,1,0481,1d
3415,3415,0,402294a4,00dff01e,0040,14da,f,1,0481,0d
3416,3416,0,402294a4,00dff01e,0040,14da,f,1,0481,25
3417,3417,0,402294a8,00dff01e,0040,14da,f,1,0481,1d
3418,3418,0,402294a8,00dff01e,0040,14da,f,1,0481,1d
3419,3419,0,402294a8,00dff01e,0040,14da,f,1,0481,0d
3420,3420,0,402294a8,00dff01e,0040,14da,f,1,0481,25
3421,3421,0,402294a8,00dff01e,0040,14da,f,1,0481,1d
3422,3422,0,402294a8,00dff01e,0040,14da,f,1,0481,1d
3423,3423,0,402294a8,00dff01e,0040,14da,f,1,0481,0d
3424,3424,0,402294a8,00dff01e,0040,14da,f,1,0481,25
3425,3425,0,402294a8,00dff01e,0040,14da,f,0,0481,1d
3426,3426,0,402294a8,00dff01e,0040,14da,f,0,0481,1d
3427,3427,0,402294a8,00dff01e,0040,14da,f,0,0481,0d
3428,3428,0,402294a8,00dff01e,0040,14da,f,0,0481,25
3429,3429,0,402294a8,00dff01e,0040,14da,f,1,0481,1d
3430,3430,0,402294a8,00dff01e,0040,14da,f,1,0481,1d
3431,3431,0,402294a8,00dff01e,0040,14da,f,1,0481,0d
3432,3432,0,402294a8,00dff01e,0040,14da,f,1,0481,25
3433,3433,0,402294aa,00dff01e,0040,14da,f,1,207c,1d
3434,3434,0,402294aa,00dff01e,0040,14da,f,1,207c,1d
3435,3435,0,402294aa,00dff01e,0040,14da,f,1,207c,0d
3436,3436,0,402294aa,00dff01e,0040,14da,f,1,207c,25
3437,3437,0,402294aa,00dff01e,0040,14da,f,1,207c,1d
3438,3438,0,402294aa,00dff01e,0040,14da,f,1,207c,1d
3439,3439,0,402294aa,00dff01e,0040,14da,f,1,207c,0d
3440,3440,0,402294aa,00dff01e,0040,14da,f,1,207c,25
3441,3441,0,402294ae,00dff01e,0040,14da,f,0,207c,1d
3442,3442,0,402294ae,00dff01e,0040,14da,f,0,207c,1d
3443,3443,0,402294ae,00dff01e,0040,14da,f,0,207c,0d
3444,3444,0,402294ae,00dff01e,0040,14da,f,0,207c,25
3445,3445,0,402294ae,00dff01e,0040,14da,f,1,207c,1d
3446,3446,0,402294ae,00dff01e,0040,14da,f,1,207c,1d
3447,3447,0,402294ae,00dff01e,0040,14da,f,1,207c,0d
3448,3448,0,402294ae,00dff01e,0040,14da,f,1,207c,25
3449,3449,0,402294ae,00dff01e,0040,14da,f,1,207c,1d
3450,3450,0,402294ae,00dff01e,0040,14da,f,1,207c,1d
3451,3451,0,402294ae,00dff01e,0040,14da,f,1,207c,0d
3452,3452,0,402294ae,00dff01e,0040,14da,f,1,207c,25
3453,3453,0,402294ae,00dff01e,0040,14da,f,1,207c,1d
3454,3454,0,402294ae,00dff01e,0040,14da,f,1,207c,1d
3455,3455,0,402294ae,00dff01e,0040,14da,f,1,207c,0d
3456,3456,0,402294ae,00dff01e,0040,14da,f,1,207c,25
3457,3457,0,402294b0,00dff01e,0040,14da,f,0,2028,1d
3458,3458,0,402294b0,00dff01e,0040,14da,f,0,2028,1d
3459,3459,0,402294b0,00dff01e,0040,14da,f,0,2028,0d
3460,3460,0,402294b0,00dff01e,0040,14da,f,0,2028,25
3461,3461,0,402294b0,00dff01e,0040,14da,f,1,2028,1d
3462,3462,0,402294b0,00dff01e,0040,14da,f,1,2028,1d
3463,3463,0,402294b0,00dff01e,0040,14da,f,1,2028,0d
3464,3464,0,402294b0,00dff01e,0040,14da,f,1,2028,25
3465,3465,0,402294b0,00dff01e,0040,14da,f,1,2028,1d
3466,3466,0,402294b0,00dff01e,0040,14da,f,1,2028,1d
3467,3467,0,402294b0,00dff01e,0040,14da,f,1,2028,0d
3468,3468,0,402294b0,00dff01e,0040,14da,f,1,2028,25
3469,3469,0,402294b0,00dff01e,0040,14da,f,1,2028,1d
3470,3470,0,402294b0,00dff01e,0040,14da,f,1,2028,1d
3471,3471,0,402294b0,00dff01e,0040,14da,f,1,2028,0d
3472,3472,0,402294b0,00dff01e,0040,14da,f,1,2028,25
3473,3473,0,402294b2,00dff01e,0040,14da,f,0,2028,1d
3474,3474,0,402294b2,00dff01e,0040,14da,f,0,2028,1d
3475,3475,0,402294b2,00dff01e,0040,14da,f,0,2028,0d
3476,3476,0,402294b2,00dff01e,0040,14da,f,0,2028,25
3477,3477,0,402294b2,00dff01e,0040,14da,f,0,2028,1d
3478,3478,0,402294b2,00dff01e,0040,14da,f,0,2028,1d
3479,3479,0,402294b2,00dff01e,0040,14da,f,0,2028,0d
3480,3480,0,402294b2,00dff01e,0040,14da,f,0,2028,25
3481,3481,0,402294b2,00dff01e,0040,14da,f,0,2028,1d
3482,3482,0,402294b2,00dff01e,0040,14da,f,0,2028,1d
3483,3483,0,402294b2,00dff01e,0040,14da,f,0,2028,0d
3484,3484,0,402294b2,00dff01e,0040,14da,f,0,2028,25
3485,3485,0,402294b2,00dff01e,0040,14da,f,1,2028,1d
3486,3486,0,402294b2,00dff01e,0040,14da,f,1,2028,1d
3487,3487,0,402294b2,00dff01e,0040,14da,f,1,2028,0d
3488,3488,0,402294b2,00dff01e,0040,14da,f,1,2028,25
3489,3489,0,402294b2,00dff01e,0040,14da,f,1,2028,1d
3490,3490,0,402294b2,00dff01e,0040,14da,f,1,2028,1d
3491,3491,0,402294b2,00dff01e,0040,14da,f,1,2028,0d
3492,3492,0,402294b2,00dff01e,0040,14da,f,1,2028,25
3493,3493,0,402294b2,00dff01e,0040,14da,f,1,2028,1d
3494,3494,0,402294b2,00dff01e,0040,14da,f,1,2028,1d
3495,3495,0,402294b2,00dff01e,0040,14da,f,1,2028,0d
3496,3496,0,402294b2,00dff01e,0040,14da,f,1,2028,25
3497,3497,0,402294b2,00dff01e,0040,14da,f,0,2028,1d
3498,3498,0,402294b2,00dff01e,0040,14da,f,0,2028,1d
3499,3499,0,402294b2,00dff01e,0040,14da,f,0,2028,0d
3500,3500,0,402294b2,00dff01e,0040,14da,f,0,2028,25
3501,3501,0,402294b2,00dff01e,0040,14da,f,0,2028,1d
3502,3502,0,402294b2,00dff01e,0040,14da,f,0,2028,1d
3503,3503,0,402294b2,00dff01e,0040,14da,f,0,2028,0d
3504,3504,0,402294b2,00dff01e,0040,14da,f,0,2028,25
3505,3505,0,402294b2,00dff01e,0040,14da,f,0,2028,1d
3506,3506,0,402294b2,00dff01e,0040,14da,f,0,2028,1d
3507,3507,0,402294b2,00dff01e,0040,14da,f,0,2028,0d
3508,3508,0,402294b2,00dff01e,0040,14da,f,0,2028,25
3509,3509,0,402294b4,00dff01e,0040,14da,f,0,4881,1d
3510,3510,0,402294b4,00dff01e,0040,14da,f,0,4881,1d
3511,3511,0,402294b4,00dff01e,0040,14da,f,0,4881,0d
3512,3512,0,402294b4,00dff01e,0040,14da,f,0,4881,25
3513,3513,0,402294b4,00dff01e,0040,14da,f,1,4881,1d
3514,3514,0,402294b4,00dff01e,0040,14da,f,1,4881,1d
3515,3515,0,402294b4,00dff01e,0040,14da,f,1,4881,0d
3516,3516,0,402294b4,00dff01e,0040,14da,f,1,4881,25
3517,3517,0,402294b4,00dff01e,0040,14da,f,1,4881,1d
3518,3518,0,402294b4,00dff01e,0040,14da,f,1,4881,1d
3519,3519,0,402294b4,00dff01e,0040,14da,f,1,4881,0d
3520,3520,0,402294b4,00dff01e,0040,14da,f,1,4881,25
3521,3521,0,402294b4,00dff01e,0040,14da,f,1,4881,1d
3522,3522,0,402294b4,00dff01e,0040,14da,f,1,4881,1d
3523,3523,0,402294b4,00dff01e,0040,14da,f,1,4881,0d
3524,3524,0,402294b4,00dff01e,0040,14da,f,1,4881,25
3525,3525,0,402294b4,00dff01e,0040,14da,f,0,4881,1d
3526,3526,0,402294b4,00dff01e,0040,14da,f,0,4881,1d
3527,3527,0,402294b4,00dff01e,0040,14da,f,0,4881,0d
3528,3528,0,402294b4,00dff01e,0040,14da,f,0,4881,25
3529,3529,0,402294b6,00dff01e,0040,14da,f,0,48c1,1d
3530,3530,0,402294b6,00dff01e,0040,14da,f,0,48c1,1d
3531,3531,0,402294b6,00dff01e,0040,14da,f,0,48c1,0d
3532,3532,0,402294b6,00dff01e,0040,14da,f,0,48c1,25
3533,3533,0,402294b6,00dff01e,0040,14da,f,0,48c1,1d
3534,3534,0,402294b6,00dff01e,0040,14da,f,0,48c1,1d
3535,3535,0,402294b6,00dff01e,0040,14da,f,0,48c1,0d
3536,3536,0,402294b6,00dff01e,0040,14da,f,0,48c1,25
3537,3537,0,402294b6,00dff01e,0040,14da,f,0,48c1,1d
3538,3538,0,402294b6,00dff01e,0040,14da,f,0,48c1,1d
3539,3539,0,402294b6,00dff01e,0040,14da,f,0,48c1,0d
3540,3540,0,402294b6,00dff01e,0040,14da,f,0,48c1,25
3541,3541,0,402294b6,00dff01e,0040,14da,f,0,48c1,1d
3542,3542,0,402294b6,00dff01e,0040,14da,f,0,48c1,1d
3543,3543,0,402294b6,00dff01e,0040,14da,f,0,48c1,0d
3544,3544,0,402294b6,00dff01e,0040,14da,f,0,48c1,25
3545,3545,0,402294b6,00dff01e,0040,14da,f,0,48c1,1d
3546,3546,0,402294b6,00dff01e,0040,14da,f,0,48c1,1d
3547,3547,0,402294b6,00dff01e,0040,14da,f,0,48c1,0d
3548,3548,0,402294b6,00dff01e,0040,14da,f,0,48c1,25
3549,3549,0,402294b8,00dff01e,0040,14da,f,0,2028,1d
3550,3550,0,402294b8,00dff01e,0040,14da,f,0,2028,1d
3551,3551,0,402294b8,00dff01e,0040,14da,f,0,2028,0d
3552,3552,0,402294b8,00dff01e,0040,14da,f,0,2028,25
3553,3553,0,402294b8,00dff01e,0040,14da,f,1,2028,1d
3554,3554,0,402294b8,00dff01e,0040,14da,f,1,2028,1d
3555,3555,0,402294b8,00dff01e,0040,14da,f,1,2028,0d
3556,3556,0,402294b8,00dff01e,0040,14da,f,1,2028,25
3557,3557,0,402294b8,00dff01e,0040,14da,f,1,2028,1d
3558,3558,0,402294b8,00dff01e,0040,14da,f,1,2028,1d
3559,3559,0,402294b8,00dff01e,0040,14da,f,1,2028,0d
3560,3560,0,402294b8,00dff01e,0040,14da,f,1,2028,25
3561,3561,0,402294b8,00dff01e,0040,14da,f,1,2028,1d
3562,3562,0,402294b8,00dff01e,0040,14da,f,1,2028,1d
3563,3563,0,402294b8,00dff01e,0040,14da,f,1,2028,0d
3564,3564,0,402294b8,00dff01e,0040,14da,f,1,2028,25
3565,3565,0,402294ba,00dff01e,0040,14da,f,0,2028,1d
3566,3566,0,402294ba,00dff01e,0040,14da,f,0,2028,1d
3567,3567,0,402294ba,00dff01e,0040,14da,f,0,2028,0d
3568,3568,0,402294ba,00dff01e,0040,14da,f,0,2028,25
3569,3569,0,402294ba,00dff01e,0040,14da,f,0,2028,1d
3570,3570,0,402294ba,00dff01e,0040,14da,f,0,2028,1d
3571,3571,0,402294ba,00dff01e,0040,14da,f,0,2028,0d
3572,3572,0,402294ba,00dff01e,0040,14da,f,0,2028,25
3573,3573,0,402294ba,00dff01e,0040,14da,f,0,2028,1d
3574,3574,0,402294ba,00dff01e,0040,14da,f,0,2028,1d
3575,3575,0,402294ba,00dff01e,0040,14da,f,0,2028,0d
3576,3576,0,402294ba,00dff01e,0040,14da,f,0,2028,25
3577,3577,0,402294ba,00dff01e,0040,14da,f,1,2028,1d
3578,3578,0,402294ba,00dff01e,0040,14da,f,1,2028,1d
3579,3579,0,402294ba,00dff01e,0040,14da,f,1,2028,0d
3580,3580,0,402294ba,00dff01e,0040,14da,f,1,2028,25
3581,3581,0,402294ba,00dff01e,0040,14da,f,1,2028,1d
3582,3582,0,402294ba,00dff01e,0040,14da,f,1,2028,1d
3583,3583,0,402294ba,00dff01e,0040,14da,f,1,2028,0d
3584,3584,0,402294ba,00dff01e,0040,14da,f,1,2028,25
3585,3585,0,402294ba,00dff01e,0040,14da,f,1,2028,1d
3586,3586,0,402294ba,00dff01e,0040,14da,f,1,2028,1d
3587,3587,0,402294ba,00dff01e,0040,14da,f,1,2028,0d
3588,3588,0,402294ba,00dff01e,0040,14da,f,1,2028,25
3589,3589,0,402294ba,00dff01e,0040,14da,f,0,2028,1d
3590,3590,0,402294ba,00dff01e,0040,14da,f,0,2028,1d
3591,3591,0,402294ba,00dff01e,0040,14da,f,0,2028,0d
3592,3592,0,402294ba,00dff01e,0040,14da,f,0,2028,25
3593,3593,0,402294ba,00dff01e,0040,14da,f,0,2028,1d
3594,3594,0,402294ba,00dff01e,0040,14da,f,0,2028,1d
3595,3595,0,402294ba,00dff01e,0040,14da,f,0,2028,0d
3596,3596,0,402294ba,00dff01e,0040,14da,f,0,2028,25
3597,3597,0,402294ba,00dff01e,0040,14da,f,0,2028,1d
3598,3598,0,402294ba,00dff01e,0040,14da,f,0,2028,1d
3599,3599,0,402294ba,00dff01e,0040,14da,f,0,2028,0d
3600,3600,0,402294ba,00dff01e,0040,14da,f,0,2028,25
3601,3601,0,402294bc,00dff01e,0040,14da,f,0,223c,1d
3602,3602,0,402294bc,00dff01e,0040,14da,f,0,223c,1d
3603,3603,0,402294bc,00dff01e,0040,14da,f,0,223c,0d
3604,3604,0,402294bc,00dff01e,0040,14da,f,0,223c,25
3605,3605,0,402294bc,00dff01e,0040,14da,f,1,223c,1d
3606,3606,0,402294bc,00dff01e,0040,14da,f,1,223c,1d
3607,3607,0,402294bc,00dff01e,0040,14da,f,1,223c,0d
3608,3608,0,402294bc,00dff01e,0040,14da,f,1,223c,25
3609,3609,0,402294c0,00dff01e,0040,14da,f,1,223c,1d
3610,3610,0,402294c0,00dff01e,0040,14da,f,1,223c,1d
3611,3611,0,402294c0,00dff01e,0040,14da,f,1,223c,0d
3612,3612,0,402294c0,00dff01e,0040,14da,f,1,223c,25
3613,3613,0,402294c0,00dff01e,0040,14da,f,1,223c,1d
3614,3614,0,402294c0,00dff01e,0040,14da,f,1,223c,1d
3615,3615,0,402294c0,00dff01e,0040,14da,f,1,223c,0d
3616,3616,0,402294c0,00dff01e,0040,14da,f,1,223c,25
3617,3617,0,402294c0,00dff01e,0040,14da,f,0,223c,1d
3618,3618,0,402294c0,00dff01e,0040,14da,f,0,223c,1d
3619,3619,0,402294c0,00dff01e,0040,14da,f,0,223c,0d
3620,3620,0,402294c0,00dff01e,0040,14da,f,0,223c,25
3621,3621,0,402294c0,00dff01e,0040,14da,f,1,223c,1d
3622,3622,0,402294c0,00dff01e,0040,14da,f,1,223c,1d
3623,3623,0,402294c0,00dff01e,0040,14da,f,1,223c,0d
3624,3624,0,402294c0,00dff01e,0040,14da,f,1,223c,25
3625,3625,0,402294c2,00dff01e,0040,14da,f,1,2028,1d
3626,3626,0,402294c2,00dff01e,0040,14da,f,1,2028,1d
3627,3627,0,402294c2,00dff01e,0040,14da,f,1,2028,0d
3628,3628,0,402294c2,00dff01e,0040,14da,f,1,2028,25
3629,3629,0,402294c2,00dff01e,0040,14da,f,1,2028,1d
3630,3630,0,402294c2,00dff01e,0040,14da,f,1,2028,1d
3631,3631,0,402294c2,00dff01e,0040,14da,f,1,2028,0d
3632,3632,0,402294c2,00dff01e,0040,14da,f,1,2028,25
3633,3633,0,402294c2,00dff01e,0040,14da,f,0,2028,1d
3634,3634,0,402294c2,00dff01e,0040,14da,f,0,2028,1d
3635,3635,0,402294c2,00dff01e,0040,14da,f,0,2028,0d
3636,3636,0,402294c2,00dff01e,0040,14da,f,0,2028,25
3637,3637,0,402294c2,00dff01e,0040,14da,f,0,2028,1d
3638,3638,0,402294c2,00dff01e,0040,14da,f,0,2028,1d
3639,3639,0,402294c2,00dff01e,0040,14da,f,0,2028,0d
3640,3640,0,402294c2,00dff01e,0040,14da,f,0,2028,25
3641,3641,0,402294c4,00dff01e,0040,14da,f,0,2028,1d
3642,3642,0,402294c4,00dff01e,0040,14da,f,0,2028,1d
3643,3643,0,402294c4,00dff01e,0040,14da,f,0,2028,0d
3644,3644,0,402294c4,00dff01e,0040,14da,f,0,2028,25
3645,3645,0,402294c4,00dff01e,0040,14da,f,0,2028,1d
3646,3646,0,402294c4,00dff01e,0040,14da,f,0,2028,1d
3647,3647,0,402294c4,00dff01e,0040,14da,f,0,2028,0d
3648,3648,0,402294c4,00dff01e,0040,14da,f,0,2028,25
3649,3649,0,402294c4,00dff01e,0040,14da,f,0,2028,1d
3650,3650,0,402294c4,00dff01e,0040,14da,f,0,2028,1d
3651,3651,0,402294c4,00dff01e,0040,14da,f,0,2028,0d
3652,3652,0,402294c4,00dff01e,0040,14da,f,0,2028,25
3653,3653,0,402294c4,00dff01e,0040,14da,f,1,2028,1d
3654,3654,0,402294c4,00dff01e,0040,14da,f,1,2028,1d
3655,3655,0,402294c4,00dff01e,0040,14da,f,1,2028,0d
3656,3656,0,402294c4,00dff01e,0040,14da,f,1,2028,25
3657,3657,0,402294c4,00dff01e,0040,14da,f,1,2028,1d
3658,3658,0,402294c4,00dff01e,0040,14da,f,1,2028,1d
3659,3659,0,402294c4,00dff01e,0040,14da,f,1,2028,0d
3660,3660,0,402294c4,00dff01e,0040,14da,f,1,2028,25
3661,3661,0,402294c4,00dff01e,0040,14da,f,1,2028,1d
3662,3662,0,402294c4,00dff01e,0040,14da,f,1,2028,1d
3663,3663,0,402294c4,00dff01e,0040,14da,f,1,2028,0d
3664,3664,0,402294c4,00dff01e,0040,14da,f,1,2028,25
3665,3665,0,402294c4,00dff01e,0040,14da,f,0,2028,1d
3666,3666,0,402294c4,00dff01e,0040,14da,f,0,2028,1d
3667,3667,0,402294c4,00dff01e,0040,14da,f,0,2028,0d
3668,3668,0,402294c4,00dff01e,0040,14da,f,0,2028,25
3669,3669,0,402294c4,00dff01e,0040,14da,f,1,2028,1d
3670,3670,0,402294c4,00dff01e,0040,14da,f,1,2028,1d
3671,3671,0,402294c4,00dff01e,0040,14da,f,1,2028,0d
3672,3672,0,402294c4,00dff01e,0040,14da,f,1,2028,25
3673,3673,0,402294c4,00dff01e,0040,14da,f,1,2028,1d
3674,3674,0,402294c4,00dff01e,0040,14da,f,1,2028,1d
3675,3675,0,402294c4,00dff01e,0040,14da,f,1,2028,0d
3676,3676,0,402294c4,00dff01e,0040,14da,f,1,2028,25
3677,3677,0,402294c6,00dff01e,0040,14da,f,1,4841,1d
3678,3678,0,402294c6,00dff01e,0040,14da,f,1,4841,1d
3679,3679,0,402294c6,00dff01e,0040,14da,f,1,4841,0d
3680,3680,0,402294c6,00dff01e,0040,14da,f,1,4841,25
3681,3681,0,402294c6,00dff01e,0040,14da,f,0,4841,1d
3682,3682,0,402294c6,00dff01e,0040,14da,f,0,4841,1d
3683,3683,0,402294c6,00dff01e,0040,14da,f,0,4841,0d
3684,3684,0,402294c6,00dff01e,0040,14da,f,0,4841,25
3685,3685,0,402294c6,00dff01e,0040,14da,f,0,4841,1d
3686,3686,0,402294c6,00dff01e,0040,14da,f,0,4841,1d
3687,3687,0,402294c6,00dff01e,0040,14da,f,0,4841,0d
3688,3688,0,402294c6,00dff01e,0040,14da,f,0,4841,25
3689,3689,0,402294c6,00dff01e,0040,14da,f,0,4841,1d
3690,3690,0,402294c6,00dff01e,0040,14da,f,0,4841,1d
3691,3691,0,402294c6,00dff01e,0040,14da,f,0,4841,0d
3692,3692,0,402294c6,00dff01e,0040,14da,f,0,4841,25
3693,3693,0,402294c6,00dff01e,0040,14da,f,0,4841,1d
3694,3694,0,402294c6,00dff01e,0040,14da,f,0,4841,1d
3695,3695,0,402294c6,00dff01e,0040,14da,f,0,4841,0d
3696,3696,0,402294c6,00dff01e,0040,14da,f,0,4841,25
3697,3697,0,402294c8,00dff01e,0040,14da,f,0,6100,1d
3698,3698,0,402294c8,00dff01e,0040,14da,f,0,6100,1d
3699,3699,0,402294c8,00dff01e,0040,14da,f,0,6100,0d
3700,3700,0,402294c8,00dff01e,0040,14da,f,0,6100,25
3701,3701,0,402294c8,00dff01e,0040,14da,f,1,6100,1d
3702,3702,0,402294c8,00dff01e,0040,14da,f,1,6100,1d
3703,3703,0,402294c8,00dff01e,0040,14da,f,1,6100,0d
3704,3704,0,402294c8,00dff01e,0040,14da,f,1,6100,25
3705,3705,0,402294ca,00dff01e,0040,14da,f,1,6100,1d
3706,3706,0,402294ca,00dff01e,0040,14da,f,1,6100,1d
3707,3707,0,402294ca,00dff01e,0040,14da,f,1,6100,0d
3708,3708,0,402294ca,00dff01e,0040,14da,f,1,6100,25
3709,3709,0,402294ca,00dff01e,0040,14da,f,1,6100,1d
3710,3710,0,402294ca,00dff01e,0040,14da,f,1,6100,1d
3711,3711,0,402294ca,00dff01e,0040,14da,f,1,6100,0d
3712,3712,0,402294ca,00dff01e,0040,14da,f,1,6100,25
3713,3713,0,402294ca,00dff01e,0040,14da,f,0,6100,1d
3714,3714,0,402294ca,00dff01e,0040,14da,f,0,6100,1d
3715,3715,0,402294ca,00dff01e,0040,14da,f,0,6100,0d
3716,3716,0,402294ca,00dff01e,0040,14da,f,0,6100,25
3717,3717,0,402294ca,00dff01e,0040,14da,f,1,6100,1d
3718,3718,0,402294ca,00dff01e,0040,14da,f,1,6100,1d
3719,3719,0,402294ca,00dff01e,0040,14da,f,1,6100,0d
3720,3720,0,402294ca,00dff01e,0040,14da,f,1,6100,25
3721,3721,0,402294ca,00dff01e,0040,14da,f,1,6100,1d
3722,3722,0,402294ca,00dff01e,0040,14da,f,1,6100,1d
3723,3723,0,402294ca,00dff01e,0040,14da,f,1,6100,0d
3724,3724,0,402294ca,00dff01e,0040,14da,f,1,6100,25
3725,3725,0,402294ca,00dff01e,0040,14da,f,0,6100,1f
3726,3726,0,402294ca,00dff01e,0040,14da,f,0,6100,1f
3727,3727,0,402294ca,00dff01e,0040,14da,f,0,6100,0f
3728,3728,0,402294ca,00dff01e,0040,14da,f,0,6100,03
3729,3729,0,402294ca,00dff01e,0040,14da,f,0,6100,03
3730,3730,0,402294ca,00dff01e,0040,14da,f,0,6100,03
3731,3731,0,402294ca,00dff01e,0040,14da,f,0,6100,03
3732,3732,0,402294ca,00dff01e,0040,14da,f,0,6100,23
3733,3733,0,4022958e,00dff01e,0040,14da,f,1,6100,1d
3734,3734,0,4022958e,00dff01e,0040,14da,f,1,6100,1d
3735,3735,0,4022958e,00dff01e,0040,14da,f,1,6100,0d
3736,3736,0,4022958e,00dff01e,0040,14da,f,1,6100,25
3737,3737,0,4022958e,00dff01e,0040,14da,f,1,6100,1f
3738,3738,0,4022958e,00dff01e,0040,14da,f,1,6100,1f
3739,3739,0,4022958e,00dff01e,0040,14da,f,1,6100,0f
3740,3740,0,4022958e,00dff01e,0040,14da,f,1,6100,03
3741,3741,0,4022958e,00dff01e,0040,14da,f,1,6100,03
3742,3742,0,4022958e,00dff01e,0040,14da,f,1,6100,03
3743,3743,0,4022958e,00dff01e,0040,14da,f,1,6100,03
3744,3744,0,4022958e,00dff01e,0040,14da,f,1,6100,03
3745,3745,0,4022958e,00dff01e,0040,14da,f,1,6100,03
3746,3746,0,4022958e,00dff01e,0040,14da,f,1,6100,03
3747,3747,0,4022958e,00dff01e,0040,14da,f,1,6100,03
3748,3748,0,4022958e,00dff01e,0040,14da,f,1,6100,23
3749,3749,0,4022958e,00dff01e,0040,14da,f,1,6100,1d
3750,3750,0,4022958e,00dff01e,0040,14da,f,1,6100,1d
3751,3751,0,4022958e,00dff01e,0040,14da,f,1,6100,0d
3752,3752,0,4022958e,00dff01e,0040,14da,f,1,6100,25
3753,3753,0,40229590,00dff01e,0040,14da,f,0,4e75,1d
3754,3754,0,40229590,00dff01e,0040,14da,f,0,4e75,1d
3755,3755,0,40229590,00dff01e,0040,14da,f,0,4e75,0d
3756,3756,0,40229590,00dff01e,0040,14da,f,0,4e75,25
3757,3757,0,40229590,00dff01e,0040,14da,f,1,4e75,1d
3758,3758,0,40229590,00dff01e,0040,14da,f,1,4e75,1d
3759,3759,0,40229590,00dff01e,0040,14da,f,1,4e75,0d
3760,3760,0,40229590,00dff01e,0040,14da,f,1,4e75,25
3761,3761,0,40229590,00dff01e,0040,14da,f,1,4e75,1d
3762,3762,0,40229590,00dff01e,0040,14da,f,1,4e75,1d
3763,3763,0,40229590,00dff01e,0040,14da,f,1,4e75,0d
3764,3764,0,40229590,00dff01e,0040,14da,f,1,4e75,25
3765,3765,0,40229590,00dff01e,0040,14da,f,1,4e75,1d
3766,3766,0,40229590,00dff01e,0040,14da,f,1,4e75,1d
3767,3767,0,40229590,00dff01e,0040,14da,f,1,4e75,0d
3768,3768,0,40229590,00dff01e,0040,14da,f,1,4e75,25
3769,3769,0,40229590,00dff01e,0040,14da,f,0,4e75,1d
3770,3770,0,40229590,00dff01e,0040,14da,f,0,4e75,1d
3771,3771,0,40229590,00dff01e,0040,14da,f,0,4e75,0d
3772,3772,0,40229590,00dff01e,0040,14da,f,0,4e75,25
3773,3773,0,40229590,00dff01e,0040,14da,f,1,4e75,1d
3774,3774,0,40229590,00dff01e,0040,14da,f,1,4e75,1d
3775,3775,0,40229590,00dff01e,0040,14da,f,1,4e75,0d
3776,3776,0,40229590,00dff01e,0040,14da,f,1,4e75,25
3777,3777,0,40229590,00dff01e,0040,14da,f,1,4e75,1d
3778,3778,0,40229590,00dff01e,0040,14da,f,1,4e75,1d
3779,3779,0,40229590,00dff01e,0040,14da,f,1,4e75,0d
3780,3780,0,40229590,00dff01e,0040,14da,f,1,4e75,25
3781,3781,0,40229590,00dff01e,0040,14da,f,1,4e75,1d
3782,3782,0,40229590,00dff01e,0040,14da,f,1,4e75,1d
3783,3783,0,40229590,00dff01e,0040,14da,f,1,4e75,0d
3784,3784,0,40229590,00dff01e,0040,14da,f,1,4e75,25
3785,3785,0,40229590,00dff01e,0040,14da,f,0,4e75,1d
3786,3786,0,40229590,00dff01e,0040,14da,f,0,4e75,1d
3787,3787,0,40229590,00dff01e,0040,14da,f,0,4e75,0d
3788,3788,0,40229590,00dff01e,0040,14da,f,0,4e75,25
3789,3789,0,402294ca,00dff01e,0040,14da,f,1,4e75,1d
3790,3790,0,402294ca,00dff01e,0040,14da,f,1,4e75,1d
3791,3791,0,402294ca,00dff01e,0040,14da,f,1,4e75,0d
3792,3792,0,402294ca,00dff01e,0040,14da,f,1,4e75,25
3793,3793,0,402294ca,00dff01e,0040,14da,f,1,4e75,1d
3794,3794,0,402294ca,00dff01e,0040,14da,f,1,4e75,1d
3795,3795,0,402294ca,00dff01e,0040,14da,f,1,4e75,0d
3796,3796,0,402294ca,00dff01e,0040,14da,f,1,4e75,25
3797,3797,0,402294ca,00dff01e,0040,14da,f,1,4e75,1d
3798,3798,0,402294ca,00dff01e,0040,14da,f,1,4e75,1d
3799,3799,0,402294ca,00dff01e,0040,14da,f,1,4e75,0d
3800,3800,0,402294ca,00dff01e,0040,14da,f,1,4e75,25
3801,3801,0,402294cc,00dff01e,0040,14da,f,0,c141,1d
3802,3802,0,402294cc,00dff01e,0040,14da,f,0,c141,1d
3803,3803,0,402294cc,00dff01e,0040,14da,f,0,c141,0d
3804,3804,0,402294cc,00dff01e,0040,14da,f,0,c141,25
3805,3805,0,402294cc,00dff01e,0040,14da,f,1,c141,1d
3806,3806,0,402294cc,00dff01e,0040,14da,f,1,c141,1d
3807,3807,0,402294cc,00dff01e,0040,14da,f,1,c141,0d
3808,3808,0,402294cc,00dff01e,0040,14da,f,1,c141,25
3809,3809,0,402294cc,00dff01e,0040,14da,f,1,c141,1d
3810,3810,0,402294cc,00dff01e,0040,14da,f,1,c141,1d
3811,3811,0,402294cc,00dff01e,0040,14da,f,1,c141,0d
3812,3812,0,402294cc,00dff01e,0040,14da,f,1,c141,25
3813,3813,0,402294cc,00dff01e,0040,14da,f,1,c141,1d
3814,3814,0,402294cc,00dff01e,0040,14da,f,1,c141,1d
3815,3815,0,402294cc,00dff01e,0040,14da,f,1,c141,0d
3816,3816,0,402294cc,00dff01e,0040,14da,f,1,c141,25
3817,3817,0,402294ce,00dff01e,0040,14da,f,0,4281,1d
3818,3818,0,402294ce,00dff01e,0040,14da,f,0,4281,1d
3819,3819,0,402294ce,00dff01e,0040,14da,f,0,4281,0d
3820,3820,0,402294ce,00dff01e,0040,14da,f,0,4281,25
3821,3821,0,402294ce,00dff01e,0040,14da,f,1,4281,1d
3822,3822,0,402294ce,00dff01e,0040,14da,f,1,4281,1d
3823,3823,0,402294ce,00dff01e,0040,14da,f,1,4281,0d
3824,3824,0,402294ce,00dff01e,0040,14da,f,1,4281,25
3825,3825,0,402294ce,00dff01e,0040,14da,f,1,4281,1d
3826,3826,0,402294ce,00dff01e,0040,14da,f,1,4281,1d
3827,3827,0,402294ce,00dff01e,0040,14da,f,1,4281,0d
3828,3828,0,402294ce,00dff01e,0040,14da,f,1,4281,25
3829,3829,0,402294ce,00dff01e,0040,14da,f,1,4281,1d
3830,3830,0,402294ce,00dff01e,0040,14da,f,1,4281,1d
3831,3831,0,402294ce,00dff01e,0040,14da,f,1,4281,0d
3832,3832,0,402294ce,00dff01e,0040,14da,f,1,4281,25
3833,3833,0,402294ce,00dff01e,0040,14da,f,0,4281,1d
3834,3834,0,402294ce,00dff01e,0040,14da,f,0,4281,1d
3835,3835,0,402294ce,00dff01e,0040,14da,f,0,4281,0d
3836,3836,0,402294ce,00dff01e,0040,14da,f,0,4281,25
3837,3837,0,402294d0,00dff01e,0040,14da,f,1,4480,1d
3838,3838,0,402294d0,00dff01e,0040,14da,f,1,4480,1d
3839,3839,0,402294d0,00dff01e,0040,14da,f,1,4480,0d
3840,3840,0,402294d0,00dff01e,0040,14da,f,1,4480,25
3841,3841,0,402294d0,00dff01e,0040,14da,f,1,4480,1d
3842,3842,0,402294d0,00dff01e,0040,14da,f,1,4480,1d
3843,3843,0,402294d0,00dff01e,0040,14da,f,1,4480,0d
3844,3844,0,402294d0,00dff01e,0040,14da,f,1,4480,25
3845,3845,0,402294d0,00dff01e,0040,14da,f,1,4480,1d
3846,3846,0,402294d0,00dff01e,0040,14da,f,1,4480,1d
3847,3847,0,402294d0,00dff01e,0040,14da,f,1,4480,0d
3848,3848,0,402294d0,00dff01e,0040,14da,f,1,4480,25
3849,3849,0,402294d0,00dff01e,0040,14da,f,0,4480,1d
3850,3850,0,402294d0,00dff01e,0040,14da,f,0,4480,1d
3851,3851,0,402294d0,00dff01e,0040,14da,f,0,4480,0d
3852,3852,0,402294d0,00dff01e,0040,14da,f,0,4480,25
3853,3853,0,402294d0,00dff01e,0040,14da,f,1,4480,1d
3854,3854,0,402294d0,00dff01e,0040,14da,f,1,4480,1d
3855,3855,0,402294d0,00dff01e,0040,14da,f,1,4480,0d
3856,3856,0,402294d0,00dff01e,0040,14da,f,1,4480,25
3857,3857,0,402294d2,00dff01e,0040,14da,f,1,d080,1d
3858,3858,0,402294d2,00dff01e,0040,14da,f,1,d080,1d
3859,3859,0,402294d2,00dff01e,0040,14da,f,1,d080,0d
3860,3860,0,402294d2,00dff01e,0040,14da,f,1,d080,25
3861,3861,0,402294d2,00dff01e,0040,14da,f,1,d080,1d
3862,3862,0,402294d2,00dff01e,0040,14da,f,1,d080,1d
3863,3863,0,402294d2,00dff01e,0040,14da,f,1,d080,0d
3864,3864,0,402294d2,00dff01e,0040,14da,f,1,d080,25
3865,3865,0,402294d2,00dff01e,0040,14da,f,0,d080,1d
3866,3866,0,402294d2,00dff01e,0040,14da,f,0,d080,1d
3867,3867,0,402294d2,00dff01e,0040,14da,f,0,d080,0d
3868,3868,0,402294d2,00dff01e,0040,14da,f,0,d080,25
3869,3869,0,402294d2,00dff01e,0040,14da,f,1,d080,1d
3870,3870,0,402294d2,00dff01e,0040,14da,f,1,d080,1d
3871,3871,0,402294d2,00dff01e,0040,14da,f,1,d080,0d
3872,3872,0,402294d2,00dff01e,0040,14da,f,1,d080,25
3873,3873,0,402294d2,00dff01e,0040,14da,f,1,d080,1d
3874,3874,0,402294d2,00dff01e,0040,14da,f,1,d080,1d
3875,3875,0,402294d2,00dff01e,0040,14da,f,1,d080,0d
3876,3876,0,402294d2,00dff01e,0040,14da,f,1,d080,25
3877,3877,0,402294d4,00dff01e,0040,14da,f,1,d281,1d
3878,3878,0,402294d4,00dff01e,0040,14da,f,1,d281,1d
3879,3879,0,402294d4,00dff01e,0040,14da,f,1,d281,0d
3880,3880,0,402294d4,00dff01e,0040,14da,f,1,d281,25
3881,3881,0,402294d4,00dff01e,0040,14da,f,0,d281,1d
3882,3882,0,402294d4,00dff01e,0040,14da,f,0,d281,1d
3883,3883,0,402294d4,00dff01e,0040,14da,f,0,d281,0d
3884,3884,0,402294d4,00dff01e,0040,14da,f,0,d281,25
3885,3885,0,402294d4,00dff01e,0040,14da,f,1,d281,1d
3886,3886,0,402294d4,00dff01e,0040,14da,f,1,d281,1d
3887,3887,0,402294d4,00dff01e,0040,14da,f,1,d281,0d
3888,3888,0,402294d4,00dff01e,0040,14da,f,1,d281,25
3889,3889,0,402294d4,00dff01e,0040,14da,f,1,d281,1d
3890,3890,0,402294d4,00dff01e,0040,14da,f,1,d281,1d
3891,3891,0,402294d4,00dff01e,0040,14da,f,1,d281,0d
3892,3892,0,402294d4,00dff01e,0040,14da,f,1,d281,25
3893,3893,0,402294d4,00dff01e,0040,14da,f,1,d281,1d
3894,3894,0,402294d4,00dff01e,0040,14da,f,1,d281,1d
3895,3895,0,402294d4,00dff01e,0040,14da,f,1,d281,0d
3896,3896,0,402294d4,00dff01e,0040,14da,f,1,d281,25
3897,3897,0,402294d6,00dff01e,0040,14da,f,0,d080,1d
3898,3898,0,402294d6,00dff01e,0040,14da,f,0,d080,1d
3899,3899,0,402294d6,00dff01e,0040,14da,f,0,d080,0d
3900,3900,0,402294d6,00dff01e,0040,14da,f,0,d080,25
3901,3901,0,402294d6,00dff01e,0040,14da,f,0,d080,1d
3902,3902,0,402294d6,00dff01e,0040,14da,f,0,d080,1d
3903,3903,0,402294d6,00dff01e,0040,14da,f,0,d080,0d
3904,3904,0,402294d6,00dff01e,0040,14da,f,0,d080,25
3905,3905,0,402294d6,00dff01e,0040,14da,f,0,d080,1d
3906,3906,0,402294d6,00dff01e,0040,14da,f,0,d080,1d
3907,3907,0,402294d6,00dff01e,0040,14da,f,0,d080,0d
3908,3908,0,402294d6,00dff01e,0040,14da,f,0,d080,25
3909,3909,0,402294d6,00dff01e,0040,14da,f,0,d080,1d
3910,3910,0,402294d6,00dff01e,0040,14da,f,0,d080,1d
3911,3911,0,402294d6,00dff01e,0040,14da,f,0,d080,0d
3912,3912,0,402294d6,00dff01e,0040,14da,f,0,d080,25
3913,3913,0,402294d6,00dff01e,0040,14da,f,0,d080,1d
3914,3914,0,402294d6,00dff01e,0040,14da,f,0,d080,1d
3915,3915,0,402294d6,00dff01e,0040,14da,f,0,d080,0d
3916,3916,0,402294d6,00dff01e,0040,14da,f,0,d080,25
3917,3917,0,402294d8,00dff01e,0040,14da,f,0,d281,1d
3918,3918,0,402294d8,00dff01e,0040,14da,f,0,d281,1d
3919,3919,0,402294d8,00dff01e,0040,14da,f,0,d281,0d
3920,3920,0,402294d8,00dff01e,0040,14da,f,0,d281,25
3921,3921,0,402294d8,00dff01e,0040,14da,f,1,d281,1d
3922,3922,0,402294d8,00dff01e,0040,14da,f,1,d281,1d
3923,3923,0,402294d8,00dff01e,0040,14da,f,1,d281,0d
3924,3924,0,402294d8,00dff01e,0040,14da,f,1,d281,25
3925,3925,0,402294d8,00dff01e,0040,14da,f,1,d281,1d
3926,3926,0,402294d8,00dff01e,0040,14da,f,1,d281,1d
3927,3927,0,402294d8,00dff01e,0040,14da,f,1,d281,0d
3928,3928,0,402294d8,00dff01e,0040,14da,f,1,d281,25
3929,3929,0,402294d8,00dff01e,0040,14da,f,1,d281,1d
3930,3930,0,402294d8,00dff01e,0040,14da,f,1,d281,1d
3931,3931,0,402294d8,00dff01e,0040,14da,f,1,d281,0d
3932,3932,0,402294d8,00dff01e,0040,14da,f,1,d281,25
3933,3933,0,402294d8,00dff01e,0040,14da,f,0,d281,1d
3934,3934,0,402294d8,00dff01e,0040,14da,f,0,d281,1d
3935,3935,0,402294d8,00dff01e,0040,14da,f,0,d281,0d
3936,3936,0,402294d8,00dff01e,0040,14da,f,0,d281,25
3937,3937,0,402294da,00dff01e,0040,14da,f,0,0680,1d
3938,3938,0,402294da,00dff01e,0040,14da,f,0,0680,1d
3939,3939,0,402294da,00dff01e,0040,14da,f,0,0680,0d
3940,3940,0,402294da,00dff01e,0040,14da,f,0,0680,25
3941,3941,0,402294da,00dff01e,0040,14da,f,0,0680,1d
3942,3942,0,402294da,00dff01e,0040,14da,f,0,0680,1d
3943,3943,0,402294da,00dff01e,0040,14da,f,0,0680,0d
3944,3944,0,402294da,00dff01e,0040,14da,f,0,0680,25
3945,3945,0,402294de,00dff01e,0040,14da,f,0,0680,1d
3946,3946,0,402294de,00dff01e,0040,14da,f,0,0680,1d
3947,3947,0,402294de,00dff01e,0040,14da,f,0,0680,0d
3948,3948,0,402294de,00dff01e,0040,14da,f,0,0680,25
3949,3949,0,402294de,00dff01e,0040,14da,f,1,0680,1d
3950,3950,0,402294de,00dff01e,0040,14da,f,1,0680,1d
3951,3951,0,402294de,00dff01e,0040,14da,f,1,0680,0d
3952,3952,0,402294de,00dff01e,0040,14da,f,1,0680,25
3953,3953,0,402294de,00dff01e,0040,14da,f,1,0680,1d
3954,3954,0,402294de,00dff01e,0040,14da,f,1,0680,1d
3955,3955,0,402294de,00dff01e,0040,14da,f,1,0680,0d
3956,3956,0,402294de,00dff01e,0040,14da,f,1,0680,25
3957,3957,0,402294de,00dff01e,0040,14da,f,1,0680,1d
3958,3958,0,402294de,00dff01e,0040,14da,f,1,0680,1d
3959,3959,0,402294de,00dff01e,0040,14da,f,1,0680,0d
3960,3960,0,402294de,00dff01e,0040,14da,f,1,0680,25
3961,3961,0,402294e0,00dff01e,0040,14da,f,0,0481,1d
3962,3962,0,402294e0,00dff01e,0040,14da,f,0,0481,1d
3963,3963,0,402294e0,00dff01e,0040,14da,f,0,0481,0d
3964,3964,0,402294e0,00dff01e,0040,14da,f,0,0481,25
3965,3965,0,402294e0,00dff01e,0040,14da,f,1,0481,1d
3966,3966,0,402294e0,00dff01e,0040,14da,f,1,0481,1d
3967,3967,0,402294e0,00dff01e,0040,14da,f,1,0481,0d
3968,3968,0,402294e0,00dff01e,0040,14da,f,1,0481,25
3969,3969,0,402294e4,00dff01e,0040,14da,f,1,0481,1d
3970,3970,0,402294e4,00dff01e,0040,14da,f,1,0481,1d
3971,3971,0,402294e4,00dff01e,0040,14da,f,1,0481,0d
3972,3972,0,402294e4,00dff01e,0040,14da,f,1,0481,25
3973,3973,0,402294e4,00dff01e,0040,14da,f,1,0481,1d
3974,3974,0,402294e4,00dff01e,0040,14da,f,1,0481,1d
3975,3975,0,402294e4,00dff01e,0040,14da,f,1,0481,0d
3976,3976,0,402294e4,00dff01e,0040,14da,f,1,0481,25
3977,3977,0,402294e4,00dff01e,0040,14da,f,0,0481,1d
3978,3978,0,402294e4,00dff01e,0040,14da,f,0,0481,1d
3979,3979,0,402294e4,00dff01e,0040,14da,f,0,0481,0d
3980,3980,0,402294e4,00dff01e,0040,14da,f,0,0481,25
3981,3981,0,402294e4,00dff01e,0040,14da,f,1,0481,1d
3982,3982,0,402294e4,00dff01e,0040,14da,f,1,0481,1d
3983,3983,0,402294e4,00dff01e,0040,14da,f,1,0481,0d
3984,3984,0,402294e4,00dff01e,0040,14da,f,1,0481,25
3985,3985,0,402294e6,00dff01e,0040,14da,f,1,207c,1d
3986,3986,0,402294e6,00dff01e,0040,14da,f,1,207c,1d
3987,3987,0,402294e6,00dff01e,0040,14da,f,1,207c,0d
3988,3988,0,402294e6,00dff01e,0040,14da,f,1,207c,25
3989,3989,0,402294e6,00dff01e,0040,14da,f,1,207c,1d
3990,3990,0,402294e6,00dff01e,0040,14da,f,1,207c,1d
3991,3991,0,402294e6,00dff01e,0040,14da,f,1,207c,0d
3992,3992,0,402294e6,00dff01e,0040,14da,f,1,207c,25
3993,3993,0,402294ea,00dff01e,0040,14da,f,0,207c,1d
3994,3994,0,402294ea,00dff01e,0040,14da,f,0,207c,1d
3995,3995,0,402294ea,00dff01e,0040,14da,f,0,207c,0d
3996,3996,0,402294ea,00dff01e,0040,14da,f,0,207c,25
3997,3997,0,402294ea,00dff01e,0040,14da,f,1,207c,1d
3998,3998,0,402294ea,00dff01e,0040,14da,f,1,207c,1d
3999,3999,0,402294ea,00dff01e,0040,14da,f,1,207c,0d
4000,4000,0,402294ea,00dff01e,0040,14da,f,1,207c,25
4001,4001,0,402294ea,00dff01e,0040,14da,f,1,207c,1d
4002,4002,0,402294ea,00dff01e,0040,14da,f,1,207c,1d
4003,4003,0,402294ea,00dff01e,0040,14da,f,1,207c,0d
4004,4004,0,402294ea,00dff01e,0040,14da,f,1,207c,25
4005,4005,0,402294ea,00dff01e,0040,14da,f,1,207c,1d
4006,4006,0,402294ea,00dff01e,0040,14da,f,1,207c,1d
4007,4007,0,402294ea,00dff01e,0040,14da,f,1,207c,0d
4008,4008,0,402294ea,00dff01e,0040,14da,f,1,207c,25
4009,4009,0,402294ec,00dff01e,0040,14da,f,0,2028,1d
4010,4010,0,402294ec,00dff01e,0040,14da,f,0,2028,1d
4011,4011,0,402294ec,00dff01e,0040,14da,f,0,2028,0d
4012,4012,0,402294ec,00dff01e,0040,14da,f,0,2028,25
4013,4013,0,402294ec,00dff01e,0040,14da,f,1,2028,1d
4014,4014,0,402294ec,00dff01e,0040,14da,f,1,2028,1d
4015,4015,0,402294ec,00dff01e,0040,14da,f,1,2028,0d
4016,4016,0,402294ec,00dff01e,0040,14da,f,1,2028,25
4017,4017,0,402294ec,00dff01e,0040,14da,f,1,2028,1d
4018,4018,0,402294ec,00dff01e,0040,14da,f,1,2028,1d
4019,4019,0,402294ec,00dff01e,0040,14da,f,1,2028,0d
4020,4020,0,402294ec,00dff01e,0040,14da,f,1,2028,25
4021,4021,0,402294ec,00dff01e,0040,14da,f,1,2028,1d
4022,4022,0,402294ec,00dff01e,0040,14da,f,1,2028,1d
4023,4023,0,402294ec,00dff01e,0040,14da,f,1,2028,0d
4024,4024,0,402294ec,00dff01e,0040,14da,f,1,2028,25
4025,4025,0,402294ee,00dff01e,0040,14da,f,0,2028,1d
4026,4026,0,402294ee,00dff01e,0040,14da,f,0,2028,1d
4027,4027,0,402294ee,00dff01e,0040,14da,f,0,2028,0d
4028,4028,0,402294ee,00dff01e,0040,14da,f,0,2028,25
4029,4029,0,402294ee,00dff01e,0040,14da,f,0,2028,1d
4030,4030,0,402294ee,00dff01e,0040,14da,f,0,2028,1d
4031,4031,0,402294ee,00dff01e,0040,14da,f,0,2028,0d
4032,4032,0,402294ee,00dff01e,0040,14da,f,0,2028,25
4033,4033,0,402294ee,00dff01e,0040,14da,f,0,2028,1d
4034,4034,0,402294ee,00dff01e,0040,14da,f,0,2028,1d
4035,4035,0,402294ee,00dff01e,0040,14da,f,0,2028,0d
4036,4036,0,402294ee,00dff01e,0040,14da,f,0,2028,25
4037,4037,0,402294ee,00dff01e,0040,14da,f,1,2028,1d
4038,4038,0,402294ee,00dff01e,0040,14da,f,1,2028,1d
4039,4039,0,402294ee,00dff01e,0040,14da,f,1,2028,0d
4040,4040,0,402294ee,00dff01e,0040,14da,f,1,2028,25
4041,4041,0,402294ee,00dff01e,0040,14da,f,1,2028,1d
4042,4042,0,402294ee,00dff01e,0040,14da,f,1,2028,1d
4043,4043,0,402294ee,00dff01e,0040,14da,f,1,2028,0d
4044,4044,0,402294ee,00dff01e,0040,14da,f,1,2028,25
4045,4045,0,402294ee,00dff01e,0040,14da,f,1,2028,1d
4046,4046,0,402294ee,00dff01e,0040,14da,f,1,2028,1d
4047,4047,0,402294ee,00dff01e,0040,14da,f,1,2028,0d
4048,4048,0,402294ee,00dff01e,0040,14da,f,1,2028,25
4049,4049,0,402294ee,00dff01e,0040,14da,f,0,2028,1d
4050,4050,0,402294ee,00dff01e,0040,14da,f,0,2028,1d
4051,4051,0,402294ee,00dff01e,0040,14da,f,0,2028,0d
4052,4052,0,402294ee,00dff01e,0040,14da,f,0,2028,25
4053,4053,0,402294ee,00dff01e,0040,14da,f,0,2028,1d
4054,4054,0,402294ee,00dff01e,0040,14da,f,0,2028,1d
4055,4055,0,402294ee,00dff01e,0040,14da,f,0,2028,0d
4056,4056,0,402294ee,00dff01e,0040,14da,f,0,2028,25
4057,4057,0,402294ee,00dff01e,0040,14da,f,0,2028,1d
4058,4058,0,402294ee,00dff01e,0040,14da,f,0,2028,1d
4059,4059,0,402294ee,00dff01e,0040,14da,f,0,2028,0d
4060,4060,0,402294ee,00dff01e,0040,14da,f,0,2028,25
4061,4061,0,402294f0,00dff01e,0040,14da,f,0,4881,1d
4062,4062,0,402294f0,00dff01e,0040,14da,f,0,4881,1d
4063,4063,0,402294f0,00dff01e,0040,14da,f,0,4881,0d
4064,4064,0,402294f0,00dff01e,0040,14da,f,0,4881,25
4065,4065,0,402294f0,00dff01e,0040,14da,f,1,4881,1d
4066,4066,0,402294f0,00dff01e,0040,14da,f,1,4881,1d
4067,4067,0,402294f0,00dff01e,0040,14da,f,1,4881,0d
4068,4068,0,402294f0,00dff01e,0040,14da,f,1,4881,25
4069,4069,0,402294f0,00dff01e,0040,14da,f,1,4881,1d
4070,4070,0,402294f0,00dff01e,0040,14da,f,1,4881,1d
4071,4071,0,402294f0,00dff01e,0040,14da,f,1,4881,0d
4072,4072,0,402294f0,00dff01e,0040,14da,f,1,4881,25
4073,4073,0,402294f0,00dff01e,0040,14da,f,1,4881,1d
4074,4074,0,402294f0,00dff01e,0040,14da,f,1,4881,1d
4075,4075,0,402294f0,00dff01e,0040,14da,f,1,4881,0d
4076,4076,0,402294f0,00dff01e,0040,14da,f,1,4881,25
4077,4077,0,402294f0,00dff01e,0040,14da,f,0,4881,1d
4078,4078,0,402294f0,00dff01e,0040,14da,f,0,4881,1d
4079,4079,0,402294f0,00dff01e,0040,14da,f,0,4881,0d
4080,4080,0,402294f0,00dff01e,0040,14da,f,0,4881,25
4081,4081,0,402294f2,00dff01e,0040,14da,f,0,48c1,1d
4082,4082,0,402294f2,00dff01e,0040,14da,f,0,48c1,1d
4083,4083,0,402294f2,00dff01e,0040,14da,f,0,48c1,0d
4084,4084,0,402294f2,00dff01e,0040,14da,f,0,48c1,25
4085,4085,0,402294f2,00dff01e,0040,14da,f,0,48c1,1d
4086,4086,0,402294f2,00dff01e,0040,14da,f,0,48c1,1d
4087,4087,0,402294f2,00dff01e,0040,14da,f,0,48c1,0d
4088,4088,0,402294f2,00dff01e,0040,14da,f,0,48c1,25
4089,4089,0,402294f2,00dff01e,0040,14da,f,0,48c1,1d
4090,4090,0,402294f2,00dff01e,0040,14da,f,0,48c1,1d
4091,4091,0,402294f2,00dff01e,0040,14da,f,0,48c1,0d
4092,4092,0,402294f2,00dff01e,0040,14da,f,0,48c1,25
4093,4093,0,402294f2,00dff01e,0040,14da,f,0,48c1,1d
4094,4094,0,402294f2,00dff01e,0040,14da,f,0,48c1,1d
4095,4095,0,402294f2,00dff01e,0040,14da,f,0,48c1,0d
