Sample in Buffer,Sample in Window,TRIGGER,openaars_virtual_top/dbg_pc[31:0],openaars_virtual_top/tg68_adr[31:0],openaars_virtual_top/tg68_dat_in[15:0],openaars_virtual_top/tg68_dat_out[15:0],openaars_virtual_top/g_cpu040_ila.bus_ctl[3:0],openaars_virtual_top/dbg_flags[3:0],openaars_virtual_top/dbg_ir[15:0],openaars_virtual_top/tg68_cpustate_1[6:0]
Radix - UNSIGNED,UNSIGNED,UNSIGNED,HEX,HEX,HEX,HEX,HEX,HEX,HEX,HEX
0,0,0,400b7732,00dff09a,ffff,4000,f,e,4e75,1d
1,1,0,400b7732,00dff09a,ffff,4000,f,e,4e75,2d
2,2,0,400b7732,00dff09a,ffff,4000,f,e,4e75,1d
3,3,0,400b7732,00dff09a,ffff,4000,f,e,4e75,1d
4,4,0,400b7732,00dff09a,ffff,4000,f,e,4e75,2d
5,5,0,400b7732,00dff09a,ffff,4000,f,e,4e75,1d
6,6,0,400b7732,00dff09a,ffff,4000,f,e,4e75,1d
7,7,0,400b7732,00dff09a,ffff,4000,f,e,4e75,2d
8,8,0,400b7732,00dff09a,ffff,4000,f,e,4e75,1d
9,9,0,400b7732,00dff09a,ffff,4000,f,e,4e75,1d
10,10,0,400b7732,00dff09a,ffff,4000,f,e,4e75,2d
11,11,0,400b7732,00dff09a,ffff,4000,f,e,4e75,1d
12,12,0,400b7732,00dff09a,ffff,4000,f,e,4e75,1d
13,13,0,400b7732,00dff09a,ffff,4000,f,e,4e75,2d
14,14,0,400b7732,00dff09a,ffff,4000,f,e,4e75,1d
15,15,0,400b7732,00dff09a,ffff,4000,f,e,4e75,1d
16,16,0,400b7732,00dff09a,ffff,4000,f,e,4e75,2d
17,17,0,400b7732,00dff09a,ffff,4000,f,e,4e75,1d
18,18,0,400b7732,00dff09a,ffff,4000,f,e,4e75,1d
19,19,0,400b7732,00dff09a,ffff,4000,f,e,4e75,2d
20,20,0,400b7732,00dff09a,ffff,4000,f,e,4e75,1d
21,21,0,400b7732,00dff09a,ffff,4000,f,e,4e75,1d
22,22,0,400b7732,00dff09a,ffff,4000,f,e,4e75,2d
23,23,0,400b7732,00dff09a,ffff,4000,f,e,4e75,1d
24,24,0,400b7732,00dff09a,ffff,4000,f,e,4e75,1d
25,25,0,400b7732,00dff09a,ffff,4000,f,e,4e75,2d
26,26,0,400b7732,00dff09a,ffff,4000,f,e,4e75,1d
27,27,0,400b7732,00dff09a,ffff,4000,f,e,4e75,1d
28,28,0,400b7732,00dff09a,ffff,4000,f,e,4e75,2d
29,29,0,400b7732,00dff09a,ffff,4000,f,e,4e75,1d
30,30,0,400b7732,00dff09a,ffff,4000,f,e,4e75,1d
31,31,0,400b7732,00dff09a,ffff,4000,f,e,4e75,2d
32,32,0,400b7732,00dff09a,ffff,4000,f,e,4e75,1d
33,33,0,400b7732,00dff09a,ffff,4000,f,e,4e75,1d
34,34,0,400b7732,00dff09a,ffff,4000,f,e,4e75,2d
35,35,0,400b7732,00dff09a,ffff,4000,f,e,4e75,1d
36,36,0,400b7732,00dff09a,ffff,4000,f,e,4e75,1d
37,37,0,400b7732,00dff09a,ffff,4000,f,e,4e75,2d
38,38,0,400b7732,00dff09a,ffff,4000,f,e,4e75,1d
39,39,0,400b7732,00dff09a,ffff,4000,f,e,4e75,1d
40,40,0,400b7732,00dff09a,ffff,4000,f,e,4e75,2d
41,41,0,400b7732,00dff09a,ffff,4000,f,e,4e75,1d
42,42,0,400b7732,00dff09a,ffff,4000,f,e,4e75,1d
43,43,0,400b7732,00dff09a,ffff,4000,f,e,4e75,2d
44,44,0,400b7732,00dff09a,ffff,4000,f,e,4e75,1d
45,45,0,400b7732,00dff09a,ffff,4000,f,e,4e75,1d
46,46,0,400b7732,00dff09a,ffff,4000,f,e,4e75,2d
47,47,0,400b7732,00dff09a,ffff,4000,f,e,4e75,1d
48,48,0,400b7732,00dff09a,ffff,4000,f,e,4e75,1d
49,49,0,400b7732,00dff09a,ffff,4000,f,e,4e75,2d
50,50,0,400b7732,00dff09a,ffff,4000,f,e,4e75,1d
51,51,0,400b7732,00dff09a,ffff,4000,f,e,4e75,1d
52,52,0,400b7732,00dff09a,ffff,4000,f,e,4e75,2d
53,53,0,400b7732,00dff09a,ffff,4000,f,e,4e75,1d
54,54,0,400b7732,00dff09a,ffff,4000,f,e,4e75,1d
55,55,0,400b7732,00dff09a,ffff,4000,f,e,4e75,2d
56,56,0,400b7732,00dff09a,ffff,4000,f,e,4e75,1d
57,57,0,400b7732,00dff09a,ffff,4000,f,e,4e75,1d
58,58,0,400b7732,00dff09a,ffff,4000,f,e,4e75,2d
59,59,0,400b7732,00dff09a,ffff,4000,f,e,4e75,1d
60,60,0,400b7732,00dff09a,ffff,4000,f,e,4e75,1d
61,61,0,400b7732,00dff09a,ffff,4000,f,e,4e75,2d
62,62,0,400b7732,00dff09a,ffff,4000,f,e,4e75,1d
63,63,0,400b7732,00dff09a,ffff,4000,f,e,4e75,1d
64,64,0,400b7732,00dff09a,ffff,4000,f,e,4e75,2d
65,65,0,400b7732,00dff09a,ffff,4000,f,e,4e75,1d
66,66,0,400b7732,00dff09a,ffff,4000,f,e,4e75,1d
67,67,0,400b7732,00dff09a,ffff,4000,f,e,4e75,2d
68,68,0,400b7732,00dff09a,ffff,4000,f,e,4e75,1d
69,69,0,400b7732,00dff09a,ffff,4000,f,e,4e75,1d
70,70,0,400b7732,00dff09a,ffff,4000,f,e,4e75,2d
71,71,0,400b7732,00dff09a,ffff,4000,f,e,4e75,1d
72,72,0,400b7732,00dff09a,ffff,4000,f,e,4e75,1d
73,73,0,400b7732,00dff09a,ffff,4000,f,e,4e75,2d
74,74,0,400b7732,00dff09a,ffff,4000,f,e,4e75,1d
75,75,0,400b7732,00dff09a,ffff,4000,f,e,4e75,1d
76,76,0,400b7732,00dff09a,ffff,4000,f,e,4e75,2d
77,77,0,400b7732,00dff09a,ffff,4000,f,e,4e75,1d
78,78,0,400b7732,00dff09a,ffff,4000,f,e,4e75,1d
79,79,0,400b7732,00dff09a,ffff,4000,f,e,4e75,2d
80,80,0,400b7732,00dff09a,ffff,4000,f,e,4e75,1d
81,81,0,400b7732,00dff09a,ffff,4000,f,e,4e75,1d
82,82,0,400b7732,00dff09a,ffff,4000,f,e,4e75,2d
83,83,0,400b7732,00dff09a,ffff,4000,f,e,4e75,1d
84,84,0,400b7732,00dff09a,ffff,4000,f,e,4e75,1d
85,85,0,400b7732,00dff09a,ffff,4000,f,e,4e75,2d
86,86,0,400b7732,00dff09a,ffff,4000,f,e,4e75,1d
87,87,0,400b7732,00dff09a,ffff,4000,f,e,4e75,1d
88,88,0,400b7732,00dff09a,ffff,4000,f,e,4e75,2d
89,89,0,400b7732,00dff09a,ffff,4000,f,e,4e75,1d
90,90,0,400b7732,00dff09a,ffff,4000,f,e,4e75,1d
91,91,0,400b7732,00dff09a,ffff,4000,f,e,4e75,2d
92,92,0,400b7732,00dff09a,ffff,4000,f,e,4e75,1d
93,93,0,400b7732,00dff09a,ffff,4000,f,e,4e75,1d
94,94,0,400b7732,00dff09a,ffff,4000,f,e,4e75,2d
95,95,0,400b7732,00dff09a,ffff,4000,f,e,4e75,1d
96,96,0,400b7732,00dff09a,ffff,4000,f,e,4e75,1d
97,97,0,400b7732,00dff09a,ffff,4000,f,e,4e75,2d
98,98,0,400b7732,00dff09a,ffff,4000,f,e,4e75,1d
99,99,0,400b7732,00dff09a,ffff,4000,f,e,4e75,1d
100,100,0,400b7732,00dff09a,ffff,4000,f,e,4e75,2d
101,101,0,400b7732,00dff09a,ffff,4000,f,e,4e75,1d
102,102,0,400b7732,00dff09a,ffff,4000,f,e,4e75,1d
103,103,0,400b7732,00dff09a,ffff,4000,f,e,4e75,2d
104,104,0,400b7732,00dff09a,ffff,4000,f,e,4e75,1d
105,105,0,400b7732,00dff09a,ffff,4000,f,e,4e75,1d
106,106,0,400b7732,00dff09a,ffff,4000,f,e,4e75,2d
107,107,0,400b7732,00dff09a,ffff,4000,f,e,4e75,1d
108,108,0,400b7732,00dff09a,ffff,4000,f,e,4e75,1d
109,109,0,400b7732,00dff09a,ffff,4000,f,e,4e75,2d
110,110,0,400b7732,00dff09a,ffff,4000,f,e,4e75,1d
111,111,0,400b7732,00dff09a,ffff,4000,f,e,4e75,1d
112,112,0,400b7732,00dff09a,ffff,4000,f,e,4e75,2d
113,113,0,400b7732,00dff09a,ffff,4000,f,e,4e75,1d
114,114,0,400b7732,00dff09a,ffff,4000,f,e,4e75,1d
115,115,0,400b7732,00dff09a,ffff,4000,f,e,4e75,2d
116,116,0,400b7732,00dff09a,ffff,4000,f,e,4e75,1d
117,117,0,400b7732,00dff09a,ffff,4000,f,e,4e75,1d
118,118,0,400b7732,00dff09a,ffff,4000,f,e,4e75,2d
119,119,0,400b7732,00dff09a,ffff,4000,f,e,4e75,1d
120,120,0,400b7732,00dff09a,ffff,4000,f,e,4e75,1d
121,121,0,400b7732,00dff09a,ffff,4000,f,e,4e75,2d
122,122,0,400b7732,00dff09a,ffff,4000,f,e,4e75,1d
123,123,0,400b7732,00dff09a,ffff,4000,f,e,4e75,1d
124,124,0,400b7732,00dff09a,ffff,4000,f,e,4e75,2d
125,125,0,400b7732,00dff09a,ffff,4000,f,e,4e75,1d
126,126,0,400b7732,00dff09a,ffff,4000,f,e,4e75,1d
127,127,0,400b7732,00dff09a,ffff,4000,f,e,4e75,2d
128,128,0,400b7732,00dff09a,ffff,4000,f,e,4e75,1d
129,129,0,400b7732,00dff09a,ffff,4000,f,e,4e75,1d
130,130,0,400b7732,00dff09a,ffff,4000,f,e,4e75,2d
131,131,0,400b7732,00dff09a,ffff,4000,f,e,4e75,1d
132,132,0,400b7732,00dff09a,ffff,4000,f,e,4e75,1d
133,133,0,400b7732,00dff09a,ffff,4000,f,e,4e75,2d
134,134,0,400b7732,00dff09a,ffff,4000,f,e,4e75,1d
135,135,0,400b7732,00dff09a,ffff,4000,f,e,4e75,1d
136,136,0,400b7732,00dff09a,ffff,4000,f,e,4e75,2d
137,137,0,400b7732,00dff09a,ffff,4000,f,e,4e75,1d
138,138,0,400b7732,00dff09a,ffff,4000,f,e,4e75,1d
139,139,0,400b7732,00dff09a,ffff,4000,f,e,4e75,2d
140,140,0,400b7732,00dff09a,ffff,4000,f,e,4e75,1d
141,141,0,400b7732,00dff09a,ffff,4000,f,e,4e75,1d
142,142,0,400b7732,00dff09a,ffff,4000,f,e,4e75,2d
143,143,0,400b7732,00dff09a,ffff,4000,f,e,4e75,1d
144,144,0,400b7732,00dff09a,ffff,4000,f,e,4e75,1d
145,145,0,400b7732,00dff09a,ffff,4000,f,e,4e75,2d
146,146,0,400b7732,00dff09a,ffff,4000,f,e,4e75,1d
147,147,0,400b7732,00dff09a,ffff,4000,f,e,4e75,1d
148,148,0,400b7732,00dff09a,ffff,4000,f,e,4e75,2d
149,149,0,400b7732,00dff09a,ffff,4000,f,e,4e75,1d
150,150,0,400b7732,00dff09a,ffff,4000,f,e,4e75,1d
151,151,0,400b7732,00dff09a,ffff,4000,f,e,4e75,2d
152,152,0,400b7732,00dff09a,ffff,4000,f,e,4e75,1d
153,153,0,400b7732,00dff09a,ffff,4000,f,e,4e75,1d
154,154,0,400b7732,00dff09a,ffff,4000,f,e,4e75,2d
155,155,0,400b7732,00dff09a,ffff,4000,f,e,4e75,1d
156,156,0,400b7732,00dff09a,ffff,4000,f,e,4e75,1d
157,157,0,400b7732,00dff09a,ffff,4000,f,e,4e75,2d
158,158,0,400b7732,00dff09a,ffff,4000,f,e,4e75,1d
159,159,0,400b7732,00dff09a,ffff,4000,f,e,4e75,1d
160,160,0,400b7732,00dff09a,ffff,4000,f,e,4e75,2d
161,161,0,400b7732,00dff09a,ffff,4000,f,e,4e75,1d
162,162,0,400b7732,00dff09a,ffff,4000,f,e,4e75,1d
163,163,0,400b7732,00dff09a,ffff,4000,f,e,4e75,2d
164,164,0,400b7732,00dff09a,ffff,4000,f,e,4e75,1d
165,165,0,400b7732,00dff09a,ffff,4000,f,e,4e75,1d
166,166,0,400b7732,00dff09a,ffff,4000,f,e,4e75,2d
167,167,0,400b7732,00dff09a,ffff,4000,f,e,4e75,1d
168,168,0,400b7732,00dff09a,ffff,4000,f,e,4e75,1d
169,169,0,400b7732,00dff09a,ffff,4000,f,e,4e75,2d
170,170,0,400b7732,00dff09a,ffff,4000,f,e,4e75,1d
171,171,0,400b7732,00dff09a,ffff,4000,f,e,4e75,1d
172,172,0,400b7732,00dff09a,ffff,4000,f,e,4e75,2d
173,173,0,400b7732,00dff09a,ffff,4000,f,e,4e75,1d
174,174,0,400b7732,00dff09a,ffff,4000,f,e,4e75,1d
175,175,0,400b7732,00dff09a,ffff,4000,f,e,4e75,2d
176,176,0,400b7732,00dff09a,ffff,4000,f,e,4e75,1d
177,177,0,400b7732,00dff09a,ffff,4000,f,e,4e75,1d
178,178,0,400b7732,00dff09a,ffff,4000,f,e,4e75,2d
179,179,0,400b7732,00dff09a,ffff,4000,f,e,4e75,1d
180,180,0,400b7732,00dff09a,ffff,4000,f,e,4e75,1d
181,181,0,400b7732,00dff09a,ffff,4000,f,e,4e75,2d
182,182,0,400b7732,00dff09a,ffff,4000,f,e,4e75,1d
183,183,0,400b7732,00dff09a,ffff,4000,f,e,4e75,1d
184,184,0,400b7732,00dff09a,ffff,4000,f,e,4e75,2d
185,185,0,400b7732,00dff09a,ffff,4000,f,e,4e75,1d
186,186,0,400b7732,00dff09a,ffff,4000,f,e,4e75,1d
187,187,0,400b7732,00dff09a,ffff,4000,f,e,4e75,2d
188,188,0,400b7732,00dff09a,ffff,4000,f,e,4e75,1d
189,189,0,400b7732,00dff09a,ffff,4000,f,e,4e75,1d
190,190,0,400b7732,00dff09a,ffff,4000,f,e,4e75,2d
191,191,0,400b7732,00dff09a,ffff,4000,f,e,4e75,1d
192,192,0,400b7732,00dff09a,ffff,4000,f,e,4e75,1d
193,193,0,400b7732,00dff09a,ffff,4000,f,e,4e75,2d
194,194,0,400b7732,00dff09a,ffff,4000,f,e,4e75,1d
195,195,0,400b7732,00dff09a,ffff,4000,f,e,4e75,1d
196,196,0,400b7732,00dff09a,ffff,4000,f,e,4e75,2d
197,197,0,400b7732,00dff09a,ffff,4000,f,e,4e75,1d
198,198,0,400b7732,00dff09a,ffff,4000,f,e,4e75,1d
199,199,0,400b7732,00dff09a,ffff,4000,f,e,4e75,2d
200,200,0,400b7732,00dff09a,ffff,4000,f,e,4e75,1d
201,201,0,400b7732,00dff09a,ffff,4000,f,e,4e75,1d
202,202,0,400b7732,00dff09a,ffff,4000,f,e,4e75,2d
203,203,0,400b7732,00dff09a,ffff,4000,f,e,4e75,1d
204,204,0,400b7732,00dff09a,ffff,4000,f,e,4e75,1d
205,205,0,400b7732,00dff09a,ffff,4000,f,e,4e75,2d
206,206,0,400b7732,00dff09a,ffff,4000,f,e,4e75,1d
207,207,0,400b7732,00dff09a,ffff,4000,f,e,4e75,1d
208,208,0,400b7732,00dff09a,ffff,4000,f,e,4e75,2d
209,209,0,400b7732,00dff09a,ffff,4000,f,e,4e75,1d
210,210,0,400b7732,00dff09a,ffff,4000,f,e,4e75,1d
211,211,0,400b7732,00dff09a,ffff,4000,f,e,4e75,2d
212,212,0,400b7732,00dff09a,ffff,4000,f,e,4e75,1d
213,213,0,400b7732,00dff09a,ffff,4000,f,e,4e75,1d
214,214,0,400b7732,00dff09a,ffff,4000,f,e,4e75,2d
215,215,0,400b7732,00dff09a,ffff,4000,f,e,4e75,1d
216,216,0,400b7732,00dff09a,ffff,4000,f,e,4e75,1d
217,217,0,400b7732,00dff09a,ffff,4000,f,e,4e75,2d
218,218,0,400b7732,00dff09a,ffff,4000,f,e,4e75,1d
219,219,0,400b7732,00dff09a,ffff,4000,f,e,4e75,1d
220,220,0,400b7732,00dff09a,ffff,4000,f,e,4e75,2d
221,221,0,400b7732,00dff09a,ffff,4000,f,e,4e75,1d
222,222,0,400b7732,00dff09a,ffff,4000,f,e,4e75,1d
223,223,0,400b7732,00dff09a,ffff,4000,f,e,4e75,2d
224,224,0,400b7732,00dff09a,ffff,4000,f,e,4e75,1d
225,225,0,400b7732,00dff09a,ffff,4000,f,e,4e75,1d
226,226,0,400b7732,00dff09a,ffff,4000,f,e,4e75,2d
227,227,0,400b7732,00dff09a,ffff,4000,f,e,4e75,1d
228,228,0,400b7732,00dff09a,ffff,4000,f,e,4e75,1d
229,229,0,400b7732,00dff09a,ffff,4000,f,e,4e75,2d
230,230,0,400b7732,00dff09a,ffff,4000,f,e,4e75,1d
231,231,0,400b7732,00dff09a,ffff,4000,f,e,4e75,1d
232,232,0,400b7732,00dff09a,ffff,4000,f,e,4e75,2d
233,233,0,400b7732,00dff09a,ffff,4000,f,e,4e75,1d
234,234,0,400b7732,00dff09a,ffff,4000,f,e,4e75,1d
235,235,0,400b7732,00dff09a,ffff,4000,f,e,4e75,2d
236,236,0,400b7732,00dff09a,ffff,4000,f,e,4e75,1d
237,237,0,400b7732,00dff09a,ffff,4000,f,e,4e75,1d
238,238,0,400b7732,00dff09a,ffff,4000,f,e,4e75,2d
239,239,0,400b7732,00dff09a,ffff,4000,f,e,4e75,1d
240,240,0,400b7732,00dff09a,ffff,4000,f,e,4e75,1d
241,241,0,400b7732,00dff09a,ffff,4000,f,e,4e75,2d
242,242,0,400b7732,00dff09a,ffff,4000,f,e,4e75,1d
243,243,0,400b7732,00dff09a,ffff,4000,f,e,4e75,1d
244,244,0,400b7732,00dff09a,ffff,4000,f,e,4e75,2d
245,245,0,400b7732,00dff09a,ffff,4000,f,e,4e75,1d
246,246,0,400b7732,00dff09a,ffff,4000,f,e,4e75,1d
247,247,0,400b7732,00dff09a,ffff,4000,f,e,4e75,2d
248,248,0,400b7732,00dff09a,ffff,4000,f,e,4e75,1d
249,249,0,400b7732,00dff09a,ffff,4000,f,e,4e75,1d
250,250,0,400b7732,00dff09a,ffff,4000,f,e,4e75,2d
251,251,0,400b7732,00dff09a,ffff,4000,f,e,4e75,1d
252,252,0,400b7732,00dff09a,ffff,4000,f,e,4e75,1d
253,253,0,400b7732,00dff09a,ffff,4000,f,e,4e75,2d
254,254,0,400b7732,00dff09a,ffff,4000,f,e,4e75,1d
255,255,0,400b7732,00dff09a,ffff,4000,f,e,4e75,1d
256,256,0,400b7732,00dff09a,ffff,4000,f,e,4e75,2d
257,257,0,400b7732,00dff09a,ffff,4000,f,e,4e75,1d
258,258,0,400b7732,00dff09a,ffff,4000,f,e,4e75,1d
259,259,0,400b7732,00dff09a,ffff,4000,f,e,4e75,2d
260,260,0,400b7732,00dff09a,ffff,4000,f,e,4e75,1d
261,261,0,400b7732,00dff09a,ffff,4000,f,e,4e75,1d
262,262,0,400b7732,00dff09a,ffff,4000,f,e,4e75,2d
263,263,0,400b7732,00dff09a,ffff,4000,f,e,4e75,1d
264,264,0,400b7732,00dff09a,ffff,4000,f,e,4e75,1d
265,265,0,400b7732,00dff09a,ffff,4000,f,e,4e75,2d
266,266,0,400b7732,00dff09a,ffff,4000,f,e,4e75,1d
267,267,0,400b7732,00dff09a,ffff,4000,f,e,4e75,1d
268,268,0,400b7732,00dff09a,ffff,4000,f,e,4e75,2d
269,269,0,400b7732,00dff09a,ffff,4000,f,e,4e75,1d
270,270,0,400b7732,00dff09a,ffff,4000,f,e,4e75,1d
271,271,0,400b7732,00dff09a,ffff,4000,f,e,4e75,2d
272,272,0,400b7732,00dff09a,ffff,4000,f,e,4e75,1d
273,273,0,400b7732,00dff09a,ffff,4000,f,e,4e75,1d
274,274,0,400b7732,00dff09a,ffff,4000,f,e,4e75,2d
275,275,0,400b7732,00dff09a,ffff,4000,f,e,4e75,1d
276,276,0,400b7732,00dff09a,ffff,4000,f,e,4e75,1d
277,277,0,400b7732,00dff09a,ffff,4000,f,e,4e75,2d
278,278,0,400b7732,00dff09a,ffff,4000,f,e,4e75,1d
279,279,0,400b7732,00dff09a,ffff,4000,f,e,4e75,1d
280,280,0,400b7732,00dff09a,ffff,4000,f,e,4e75,2d
281,281,0,400b7732,00dff09a,ffff,4000,f,e,4e75,1d
282,282,0,400b7732,00dff09a,ffff,4000,f,e,4e75,1d
283,283,0,400b7732,00dff09a,ffff,4000,f,e,4e75,2d
284,284,0,400b7732,00dff09a,ffff,4000,f,e,4e75,1d
285,285,0,400b7732,00dff09a,ffff,4000,f,e,4e75,1d
286,286,0,400b7732,00dff09a,ffff,4000,f,e,4e75,2d
287,287,0,400b7732,00dff09a,ffff,4000,f,e,4e75,1d
288,288,0,400b7732,00dff09a,ffff,4000,f,e,4e75,1d
289,289,0,400b7732,00dff09a,ffff,4000,f,e,4e75,2d
290,290,0,400b7732,00dff09a,ffff,4000,f,e,4e75,1d
291,291,0,400b7732,00dff09a,ffff,4000,f,e,4e75,1d
292,292,0,400b7732,00dff09a,ffff,4000,f,e,4e75,2d
293,293,0,400b7732,00dff09a,ffff,4000,f,e,4e75,1d
294,294,0,400b7732,00dff09a,ffff,4000,f,e,4e75,1d
295,295,0,400b7732,00dff09a,ffff,4000,f,e,4e75,2d
296,296,0,400b7732,00dff09a,ffff,4000,f,e,4e75,1d
297,297,0,400b7732,00dff09a,ffff,4000,f,e,4e75,1d
298,298,0,400b7732,00dff09a,ffff,4000,f,e,4e75,2d
299,299,0,400b7732,00dff09a,ffff,4000,f,e,4e75,1d
300,300,0,400b7732,00dff09a,ffff,4000,f,e,4e75,1d
301,301,0,400b7732,00dff09a,ffff,4000,f,e,4e75,2d
302,302,0,400b7732,00dff09a,ffff,4000,f,e,4e75,1d
303,303,0,400b7732,00dff09a,ffff,4000,f,e,4e75,1d
304,304,0,400b7732,00dff09a,ffff,4000,f,e,4e75,2d
305,305,0,400b7732,00dff09a,ffff,4000,f,e,4e75,1d
306,306,0,400b7732,00dff09a,ffff,4000,f,e,4e75,1d
307,307,0,400b7732,00dff09a,ffff,4000,f,e,4e75,2d
308,308,0,400b7732,00dff09a,ffff,4000,f,e,4e75,1d
309,309,0,400b7732,00dff09a,ffff,4000,f,e,4e75,1d
310,310,0,400b7732,00dff09a,ffff,4000,f,e,4e75,2d
311,311,0,400b7732,00dff09a,ffff,4000,f,e,4e75,1d
312,312,0,400b7732,00dff09a,ffff,4000,f,e,4e75,1d
313,313,0,400b7732,00dff09a,ffff,4000,f,e,4e75,2d
314,314,0,400b7732,00dff09a,ffff,4000,f,e,4e75,1d
315,315,0,400b7732,00dff09a,ffff,4000,f,e,4e75,1d
316,316,0,400b7732,00dff09a,ffff,4000,f,e,4e75,2d
317,317,0,400b7732,00dff09a,ffff,4000,f,e,4e75,1d
318,318,0,400b7732,00dff09a,ffff,4000,f,e,4e75,1d
319,319,0,400b7732,00dff09a,ffff,4000,f,e,4e75,2d
320,320,0,400b7732,00dff09a,ffff,4000,f,e,4e75,1d
321,321,0,400b7732,00dff09a,ffff,4000,f,e,4e75,1d
322,322,0,400b7732,00dff09a,ffff,4000,f,e,4e75,2d
323,323,0,400b7732,00dff09a,ffff,4000,f,e,4e75,1d
324,324,0,400b7732,00dff09a,ffff,4000,f,e,4e75,1d
325,325,0,400b7732,00dff09a,ffff,4000,f,e,4e75,2d
326,326,0,400b7732,00dff09a,ffff,4000,f,e,4e75,1d
327,327,0,400b7732,00dff09a,ffff,4000,f,e,4e75,1d
328,328,0,400b7732,00dff09a,ffff,4000,f,e,4e75,2d
329,329,0,400b7732,00dff09a,ffff,4000,f,e,4e75,1d
330,330,0,400b7732,00dff09a,ffff,4000,f,e,4e75,1d
331,331,0,400b7732,00dff09a,ffff,4000,f,e,4e75,2d
332,332,0,400b7732,00dff09a,ffff,4000,f,e,4e75,1d
333,333,0,400b7732,00dff09a,ffff,4000,f,e,4e75,1d
334,334,0,400b7732,00dff09a,ffff,4000,f,e,4e75,2d
335,335,0,400b7732,00dff09a,ffff,4000,f,e,4e75,1d
336,336,0,400b7732,00dff09a,ffff,4000,f,e,4e75,1d
337,337,0,400b7732,00dff09a,ffff,4000,f,e,4e75,2d
338,338,0,400b7732,00dff09a,ffff,4000,f,e,4e75,1d
339,339,0,400b7732,00dff09a,ffff,4000,f,e,4e75,1d
340,340,0,400b7732,00dff09a,ffff,4000,f,e,4e75,2d
341,341,0,400b7732,00dff09a,ffff,4000,f,e,4e75,1d
342,342,0,400b7732,00dff09a,ffff,4000,f,e,4e75,1d
343,343,0,400b7732,00dff09a,ffff,4000,f,e,4e75,2d
344,344,0,400b7732,00dff09a,ffff,4000,f,e,4e75,1d
345,345,0,400b7732,00dff09a,ffff,4000,f,e,4e75,1d
346,346,0,400b7732,00dff09a,ffff,4000,f,e,4e75,2d
347,347,0,400b7732,00dff09a,ffff,4000,f,e,4e75,1d
348,348,0,400b7732,00dff09a,ffff,4000,f,e,4e75,1d
349,349,0,400b7732,00dff09a,ffff,4000,f,e,4e75,2d
350,350,0,400b7732,00dff09a,ffff,4000,f,e,4e75,1d
351,351,0,400b7732,00dff09a,ffff,4000,f,e,4e75,1d
352,352,0,400b7732,00dff09a,ffff,4000,f,e,4e75,2d
353,353,0,400b7732,00dff09a,ffff,4000,f,e,4e75,1d
354,354,0,400b7732,00dff09a,ffff,4000,f,e,4e75,1d
355,355,0,400b7732,00dff09a,ffff,4000,f,e,4e75,2d
356,356,0,400b7732,00dff09a,ffff,4000,f,e,4e75,1d
357,357,0,400b7732,00dff09a,ffff,4000,f,e,4e75,1d
358,358,0,400b7732,00dff09a,ffff,4000,f,e,4e75,2d
359,359,0,400b7732,00dff09a,ffff,4000,f,e,4e75,1d
360,360,0,400b7732,00dff09a,ffff,4000,f,e,4e75,1d
361,361,0,400b7732,00dff09a,ffff,4000,f,e,4e75,2d
362,362,0,400b7732,00dff09a,ffff,4000,f,e,4e75,1d
363,363,0,400b7732,00dff09a,ffff,4000,f,e,4e75,1d
364,364,0,400b7732,00dff09a,ffff,4000,f,e,4e75,2d
365,365,0,400b7732,00dff09a,ffff,4000,f,e,4e75,1d
366,366,0,400b7732,00dff09a,ffff,4000,f,e,4e75,1d
367,367,0,400b7732,00dff09a,ffff,4000,f,e,4e75,2d
368,368,0,400b7732,00dff09a,ffff,4000,f,e,4e75,1d
369,369,0,400b7732,00dff09a,ffff,4000,f,e,4e75,1d
370,370,0,400b7732,00dff09a,ffff,4000,f,e,4e75,2d
371,371,0,400b7732,00dff09a,ffff,4000,f,e,4e75,1d
372,372,0,400b7732,00dff09a,ffff,4000,f,e,4e75,1d
373,373,0,400b7732,00dff09a,ffff,4000,f,e,4e75,2d
374,374,0,400b7732,00dff09a,ffff,4000,f,e,4e75,1d
375,375,0,400b7732,00dff09a,ffff,4000,f,e,4e75,1d
376,376,0,400b7732,00dff09a,ffff,4000,f,e,4e75,2d
377,377,0,400b7732,00dff09a,ffff,4000,f,e,4e75,1d
378,378,0,400b7732,00dff09a,ffff,4000,f,e,4e75,1d
379,379,0,400b7732,00dff09a,ffff,4000,f,e,4e75,2d
380,380,0,400b7732,00dff09a,ffff,4000,f,e,4e75,1d
381,381,0,400b7732,00dff09a,ffff,4000,f,e,4e75,1d
382,382,0,400b7732,00dff09a,ffff,4000,f,e,4e75,2d
383,383,0,400b7732,00dff09a,ffff,4000,f,e,4e75,1d
384,384,0,400b7732,00dff09a,ffff,4000,f,e,4e75,1d
385,385,0,400b7732,00dff09a,ffff,4000,f,e,4e75,2d
386,386,0,400b7732,00dff09a,ffff,4000,f,e,4e75,1d
387,387,0,400b7732,00dff09a,ffff,4000,f,e,4e75,1d
388,388,0,400b7732,00dff09a,ffff,4000,f,e,4e75,2d
389,389,0,400b7732,00dff09a,ffff,4000,f,e,4e75,1d
390,390,0,400b7732,00dff09a,ffff,4000,f,e,4e75,1d
391,391,0,400b7732,00dff09a,ffff,4000,f,e,4e75,2d
392,392,0,400b7732,00dff09a,ffff,4000,f,e,4e75,1d
393,393,0,400b7732,00dff09a,ffff,4000,f,e,4e75,1d
394,394,0,400b7732,00dff09a,ffff,4000,f,e,4e75,2d
395,395,0,400b7732,00dff09a,ffff,4000,f,e,4e75,1d
396,396,0,400b7732,00dff09a,ffff,4000,f,e,4e75,1d
397,397,0,400b7732,00dff09a,ffff,4000,f,e,4e75,2d
398,398,0,400b7732,00dff09a,ffff,4000,f,e,4e75,1d
399,399,0,400b7732,00dff09a,ffff,4000,f,e,4e75,1d
400,400,0,400b7732,00dff09a,ffff,4000,f,e,4e75,2d
401,401,0,400b7732,00dff09a,ffff,4000,f,e,4e75,1d
402,402,0,400b7732,00dff09a,ffff,4000,f,e,4e75,1d
403,403,0,400b7732,00dff09a,ffff,4000,f,e,4e75,2d
404,404,0,400b7732,00dff09a,ffff,4000,f,e,4e75,1d
405,405,0,400b7732,00dff09a,ffff,4000,f,e,4e75,1d
406,406,0,400b7732,00dff09a,ffff,4000,f,e,4e75,2d
407,407,0,400b7732,00dff09a,ffff,4000,f,e,4e75,1d
408,408,0,400b7732,00dff09a,ffff,4000,f,e,4e75,1d
409,409,0,400b7732,00dff09a,ffff,4000,f,e,4e75,2d
410,410,0,400b7732,00dff09a,ffff,4000,f,e,4e75,1d
411,411,0,400b7732,00dff09a,ffff,4000,f,e,4e75,1d
412,412,0,400b7732,00dff09a,ffff,4000,f,e,4e75,2d
413,413,0,400b7732,00dff09a,ffff,4000,f,e,4e75,1d
414,414,0,400b7732,00dff09a,ffff,4000,f,e,4e75,1d
415,415,0,400b7732,00dff09a,ffff,4000,f,e,4e75,2d
416,416,0,400b7732,00dff09a,ffff,4000,f,e,4e75,1d
417,417,0,400b7732,00dff09a,ffff,4000,f,e,4e75,1d
418,418,0,400b7732,00dff09a,ffff,4000,f,e,4e75,2d
419,419,0,400b7732,00dff09a,ffff,4000,f,e,4e75,1d
420,420,0,400b7732,00dff09a,ffff,4000,f,e,4e75,1d
421,421,0,400b7732,00dff09a,ffff,4000,f,e,4e75,2d
422,422,0,400b7732,00dff09a,ffff,4000,f,e,4e75,1d
423,423,0,400b7732,00dff09a,ffff,4000,f,e,4e75,1d
424,424,0,400b7732,00dff09a,ffff,4000,f,e,4e75,2d
425,425,0,400b7732,00dff09a,ffff,4000,f,e,4e75,1d
426,426,0,400b7732,00dff09a,ffff,4000,f,e,4e75,1d
427,427,0,400b7732,00dff09a,ffff,4000,f,e,4e75,2d
428,428,0,400b7732,00dff09a,ffff,4000,f,e,4e75,1d
429,429,0,400b7732,00dff09a,ffff,4000,f,e,4e75,1d
430,430,0,400b7732,00dff09a,ffff,4000,f,e,4e75,2d
431,431,0,400b7732,00dff09a,ffff,4000,f,e,4e75,1d
432,432,0,400b7732,00dff09a,ffff,4000,f,e,4e75,1d
433,433,0,400b7732,00dff09a,ffff,4000,f,e,4e75,2d
434,434,0,400b7732,00dff09a,ffff,4000,f,e,4e75,1d
435,435,0,400b7732,00dff09a,ffff,4000,f,e,4e75,1d
436,436,0,400b7732,00dff09a,ffff,4000,f,e,4e75,2d
437,437,0,400b7732,00dff09a,ffff,4000,f,e,4e75,1d
438,438,0,400b7732,00dff09a,ffff,4000,f,e,4e75,1d
439,439,0,400b7732,00dff09a,ffff,4000,f,e,4e75,2d
440,440,0,400b7732,00dff09a,ffff,4000,f,e,4e75,1d
441,441,0,400b7732,00dff09a,ffff,4000,f,e,4e75,1d
442,442,0,400b7732,00dff09a,ffff,4000,f,e,4e75,2d
443,443,0,400b7732,00dff09a,ffff,4000,f,e,4e75,1d
444,444,0,400b7732,00dff09a,ffff,4000,f,e,4e75,1d
445,445,0,400b7732,00dff09a,ffff,4000,f,e,4e75,2d
446,446,0,400b7732,00dff09a,ffff,4000,f,e,4e75,1d
447,447,0,400b7732,00dff09a,ffff,4000,f,e,4e75,1d
448,448,0,400b7732,00dff09a,ffff,4000,f,e,4e75,2d
449,449,0,400b7732,00dff09a,ffff,4000,f,e,4e75,1d
450,450,0,400b7732,00dff09a,ffff,4000,f,e,4e75,1d
451,451,0,400b7732,00dff09a,ffff,4000,f,e,4e75,2d
452,452,0,400b7732,00dff09a,ffff,4000,f,e,4e75,1d
453,453,0,400b7732,00dff09a,ffff,4000,f,e,4e75,1d
454,454,0,400b7732,00dff09a,ffff,4000,f,e,4e75,2d
455,455,0,400b7732,00dff09a,ffff,4000,f,e,4e75,1d
456,456,0,400b7732,00dff09a,ffff,4000,f,e,4e75,1d
457,457,0,400b7732,00dff09a,ffff,4000,f,e,4e75,2d
458,458,0,400b7732,00dff09a,ffff,4000,f,e,4e75,1d
459,459,0,400b7732,00dff09a,ffff,4000,f,e,4e75,1d
460,460,0,400b7732,00dff09a,ffff,4000,f,e,4e75,2d
461,461,0,400b7732,00dff09a,ffff,4000,f,e,4e75,1d
462,462,0,400b7732,00dff09a,ffff,4000,f,e,4e75,1d
463,463,0,400b7732,00dff09a,ffff,4000,f,e,4e75,2d
464,464,0,400b7732,00dff09a,ffff,4000,f,e,4e75,1d
465,465,0,400b7732,00dff09a,ffff,4000,f,e,4e75,1d
466,466,0,400b7732,00dff09a,ffff,4000,f,e,4e75,2d
467,467,0,400b7732,00dff09a,ffff,4000,f,e,4e75,1d
468,468,0,400b7732,00dff09a,ffff,4000,f,e,4e75,1d
469,469,0,400b7732,00dff09a,ffff,4000,f,e,4e75,2d
470,470,0,400b7732,00dff09a,ffff,4000,f,e,4e75,1d
471,471,0,400b7732,00dff09a,ffff,4000,f,e,4e75,1d
472,472,0,400b7732,00dff09a,ffff,4000,f,e,4e75,2d
473,473,0,400b7732,00dff09a,ffff,4000,f,e,4e75,1d
474,474,0,400b7732,00dff09a,ffff,4000,f,e,4e75,1d
475,475,0,400b7732,00dff09a,ffff,4000,f,e,4e75,2d
476,476,0,400b7732,00dff09a,ffff,4000,f,e,4e75,1d
477,477,0,400b7732,00dff09a,ffff,4000,f,e,4e75,1d
478,478,0,400b7732,00dff09a,ffff,4000,f,e,4e75,2d
479,479,0,400b7732,00dff09a,ffff,4000,f,e,4e75,1d
480,480,0,400b7732,00dff09a,ffff,4000,f,e,4e75,1d
481,481,0,400b7732,00dff09a,ffff,4000,f,e,4e75,2d
482,482,0,400b7732,00dff09a,ffff,4000,f,e,4e75,1d
483,483,0,400b7732,00dff09a,ffff,4000,f,e,4e75,1d
484,484,0,400b7732,00dff09a,ffff,4000,f,e,4e75,2d
485,485,0,400b7732,00dff09a,ffff,4000,f,e,4e75,1d
486,486,0,400b7732,00dff09a,ffff,4000,f,e,4e75,1d
487,487,0,400b7732,00dff09a,ffff,4000,f,e,4e75,2d
488,488,0,400b7732,00dff09a,ffff,4000,f,e,4e75,1d
489,489,0,400b7732,00dff09a,ffff,4000,f,e,4e75,1d
490,490,0,400b7732,00dff09a,ffff,4000,f,e,4e75,2d
491,491,0,400b7732,00dff09a,ffff,4000,f,e,4e75,1d
492,492,0,400b7732,00dff09a,ffff,4000,f,e,4e75,1d
493,493,0,400b7732,00dff09a,ffff,4000,f,e,4e75,2d
494,494,0,400b7732,00dff09a,ffff,4000,f,e,4e75,1d
495,495,0,400b7732,00dff09a,ffff,4000,f,e,4e75,1d
496,496,0,400b7732,00dff09a,ffff,4000,f,e,4e75,2d
497,497,0,400b7732,00dff09a,ffff,4000,f,e,4e75,1d
498,498,0,400b7732,00dff09a,ffff,4000,f,e,4e75,1d
499,499,0,400b7732,00dff09a,ffff,4000,f,e,4e75,2d
500,500,0,400b7732,00dff09a,ffff,4000,f,e,4e75,1d
501,501,0,400b7732,00dff09a,ffff,4000,f,e,4e75,1d
502,502,0,400b7732,00dff09a,ffff,4000,f,e,4e75,2d
503,503,0,400b7732,00dff09a,ffff,4000,f,e,4e75,1d
504,504,0,400b7732,00dff09a,ffff,4000,f,e,4e75,1d
505,505,0,400b7732,00dff09a,ffff,4000,f,e,4e75,2d
506,506,0,400b7732,00dff09a,ffff,4000,f,e,4e75,1d
507,507,0,400b7732,00dff09a,ffff,4000,f,e,4e75,1d
508,508,0,400b7732,00dff09a,ffff,4000,f,e,4e75,2d
509,509,0,400b7732,00dff09a,ffff,4000,f,e,4e75,1d
510,510,0,400b7732,00dff09a,ffff,4000,f,e,4e75,1d
511,511,0,400b7732,00dff09a,ffff,4000,f,e,4e75,2d
512,512,0,400b7732,00dff09a,ffff,4000,f,e,4e75,1d
513,513,0,400b7732,00dff09a,ffff,4000,f,e,4e75,1d
514,514,0,400b7732,00dff09a,ffff,4000,f,e,4e75,2d
515,515,0,400b7732,00dff09a,ffff,4000,f,e,4e75,1d
516,516,0,400b7732,00dff09a,ffff,4000,f,e,4e75,1d
517,517,0,400b7732,00dff09a,ffff,4000,f,e,4e75,2d
518,518,0,400b7732,00dff09a,ffff,4000,f,e,4e75,1d
519,519,0,400b7732,00dff09a,ffff,4000,f,e,4e75,1d
520,520,0,400b7732,00dff09a,ffff,4000,f,e,4e75,2d
521,521,0,400b7732,00dff09a,ffff,4000,f,e,4e75,1d
522,522,0,400b7732,00dff09a,ffff,4000,f,e,4e75,1d
523,523,0,400b7732,00dff09a,ffff,4000,f,e,4e75,2d
524,524,0,400b7732,00dff09a,ffff,4000,f,e,4e75,1d
525,525,0,400b7732,00dff09a,ffff,4000,f,e,4e75,1d
526,526,0,400b7732,00dff09a,ffff,4000,f,e,4e75,2d
527,527,0,400b7732,00dff09a,ffff,4000,f,e,4e75,1d
528,528,0,400b7732,00dff09a,ffff,4000,f,e,4e75,1d
529,529,0,400b7732,00dff09a,ffff,4000,f,e,4e75,2d
530,530,0,400b7732,00dff09a,ffff,4000,f,e,4e75,1d
531,531,0,400b7732,00dff09a,ffff,4000,f,e,4e75,1d
532,532,0,400b7732,00dff09a,ffff,4000,f,e,4e75,2d
533,533,0,400b7732,00dff09a,ffff,4000,f,e,4e75,1d
534,534,0,400b7732,00dff09a,ffff,4000,f,e,4e75,1d
535,535,0,400b7732,00dff09a,ffff,4000,f,e,4e75,2d
536,536,0,400b7732,00dff09a,ffff,4000,f,e,4e75,1d
537,537,0,400b7732,00dff09a,ffff,4000,f,e,4e75,1d
538,538,0,400b7732,00dff09a,ffff,4000,f,e,4e75,2d
539,539,0,400b7732,00dff09a,ffff,4000,f,e,4e75,1d
540,540,0,400b7732,00dff09a,ffff,4000,f,e,4e75,1d
541,541,0,400b7732,00dff09a,ffff,4000,f,e,4e75,2d
542,542,0,400b7732,00dff09a,ffff,4000,f,e,4e75,1d
543,543,0,400b7732,00dff09a,ffff,4000,f,e,4e75,1d
544,544,0,400b7732,00dff09a,ffff,4000,f,e,4e75,2d
545,545,0,400b7732,00dff09a,ffff,4000,f,e,4e75,1d
546,546,0,400b7732,00dff09a,ffff,4000,f,e,4e75,1d
547,547,0,400b7732,00dff09a,ffff,4000,f,e,4e75,2d
548,548,0,400b7732,00dff09a,ffff,4000,f,e,4e75,1d
549,549,0,400b7732,00dff09a,ffff,4000,f,e,4e75,1d
550,550,0,400b7732,00dff09a,ffff,4000,f,e,4e75,2d
551,551,0,400b7732,00dff09a,ffff,4000,f,e,4e75,1d
552,552,0,400b7732,00dff09a,ffff,4000,f,e,4e75,1d
553,553,0,400b7732,00dff09a,ffff,4000,f,e,4e75,2d
554,554,0,400b7732,00dff09a,ffff,4000,f,e,4e75,1d
555,555,0,400b7732,00dff09a,ffff,4000,f,e,4e75,1d
556,556,0,400b7732,00dff09a,ffff,4000,f,e,4e75,2d
557,557,0,400b7732,00dff09a,ffff,4000,f,e,4e75,1d
558,558,0,400b7732,00dff09a,ffff,4000,f,e,4e75,1d
559,559,0,400b7732,00dff09a,ffff,4000,f,e,4e75,2d
560,560,0,400b7732,00dff09a,ffff,4000,f,e,4e75,1d
561,561,0,400b7732,00dff09a,ffff,4000,f,e,4e75,1d
562,562,0,400b7732,00dff09a,ffff,4000,f,e,4e75,2d
563,563,0,400b7732,00dff09a,ffff,4000,f,e,4e75,1d
564,564,0,400b7732,00dff09a,ffff,4000,f,e,4e75,1d
565,565,0,400b7732,00dff09a,ffff,4000,f,e,4e75,2d
566,566,0,400b7732,00dff09a,ffff,4000,f,e,4e75,1d
567,567,0,400b7732,00dff09a,ffff,4000,f,e,4e75,1d
568,568,0,400b7732,00dff09a,ffff,4000,f,e,4e75,2d
569,569,0,400b7732,00dff09a,ffff,4000,f,e,4e75,1d
570,570,0,400b7732,00dff09a,ffff,4000,f,e,4e75,1d
571,571,0,400b7732,00dff09a,ffff,4000,f,e,4e75,2d
572,572,0,400b7732,00dff09a,ffff,4000,f,e,4e75,1d
573,573,0,400b7732,00dff09a,ffff,4000,f,e,4e75,1d
574,574,0,400b7732,00dff09a,ffff,4000,f,e,4e75,2d
575,575,0,400b7732,00dff09a,ffff,4000,f,e,4e75,1d
576,576,0,400b7732,00dff09a,ffff,4000,f,e,4e75,1d
577,577,0,400b7732,00dff09a,ffff,4000,f,e,4e75,2d
578,578,0,400b7732,00dff09a,ffff,4000,f,e,4e75,1d
579,579,0,400b7732,00dff09a,ffff,4000,f,e,4e75,1d
580,580,0,400b7732,00dff09a,ffff,4000,f,e,4e75,2d
581,581,0,400b7732,00dff09a,ffff,4000,f,e,4e75,1d
582,582,0,400b7732,00dff09a,ffff,4000,f,e,4e75,1d
583,583,0,400b7732,00dff09a,ffff,4000,f,e,4e75,2d
584,584,0,400b7732,00dff09a,ffff,4000,f,e,4e75,1d
585,585,0,400b7732,00dff09a,ffff,4000,f,e,4e75,1d
586,586,0,400b7732,00dff09a,ffff,4000,f,e,4e75,2d
587,587,0,400b7732,00dff09a,ffff,4000,f,e,4e75,1d
588,588,0,400b7732,00dff09a,ffff,4000,f,e,4e75,1d
589,589,0,400b7732,00dff09a,ffff,4000,f,e,4e75,2d
590,590,0,400b7732,00dff09a,ffff,4000,f,e,4e75,1d
591,591,0,400b7732,00dff09a,ffff,4000,f,e,4e75,1d
592,592,0,400b7732,00dff09a,ffff,4000,f,e,4e75,2d
593,593,0,400b7732,00dff09a,ffff,4000,f,e,4e75,1d
594,594,0,400b7732,00dff09a,ffff,4000,f,e,4e75,1d
595,595,0,400b7732,00dff09a,ffff,4000,f,e,4e75,2d
596,596,0,400b7732,00dff09a,ffff,4000,f,e,4e75,1d
597,597,0,400b7732,00dff09a,ffff,4000,f,e,4e75,1d
598,598,0,400b7732,00dff09a,ffff,4000,f,e,4e75,2d
599,599,0,400b7732,00dff09a,ffff,4000,f,e,4e75,1d
600,600,0,400b7732,00dff09a,ffff,4000,f,e,4e75,1d
601,601,0,400b7732,00dff09a,ffff,4000,f,e,4e75,2d
602,602,0,400b7732,00dff09a,ffff,4000,f,e,4e75,1d
603,603,0,400b7732,00dff09a,ffff,4000,f,e,4e75,1d
604,604,0,400b7732,00dff09a,ffff,4000,f,e,4e75,2d
605,605,0,400b7732,00dff09a,ffff,4000,f,e,4e75,1d
606,606,0,400b7732,00dff09a,ffff,4000,f,e,4e75,1d
607,607,0,400b7732,00dff09a,ffff,4000,f,e,4e75,2d
608,608,0,400b7732,00dff09a,ffff,4000,f,e,4e75,1d
609,609,0,400b7732,00dff09a,ffff,4000,f,e,4e75,1d
610,610,0,400b7732,00dff09a,ffff,4000,f,e,4e75,2d
611,611,0,400b7732,00dff09a,ffff,4000,f,e,4e75,1d
612,612,0,400b7732,00dff09a,ffff,4000,f,e,4e75,1d
613,613,0,400b7732,00dff09a,ffff,4000,f,e,4e75,2d
614,614,0,400b7732,00dff09a,ffff,4000,f,e,4e75,1d
615,615,0,400b7732,00dff09a,ffff,4000,f,e,4e75,1d
616,616,0,400b7732,00dff09a,ffff,4000,f,e,4e75,2d
617,617,0,400b7732,00dff09a,ffff,4000,f,e,4e75,1d
618,618,0,400b7732,00dff09a,ffff,4000,f,e,4e75,1d
619,619,0,400b7732,00dff09a,ffff,4000,f,e,4e75,2d
620,620,0,400b7732,00dff09a,ffff,4000,f,e,4e75,1d
621,621,0,400b7732,00dff09a,ffff,4000,f,e,4e75,1d
622,622,0,400b7732,00dff09a,ffff,4000,f,e,4e75,2d
623,623,0,400b7732,00dff09a,ffff,4000,f,e,4e75,1d
624,624,0,400b7732,00dff09a,ffff,4000,f,e,4e75,1d
625,625,0,400b7732,00dff09a,ffff,4000,f,e,4e75,2d
626,626,0,400b7732,00dff09a,ffff,4000,f,e,4e75,1d
627,627,0,400b7732,00dff09a,ffff,4000,f,e,4e75,1d
628,628,0,400b7732,00dff09a,ffff,4000,f,e,4e75,2d
629,629,0,400b7732,00dff09a,ffff,4000,f,e,4e75,1d
630,630,0,400b7732,00dff09a,ffff,4000,f,e,4e75,1d
631,631,0,400b7732,00dff09a,ffff,4000,f,e,4e75,2d
632,632,0,400b7732,00dff09a,ffff,4000,f,e,4e75,1d
633,633,0,400b7732,00dff09a,ffff,4000,f,e,4e75,1d
634,634,0,400b7732,00dff09a,ffff,4000,f,e,4e75,2d
635,635,0,400b7732,00dff09a,ffff,4000,f,e,4e75,1d
636,636,0,400b7732,00dff09a,ffff,4000,f,e,4e75,1d
637,637,0,400b7732,00dff09a,ffff,4000,f,e,4e75,2d
638,638,0,400b7732,00dff09a,ffff,4000,f,e,4e75,1d
639,639,0,400b7732,00dff09a,ffff,4000,f,e,4e75,1d
640,640,0,400b7732,00dff09a,ffff,4000,f,e,4e75,2d
641,641,0,400b7732,00dff09a,ffff,4000,f,e,4e75,1d
642,642,0,400b7732,00dff09a,ffff,4000,f,e,4e75,1d
643,643,0,400b7732,00dff09a,ffff,4000,f,e,4e75,2d
644,644,0,400b7732,00dff09a,ffff,4000,f,e,4e75,1d
645,645,0,400b7732,00dff09a,ffff,4000,f,e,4e75,1d
646,646,0,400b7732,00dff09a,ffff,4000,f,e,4e75,2d
647,647,0,400b7732,00dff09a,ffff,4000,f,e,4e75,1d
648,648,0,400b7732,00dff09a,ffff,4000,f,e,4e75,1d
649,649,0,400b7732,00dff09a,ffff,4000,f,e,4e75,2d
650,650,0,400b7732,00dff09a,ffff,4000,f,e,4e75,1d
651,651,0,400b7732,00dff09a,ffff,4000,f,e,4e75,1d
652,652,0,400b7732,00dff09a,ffff,4000,f,e,4e75,2d
653,653,0,400b7732,00dff09a,ffff,4000,f,e,4e75,1d
654,654,0,400b7732,00dff09a,ffff,4000,f,e,4e75,1d
655,655,0,400b7732,00dff09a,ffff,4000,f,e,4e75,2d
656,656,0,400b7732,00dff09a,ffff,4000,f,e,4e75,1d
657,657,0,400b7732,00dff09a,ffff,4000,f,e,4e75,1d
658,658,0,400b7732,00dff09a,ffff,4000,f,e,4e75,2d
659,659,0,400b7732,00dff09a,ffff,4000,f,e,4e75,1d
660,660,0,400b7732,00dff09a,ffff,4000,f,e,4e75,1d
661,661,0,400b7732,00dff09a,ffff,4000,f,e,4e75,2d
662,662,0,400b7732,00dff09a,ffff,4000,f,e,4e75,1d
663,663,0,400b7732,00dff09a,ffff,4000,f,e,4e75,1d
664,664,0,400b7732,00dff09a,ffff,4000,f,e,4e75,2d
665,665,0,400b7732,00dff09a,ffff,4000,f,e,4e75,1d
666,666,0,400b7732,00dff09a,ffff,4000,f,e,4e75,1d
667,667,0,400b7732,00dff09a,ffff,4000,f,e,4e75,2d
668,668,0,400b7732,00dff09a,ffff,4000,f,e,4e75,1d
669,669,0,400b7732,00dff09a,ffff,4000,f,e,4e75,1d
670,670,0,400b7732,00dff09a,ffff,4000,f,e,4e75,2d
671,671,0,400b7732,00dff09a,ffff,4000,f,e,4e75,1d
672,672,0,400b7732,00dff09a,ffff,4000,f,e,4e75,1d
673,673,0,400b7732,00dff09a,ffff,4000,f,e,4e75,2d
674,674,0,400b7732,00dff09a,ffff,4000,f,e,4e75,1d
675,675,0,400b7732,00dff09a,ffff,4000,f,e,4e75,1d
676,676,0,400b7732,00dff09a,ffff,4000,f,e,4e75,2d
677,677,0,400b7732,00dff09a,ffff,4000,f,e,4e75,1d
678,678,0,400b7732,00dff09a,ffff,4000,f,e,4e75,1d
679,679,0,400b7732,00dff09a,ffff,4000,f,e,4e75,2d
680,680,0,400b7732,00dff09a,ffff,4000,f,e,4e75,1d
681,681,0,400b7732,00dff09a,ffff,4000,f,e,4e75,1d
682,682,0,400b7732,00dff09a,ffff,4000,f,e,4e75,2d
683,683,0,400b7732,00dff09a,ffff,4000,f,e,4e75,1d
684,684,0,400b7732,00dff09a,ffff,4000,f,e,4e75,1d
685,685,0,400b7732,00dff09a,ffff,4000,f,e,4e75,2d
686,686,0,400b7732,00dff09a,ffff,4000,f,e,4e75,1d
687,687,0,400b7732,00dff09a,ffff,4000,f,e,4e75,1d
688,688,0,400b7732,00dff09a,ffff,4000,f,e,4e75,2d
689,689,0,400b7732,00dff09a,ffff,4000,f,e,4e75,1d
690,690,0,400b7732,00dff09a,ffff,4000,f,e,4e75,1d
691,691,0,400b7732,00dff09a,ffff,4000,f,e,4e75,2d
692,692,0,400b7732,00dff09a,ffff,4000,f,e,4e75,1d
693,693,0,400b7732,00dff09a,ffff,4000,f,e,4e75,1d
694,694,0,400b7732,00dff09a,ffff,4000,f,e,4e75,2d
695,695,0,400b7732,00dff09a,ffff,4000,f,e,4e75,1d
696,696,0,400b7732,00dff09a,ffff,4000,f,e,4e75,1d
697,697,0,400b7732,00dff09a,ffff,4000,f,e,4e75,2d
698,698,0,400b7732,00dff09a,ffff,4000,f,e,4e75,1d
699,699,0,400b7732,00dff09a,ffff,4000,f,e,4e75,1d
700,700,0,400b7732,00dff09a,ffff,4000,f,e,4e75,2d
701,701,0,400b7732,00dff09a,ffff,4000,f,e,4e75,1d
702,702,0,400b7732,00dff09a,ffff,4000,f,e,4e75,1d
703,703,0,400b7732,00dff09a,ffff,4000,f,e,4e75,2d
704,704,0,400b7732,00dff09a,ffff,4000,f,e,4e75,1d
705,705,0,400b7732,00dff09a,ffff,4000,f,e,4e75,1d
706,706,0,400b7732,00dff09a,ffff,4000,f,e,4e75,2d
707,707,0,400b7732,00dff09a,ffff,4000,f,e,4e75,1d
708,708,0,400b7732,00dff09a,ffff,4000,f,e,4e75,1d
709,709,0,400b7732,00dff09a,ffff,4000,f,e,4e75,2d
710,710,0,400b7732,00dff09a,ffff,4000,f,e,4e75,1d
711,711,0,400b7732,00dff09a,ffff,4000,f,e,4e75,1d
712,712,0,400b7732,00dff09a,ffff,4000,f,e,4e75,2d
713,713,0,400b7732,00dff09a,ffff,4000,f,e,4e75,1d
714,714,0,400b7732,00dff09a,ffff,4000,f,e,4e75,1d
715,715,0,400b7732,00dff09a,ffff,4000,f,e,4e75,2d
716,716,0,400b7732,00dff09a,ffff,4000,f,e,4e75,1d
717,717,0,400b7732,00dff09a,ffff,4000,f,e,4e75,1d
718,718,0,400b7732,00dff09a,ffff,4000,f,e,4e75,2d
719,719,0,400b7732,00dff09a,ffff,4000,f,e,4e75,1d
720,720,0,400b7732,00dff09a,ffff,4000,f,e,4e75,1d
721,721,0,400b7732,00dff09a,ffff,4000,f,e,4e75,2d
722,722,0,400b7732,00dff09a,ffff,4000,f,e,4e75,1d
723,723,0,400b7732,00dff09a,ffff,4000,f,e,4e75,1d
724,724,0,400b7732,00dff09a,ffff,4000,f,e,4e75,2d
725,725,0,400b7732,00dff09a,ffff,4000,f,e,4e75,1d
726,726,0,400b7732,00dff09a,ffff,4000,f,e,4e75,1d
727,727,0,400b7732,00dff09a,ffff,4000,f,e,4e75,2d
728,728,0,400b7732,00dff09a,ffff,4000,f,e,4e75,1d
729,729,0,400b7732,00dff09a,ffff,4000,f,e,4e75,1d
730,730,0,400b7732,00dff09a,ffff,4000,f,e,4e75,2d
731,731,0,400b7732,00dff09a,ffff,4000,f,e,4e75,1d
732,732,0,400b7732,00dff09a,ffff,4000,f,e,4e75,1d
733,733,0,400b7732,00dff09a,ffff,4000,f,e,4e75,2d
734,734,0,400b7732,00dff09a,ffff,4000,f,e,4e75,1d
735,735,0,400b7732,00dff09a,ffff,4000,f,e,4e75,1d
736,736,0,400b7732,00dff09a,ffff,4000,f,e,4e75,2d
737,737,0,400b7732,00dff09a,ffff,4000,f,e,4e75,1d
738,738,0,400b7732,00dff09a,ffff,4000,f,e,4e75,1d
739,739,0,400b7732,00dff09a,ffff,4000,f,e,4e75,2d
740,740,0,400b7732,00dff09a,ffff,4000,f,e,4e75,1d
741,741,0,400b7732,00dff09a,ffff,4000,f,e,4e75,1d
742,742,0,400b7732,00dff09a,ffff,4000,f,e,4e75,2d
743,743,0,400b7732,00dff09a,ffff,4000,f,e,4e75,1d
744,744,0,400b7732,00dff09a,ffff,4000,f,e,4e75,1d
745,745,0,400b7732,00dff09a,ffff,4000,f,e,4e75,2d
746,746,0,400b7732,00dff09a,ffff,4000,f,e,4e75,1d
747,747,0,400b7732,00dff09a,ffff,4000,f,e,4e75,1d
748,748,0,400b7732,00dff09a,ffff,4000,f,e,4e75,2d
749,749,0,400b7732,00dff09a,ffff,4000,f,e,4e75,1d
750,750,0,400b7732,00dff09a,ffff,4000,f,e,4e75,1d
751,751,0,400b7732,00dff09a,ffff,4000,f,e,4e75,2d
752,752,0,400b7732,00dff09a,ffff,4000,f,e,4e75,1d
753,753,0,400b7732,00dff09a,ffff,4000,f,e,4e75,1d
754,754,0,400b7732,00dff09a,ffff,4000,f,e,4e75,2d
755,755,0,400b7732,00dff09a,ffff,4000,f,e,4e75,1d
756,756,0,400b7732,00dff09a,ffff,4000,f,e,4e75,1d
757,757,0,400b7732,00dff09a,ffff,4000,f,e,4e75,2d
758,758,0,400b7732,00dff09a,ffff,4000,f,e,4e75,1d
759,759,0,400b7732,00dff09a,ffff,4000,f,e,4e75,1d
760,760,0,400b7732,00dff09a,ffff,4000,f,e,4e75,2d
761,761,0,400b7732,00dff09a,ffff,4000,f,e,4e75,1d
762,762,0,400b7732,00dff09a,ffff,4000,f,e,4e75,1d
763,763,0,400b7732,00dff09a,ffff,4000,f,e,4e75,2d
764,764,0,400b7732,00dff09a,ffff,4000,f,e,4e75,1d
765,765,0,400b7732,00dff09a,ffff,4000,f,e,4e75,1d
766,766,0,400b7732,00dff09a,ffff,4000,f,e,4e75,2d
767,767,0,400b7732,00dff09a,ffff,4000,f,e,4e75,1d
768,768,0,400b7732,00dff09a,ffff,4000,f,e,4e75,1d
769,769,0,400b7732,00dff09a,ffff,4000,f,e,4e75,2d
770,770,0,400b7732,00dff09a,ffff,4000,f,e,4e75,1d
771,771,0,400b7732,00dff09a,ffff,4000,f,e,4e75,1d
772,772,0,400b7732,00dff09a,ffff,4000,f,e,4e75,2d
773,773,0,400b7732,00dff09a,ffff,4000,f,e,4e75,1d
774,774,0,400b7732,00dff09a,ffff,4000,f,e,4e75,1d
775,775,0,400b7732,00dff09a,ffff,4000,f,e,4e75,2d
776,776,0,400b7732,00dff09a,ffff,4000,f,e,4e75,1d
777,777,0,400b7732,00dff09a,ffff,4000,f,e,4e75,1d
778,778,0,400b7732,00dff09a,ffff,4000,f,e,4e75,2d
779,779,0,400b7732,00dff09a,ffff,4000,f,e,4e75,1d
780,780,0,400b7732,00dff09a,ffff,4000,f,e,4e75,1d
781,781,0,400b7732,00dff09a,ffff,4000,f,e,4e75,2d
782,782,0,400b7732,00dff09a,ffff,4000,f,e,4e75,1d
783,783,0,400b7732,00dff09a,ffff,4000,f,e,4e75,1d
784,784,0,400b7732,00dff09a,ffff,4000,f,e,4e75,2d
785,785,0,400b7732,00dff09a,ffff,4000,f,e,4e75,1d
786,786,0,400b7732,00dff09a,ffff,4000,f,e,4e75,1d
787,787,0,400b7732,00dff09a,ffff,4000,f,e,4e75,2d
788,788,0,400b7732,00dff09a,ffff,4000,f,e,4e75,1d
789,789,0,400b7732,00dff09a,ffff,4000,f,e,4e75,1d
790,790,0,400b7732,00dff09a,ffff,4000,f,e,4e75,2d
791,791,0,400b7732,00dff09a,ffff,4000,f,e,4e75,1d
792,792,0,400b7732,00dff09a,ffff,4000,f,e,4e75,1d
793,793,0,400b7732,00dff09a,ffff,4000,f,e,4e75,2d
794,794,0,400b7732,00dff09a,ffff,4000,f,e,4e75,1d
795,795,0,400b7732,00dff09a,ffff,4000,f,e,4e75,1d
796,796,0,400b7732,00dff09a,ffff,4000,f,e,4e75,2d
797,797,0,400b7732,00dff09a,ffff,4000,f,e,4e75,1d
798,798,0,400b7732,00dff09a,ffff,4000,f,e,4e75,1d
799,799,0,400b7732,00dff09a,ffff,4000,f,e,4e75,2d
800,800,0,400b7732,00dff09a,ffff,4000,f,e,4e75,1d
801,801,0,400b7732,00dff09a,ffff,4000,f,e,4e75,1d
802,802,0,400b7732,00dff09a,ffff,4000,f,e,4e75,2d
803,803,0,400b7732,00dff09a,ffff,4000,f,e,4e75,1d
804,804,0,400b7732,00dff09a,ffff,4000,f,e,4e75,1d
805,805,0,400b7732,00dff09a,ffff,4000,f,e,4e75,2d
806,806,0,400b7732,00dff09a,ffff,4000,f,e,4e75,1d
807,807,0,400b7732,00dff09a,ffff,4000,f,e,4e75,1d
808,808,0,400b7732,00dff09a,ffff,4000,f,e,4e75,2d
809,809,0,400b7732,00dff09a,ffff,4000,f,e,4e75,1d
810,810,0,400b7732,00dff09a,ffff,4000,f,e,4e75,1d
811,811,0,400b7732,00dff09a,ffff,4000,f,e,4e75,2d
812,812,0,400b7732,00dff09a,ffff,4000,f,e,4e75,1d
813,813,0,400b7732,00dff09a,ffff,4000,f,e,4e75,1d
814,814,0,400b7732,00dff09a,ffff,4000,f,e,4e75,2d
815,815,0,400b7732,00dff09a,ffff,4000,f,e,4e75,1d
816,816,0,400b7732,00dff09a,ffff,4000,f,e,4e75,1d
817,817,0,400b7732,00dff09a,ffff,4000,f,e,4e75,2d
818,818,0,400b7732,00dff09a,ffff,4000,f,e,4e75,1d
819,819,0,400b7732,00dff09a,ffff,4000,f,e,4e75,1d
820,820,0,400b7732,00dff09a,ffff,4000,f,e,4e75,2d
821,821,0,400b7732,00dff09a,ffff,4000,f,e,4e75,1d
822,822,0,400b7732,00dff09a,ffff,4000,f,e,4e75,1d
823,823,0,400b7732,00dff09a,ffff,4000,f,e,4e75,2d
824,824,0,400b7732,00dff09a,ffff,4000,f,e,4e75,1d
825,825,0,400b7732,00dff09a,ffff,4000,f,e,4e75,1d
826,826,0,400b7732,00dff09a,ffff,4000,f,e,4e75,2d
827,827,0,400b7732,00dff09a,ffff,4000,f,e,4e75,1d
828,828,0,400b7732,00dff09a,ffff,4000,f,e,4e75,1d
829,829,0,400b7732,00dff09a,ffff,4000,f,e,4e75,2d
830,830,0,400b7732,00dff09a,ffff,4000,f,e,4e75,1d
831,831,0,400b7732,00dff09a,ffff,4000,f,e,4e75,1d
832,832,0,400b7732,00dff09a,ffff,4000,f,e,4e75,2d
833,833,0,400b7732,00dff09a,ffff,4000,f,e,4e75,1d
834,834,0,400b7732,00dff09a,ffff,4000,f,e,4e75,1d
835,835,0,400b7732,00dff09a,ffff,4000,f,e,4e75,2d
836,836,0,400b7732,00dff09a,ffff,4000,f,e,4e75,1d
837,837,0,400b7732,00dff09a,ffff,4000,f,e,4e75,1d
838,838,0,400b7732,00dff09a,ffff,4000,f,e,4e75,2d
839,839,0,400b7732,00dff09a,ffff,4000,f,e,4e75,1d
840,840,0,400b7732,00dff09a,ffff,4000,f,e,4e75,1d
841,841,0,400b7732,00dff09a,ffff,4000,f,e,4e75,2d
842,842,0,400b7732,00dff09a,ffff,4000,f,e,4e75,1d
843,843,0,400b7732,00dff09a,ffff,4000,f,e,4e75,1d
844,844,0,400b7732,00dff09a,ffff,4000,f,e,4e75,2d
845,845,0,400b7732,00dff09a,ffff,4000,f,e,4e75,1d
846,846,0,400b7732,00dff09a,ffff,4000,f,e,4e75,1d
847,847,0,400b7732,00dff09a,ffff,4000,f,e,4e75,2d
848,848,0,400b7732,00dff09a,ffff,4000,f,e,4e75,1d
849,849,0,400b7732,00dff09a,ffff,4000,f,e,4e75,1d
850,850,0,400b7732,00dff09a,ffff,4000,f,e,4e75,2d
851,851,0,400b7732,00dff09a,ffff,4000,f,e,4e75,1d
852,852,0,400b7732,00dff09a,ffff,4000,f,e,4e75,1d
853,853,0,400b7732,00dff09a,ffff,4000,f,e,4e75,2d
854,854,0,400b7732,00dff09a,ffff,4000,f,e,4e75,1d
855,855,0,400b7732,00dff09a,ffff,4000,f,e,4e75,1d
856,856,0,400b7732,00dff09a,ffff,4000,f,e,4e75,2d
857,857,0,400b7732,00dff09a,ffff,4000,f,e,4e75,1d
858,858,0,400b7732,00dff09a,ffff,4000,f,e,4e75,1d
859,859,0,400b7732,00dff09a,ffff,4000,f,e,4e75,2d
860,860,0,400b7732,00dff09a,ffff,4000,f,e,4e75,1d
861,861,0,400b7732,00dff09a,ffff,4000,f,e,4e75,1d
862,862,0,400b7732,00dff09a,ffff,4000,f,e,4e75,2d
863,863,0,400b7732,00dff09a,ffff,4000,f,e,4e75,1d
864,864,0,400b7732,00dff09a,ffff,4000,f,e,4e75,1d
865,865,0,400b7732,00dff09a,ffff,4000,f,e,4e75,2d
866,866,0,400b7732,00dff09a,ffff,4000,f,e,4e75,1d
867,867,0,400b7732,00dff09a,ffff,4000,f,e,4e75,1d
868,868,0,400b7732,00dff09a,ffff,4000,f,e,4e75,2d
869,869,0,400b7732,00dff09a,ffff,4000,f,e,4e75,1d
870,870,0,400b7732,00dff09a,ffff,4000,f,e,4e75,1d
871,871,0,400b7732,00dff09a,ffff,4000,f,e,4e75,2d
872,872,0,400b7732,00dff09a,ffff,4000,f,e,4e75,1d
873,873,0,400b7732,00dff09a,ffff,4000,f,e,4e75,1d
874,874,0,400b7732,00dff09a,ffff,4000,f,e,4e75,2d
875,875,0,400b7732,00dff09a,ffff,4000,f,e,4e75,1d
876,876,0,400b7732,00dff09a,ffff,4000,f,e,4e75,1d
877,877,0,400b7732,00dff09a,ffff,4000,f,e,4e75,2d
878,878,0,400b7732,00dff09a,ffff,4000,f,e,4e75,1d
879,879,0,400b7732,00dff09a,ffff,4000,f,e,4e75,1d
880,880,0,400b7732,00dff09a,ffff,4000,f,e,4e75,2d
881,881,0,400b7732,00dff09a,ffff,4000,f,e,4e75,1d
882,882,0,400b7732,00dff09a,ffff,4000,f,e,4e75,1d
883,883,0,400b7732,00dff09a,ffff,4000,f,e,4e75,2d
884,884,0,400b7732,00dff09a,ffff,4000,f,e,4e75,1d
885,885,0,400b7732,00dff09a,ffff,4000,f,e,4e75,1d
886,886,0,400b7732,00dff09a,ffff,4000,f,e,4e75,2d
887,887,0,400b7732,00dff09a,ffff,4000,f,e,4e75,1d
888,888,0,400b7732,00dff09a,ffff,4000,f,e,4e75,1d
889,889,0,400b7732,00dff09a,ffff,4000,f,e,4e75,2d
890,890,0,400b7732,00dff09a,ffff,4000,f,e,4e75,1d
891,891,0,400b7732,00dff09a,ffff,4000,f,e,4e75,1d
892,892,0,400b7732,00dff09a,ffff,4000,f,e,4e75,2d
893,893,0,400b7732,00dff09a,ffff,4000,f,e,4e75,1d
894,894,0,400b7732,00dff09a,ffff,4000,f,e,4e75,1d
895,895,0,400b7732,00dff09a,ffff,4000,f,e,4e75,2d
896,896,0,400b7732,00dff09a,ffff,4000,f,e,4e75,1d
897,897,0,400b7732,00dff09a,ffff,4000,f,e,4e75,1d
898,898,0,400b7732,00dff09a,ffff,4000,f,e,4e75,2d
899,899,0,400b7732,00dff09a,ffff,4000,f,e,4e75,1d
900,900,0,400b7732,00dff09a,ffff,4000,f,e,4e75,1d
901,901,0,400b7732,00dff09a,ffff,4000,f,e,4e75,2d
902,902,0,400b7732,00dff09a,ffff,4000,f,e,4e75,1d
903,903,0,400b7732,00dff09a,ffff,4000,f,e,4e75,1d
904,904,0,400b7732,00dff09a,ffff,4000,f,e,4e75,2d
905,905,0,400b7732,00dff09a,ffff,4000,f,e,4e75,1d
906,906,0,400b7732,00dff09a,ffff,4000,f,e,4e75,1d
907,907,0,400b7732,00dff09a,ffff,4000,f,e,4e75,2d
908,908,0,400b7732,00dff09a,ffff,4000,f,e,4e75,1d
909,909,0,400b7732,00dff09a,ffff,4000,f,e,4e75,1d
910,910,0,400b7732,00dff09a,ffff,4000,f,e,4e75,2d
911,911,0,400b7732,00dff09a,ffff,4000,f,e,4e75,1d
912,912,0,400b7732,00dff09a,ffff,4000,f,e,4e75,1d
913,913,0,400b7732,00dff09a,ffff,4000,f,e,4e75,2d
914,914,0,400b7732,00dff09a,ffff,4000,f,e,4e75,1d
915,915,0,400b7732,00dff09a,ffff,4000,f,e,4e75,1d
916,916,0,400b7732,00dff09a,ffff,4000,f,e,4e75,2d
917,917,0,400b7732,00dff09a,ffff,4000,f,e,4e75,1d
918,918,0,400b7732,00dff09a,ffff,4000,f,e,4e75,1d
919,919,0,400b7732,00dff09a,ffff,4000,f,e,4e75,2d
920,920,0,400b7732,00dff09a,ffff,4000,f,e,4e75,1d
921,921,0,400b7732,00dff09a,ffff,4000,f,e,4e75,1d
922,922,0,400b7732,00dff09a,ffff,4000,f,e,4e75,2d
923,923,0,400b7732,00dff09a,ffff,4000,f,e,4e75,1d
924,924,0,400b7732,00dff09a,ffff,4000,f,e,4e75,1d
925,925,0,400b7732,00dff09a,ffff,4000,f,e,4e75,2d
926,926,0,400b7732,00dff09a,ffff,4000,f,e,4e75,1d
927,927,0,400b7732,00dff09a,ffff,4000,f,e,4e75,1d
928,928,0,400b7732,00dff09a,ffff,4000,f,e,4e75,2d
929,929,0,400b7732,00dff09a,ffff,4000,f,e,4e75,1d
930,930,0,400b7732,00dff09a,ffff,4000,f,e,4e75,1d
931,931,0,400b7732,00dff09a,ffff,4000,f,e,4e75,2d
932,932,0,400b7732,00dff09a,ffff,4000,f,e,4e75,1d
933,933,0,400b7732,00dff09a,ffff,4000,f,e,4e75,1d
934,934,0,400b7732,00dff09a,ffff,4000,f,e,4e75,2d
935,935,0,400b7732,00dff09a,ffff,4000,f,e,4e75,1d
936,936,0,400b7732,00dff09a,ffff,4000,f,e,4e75,1d
937,937,0,400b7732,00dff09a,ffff,4000,f,e,4e75,2d
938,938,0,400b7732,00dff09a,ffff,4000,f,e,4e75,1d
939,939,0,400b7732,00dff09a,ffff,4000,f,e,4e75,1d
940,940,0,400b7732,00dff09a,ffff,4000,f,e,4e75,2d
941,941,0,400b7732,00dff09a,ffff,4000,f,e,4e75,1d
942,942,0,400b7732,00dff09a,ffff,4000,f,e,4e75,1d
943,943,0,400b7732,00dff09a,ffff,4000,f,e,4e75,2d
944,944,0,400b7732,00dff09a,ffff,4000,f,e,4e75,1d
945,945,0,400b7732,00dff09a,ffff,4000,f,e,4e75,1d
946,946,0,400b7732,00dff09a,ffff,4000,f,e,4e75,2d
947,947,0,400b7732,00dff09a,ffff,4000,f,e,4e75,1d
948,948,0,400b7732,00dff09a,ffff,4000,f,e,4e75,1d
949,949,0,400b7732,00dff09a,ffff,4000,f,e,4e75,2d
950,950,0,400b7732,00dff09a,ffff,4000,f,e,4e75,1d
951,951,0,400b7732,00dff09a,ffff,4000,f,e,4e75,1d
952,952,0,400b7732,00dff09a,ffff,4000,f,e,4e75,2d
953,953,0,400b7732,00dff09a,ffff,4000,f,e,4e75,1d
954,954,0,400b7732,00dff09a,ffff,4000,f,e,4e75,1d
955,955,0,400b7732,00dff09a,ffff,4000,f,e,4e75,2d
956,956,0,400b7732,00dff09a,ffff,4000,f,e,4e75,1d
957,957,0,400b7732,00dff09a,ffff,4000,f,e,4e75,1d
958,958,0,400b7732,00dff09a,ffff,4000,f,e,4e75,2d
959,959,0,400b7732,00dff09a,ffff,4000,f,e,4e75,1d
960,960,0,400b7732,00dff09a,ffff,4000,f,e,4e75,1d
961,961,0,400b7732,00dff09a,ffff,4000,f,e,4e75,2d
962,962,0,400b7732,00dff09a,ffff,4000,f,e,4e75,1d
963,963,0,400b7732,00dff09a,ffff,4000,f,e,4e75,1d
964,964,0,400b7732,00dff09a,ffff,4000,f,e,4e75,2d
965,965,0,400b7732,00dff09a,ffff,4000,f,e,4e75,1d
966,966,0,400b7732,00dff09a,ffff,4000,f,e,4e75,1d
967,967,0,400b7732,00dff09a,ffff,4000,f,e,4e75,2d
968,968,0,400b7732,00dff09a,ffff,4000,f,e,4e75,1d
969,969,0,400b7732,00dff09a,ffff,4000,f,e,4e75,1d
970,970,0,400b7732,00dff09a,ffff,4000,f,e,4e75,2d
971,971,0,400b7732,00dff09a,ffff,4000,f,e,4e75,1d
972,972,0,400b7732,00dff09a,ffff,4000,f,e,4e75,1d
973,973,0,400b7732,00dff09a,ffff,4000,f,e,4e75,2d
974,974,0,400b7732,00dff09a,ffff,4000,f,e,4e75,1d
975,975,0,400b7732,00dff09a,ffff,4000,f,e,4e75,1d
976,976,0,400b7732,00dff09a,ffff,4000,f,e,4e75,2d
977,977,0,400b7732,00dff09a,ffff,4000,f,e,4e75,1d
978,978,0,400b7732,00dff09a,ffff,4000,f,e,4e75,1d
979,979,0,400b7732,00dff09a,ffff,4000,f,e,4e75,2d
980,980,0,400b7732,00dff09a,ffff,4000,f,e,4e75,1d
981,981,0,400b7732,00dff09a,ffff,4000,f,e,4e75,1d
982,982,0,400b7732,00dff09a,ffff,4000,f,e,4e75,2d
983,983,0,400b7732,00dff09a,ffff,4000,f,e,4e75,1d
984,984,0,400b7732,00dff09a,ffff,4000,f,e,4e75,1d
985,985,0,400b7732,00dff09a,ffff,4000,f,e,4e75,2d
986,986,0,400b7732,00dff09a,ffff,4000,f,e,4e75,1d
987,987,0,400b7732,00dff09a,ffff,4000,f,e,4e75,1d
988,988,0,400b7732,00dff09a,ffff,4000,f,e,4e75,2d
989,989,0,400b7732,00dff09a,ffff,4000,f,e,4e75,1d
990,990,0,400b7732,00dff09a,ffff,4000,f,e,4e75,1d
991,991,0,400b7732,00dff09a,ffff,4000,f,e,4e75,2d
992,992,0,400b7732,00dff09a,ffff,4000,f,e,4e75,1d
993,993,0,400b7732,00dff09a,ffff,4000,f,e,4e75,1d
994,994,0,400b7732,00dff09a,ffff,4000,f,e,4e75,2d
995,995,0,400b7732,00dff09a,ffff,4000,f,e,4e75,1d
996,996,0,400b7732,00dff09a,ffff,4000,f,e,4e75,1d
997,997,0,400b7732,00dff09a,ffff,4000,f,e,4e75,2d
998,998,0,400b7732,00dff09a,ffff,4000,f,e,4e75,1d
999,999,0,400b7732,00dff09a,ffff,4000,f,e,4e75,1d
1000,1000,0,400b7732,00dff09a,ffff,4000,f,e,4e75,2d
1001,1001,0,400b7732,00dff09a,ffff,4000,f,e,4e75,1d
1002,1002,0,400b7732,00dff09a,ffff,4000,f,e,4e75,1d
1003,1003,0,400b7732,00dff09a,ffff,4000,f,e,4e75,2d
1004,1004,0,400b7732,00dff09a,ffff,4000,f,e,4e75,1d
1005,1005,0,400b7732,00dff09a,ffff,4000,f,e,4e75,1d
1006,1006,0,400b7732,00dff09a,ffff,4000,f,e,4e75,2d
1007,1007,0,400b7732,00dff09a,ffff,4000,f,e,4e75,1d
1008,1008,0,400b7732,00dff09a,ffff,4000,f,e,4e75,1d
1009,1009,0,400b7732,00dff09a,ffff,4000,f,e,4e75,2d
1010,1010,0,400b7732,00dff09a,ffff,4000,f,e,4e75,1d
1011,1011,0,400b7732,00dff09a,ffff,4000,f,e,4e75,1d
1012,1012,0,400b7732,00dff09a,ffff,4000,f,e,4e75,2d
1013,1013,0,400b7732,00dff09a,ffff,4000,f,e,4e75,1d
1014,1014,0,400b7732,00dff09a,ffff,4000,f,e,4e75,1d
1015,1015,0,400b7732,00dff09a,ffff,4000,f,e,4e75,2d
1016,1016,0,400b7732,00dff09a,ffff,4000,f,e,4e75,1d
1017,1017,0,400b7732,00dff09a,ffff,4000,f,e,4e75,1d
1018,1018,0,400b7732,00dff09a,ffff,4000,f,e,4e75,2d
1019,1019,0,400b7732,00dff09a,ffff,4000,f,e,4e75,1d
1020,1020,0,400b7732,00dff09a,ffff,4000,f,e,4e75,1d
1021,1021,0,400b7732,00dff09a,ffff,4000,f,e,4e75,2d
1022,1022,0,400b7732,00dff09a,ffff,4000,f,e,4e75,1d
1023,1023,0,400b7732,00dff09a,ffff,4000,f,e,4e75,1d
1024,1024,0,400b7732,00dff09a,ffff,4000,f,e,4e75,2d
1025,1025,0,400b7732,00dff09a,ffff,4000,f,e,4e75,1d
1026,1026,0,400b7732,00dff09a,ffff,4000,f,e,4e75,1d
1027,1027,0,400b7732,00dff09a,ffff,4000,f,e,4e75,2d
1028,1028,0,400b7732,00dff09a,ffff,4000,f,e,4e75,1d
1029,1029,0,400b7732,00dff09a,ffff,4000,f,e,4e75,1d
1030,1030,0,400b7732,00dff09a,ffff,4000,f,e,4e75,2d
1031,1031,0,400b7732,00dff09a,ffff,4000,f,e,4e75,1d
1032,1032,0,400b7732,00dff09a,ffff,4000,f,e,4e75,1d
1033,1033,0,400b7732,00dff09a,ffff,4000,f,e,4e75,2d
1034,1034,0,400b7732,00dff09a,ffff,4000,f,e,4e75,1d
1035,1035,0,400b7732,00dff09a,ffff,4000,f,e,4e75,1d
1036,1036,0,400b7732,00dff09a,ffff,4000,f,e,4e75,2d
1037,1037,0,400b7732,00dff09a,ffff,4000,f,e,4e75,1d
1038,1038,0,400b7732,00dff09a,ffff,4000,f,e,4e75,1d
1039,1039,0,400b7732,00dff09a,ffff,4000,f,e,4e75,2d
1040,1040,0,400b7732,00dff09a,ffff,4000,f,e,4e75,1d
1041,1041,0,400b7732,00dff09a,ffff,4000,f,e,4e75,1d
1042,1042,0,400b7732,00dff09a,ffff,4000,f,e,4e75,2d
1043,1043,0,400b7732,00dff09a,ffff,4000,f,e,4e75,1d
1044,1044,0,400b7732,00dff09a,ffff,4000,f,e,4e75,1d
1045,1045,0,400b7732,00dff09a,ffff,4000,f,e,4e75,2d
1046,1046,0,400b7732,00dff09a,ffff,4000,f,e,4e75,1d
1047,1047,0,400b7732,00dff09a,ffff,4000,f,e,4e75,1d
1048,1048,0,400b7732,00dff09a,ffff,4000,f,e,4e75,2d
1049,1049,0,400b7732,00dff09a,ffff,4000,f,e,4e75,1d
1050,1050,0,400b7732,00dff09a,ffff,4000,f,e,4e75,1d
1051,1051,0,400b7732,00dff09a,ffff,4000,f,e,4e75,2d
1052,1052,0,400b7732,00dff09a,ffff,4000,f,e,4e75,1d
1053,1053,0,400b7732,00dff09a,ffff,4000,f,e,4e75,1d
1054,1054,0,400b7732,00dff09a,ffff,4000,f,e,4e75,2d
1055,1055,0,400b7732,00dff09a,ffff,4000,f,e,4e75,1d
1056,1056,0,400b7732,00dff09a,ffff,4000,f,e,4e75,1d
1057,1057,0,400b7732,00dff09a,ffff,4000,f,e,4e75,2d
1058,1058,0,400b7732,00dff09a,ffff,4000,f,e,4e75,1d
1059,1059,0,400b7732,00dff09a,ffff,4000,f,e,4e75,1d
1060,1060,0,400b7732,00dff09a,ffff,4000,f,e,4e75,2d
1061,1061,0,400b7732,00dff09a,ffff,4000,f,e,4e75,1d
1062,1062,0,400b7732,00dff09a,ffff,4000,f,e,4e75,1d
1063,1063,0,400b7732,00dff09a,ffff,4000,f,e,4e75,2d
1064,1064,0,400b7732,00dff09a,ffff,4000,f,e,4e75,1d
1065,1065,0,400b7732,00dff09a,ffff,4000,f,e,4e75,1d
1066,1066,0,400b7732,00dff09a,ffff,4000,f,e,4e75,2d
1067,1067,0,400b7732,00dff09a,ffff,4000,f,e,4e75,1d
1068,1068,0,400b7732,00dff09a,ffff,4000,f,e,4e75,1d
1069,1069,0,400b7732,00dff09a,ffff,4000,f,e,4e75,2d
1070,1070,0,400b7732,00dff09a,ffff,4000,f,e,4e75,1d
1071,1071,0,400b7732,00dff09a,ffff,4000,f,e,4e75,1d
1072,1072,0,400b7732,00dff09a,ffff,4000,f,e,4e75,2d
1073,1073,0,400b7732,00dff09a,ffff,4000,f,e,4e75,1d
1074,1074,0,400b7732,00dff09a,ffff,4000,f,e,4e75,1d
1075,1075,0,400b7732,00dff09a,ffff,4000,f,e,4e75,2d
1076,1076,0,400b7732,00dff09a,ffff,4000,f,e,4e75,1d
1077,1077,0,400b7732,00dff09a,ffff,4000,f,e,4e75,1d
1078,1078,0,400b7732,00dff09a,ffff,4000,f,e,4e75,2d
1079,1079,0,400b7732,00dff09a,ffff,4000,f,e,4e75,1d
1080,1080,0,400b7732,00dff09a,ffff,4000,f,e,4e75,1d
1081,1081,0,400b7732,00dff09a,ffff,4000,f,e,4e75,2d
1082,1082,0,400b7732,00dff09a,ffff,4000,f,e,4e75,1d
1083,1083,0,400b7732,00dff09a,ffff,4000,f,e,4e75,1d
1084,1084,0,400b7732,00dff09a,ffff,4000,f,e,4e75,2d
1085,1085,0,400b7732,00dff09a,ffff,4000,f,e,4e75,1d
1086,1086,0,400b7732,00dff09a,ffff,4000,f,e,4e75,1d
1087,1087,0,400b7732,00dff09a,ffff,4000,f,e,4e75,2d
1088,1088,0,400b7732,00dff09a,ffff,4000,f,e,4e75,1d
1089,1089,0,400b7732,00dff09a,ffff,4000,f,e,4e75,1d
1090,1090,0,400b7732,00dff09a,ffff,4000,f,e,4e75,2d
1091,1091,0,400b7732,00dff09a,ffff,4000,f,e,4e75,1d
1092,1092,0,400b7732,00dff09a,ffff,4000,f,e,4e75,1d
1093,1093,0,400b7732,00dff09a,ffff,4000,f,e,4e75,2d
1094,1094,0,400b7732,00dff09a,ffff,4000,f,e,4e75,1d
1095,1095,0,400b7732,00dff09a,ffff,4000,f,e,4e75,1d
1096,1096,0,400b7732,00dff09a,ffff,4000,f,e,4e75,2d
1097,1097,0,400b7732,00dff09a,ffff,4000,f,e,4e75,1d
1098,1098,0,400b7732,00dff09a,ffff,4000,f,e,4e75,1d
1099,1099,0,400b7732,00dff09a,ffff,4000,f,e,4e75,2d
1100,1100,0,400b7732,00dff09a,ffff,4000,f,e,4e75,1d
1101,1101,0,400b7732,00dff09a,ffff,4000,f,e,4e75,1d
1102,1102,0,400b7732,00dff09a,ffff,4000,f,e,4e75,2d
1103,1103,0,400b7732,00dff09a,ffff,4000,f,e,4e75,1d
1104,1104,0,400b7732,00dff09a,ffff,4000,f,e,4e75,1d
1105,1105,0,400b7732,00dff09a,ffff,4000,f,e,4e75,2d
1106,1106,0,400b7732,00dff09a,ffff,4000,f,e,4e75,1d
1107,1107,0,400b7732,00dff09a,ffff,4000,f,e,4e75,1d
1108,1108,0,400b7732,00dff09a,ffff,4000,f,e,4e75,2d
1109,1109,0,400b7732,00dff09a,ffff,4000,f,e,4e75,1d
1110,1110,0,400b7732,00dff09a,ffff,4000,f,e,4e75,1d
1111,1111,0,400b7732,00dff09a,ffff,4000,f,e,4e75,2d
1112,1112,0,400b7732,00dff09a,ffff,4000,f,e,4e75,1d
1113,1113,0,400b7732,00dff09a,ffff,4000,f,e,4e75,1d
1114,1114,0,400b7732,00dff09a,ffff,4000,f,e,4e75,2d
1115,1115,0,400b7732,00dff09a,ffff,4000,f,e,4e75,1d
1116,1116,0,400b7732,00dff09a,ffff,4000,f,e,4e75,1d
1117,1117,0,400b7732,00dff09a,ffff,4000,f,e,4e75,2d
1118,1118,0,400b7732,00dff09a,ffff,4000,f,e,4e75,1d
1119,1119,0,400b7732,00dff09a,ffff,4000,f,e,4e75,1d
1120,1120,0,400b7732,00dff09a,ffff,4000,f,e,4e75,2d
1121,1121,0,400b7732,00dff09a,ffff,4000,f,e,4e75,1d
1122,1122,0,400b7732,00dff09a,ffff,4000,f,e,4e75,1d
1123,1123,0,400b7732,00dff09a,ffff,4000,f,e,4e75,2d
1124,1124,0,400b7732,00dff09a,ffff,4000,f,e,4e75,1d
1125,1125,0,400b7732,00dff09a,ffff,4000,f,e,4e75,1d
1126,1126,0,400b7732,00dff09a,ffff,4000,f,e,4e75,2d
1127,1127,0,400b7732,00dff09a,ffff,4000,f,e,4e75,1d
1128,1128,0,400b7732,00dff09a,ffff,4000,f,e,4e75,1d
1129,1129,0,400b7732,00dff09a,ffff,4000,f,e,4e75,2d
1130,1130,0,400b7732,00dff09a,ffff,4000,f,e,4e75,1d
1131,1131,0,400b7732,00dff09a,ffff,4000,f,e,4e75,1d
1132,1132,0,400b7732,00dff09a,ffff,4000,f,e,4e75,2d
1133,1133,0,400b7732,00dff09a,ffff,4000,f,e,4e75,1d
1134,1134,0,400b7732,00dff09a,ffff,4000,f,e,4e75,1d
1135,1135,0,400b7732,00dff09a,ffff,4000,f,e,4e75,2d
1136,1136,0,400b7732,00dff09a,ffff,4000,f,e,4e75,1d
1137,1137,0,400b7732,00dff09a,ffff,4000,f,e,4e75,1d
1138,1138,0,400b7732,00dff09a,ffff,4000,f,e,4e75,2d
1139,1139,0,400b7732,00dff09a,ffff,4000,f,e,4e75,1d
1140,1140,0,400b7732,00dff09a,ffff,4000,f,e,4e75,1d
1141,1141,0,400b7732,00dff09a,ffff,4000,f,e,4e75,2d
1142,1142,0,400b7732,00dff09a,ffff,4000,f,e,4e75,1d
1143,1143,0,400b7732,00dff09a,ffff,4000,f,e,4e75,1d
1144,1144,0,400b7732,00dff09a,ffff,4000,f,e,4e75,2d
1145,1145,0,400b7732,00dff09a,ffff,4000,f,e,4e75,1d
1146,1146,0,400b7732,00dff09a,ffff,4000,f,e,4e75,1d
1147,1147,0,400b7732,00dff09a,ffff,4000,f,e,4e75,2d
1148,1148,0,400b7732,00dff09a,ffff,4000,f,e,4e75,1d
1149,1149,0,400b7732,00dff09a,ffff,4000,f,e,4e75,1d
1150,1150,0,400b7732,00dff09a,ffff,4000,f,e,4e75,2d
1151,1151,0,400b7732,00dff09a,ffff,4000,f,e,4e75,1d
1152,1152,0,400b7732,00dff09a,ffff,4000,f,e,4e75,1d
1153,1153,0,400b7732,00dff09a,ffff,4000,f,e,4e75,2d
1154,1154,0,400b7732,00dff09a,ffff,4000,f,e,4e75,1d
1155,1155,0,400b7732,00dff09a,ffff,4000,f,e,4e75,1d
1156,1156,0,400b7732,00dff09a,ffff,4000,f,e,4e75,2d
1157,1157,0,400b7732,00dff09a,ffff,4000,f,e,4e75,1d
1158,1158,0,400b7732,00dff09a,ffff,4000,f,e,4e75,1d
1159,1159,0,400b7732,00dff09a,ffff,4000,f,e,4e75,2d
1160,1160,0,400b7732,00dff09a,ffff,4000,f,e,4e75,1d
1161,1161,0,400b7732,00dff09a,ffff,4000,f,e,4e75,1d
1162,1162,0,400b7732,00dff09a,ffff,4000,f,e,4e75,2d
1163,1163,0,400b7732,00dff09a,ffff,4000,f,e,4e75,1d
1164,1164,0,400b7732,00dff09a,ffff,4000,f,e,4e75,1d
1165,1165,0,400b7732,00dff09a,ffff,4000,f,e,4e75,2d
1166,1166,0,400b7732,00dff09a,ffff,4000,f,e,4e75,1d
1167,1167,0,400b7732,00dff09a,ffff,4000,f,e,4e75,1d
1168,1168,0,400b7732,00dff09a,ffff,4000,f,e,4e75,2d
1169,1169,0,400b7732,00dff09a,ffff,4000,f,e,4e75,1d
1170,1170,0,400b7732,00dff09a,ffff,4000,f,e,4e75,1d
1171,1171,0,400b7732,00dff09a,ffff,4000,f,e,4e75,2d
1172,1172,0,400b7732,00dff09a,ffff,4000,f,e,4e75,1d
1173,1173,0,400b7732,00dff09a,ffff,4000,f,e,4e75,1d
1174,1174,0,400b7732,00dff09a,ffff,4000,f,e,4e75,2d
1175,1175,0,400b7732,00dff09a,ffff,4000,f,e,4e75,1d
1176,1176,0,400b7732,00dff09a,ffff,4000,f,e,4e75,1d
1177,1177,0,400b7732,00dff09a,ffff,4000,f,e,4e75,2d
1178,1178,0,400b7732,00dff09a,ffff,4000,f,e,4e75,1d
1179,1179,0,400b7732,00dff09a,ffff,4000,f,e,4e75,1d
1180,1180,0,400b7732,00dff09a,ffff,4000,f,e,4e75,2d
1181,1181,0,400b7732,00dff09a,ffff,4000,f,e,4e75,1d
1182,1182,0,400b7732,00dff09a,ffff,4000,f,e,4e75,1d
1183,1183,0,400b7732,00dff09a,ffff,4000,f,e,4e75,2d
1184,1184,0,400b7732,00dff09a,ffff,4000,f,e,4e75,1d
1185,1185,0,400b7732,00dff09a,ffff,4000,f,e,4e75,1d
1186,1186,0,400b7732,00dff09a,ffff,4000,f,e,4e75,2d
1187,1187,0,400b7732,00dff09a,ffff,4000,f,e,4e75,1d
1188,1188,0,400b7732,00dff09a,ffff,4000,f,e,4e75,1d
1189,1189,0,400b7732,00dff09a,ffff,4000,f,e,4e75,2d
1190,1190,0,400b7732,00dff09a,ffff,4000,f,e,4e75,1d
1191,1191,0,400b7732,00dff09a,ffff,4000,f,e,4e75,1d
1192,1192,0,400b7732,00dff09a,ffff,4000,f,e,4e75,2d
1193,1193,0,400b7732,00dff09a,ffff,4000,f,e,4e75,1d
1194,1194,0,400b7732,00dff09a,ffff,4000,f,e,4e75,1d
1195,1195,0,400b7732,00dff09a,ffff,4000,f,e,4e75,2d
1196,1196,0,400b7732,00dff09a,ffff,4000,f,e,4e75,1d
1197,1197,0,400b7732,00dff09a,ffff,4000,f,e,4e75,1d
1198,1198,0,400b7732,00dff09a,ffff,4000,f,e,4e75,2d
1199,1199,0,400b7732,00dff09a,ffff,4000,f,e,4e75,1d
1200,1200,0,400b7732,00dff09a,ffff,4000,f,e,4e75,1d
1201,1201,0,400b7732,00dff09a,ffff,4000,f,e,4e75,2d
1202,1202,0,400b7732,00dff09a,ffff,4000,f,e,4e75,1d
1203,1203,0,400b7732,00dff09a,ffff,4000,f,e,4e75,1d
1204,1204,0,400b7732,00dff09a,ffff,4000,f,e,4e75,2d
1205,1205,0,400b7732,00dff09a,ffff,4000,f,e,4e75,1d
1206,1206,0,400b7732,00dff09a,ffff,4000,f,e,4e75,1d
1207,1207,0,400b7732,00dff09a,ffff,4000,f,e,4e75,2d
1208,1208,0,400b7732,00dff09a,ffff,4000,f,e,4e75,1d
1209,1209,0,400b7732,00dff09a,ffff,4000,f,e,4e75,1d
1210,1210,0,400b7732,00dff09a,ffff,4000,f,e,4e75,2d
1211,1211,0,400b7732,00dff09a,ffff,4000,f,e,4e75,1d
1212,1212,0,400b7732,00dff09a,ffff,4000,f,e,4e75,1d
1213,1213,0,400b7732,00dff09a,ffff,4000,f,e,4e75,2d
1214,1214,0,400b7732,00dff09a,ffff,4000,f,e,4e75,1d
1215,1215,0,400b7732,00dff09a,ffff,4000,f,e,4e75,1d
1216,1216,0,400b7732,00dff09a,ffff,4000,f,e,4e75,2d
1217,1217,0,400b7732,00dff09a,ffff,4000,f,e,4e75,1d
1218,1218,0,400b7732,00dff09a,ffff,4000,f,e,4e75,1d
1219,1219,0,400b7732,00dff09a,ffff,4000,f,e,4e75,2d
1220,1220,0,400b7732,00dff09a,ffff,4000,f,e,4e75,1d
1221,1221,0,400b7732,00dff09a,ffff,4000,f,e,4e75,1d
1222,1222,0,400b7732,00dff09a,ffff,4000,f,e,4e75,2d
1223,1223,0,400b7732,00dff09a,ffff,4000,f,e,4e75,1d
1224,1224,0,400b7732,00dff09a,ffff,4000,f,e,4e75,1d
1225,1225,0,400b7732,00dff09a,ffff,4000,f,e,4e75,2d
1226,1226,0,400b7732,00dff09a,ffff,4000,f,e,4e75,1d
1227,1227,0,400b7732,00dff09a,ffff,4000,f,e,4e75,1d
1228,1228,0,400b7732,00dff09a,ffff,4000,f,e,4e75,2d
1229,1229,0,400b7732,00dff09a,ffff,4000,f,e,4e75,1d
1230,1230,0,400b7732,00dff09a,ffff,4000,f,e,4e75,1d
1231,1231,0,400b7732,00dff09a,ffff,4000,f,e,4e75,2d
1232,1232,0,400b7732,00dff09a,ffff,4000,f,e,4e75,1d
1233,1233,0,400b7732,00dff09a,ffff,4000,f,e,4e75,1d
1234,1234,0,400b7732,00dff09a,ffff,4000,f,e,4e75,2d
1235,1235,0,400b7732,00dff09a,ffff,4000,f,e,4e75,1d
1236,1236,0,400b7732,00dff09a,ffff,4000,f,e,4e75,1d
1237,1237,0,400b7732,00dff09a,ffff,4000,f,e,4e75,2d
1238,1238,0,400b7732,00dff09a,ffff,4000,f,e,4e75,1d
1239,1239,0,400b7732,00dff09a,ffff,4000,f,e,4e75,1d
1240,1240,0,400b7732,00dff09a,ffff,4000,f,e,4e75,2d
1241,1241,0,400b7732,00dff09a,ffff,4000,f,e,4e75,1d
1242,1242,0,400b7732,00dff09a,ffff,4000,f,e,4e75,1d
1243,1243,0,400b7732,00dff09a,ffff,4000,f,e,4e75,2d
1244,1244,0,400b7732,00dff09a,ffff,4000,f,e,4e75,1d
1245,1245,0,400b7732,00dff09a,ffff,4000,f,e,4e75,1d
1246,1246,0,400b7732,00dff09a,ffff,4000,f,e,4e75,2d
1247,1247,0,400b7732,00dff09a,ffff,4000,f,e,4e75,1d
1248,1248,0,400b7732,00dff09a,ffff,4000,f,e,4e75,1d
1249,1249,0,400b7732,00dff09a,ffff,4000,f,e,4e75,2d
1250,1250,0,400b7732,00dff09a,ffff,4000,f,e,4e75,1d
1251,1251,0,400b7732,00dff09a,ffff,4000,f,e,4e75,1d
1252,1252,0,400b7732,00dff09a,ffff,4000,f,e,4e75,2d
1253,1253,0,400b7732,00dff09a,ffff,4000,f,e,4e75,1d
1254,1254,0,400b7732,00dff09a,ffff,4000,f,e,4e75,1d
1255,1255,0,400b7732,00dff09a,ffff,4000,f,e,4e75,2d
1256,1256,0,400b7732,00dff09a,ffff,4000,f,e,4e75,1d
1257,1257,0,400b7732,00dff09a,ffff,4000,f,e,4e75,1d
1258,1258,0,400b7732,00dff09a,ffff,4000,f,e,4e75,2d
1259,1259,0,400b7732,00dff09a,ffff,4000,f,e,4e75,1d
1260,1260,0,400b7732,00dff09a,ffff,4000,f,e,4e75,1d
1261,1261,0,400b7732,00dff09a,ffff,4000,f,e,4e75,2d
1262,1262,0,400b7732,00dff09a,ffff,4000,f,e,4e75,1d
1263,1263,0,400b7732,00dff09a,ffff,4000,f,e,4e75,1d
1264,1264,0,400b7732,00dff09a,ffff,4000,f,e,4e75,2d
1265,1265,0,400b7732,00dff09a,ffff,4000,f,e,4e75,1d
1266,1266,0,400b7732,00dff09a,ffff,4000,f,e,4e75,1d
1267,1267,0,400b7732,00dff09a,ffff,4000,f,e,4e75,2d
1268,1268,0,400b7732,00dff09a,ffff,4000,f,e,4e75,1d
1269,1269,0,400b7732,00dff09a,ffff,4000,f,e,4e75,1d
1270,1270,0,400b7732,00dff09a,ffff,4000,f,e,4e75,2d
1271,1271,0,400b7732,00dff09a,ffff,4000,f,e,4e75,1d
1272,1272,0,400b7732,00dff09a,ffff,4000,f,e,4e75,1d
1273,1273,0,400b7732,00dff09a,ffff,4000,f,e,4e75,2d
1274,1274,0,400b7732,00dff09a,ffff,4000,f,e,4e75,1d
1275,1275,0,400b7732,00dff09a,ffff,4000,f,e,4e75,1d
1276,1276,0,400b7732,00dff09a,ffff,4000,f,e,4e75,2d
1277,1277,0,400b7732,00dff09a,ffff,4000,f,e,4e75,1d
1278,1278,0,400b7732,00dff09a,ffff,4000,f,e,4e75,1d
1279,1279,0,400b7732,00dff09a,ffff,4000,f,e,4e75,2d
1280,1280,0,400b7732,00dff09a,ffff,4000,f,e,4e75,1d
1281,1281,0,400b7732,00dff09a,ffff,4000,f,e,4e75,1d
1282,1282,0,400b7732,00dff09a,ffff,4000,f,e,4e75,2d
1283,1283,0,400b7732,00dff09a,ffff,4000,f,e,4e75,1d
1284,1284,0,400b7732,00dff09a,ffff,4000,f,e,4e75,1d
1285,1285,0,400b7732,00dff09a,ffff,4000,f,e,4e75,2d
1286,1286,0,400b7732,00dff09a,ffff,4000,f,e,4e75,1d
1287,1287,0,400b7732,00dff09a,ffff,4000,f,e,4e75,1d
1288,1288,0,400b7732,00dff09a,ffff,4000,f,e,4e75,2d
1289,1289,0,400b7732,00dff09a,ffff,4000,f,e,4e75,1d
1290,1290,0,400b7732,00dff09a,ffff,4000,f,e,4e75,1d
1291,1291,0,400b7732,00dff09a,ffff,4000,f,e,4e75,2d
1292,1292,0,400b7732,00dff09a,ffff,4000,f,e,4e75,1d
1293,1293,0,400b7732,00dff09a,ffff,4000,f,e,4e75,1d
1294,1294,0,400b7732,00dff09a,ffff,4000,f,e,4e75,2d
1295,1295,0,400b7732,00dff09a,ffff,4000,f,e,4e75,1d
1296,1296,0,400b7732,00dff09a,ffff,4000,f,e,4e75,1d
1297,1297,0,400b7732,00dff09a,ffff,4000,f,e,4e75,2d
1298,1298,0,400b7732,00dff09a,ffff,4000,f,e,4e75,1d
1299,1299,0,400b7732,00dff09a,ffff,4000,f,e,4e75,1d
1300,1300,0,400b7732,00dff09a,ffff,4000,f,e,4e75,2d
1301,1301,0,400b7732,00dff09a,ffff,4000,f,e,4e75,1d
1302,1302,0,400b7732,00dff09a,ffff,4000,f,e,4e75,1d
1303,1303,0,400b7732,00dff09a,ffff,4000,f,e,4e75,2d
1304,1304,0,400b7732,00dff09a,ffff,4000,f,e,4e75,1d
1305,1305,0,400b7732,00dff09a,ffff,4000,f,e,4e75,1d
1306,1306,0,400b7732,00dff09a,ffff,4000,f,e,4e75,2d
1307,1307,0,400b7732,00dff09a,ffff,4000,f,e,4e75,1d
1308,1308,0,400b7732,00dff09a,ffff,4000,f,e,4e75,1d
1309,1309,0,400b7732,00dff09a,ffff,4000,f,e,4e75,2d
1310,1310,0,400b7732,00dff09a,ffff,4000,f,e,4e75,1d
1311,1311,0,400b7732,00dff09a,ffff,4000,f,e,4e75,1d
1312,1312,0,400b7732,00dff09a,ffff,4000,f,e,4e75,2d
1313,1313,0,400b7732,00dff09a,ffff,4000,f,e,4e75,1d
1314,1314,0,400b7732,00dff09a,ffff,4000,f,e,4e75,1d
1315,1315,0,400b7732,00dff09a,ffff,4000,f,e,4e75,2d
1316,1316,0,400b7732,00dff09a,ffff,4000,f,e,4e75,1d
1317,1317,0,400b7732,00dff09a,ffff,4000,f,e,4e75,1d
1318,1318,0,400b7732,00dff09a,ffff,4000,f,e,4e75,2d
1319,1319,0,400b7732,00dff09a,ffff,4000,f,e,4e75,1d
1320,1320,0,400b7732,00dff09a,ffff,4000,f,e,4e75,1d
1321,1321,0,400b7732,00dff09a,ffff,4000,f,e,4e75,2d
1322,1322,0,400b7732,00dff09a,ffff,4000,f,e,4e75,1d
1323,1323,0,400b7732,00dff09a,ffff,4000,f,e,4e75,1d
1324,1324,0,400b7732,00dff09a,ffff,4000,f,e,4e75,2d
1325,1325,0,400b7732,00dff09a,ffff,4000,f,e,4e75,1d
1326,1326,0,400b7732,00dff09a,ffff,4000,f,e,4e75,1d
1327,1327,0,400b7732,00dff09a,ffff,4000,f,e,4e75,2d
1328,1328,0,400b7732,00dff09a,ffff,4000,f,e,4e75,1d
1329,1329,0,400b7732,00dff09a,ffff,4000,f,e,4e75,1d
1330,1330,0,400b7732,00dff09a,ffff,4000,f,e,4e75,2d
1331,1331,0,400b7732,00dff09a,ffff,4000,f,e,4e75,1d
1332,1332,0,400b7732,00dff09a,ffff,4000,f,e,4e75,1d
1333,1333,0,400b7732,00dff09a,ffff,4000,f,e,4e75,2d
1334,1334,0,400b7732,00dff09a,ffff,4000,f,e,4e75,1d
1335,1335,0,400b7732,00dff09a,ffff,4000,f,e,4e75,1d
1336,1336,0,400b7732,00dff09a,ffff,4000,f,e,4e75,2d
1337,1337,0,400b7732,00dff09a,ffff,4000,f,e,4e75,1d
1338,1338,0,400b7732,00dff09a,ffff,4000,f,e,4e75,1d
1339,1339,0,400b7732,00dff09a,ffff,4000,f,e,4e75,2d
1340,1340,0,400b7732,00dff09a,ffff,4000,f,e,4e75,1d
1341,1341,0,400b7732,00dff09a,ffff,4000,f,e,4e75,1d
1342,1342,0,400b7732,00dff09a,ffff,4000,f,e,4e75,2d
1343,1343,0,400b7732,00dff09a,ffff,4000,f,e,4e75,1d
1344,1344,0,400b7732,00dff09a,ffff,4000,f,e,4e75,1d
1345,1345,0,400b7732,00dff09a,ffff,4000,f,e,4e75,2d
1346,1346,0,400b7732,00dff09a,ffff,4000,f,e,4e75,1d
1347,1347,0,400b7732,00dff09a,ffff,4000,f,e,4e75,1d
1348,1348,0,400b7732,00dff09a,ffff,4000,f,e,4e75,2d
1349,1349,0,400b7732,00dff09a,ffff,4000,f,e,4e75,1d
1350,1350,0,400b7732,00dff09a,ffff,4000,f,e,4e75,1d
1351,1351,0,400b7732,00dff09a,ffff,4000,f,e,4e75,2d
1352,1352,0,400b7732,00dff09a,ffff,4000,f,e,4e75,1d
1353,1353,0,400b7732,00dff09a,ffff,4000,f,e,4e75,1d
1354,1354,0,400b7732,00dff09a,ffff,4000,f,e,4e75,2d
1355,1355,0,400b7732,00dff09a,ffff,4000,f,e,4e75,1d
1356,1356,0,400b7732,00dff09a,ffff,4000,f,e,4e75,1d
1357,1357,0,400b7732,00dff09a,ffff,4000,f,e,4e75,2d
1358,1358,0,400b7732,00dff09a,ffff,4000,f,e,4e75,1d
1359,1359,0,400b7732,00dff09a,ffff,4000,f,e,4e75,1d
1360,1360,0,400b7732,00dff09a,ffff,4000,f,e,4e75,2d
1361,1361,0,400b7732,00dff09a,ffff,4000,f,e,4e75,1d
1362,1362,0,400b7732,00dff09a,ffff,4000,f,e,4e75,1d
1363,1363,0,400b7732,00dff09a,ffff,4000,f,e,4e75,2d
1364,1364,0,400b7732,00dff09a,ffff,4000,f,e,4e75,1d
1365,1365,0,400b7732,00dff09a,ffff,4000,f,e,4e75,1d
1366,1366,0,400b7732,00dff09a,ffff,4000,f,e,4e75,2d
1367,1367,0,400b7732,00dff09a,ffff,4000,f,e,4e75,1d
1368,1368,0,400b7732,00dff09a,ffff,4000,f,e,4e75,1d
1369,1369,0,400b7732,00dff09a,ffff,4000,f,e,4e75,2d
1370,1370,0,400b7732,00dff09a,ffff,4000,f,e,4e75,1d
1371,1371,0,400b7732,00dff09a,ffff,4000,f,e,4e75,1d
1372,1372,0,400b7732,00dff09a,ffff,4000,f,e,4e75,2d
1373,1373,0,400b7732,00dff09a,ffff,4000,f,e,4e75,1d
1374,1374,0,400b7732,00dff09a,ffff,4000,f,e,4e75,1d
1375,1375,0,400b7732,00dff09a,ffff,4000,f,e,4e75,2d
1376,1376,0,400b7732,00dff09a,ffff,4000,f,e,4e75,1d
1377,1377,0,400b7732,00dff09a,ffff,4000,f,e,4e75,1d
1378,1378,0,400b7732,00dff09a,ffff,4000,f,e,4e75,2d
1379,1379,0,400b7732,00dff09a,ffff,4000,f,e,4e75,1d
1380,1380,0,400b7732,00dff09a,ffff,4000,f,e,4e75,1d
1381,1381,0,400b7732,00dff09a,ffff,4000,f,e,4e75,2d
1382,1382,0,400b7732,00dff09a,ffff,4000,f,e,4e75,1d
1383,1383,0,400b7732,00dff09a,ffff,4000,f,e,4e75,1d
1384,1384,0,400b7732,00dff09a,ffff,4000,f,e,4e75,2d
1385,1385,0,400b7732,00dff09a,ffff,4000,f,e,4e75,1d
1386,1386,0,400b7732,00dff09a,ffff,4000,f,e,4e75,1d
1387,1387,0,400b7732,00dff09a,ffff,4000,f,e,4e75,2d
1388,1388,0,400b7732,00dff09a,ffff,4000,f,e,4e75,1d
1389,1389,0,400b7732,00dff09a,ffff,4000,f,e,4e75,1d
1390,1390,0,400b7732,00dff09a,ffff,4000,f,e,4e75,2d
1391,1391,0,400b7732,00dff09a,ffff,4000,f,e,4e75,1d
1392,1392,0,400b7732,00dff09a,ffff,4000,f,e,4e75,1d
1393,1393,0,400b7732,00dff09a,ffff,4000,f,e,4e75,2d
1394,1394,0,400b7732,00dff09a,ffff,4000,f,e,4e75,1d
1395,1395,0,400b7732,00dff09a,ffff,4000,f,e,4e75,1d
1396,1396,0,400b7732,00dff09a,ffff,4000,f,e,4e75,2d
1397,1397,0,400b7732,00dff09a,ffff,4000,f,e,4e75,1d
1398,1398,0,400b7732,00dff09a,ffff,4000,f,e,4e75,1d
1399,1399,0,400b7732,00dff09a,ffff,4000,f,e,4e75,2d
1400,1400,0,400b7732,00dff09a,ffff,4000,f,e,4e75,1d
1401,1401,0,400b7732,00dff09a,ffff,4000,f,e,4e75,1d
1402,1402,0,400b7732,00dff09a,ffff,4000,f,e,4e75,2d
1403,1403,0,400b7732,00dff09a,ffff,4000,f,e,4e75,1d
1404,1404,0,400b7732,00dff09a,ffff,4000,f,e,4e75,1d
1405,1405,0,400b7732,00dff09a,ffff,4000,f,e,4e75,2d
1406,1406,0,400b7732,00dff09a,ffff,4000,f,e,4e75,1d
1407,1407,0,400b7732,00dff09a,ffff,4000,f,e,4e75,1d
1408,1408,0,400b7732,00dff09a,ffff,4000,f,e,4e75,2d
1409,1409,0,400b7732,00dff09a,ffff,4000,f,e,4e75,1d
1410,1410,0,400b7732,00dff09a,ffff,4000,f,e,4e75,1d
1411,1411,0,400b7732,00dff09a,ffff,4000,f,e,4e75,2d
1412,1412,0,400b7732,00dff09a,ffff,4000,f,e,4e75,1d
1413,1413,0,400b7732,00dff09a,ffff,4000,f,e,4e75,1d
1414,1414,0,400b7732,00dff09a,ffff,4000,f,e,4e75,2d
1415,1415,0,400b7732,00dff09a,ffff,4000,f,e,4e75,1d
1416,1416,0,400b7732,00dff09a,ffff,4000,f,e,4e75,1d
1417,1417,0,400b7732,00dff09a,ffff,4000,f,e,4e75,2d
1418,1418,0,400b7732,00dff09a,ffff,4000,f,e,4e75,1d
1419,1419,0,400b7732,00dff09a,ffff,4000,f,e,4e75,1d
1420,1420,0,400b7732,00dff09a,ffff,4000,f,e,4e75,2d
1421,1421,0,400b7732,00dff09a,ffff,4000,f,e,4e75,1d
1422,1422,0,400b7732,00dff09a,ffff,4000,f,e,4e75,1d
1423,1423,0,400b7732,00dff09a,ffff,4000,f,e,4e75,2d
1424,1424,0,400b7732,00dff09a,ffff,4000,f,e,4e75,1d
1425,1425,0,400b7732,00dff09a,ffff,4000,f,e,4e75,1d
1426,1426,0,400b7732,00dff09a,ffff,4000,f,e,4e75,2d
1427,1427,0,400b7732,00dff09a,ffff,4000,f,e,4e75,1d
1428,1428,0,400b7732,00dff09a,ffff,4000,f,e,4e75,1d
1429,1429,0,400b7732,00dff09a,ffff,4000,f,e,4e75,2d
1430,1430,0,400b7732,00dff09a,ffff,4000,f,e,4e75,1d
1431,1431,0,400b7732,00dff09a,ffff,4000,f,e,4e75,1d
1432,1432,0,400b7732,00dff09a,ffff,4000,f,e,4e75,2d
1433,1433,0,400b7732,00dff09a,ffff,4000,f,e,4e75,1d
1434,1434,0,400b7732,00dff09a,ffff,4000,f,e,4e75,1d
1435,1435,0,400b7732,00dff09a,ffff,4000,f,e,4e75,2d
1436,1436,0,400b7732,00dff09a,ffff,4000,f,e,4e75,1d
1437,1437,0,400b7732,00dff09a,ffff,4000,f,e,4e75,1d
1438,1438,0,400b7732,00dff09a,ffff,4000,f,e,4e75,2d
1439,1439,0,400b7732,00dff09a,ffff,4000,f,e,4e75,1d
1440,1440,0,400b7732,00dff09a,ffff,4000,f,e,4e75,1d
1441,1441,0,400b7732,00dff09a,ffff,4000,f,e,4e75,2d
1442,1442,0,400b7732,00dff09a,ffff,4000,f,e,4e75,1d
1443,1443,0,400b7732,00dff09a,ffff,4000,f,e,4e75,1d
1444,1444,0,400b7732,00dff09a,ffff,4000,f,e,4e75,2d
1445,1445,0,400b7732,00dff09a,ffff,4000,f,e,4e75,1d
1446,1446,0,400b7732,00dff09a,ffff,4000,f,e,4e75,1d
1447,1447,0,400b7732,00dff09a,ffff,4000,f,e,4e75,2d
1448,1448,0,400b7732,00dff09a,ffff,4000,f,e,4e75,1d
1449,1449,0,400b7732,00dff09a,ffff,4000,f,e,4e75,1d
1450,1450,0,400b7732,00dff09a,ffff,4000,f,e,4e75,2d
1451,1451,0,400b7732,00dff09a,ffff,4000,f,e,4e75,1d
1452,1452,0,400b7732,00dff09a,ffff,4000,f,e,4e75,1d
1453,1453,0,400b7732,00dff09a,ffff,4000,f,e,4e75,2d
1454,1454,0,400b7732,00dff09a,ffff,4000,f,e,4e75,1d
1455,1455,0,400b7732,00dff09a,ffff,4000,f,e,4e75,1d
1456,1456,0,400b7732,00dff09a,ffff,4000,f,e,4e75,2d
1457,1457,0,400b7732,00dff09a,ffff,4000,f,e,4e75,1d
1458,1458,0,400b7732,00dff09a,ffff,4000,f,e,4e75,1d
1459,1459,0,400b7732,00dff09a,ffff,4000,f,e,4e75,2d
1460,1460,0,400b7732,00dff09a,ffff,4000,f,e,4e75,1d
1461,1461,0,400b7732,00dff09a,ffff,4000,f,e,4e75,1d
1462,1462,0,400b7732,00dff09a,ffff,4000,f,e,4e75,2d
1463,1463,0,400b7732,00dff09a,ffff,4000,f,e,4e75,1d
1464,1464,0,400b7732,00dff09a,ffff,4000,f,e,4e75,1d
1465,1465,0,400b7732,00dff09a,ffff,4000,f,e,4e75,2d
1466,1466,0,400b7732,00dff09a,ffff,4000,f,e,4e75,1d
1467,1467,0,400b7732,00dff09a,ffff,4000,f,e,4e75,1d
1468,1468,0,400b7732,00dff09a,ffff,4000,f,e,4e75,2d
1469,1469,0,400b7732,00dff09a,ffff,4000,f,e,4e75,1d
1470,1470,0,400b7732,00dff09a,ffff,4000,f,e,4e75,1d
1471,1471,0,400b7732,00dff09a,ffff,4000,f,e,4e75,2d
1472,1472,0,400b7732,00dff09a,ffff,4000,f,e,4e75,1d
1473,1473,0,400b7732,00dff09a,ffff,4000,f,e,4e75,1d
1474,1474,0,400b7732,00dff09a,ffff,4000,f,e,4e75,2d
1475,1475,0,400b7732,00dff09a,ffff,4000,f,e,4e75,1d
1476,1476,0,400b7732,00dff09a,ffff,4000,f,e,4e75,1d
1477,1477,0,400b7732,00dff09a,ffff,4000,f,e,4e75,2d
1478,1478,0,400b7732,00dff09a,ffff,4000,f,e,4e75,1d
1479,1479,0,400b7732,00dff09a,ffff,4000,f,e,4e75,1d
1480,1480,0,400b7732,00dff09a,ffff,4000,f,e,4e75,2d
1481,1481,0,400b7732,00dff09a,ffff,4000,f,e,4e75,1d
1482,1482,0,400b7732,00dff09a,ffff,4000,f,e,4e75,1d
1483,1483,0,400b7732,00dff09a,ffff,4000,f,e,4e75,2d
1484,1484,0,400b7732,00dff09a,ffff,4000,f,e,4e75,1d
1485,1485,0,400b7732,00dff09a,ffff,4000,f,e,4e75,1d
1486,1486,0,400b7732,00dff09a,ffff,4000,f,e,4e75,2d
1487,1487,0,400b7732,00dff09a,ffff,4000,f,e,4e75,1d
1488,1488,0,400b7732,00dff09a,ffff,4000,f,e,4e75,1d
1489,1489,0,400b7732,00dff09a,ffff,4000,f,e,4e75,2d
1490,1490,0,400b7732,00dff09a,ffff,4000,f,e,4e75,1d
1491,1491,0,400b7732,00dff09a,ffff,4000,f,e,4e75,1d
1492,1492,0,400b7732,00dff09a,ffff,4000,f,e,4e75,2d
1493,1493,0,400b7732,00dff09a,ffff,4000,f,e,4e75,1d
1494,1494,0,400b7732,00dff09a,ffff,4000,f,e,4e75,1d
1495,1495,0,400b7732,00dff09a,ffff,4000,f,e,4e75,2d
1496,1496,0,400b7732,00dff09a,ffff,4000,f,e,4e75,1d
1497,1497,0,400b7732,00dff09a,ffff,4000,f,e,4e75,1d
1498,1498,0,400b7732,00dff09a,ffff,4000,f,e,4e75,2d
1499,1499,0,400b7732,00dff09a,ffff,4000,f,e,4e75,1d
1500,1500,0,400b7732,00dff09a,ffff,4000,f,e,4e75,1d
1501,1501,0,400b7732,00dff09a,ffff,4000,f,e,4e75,2d
1502,1502,0,400b7732,00dff09a,ffff,4000,f,e,4e75,1d
1503,1503,0,400b7732,00dff09a,ffff,4000,f,e,4e75,1d
1504,1504,0,400b7732,00dff09a,ffff,4000,f,e,4e75,2d
1505,1505,0,400b7732,00dff09a,ffff,4000,f,e,4e75,1d
1506,1506,0,400b7732,00dff09a,ffff,4000,f,e,4e75,1d
1507,1507,0,400b7732,00dff09a,ffff,4000,f,e,4e75,2d
1508,1508,0,400b7732,00dff09a,ffff,4000,f,e,4e75,1d
1509,1509,0,400b7732,00dff09a,ffff,4000,f,e,4e75,1d
1510,1510,0,400b7732,00dff09a,ffff,4000,f,e,4e75,2d
1511,1511,0,400b7732,00dff09a,ffff,4000,f,e,4e75,1d
1512,1512,0,400b7732,00dff09a,ffff,4000,f,e,4e75,1d
1513,1513,0,400b7732,00dff09a,ffff,4000,f,e,4e75,2d
1514,1514,0,400b7732,00dff09a,ffff,4000,f,e,4e75,1d
1515,1515,0,400b7732,00dff09a,ffff,4000,f,e,4e75,1d
1516,1516,0,400b7732,00dff09a,ffff,4000,f,e,4e75,2d
1517,1517,0,400b7732,00dff09a,ffff,4000,f,e,4e75,1d
1518,1518,0,400b7732,00dff09a,ffff,4000,f,e,4e75,1d
1519,1519,0,400b7732,00dff09a,ffff,4000,f,e,4e75,2d
1520,1520,0,400b7732,00dff09a,ffff,4000,f,e,4e75,1d
1521,1521,0,400b7732,00dff09a,ffff,4000,f,e,4e75,1d
1522,1522,0,400b7732,00dff09a,ffff,4000,f,e,4e75,2d
1523,1523,0,400b7732,00dff09a,ffff,4000,f,e,4e75,1d
1524,1524,0,400b7732,00dff09a,ffff,4000,f,e,4e75,1d
1525,1525,0,400b7732,00dff09a,ffff,4000,f,e,4e75,2d
1526,1526,0,400b7732,00dff09a,ffff,4000,f,e,4e75,1d
1527,1527,0,400b7732,00dff09a,ffff,4000,f,e,4e75,1d
1528,1528,0,400b7732,00dff09a,ffff,4000,f,e,4e75,2d
1529,1529,0,400b7732,00dff09a,ffff,4000,f,e,4e75,1d
1530,1530,0,400b7732,00dff09a,ffff,4000,f,e,4e75,1d
1531,1531,0,400b7732,00dff09a,ffff,4000,f,e,4e75,2d
1532,1532,0,400b7732,00dff09a,ffff,4000,f,e,4e75,1d
1533,1533,0,400b7732,00dff09a,ffff,4000,f,e,4e75,1d
1534,1534,0,400b7732,00dff09a,ffff,4000,f,e,4e75,2d
1535,1535,0,400b7732,00dff09a,ffff,4000,f,e,4e75,1d
1536,1536,0,400b7732,00dff09a,ffff,4000,f,e,4e75,1d
1537,1537,0,400b7732,00dff09a,ffff,4000,f,e,4e75,2d
1538,1538,0,400b7732,00dff09a,ffff,4000,f,e,4e75,1d
1539,1539,0,400b7732,00dff09a,ffff,4000,f,e,4e75,1d
1540,1540,0,400b7732,00dff09a,ffff,4000,f,e,4e75,2d
1541,1541,0,400b7732,00dff09a,ffff,4000,f,e,4e75,1d
1542,1542,0,400b7732,00dff09a,ffff,4000,f,e,4e75,1d
1543,1543,0,400b7732,00dff09a,ffff,4000,f,e,4e75,2d
1544,1544,0,400b7732,00dff09a,ffff,4000,f,e,4e75,1d
1545,1545,0,400b7732,00dff09a,ffff,4000,f,e,4e75,1d
1546,1546,0,400b7732,00dff09a,ffff,4000,f,e,4e75,2d
1547,1547,0,400b7732,00dff09a,ffff,4000,f,e,4e75,1d
1548,1548,0,400b7732,00dff09a,ffff,4000,f,e,4e75,1d
1549,1549,0,400b7732,00dff09a,ffff,4000,f,e,4e75,2d
1550,1550,0,400b7732,00dff09a,ffff,4000,f,e,4e75,1d
1551,1551,0,400b7732,00dff09a,ffff,4000,f,e,4e75,1d
1552,1552,0,400b7732,00dff09a,ffff,4000,f,e,4e75,2d
1553,1553,0,400b7732,00dff09a,ffff,4000,f,e,4e75,1d
1554,1554,0,400b7732,00dff09a,ffff,4000,f,e,4e75,1d
1555,1555,0,400b7732,00dff09a,ffff,4000,f,e,4e75,2d
1556,1556,0,400b7732,00dff09a,ffff,4000,f,e,4e75,1d
1557,1557,0,400b7732,00dff09a,ffff,4000,f,e,4e75,1d
1558,1558,0,400b7732,00dff09a,ffff,4000,f,e,4e75,2d
1559,1559,0,400b7732,00dff09a,ffff,4000,f,e,4e75,1d
1560,1560,0,400b7732,00dff09a,ffff,4000,f,e,4e75,1d
1561,1561,0,400b7732,00dff09a,ffff,4000,f,e,4e75,2d
1562,1562,0,400b7732,00dff09a,ffff,4000,f,e,4e75,1d
1563,1563,0,400b7732,00dff09a,ffff,4000,f,e,4e75,1d
1564,1564,0,400b7732,00dff09a,ffff,4000,f,e,4e75,2d
1565,1565,0,400b7732,00dff09a,ffff,4000,f,e,4e75,1d
1566,1566,0,400b7732,00dff09a,ffff,4000,f,e,4e75,1d
1567,1567,0,400b7732,00dff09a,ffff,4000,f,e,4e75,2d
1568,1568,0,400b7732,00dff09a,ffff,4000,f,e,4e75,1d
1569,1569,0,400b7732,00dff09a,ffff,4000,f,e,4e75,1d
1570,1570,0,400b7732,00dff09a,ffff,4000,f,e,4e75,2d
1571,1571,0,400b7732,00dff09a,ffff,4000,f,e,4e75,1d
1572,1572,0,400b7732,00dff09a,ffff,4000,f,e,4e75,1d
1573,1573,0,400b7732,00dff09a,ffff,4000,f,e,4e75,2d
1574,1574,0,400b7732,00dff09a,ffff,4000,f,e,4e75,1d
1575,1575,0,400b7732,00dff09a,ffff,4000,f,e,4e75,1d
1576,1576,0,400b7732,00dff09a,ffff,4000,f,e,4e75,2d
1577,1577,0,400b7732,00dff09a,ffff,4000,f,e,4e75,1d
1578,1578,0,400b7732,00dff09a,ffff,4000,f,e,4e75,1d
1579,1579,0,400b7732,00dff09a,ffff,4000,f,e,4e75,2d
1580,1580,0,400b7732,00dff09a,ffff,4000,f,e,4e75,1d
1581,1581,0,400b7732,00dff09a,ffff,4000,f,e,4e75,1d
1582,1582,0,400b7732,00dff09a,ffff,4000,f,e,4e75,2d
1583,1583,0,400b7732,00dff09a,ffff,4000,f,e,4e75,1d
1584,1584,0,400b7732,00dff09a,ffff,4000,f,e,4e75,1d
1585,1585,0,400b7732,00dff09a,ffff,4000,f,e,4e75,2d
1586,1586,0,400b7732,00dff09a,ffff,4000,f,e,4e75,1d
1587,1587,0,400b7732,00dff09a,ffff,4000,f,e,4e75,1d
1588,1588,0,400b7732,00dff09a,ffff,4000,f,e,4e75,2d
1589,1589,0,400b7732,00dff09a,ffff,4000,f,e,4e75,1d
1590,1590,0,400b7732,00dff09a,ffff,4000,f,e,4e75,1d
1591,1591,0,400b7732,00dff09a,ffff,4000,f,e,4e75,2d
1592,1592,0,400b7732,00dff09a,ffff,4000,f,e,4e75,1d
1593,1593,0,400b7732,00dff09a,ffff,4000,f,e,4e75,1d
1594,1594,0,400b7732,00dff09a,ffff,4000,f,e,4e75,2d
1595,1595,0,400b7732,00dff09a,ffff,4000,f,e,4e75,1d
1596,1596,0,400b7732,00dff09a,ffff,4000,f,e,4e75,1d
1597,1597,0,400b7732,00dff09a,ffff,4000,f,e,4e75,2d
1598,1598,0,400b7732,00dff09a,ffff,4000,f,e,4e75,1d
1599,1599,0,400b7732,00dff09a,ffff,4000,f,e,4e75,1d
1600,1600,0,400b7732,00dff09a,ffff,4000,f,e,4e75,2d
1601,1601,0,400b7732,00dff09a,ffff,4000,f,e,4e75,1d
1602,1602,0,400b7732,00dff09a,ffff,4000,f,e,4e75,1d
1603,1603,0,400b7732,00dff09a,ffff,4000,f,e,4e75,2d
1604,1604,0,400b7732,00dff09a,ffff,4000,f,e,4e75,1d
1605,1605,0,400b7732,00dff09a,ffff,4000,f,e,4e75,1d
1606,1606,0,400b7732,00dff09a,ffff,4000,f,e,4e75,2d
1607,1607,0,400b7732,00dff09a,ffff,4000,f,e,4e75,1d
1608,1608,0,400b7732,00dff09a,ffff,4000,f,e,4e75,1d
1609,1609,0,400b7732,00dff09a,ffff,4000,f,e,4e75,2d
1610,1610,0,400b7732,00dff09a,ffff,4000,f,e,4e75,1d
1611,1611,0,400b7732,00dff09a,ffff,4000,f,e,4e75,1d
1612,1612,0,400b7732,00dff09a,ffff,4000,f,e,4e75,2d
1613,1613,0,400b7732,00dff09a,ffff,4000,f,e,4e75,1d
1614,1614,0,400b7732,00dff09a,ffff,4000,f,e,4e75,1d
1615,1615,0,400b7732,00dff09a,ffff,4000,f,e,4e75,2d
1616,1616,0,400b7732,00dff09a,ffff,4000,f,e,4e75,1d
1617,1617,0,400b7732,00dff09a,ffff,4000,f,e,4e75,1d
1618,1618,0,400b7732,00dff09a,ffff,4000,f,e,4e75,2d
1619,1619,0,400b7732,00dff09a,ffff,4000,f,e,4e75,1d
1620,1620,0,400b7732,00dff09a,ffff,4000,f,e,4e75,1d
1621,1621,0,400b7732,00dff09a,ffff,4000,f,e,4e75,2d
1622,1622,0,400b7732,00dff09a,ffff,4000,f,e,4e75,1d
1623,1623,0,400b7732,00dff09a,ffff,4000,f,e,4e75,1d
1624,1624,0,400b7732,00dff09a,ffff,4000,f,e,4e75,2d
1625,1625,0,400b7732,00dff09a,ffff,4000,f,e,4e75,1d
1626,1626,0,400b7732,00dff09a,ffff,4000,f,e,4e75,1d
1627,1627,0,400b7732,00dff09a,ffff,4000,f,e,4e75,2d
1628,1628,0,400b7732,00dff09a,ffff,4000,f,e,4e75,1d
1629,1629,0,400b7732,00dff09a,ffff,4000,f,e,4e75,1d
1630,1630,0,400b7732,00dff09a,ffff,4000,f,e,4e75,2d
1631,1631,0,400b7732,00dff09a,ffff,4000,f,e,4e75,1d
1632,1632,0,400b7732,00dff09a,ffff,4000,f,e,4e75,1d
1633,1633,0,400b7732,00dff09a,ffff,4000,f,e,4e75,2d
1634,1634,0,400b7732,00dff09a,ffff,4000,f,e,4e75,1d
1635,1635,0,400b7732,00dff09a,ffff,4000,f,e,4e75,1d
1636,1636,0,400b7732,00dff09a,ffff,4000,f,e,4e75,2d
1637,1637,0,400b7732,00dff09a,ffff,4000,f,e,4e75,1d
1638,1638,0,400b7732,00dff09a,ffff,4000,f,e,4e75,1d
1639,1639,0,400b7732,00dff09a,ffff,4000,f,e,4e75,2d
1640,1640,0,400b7732,00dff09a,ffff,4000,f,e,4e75,1d
1641,1641,0,400b7732,00dff09a,ffff,4000,f,e,4e75,1d
1642,1642,0,400b7732,00dff09a,ffff,4000,f,e,4e75,2d
1643,1643,0,400b7732,00dff09a,ffff,4000,f,e,4e75,1d
1644,1644,0,400b7732,00dff09a,ffff,4000,f,e,4e75,1d
1645,1645,0,400b7732,00dff09a,ffff,4000,f,e,4e75,2d
1646,1646,0,400b7732,00dff09a,ffff,4000,f,e,4e75,1d
1647,1647,0,400b7732,00dff09a,ffff,4000,f,e,4e75,1d
1648,1648,0,400b7732,00dff09a,ffff,4000,f,e,4e75,2d
1649,1649,0,400b7732,00dff09a,ffff,4000,f,e,4e75,1d
1650,1650,0,400b7732,00dff09a,ffff,4000,f,e,4e75,1d
1651,1651,0,400b7732,00dff09a,ffff,4000,f,e,4e75,2d
1652,1652,0,400b7732,00dff09a,ffff,4000,f,e,4e75,1d
1653,1653,0,400b7732,00dff09a,ffff,4000,f,e,4e75,1d
1654,1654,0,400b7732,00dff09a,ffff,4000,f,e,4e75,2d
1655,1655,0,400b7732,00dff09a,ffff,4000,f,e,4e75,1d
1656,1656,0,400b7732,00dff09a,ffff,4000,f,e,4e75,1d
1657,1657,0,400b7732,00dff09a,ffff,4000,f,e,4e75,2d
1658,1658,0,400b7732,00dff09a,ffff,4000,f,e,4e75,1d
1659,1659,0,400b7732,00dff09a,ffff,4000,f,e,4e75,1d
1660,1660,0,400b7732,00dff09a,ffff,4000,f,e,4e75,2d
1661,1661,0,400b7732,00dff09a,ffff,4000,f,e,4e75,1d
1662,1662,0,400b7732,00dff09a,ffff,4000,f,e,4e75,1d
1663,1663,0,400b7732,00dff09a,ffff,4000,f,e,4e75,2d
1664,1664,0,400b7732,00dff09a,ffff,4000,f,e,4e75,1d
1665,1665,0,400b7732,00dff09a,ffff,4000,f,e,4e75,1d
1666,1666,0,400b7732,00dff09a,ffff,4000,f,e,4e75,2d
1667,1667,0,400b7732,00dff09a,ffff,4000,f,e,4e75,1d
1668,1668,0,400b7732,00dff09a,ffff,4000,f,e,4e75,1d
1669,1669,0,400b7732,00dff09a,ffff,4000,f,e,4e75,2d
1670,1670,0,400b7732,00dff09a,ffff,4000,f,e,4e75,1d
1671,1671,0,400b7732,00dff09a,ffff,4000,f,e,4e75,1d
1672,1672,0,400b7732,00dff09a,ffff,4000,f,e,4e75,2d
1673,1673,0,400b7732,00dff09a,ffff,4000,f,e,4e75,1d
1674,1674,0,400b7732,00dff09a,ffff,4000,f,e,4e75,1d
1675,1675,0,400b7732,00dff09a,ffff,4000,f,e,4e75,2d
1676,1676,0,400b7732,00dff09a,ffff,4000,f,e,4e75,1d
1677,1677,0,400b7732,00dff09a,ffff,4000,f,e,4e75,1d
1678,1678,0,400b7732,00dff09a,ffff,4000,f,e,4e75,2d
1679,1679,0,400b7732,00dff09a,ffff,4000,f,e,4e75,1d
1680,1680,0,400b7732,00dff09a,ffff,4000,f,e,4e75,1d
1681,1681,0,400b7732,00dff09a,ffff,4000,f,e,4e75,2d
1682,1682,0,400b7732,00dff09a,ffff,4000,f,e,4e75,1d
1683,1683,0,400b7732,00dff09a,ffff,4000,f,e,4e75,1d
1684,1684,0,400b7732,00dff09a,ffff,4000,f,e,4e75,2d
1685,1685,0,400b7732,00dff09a,ffff,4000,f,e,4e75,1d
1686,1686,0,400b7732,00dff09a,ffff,4000,f,e,4e75,1d
1687,1687,0,400b7732,00dff09a,ffff,4000,f,e,4e75,2d
1688,1688,0,400b7732,00dff09a,ffff,4000,f,e,4e75,1d
1689,1689,0,400b7732,00dff09a,ffff,4000,f,e,4e75,1d
1690,1690,0,400b7732,00dff09a,ffff,4000,f,e,4e75,2d
1691,1691,0,400b7732,00dff09a,ffff,4000,f,e,4e75,1d
1692,1692,0,400b7732,00dff09a,ffff,4000,f,e,4e75,1d
1693,1693,0,400b7732,00dff09a,ffff,4000,f,e,4e75,2d
1694,1694,0,400b7732,00dff09a,ffff,4000,f,e,4e75,1d
1695,1695,0,400b7732,00dff09a,ffff,4000,f,e,4e75,1d
1696,1696,0,400b7732,00dff09a,ffff,4000,f,e,4e75,2d
1697,1697,0,400b7732,00dff09a,ffff,4000,f,e,4e75,1d
1698,1698,0,400b7732,00dff09a,ffff,4000,f,e,4e75,1d
1699,1699,0,400b7732,00dff09a,ffff,4000,f,e,4e75,2d
1700,1700,0,400b7732,00dff09a,ffff,4000,f,e,4e75,1d
1701,1701,0,400b7732,00dff09a,ffff,4000,f,e,4e75,1d
1702,1702,0,400b7732,00dff09a,ffff,4000,f,e,4e75,2d
1703,1703,0,400b7732,00dff09a,ffff,4000,f,e,4e75,1d
1704,1704,0,400b7732,00dff09a,ffff,4000,f,e,4e75,1d
1705,1705,0,400b7732,00dff09a,ffff,4000,f,e,4e75,2d
1706,1706,0,400b7732,00dff09a,ffff,4000,f,e,4e75,1d
1707,1707,0,400b7732,00dff09a,ffff,4000,f,e,4e75,1d
1708,1708,0,400b7732,00dff09a,ffff,4000,f,e,4e75,2d
1709,1709,0,400b7732,00dff09a,ffff,4000,f,e,4e75,1d
1710,1710,0,400b7732,00dff09a,ffff,4000,f,e,4e75,1d
1711,1711,0,400b7732,00dff09a,ffff,4000,f,e,4e75,2d
1712,1712,0,400b7732,00dff09a,ffff,4000,f,e,4e75,1d
1713,1713,0,400b7732,00dff09a,ffff,4000,f,e,4e75,1d
1714,1714,0,400b7732,00dff09a,ffff,4000,f,e,4e75,2d
1715,1715,0,400b7732,00dff09a,ffff,4000,f,e,4e75,1d
1716,1716,0,400b7732,00dff09a,ffff,4000,f,e,4e75,1d
1717,1717,0,400b7732,00dff09a,ffff,4000,f,e,4e75,2d
1718,1718,0,400b7732,00dff09a,ffff,4000,f,e,4e75,1d
1719,1719,0,400b7732,00dff09a,ffff,4000,f,e,4e75,1d
1720,1720,0,400b7732,00dff09a,ffff,4000,f,e,4e75,2d
1721,1721,0,400b7732,00dff09a,ffff,4000,f,e,4e75,1d
1722,1722,0,400b7732,00dff09a,ffff,4000,f,e,4e75,1d
1723,1723,0,400b7732,00dff09a,ffff,4000,f,e,4e75,2d
1724,1724,0,400b7732,00dff09a,ffff,4000,f,e,4e75,1d
1725,1725,0,400b7732,00dff09a,ffff,4000,f,e,4e75,1d
1726,1726,0,400b7732,00dff09a,ffff,4000,f,e,4e75,2d
1727,1727,0,400b7732,00dff09a,ffff,4000,f,e,4e75,1d
1728,1728,0,400b7732,00dff09a,ffff,4000,f,e,4e75,1d
1729,1729,0,400b7732,00dff09a,ffff,4000,f,e,4e75,2d
1730,1730,0,400b7732,00dff09a,ffff,4000,f,e,4e75,1d
1731,1731,0,400b7732,00dff09a,ffff,4000,f,e,4e75,1d
1732,1732,0,400b7732,00dff09a,ffff,4000,f,e,4e75,2d
1733,1733,0,400b7732,00dff09a,ffff,4000,f,e,4e75,1d
1734,1734,0,400b7732,00dff09a,ffff,4000,f,e,4e75,1d
1735,1735,0,400b7732,00dff09a,ffff,4000,f,e,4e75,2d
1736,1736,0,400b7732,00dff09a,ffff,4000,f,e,4e75,1d
1737,1737,0,400b7732,00dff09a,ffff,4000,f,e,4e75,1d
1738,1738,0,400b7732,00dff09a,ffff,4000,f,e,4e75,2d
1739,1739,0,400b7732,00dff09a,ffff,4000,f,e,4e75,1d
1740,1740,0,400b7732,00dff09a,ffff,4000,f,e,4e75,1d
1741,1741,0,400b7732,00dff09a,ffff,4000,f,e,4e75,2d
1742,1742,0,400b7732,00dff09a,ffff,4000,f,e,4e75,1d
1743,1743,0,400b7732,00dff09a,ffff,4000,f,e,4e75,1d
1744,1744,0,400b7732,00dff09a,ffff,4000,f,e,4e75,2d
1745,1745,0,400b7732,00dff09a,ffff,4000,f,e,4e75,1d
1746,1746,0,400b7732,00dff09a,ffff,4000,f,e,4e75,1d
1747,1747,0,400b7732,00dff09a,ffff,4000,f,e,4e75,2d
1748,1748,0,400b7732,00dff09a,ffff,4000,f,e,4e75,1d
1749,1749,0,400b7732,00dff09a,ffff,4000,f,e,4e75,1d
1750,1750,0,400b7732,00dff09a,ffff,4000,f,e,4e75,2d
1751,1751,0,400b7732,00dff09a,ffff,4000,f,e,4e75,1d
1752,1752,0,400b7732,00dff09a,ffff,4000,f,e,4e75,1d
1753,1753,0,400b7732,00dff09a,ffff,4000,f,e,4e75,2d
1754,1754,0,400b7732,00dff09a,ffff,4000,f,e,4e75,1d
1755,1755,0,400b7732,00dff09a,ffff,4000,f,e,4e75,1d
1756,1756,0,400b7732,00dff09a,ffff,4000,f,e,4e75,2d
1757,1757,0,400b7732,00dff09a,ffff,4000,f,e,4e75,1d
1758,1758,0,400b7732,00dff09a,ffff,4000,f,e,4e75,1d
1759,1759,0,400b7732,00dff09a,ffff,4000,f,e,4e75,2d
1760,1760,0,400b7732,00dff09a,ffff,4000,f,e,4e75,1d
1761,1761,0,400b7732,00dff09a,ffff,4000,f,e,4e75,1d
1762,1762,0,400b7732,00dff09a,ffff,4000,f,e,4e75,2d
1763,1763,0,400b7732,00dff09a,ffff,4000,f,e,4e75,1d
1764,1764,0,400b7732,00dff09a,ffff,4000,f,e,4e75,1d
1765,1765,0,400b7732,00dff09a,ffff,4000,f,e,4e75,2d
1766,1766,0,400b7732,00dff09a,ffff,4000,f,e,4e75,1d
1767,1767,0,400b7732,00dff09a,ffff,4000,f,e,4e75,1d
1768,1768,0,400b7732,00dff09a,ffff,4000,f,e,4e75,2d
1769,1769,0,400b7732,00dff09a,ffff,4000,f,e,4e75,1d
1770,1770,0,400b7732,00dff09a,ffff,4000,f,e,4e75,1d
1771,1771,0,400b7732,00dff09a,ffff,4000,f,e,4e75,2d
1772,1772,0,400b7732,00dff09a,ffff,4000,f,e,4e75,1d
1773,1773,0,400b7732,00dff09a,ffff,4000,f,e,4e75,1d
1774,1774,0,400b7732,00dff09a,ffff,4000,f,e,4e75,2d
1775,1775,0,400b7732,00dff09a,ffff,4000,f,e,4e75,1d
1776,1776,0,400b7732,00dff09a,ffff,4000,f,e,4e75,1d
1777,1777,0,400b7732,00dff09a,ffff,4000,f,e,4e75,2d
1778,1778,0,400b7732,00dff09a,ffff,4000,f,e,4e75,1d
1779,1779,0,400b7732,00dff09a,ffff,4000,f,e,4e75,1d
1780,1780,0,400b7732,00dff09a,ffff,4000,f,e,4e75,2d
1781,1781,0,400b7732,00dff09a,ffff,4000,f,e,4e75,1d
1782,1782,0,400b7732,00dff09a,ffff,4000,f,e,4e75,1d
1783,1783,0,400b7732,00dff09a,ffff,4000,f,e,4e75,2d
1784,1784,0,400b7732,00dff09a,ffff,4000,f,e,4e75,1d
1785,1785,0,400b7732,00dff09a,ffff,4000,f,e,4e75,1d
1786,1786,0,400b7732,00dff09a,ffff,4000,f,e,4e75,2d
1787,1787,0,400b7732,00dff09a,ffff,4000,f,e,4e75,1d
1788,1788,0,400b7732,00dff09a,ffff,4000,f,e,4e75,1d
1789,1789,0,400b7732,00dff09a,ffff,4000,f,e,4e75,2d
1790,1790,0,400b7732,00dff09a,ffff,4000,f,e,4e75,1d
1791,1791,0,400b7732,00dff09a,ffff,4000,f,e,4e75,1d
1792,1792,0,400b7732,00dff09a,ffff,4000,f,e,4e75,2d
1793,1793,0,400b7732,00dff09a,ffff,4000,f,e,4e75,1d
1794,1794,0,400b7732,00dff09a,ffff,4000,f,e,4e75,1d
1795,1795,0,400b7732,00dff09a,ffff,4000,f,e,4e75,2d
1796,1796,0,400b7732,00dff09a,ffff,4000,f,e,4e75,1d
1797,1797,0,400b7732,00dff09a,ffff,4000,f,e,4e75,1d
1798,1798,0,400b7732,00dff09a,ffff,4000,f,e,4e75,2d
1799,1799,0,400b7732,00dff09a,ffff,4000,f,e,4e75,1d
1800,1800,0,400b7732,00dff09a,ffff,4000,f,e,4e75,1d
1801,1801,0,400b7732,00dff09a,ffff,4000,f,e,4e75,2d
1802,1802,0,400b7732,00dff09a,ffff,4000,f,e,4e75,1d
1803,1803,0,400b7732,00dff09a,ffff,4000,f,e,4e75,1d
1804,1804,0,400b7732,00dff09a,ffff,4000,f,e,4e75,2d
1805,1805,0,400b7732,00dff09a,ffff,4000,f,e,4e75,1d
1806,1806,0,400b7732,00dff09a,ffff,4000,f,e,4e75,1d
1807,1807,0,400b7732,00dff09a,ffff,4000,f,e,4e75,2d
1808,1808,0,400b7732,00dff09a,ffff,4000,f,e,4e75,1d
1809,1809,0,400b7732,00dff09a,ffff,4000,f,e,4e75,1d
1810,1810,0,400b7732,00dff09a,ffff,4000,f,e,4e75,2d
1811,1811,0,400b7732,00dff09a,ffff,4000,f,e,4e75,1d
1812,1812,0,400b7732,00dff09a,ffff,4000,f,e,4e75,1d
1813,1813,0,400b7732,00dff09a,ffff,4000,f,e,4e75,2d
1814,1814,0,400b7732,00dff09a,ffff,4000,f,e,4e75,1d
1815,1815,0,400b7732,00dff09a,ffff,4000,f,e,4e75,1d
1816,1816,0,400b7732,00dff09a,ffff,4000,f,e,4e75,2d
1817,1817,0,400b7732,00dff09a,ffff,4000,f,e,4e75,1d
1818,1818,0,400b7732,00dff09a,ffff,4000,f,e,4e75,1d
1819,1819,0,400b7732,00dff09a,ffff,4000,f,e,4e75,2d
1820,1820,0,400b7732,00dff09a,ffff,4000,f,e,4e75,1d
1821,1821,0,400b7732,00dff09a,ffff,4000,f,e,4e75,1d
1822,1822,0,400b7732,00dff09a,ffff,4000,f,e,4e75,2d
1823,1823,0,400b7732,00dff09a,ffff,4000,f,e,4e75,1d
1824,1824,0,400b7732,00dff09a,ffff,4000,f,e,4e75,1d
1825,1825,0,400b7732,00dff09a,ffff,4000,f,e,4e75,2d
1826,1826,0,400b7732,00dff09a,ffff,4000,f,e,4e75,1d
1827,1827,0,400b7732,00dff09a,ffff,4000,f,e,4e75,1d
1828,1828,0,400b7732,00dff09a,ffff,4000,f,e,4e75,2d
1829,1829,0,400b7732,00dff09a,ffff,4000,f,e,4e75,1d
1830,1830,0,400b7732,00dff09a,ffff,4000,f,e,4e75,1d
1831,1831,0,400b7732,00dff09a,ffff,4000,f,e,4e75,2d
1832,1832,0,400b7732,00dff09a,ffff,4000,f,e,4e75,1d
1833,1833,0,400b7732,00dff09a,ffff,4000,f,e,4e75,1d
1834,1834,0,400b7732,00dff09a,ffff,4000,f,e,4e75,2d
1835,1835,0,400b7732,00dff09a,ffff,4000,f,e,4e75,1d
1836,1836,0,400b7732,00dff09a,ffff,4000,f,e,4e75,1d
1837,1837,0,400b7732,00dff09a,ffff,4000,f,e,4e75,2d
1838,1838,0,400b7732,00dff09a,ffff,4000,f,e,4e75,1d
1839,1839,0,400b7732,00dff09a,ffff,4000,f,e,4e75,1d
1840,1840,0,400b7732,00dff09a,ffff,4000,f,e,4e75,2d
1841,1841,0,400b7732,00dff09a,ffff,4000,f,e,4e75,1d
1842,1842,0,400b7732,00dff09a,ffff,4000,f,e,4e75,1d
1843,1843,0,400b7732,00dff09a,ffff,4000,f,e,4e75,2d
1844,1844,0,400b7732,00dff09a,ffff,4000,f,e,4e75,1d
1845,1845,0,400b7732,00dff09a,ffff,4000,f,e,4e75,1d
1846,1846,0,400b7732,00dff09a,ffff,4000,f,e,4e75,2d
1847,1847,0,400b7732,00dff09a,ffff,4000,f,e,4e75,1d
1848,1848,0,400b7732,00dff09a,ffff,4000,f,e,4e75,1d
1849,1849,0,400b7732,00dff09a,ffff,4000,f,e,4e75,2d
1850,1850,0,400b7732,00dff09a,ffff,4000,f,e,4e75,1d
1851,1851,0,400b7732,00dff09a,ffff,4000,f,e,4e75,1d
1852,1852,0,400b7732,00dff09a,ffff,4000,f,e,4e75,2d
1853,1853,0,400b7732,00dff09a,ffff,4000,f,e,4e75,1d
1854,1854,0,400b7732,00dff09a,ffff,4000,f,e,4e75,1d
1855,1855,0,400b7732,00dff09a,ffff,4000,f,e,4e75,2d
1856,1856,0,400b7732,00dff09a,ffff,4000,f,e,4e75,1d
1857,1857,0,400b7732,00dff09a,ffff,4000,f,e,4e75,1d
1858,1858,0,400b7732,00dff09a,ffff,4000,f,e,4e75,2d
1859,1859,0,400b7732,00dff09a,ffff,4000,f,e,4e75,1d
1860,1860,0,400b7732,00dff09a,ffff,4000,f,e,4e75,1d
1861,1861,0,400b7732,00dff09a,ffff,4000,f,e,4e75,2d
1862,1862,0,400b7732,00dff09a,ffff,4000,f,e,4e75,1d
1863,1863,0,400b7732,00dff09a,ffff,4000,f,e,4e75,1d
1864,1864,0,400b7732,00dff09a,ffff,4000,f,e,4e75,2d
1865,1865,0,400b7732,00dff09a,ffff,4000,f,e,4e75,1d
1866,1866,0,400b7732,00dff09a,ffff,4000,f,e,4e75,1d
1867,1867,0,400b7732,00dff09a,ffff,4000,f,e,4e75,2d
1868,1868,0,400b7732,00dff09a,ffff,4000,f,e,4e75,1d
1869,1869,0,400b7732,00dff09a,ffff,4000,f,e,4e75,1d
1870,1870,0,400b7732,00dff09a,ffff,4000,f,e,4e75,2d
1871,1871,0,400b7732,00dff09a,ffff,4000,f,e,4e75,1d
1872,1872,0,400b7732,00dff09a,ffff,4000,f,e,4e75,1d
1873,1873,0,400b7732,00dff09a,ffff,4000,f,e,4e75,2d
1874,1874,0,400b7732,00dff09a,ffff,4000,f,e,4e75,1d
1875,1875,0,400b7732,00dff09a,ffff,4000,f,e,4e75,1d
1876,1876,0,400b7732,00dff09a,ffff,4000,f,e,4e75,2d
1877,1877,0,400b7732,00dff09a,ffff,4000,f,e,4e75,1d
1878,1878,0,400b7732,00dff09a,ffff,4000,f,e,4e75,1d
1879,1879,0,400b7732,00dff09a,ffff,4000,f,e,4e75,2d
1880,1880,0,400b7732,00dff09a,ffff,4000,f,e,4e75,1d
1881,1881,0,400b7732,00dff09a,ffff,4000,f,e,4e75,1d
1882,1882,0,400b7732,00dff09a,ffff,4000,f,e,4e75,2d
1883,1883,0,400b7732,00dff09a,ffff,4000,f,e,4e75,1d
1884,1884,0,400b7732,00dff09a,ffff,4000,f,e,4e75,1d
1885,1885,0,400b7732,00dff09a,ffff,4000,f,e,4e75,2d
1886,1886,0,400b7732,00dff09a,ffff,4000,f,e,4e75,1d
1887,1887,0,400b7732,00dff09a,ffff,4000,f,e,4e75,1d
1888,1888,0,400b7732,00dff09a,ffff,4000,f,e,4e75,2d
1889,1889,0,400b7732,00dff09a,ffff,4000,f,e,4e75,1d
1890,1890,0,400b7732,00dff09a,ffff,4000,f,e,4e75,1d
1891,1891,0,400b7732,00dff09a,ffff,4000,f,e,4e75,2d
1892,1892,0,400b7732,00dff09a,ffff,4000,f,e,4e75,1d
1893,1893,0,400b7732,00dff09a,ffff,4000,f,e,4e75,1d
1894,1894,0,400b7732,00dff09a,ffff,4000,f,e,4e75,2d
1895,1895,0,400b7732,00dff09a,ffff,4000,f,e,4e75,1d
1896,1896,0,400b7732,00dff09a,ffff,4000,f,e,4e75,1d
1897,1897,0,400b7732,00dff09a,ffff,4000,f,e,4e75,2d
1898,1898,0,400b7732,00dff09a,ffff,4000,f,e,4e75,1d
1899,1899,0,400b7732,00dff09a,ffff,4000,f,e,4e75,1d
1900,1900,0,400b7732,00dff09a,ffff,4000,f,e,4e75,2d
1901,1901,0,400b7732,00dff09a,ffff,4000,f,e,4e75,1d
1902,1902,0,400b7732,00dff09a,ffff,4000,f,e,4e75,1d
1903,1903,0,400b7732,00dff09a,ffff,4000,f,e,4e75,2d
1904,1904,0,400b7732,00dff09a,ffff,4000,f,e,4e75,1d
1905,1905,0,400b7732,00dff09a,ffff,4000,f,e,4e75,1d
1906,1906,0,400b7732,00dff09a,ffff,4000,f,e,4e75,2d
1907,1907,0,400b7732,00dff09a,ffff,4000,f,e,4e75,1d
1908,1908,0,400b7732,00dff09a,ffff,4000,f,e,4e75,1d
1909,1909,0,400b7732,00dff09a,ffff,4000,f,e,4e75,2d
1910,1910,0,400b7732,00dff09a,ffff,4000,f,e,4e75,1d
1911,1911,0,400b7732,00dff09a,ffff,4000,f,e,4e75,1d
1912,1912,0,400b7732,00dff09a,ffff,4000,f,e,4e75,2d
1913,1913,0,400b7732,00dff09a,ffff,4000,f,e,4e75,1d
1914,1914,0,400b7732,00dff09a,ffff,4000,f,e,4e75,1d
1915,1915,0,400b7732,00dff09a,ffff,4000,f,e,4e75,2d
1916,1916,0,400b7732,00dff09a,ffff,4000,f,e,4e75,1d
1917,1917,0,400b7732,00dff09a,ffff,4000,f,e,4e75,1d
1918,1918,0,400b7732,00dff09a,ffff,4000,f,e,4e75,2d
1919,1919,0,400b7732,00dff09a,ffff,4000,f,e,4e75,1d
1920,1920,0,400b7732,00dff09a,ffff,4000,f,e,4e75,1d
1921,1921,0,400b7732,00dff09a,ffff,4000,f,e,4e75,2d
1922,1922,0,400b7732,00dff09a,ffff,4000,f,e,4e75,1d
1923,1923,0,400b7732,00dff09a,ffff,4000,f,e,4e75,1d
1924,1924,0,400b7732,00dff09a,ffff,4000,f,e,4e75,2d
1925,1925,0,400b7732,00dff09a,ffff,4000,f,e,4e75,1d
1926,1926,0,400b7732,00dff09a,ffff,4000,f,e,4e75,1d
1927,1927,0,400b7732,00dff09a,ffff,4000,f,e,4e75,2d
1928,1928,0,400b7732,00dff09a,ffff,4000,f,e,4e75,1d
1929,1929,0,400b7732,00dff09a,ffff,4000,f,e,4e75,1d
1930,1930,0,400b7732,00dff09a,ffff,4000,f,e,4e75,2d
1931,1931,0,400b7732,00dff09a,ffff,4000,f,e,4e75,1d
1932,1932,0,400b7732,00dff09a,ffff,4000,f,e,4e75,1d
1933,1933,0,400b7732,00dff09a,ffff,4000,f,e,4e75,2d
1934,1934,0,400b7732,00dff09a,ffff,4000,f,e,4e75,1d
1935,1935,0,400b7732,00dff09a,ffff,4000,f,e,4e75,1d
1936,1936,0,400b7732,00dff09a,ffff,4000,f,e,4e75,2d
1937,1937,0,400b7732,00dff09a,ffff,4000,f,e,4e75,1d
1938,1938,0,400b7732,00dff09a,ffff,4000,f,e,4e75,1d
1939,1939,0,400b7732,00dff09a,ffff,4000,f,e,4e75,2d
1940,1940,0,400b7732,00dff09a,ffff,4000,f,e,4e75,1d
1941,1941,0,400b7732,00dff09a,ffff,4000,f,e,4e75,1d
1942,1942,0,400b7732,00dff09a,ffff,4000,f,e,4e75,2d
1943,1943,0,400b7732,00dff09a,ffff,4000,f,e,4e75,1d
1944,1944,0,400b7732,00dff09a,ffff,4000,f,e,4e75,1d
1945,1945,0,400b7732,00dff09a,ffff,4000,f,e,4e75,2d
1946,1946,0,400b7732,00dff09a,ffff,4000,f,e,4e75,1d
1947,1947,0,400b7732,00dff09a,ffff,4000,f,e,4e75,1d
1948,1948,0,400b7732,00dff09a,ffff,4000,f,e,4e75,2d
1949,1949,0,400b7732,00dff09a,ffff,4000,f,e,4e75,1d
1950,1950,0,400b7732,00dff09a,ffff,4000,f,e,4e75,1d
1951,1951,0,400b7732,00dff09a,ffff,4000,f,e,4e75,2d
1952,1952,0,400b7732,00dff09a,ffff,4000,f,e,4e75,1d
1953,1953,0,400b7732,00dff09a,ffff,4000,f,e,4e75,1d
1954,1954,0,400b7732,00dff09a,ffff,4000,f,e,4e75,2d
1955,1955,0,400b7732,00dff09a,ffff,4000,f,e,4e75,1d
1956,1956,0,400b7732,00dff09a,ffff,4000,f,e,4e75,1d
1957,1957,0,400b7732,00dff09a,ffff,4000,f,e,4e75,2d
1958,1958,0,400b7732,00dff09a,ffff,4000,f,e,4e75,1d
1959,1959,0,400b7732,00dff09a,ffff,4000,f,e,4e75,1d
1960,1960,0,400b7732,00dff09a,ffff,4000,f,e,4e75,2d
1961,1961,0,400b7732,00dff09a,ffff,4000,f,e,4e75,1d
1962,1962,0,400b7732,00dff09a,ffff,4000,f,e,4e75,1d
1963,1963,0,400b7732,00dff09a,ffff,4000,f,e,4e75,2d
1964,1964,0,400b7732,00dff09a,ffff,4000,f,e,4e75,1d
1965,1965,0,400b7732,00dff09a,ffff,4000,f,e,4e75,1d
1966,1966,0,400b7732,00dff09a,ffff,4000,f,e,4e75,2d
1967,1967,0,400b7732,00dff09a,ffff,4000,f,e,4e75,1d
1968,1968,0,400b7732,00dff09a,ffff,4000,f,e,4e75,1d
1969,1969,0,400b7732,00dff09a,ffff,4000,f,e,4e75,2d
1970,1970,0,400b7732,00dff09a,ffff,4000,f,e,4e75,1d
1971,1971,0,400b7732,00dff09a,ffff,4000,f,e,4e75,1d
1972,1972,0,400b7732,00dff09a,ffff,4000,f,e,4e75,2d
1973,1973,0,400b7732,00dff09a,ffff,4000,f,e,4e75,1d
1974,1974,0,400b7732,00dff09a,ffff,4000,f,e,4e75,1d
1975,1975,0,400b7732,00dff09a,ffff,4000,f,e,4e75,2d
1976,1976,0,400b7732,00dff09a,ffff,4000,f,e,4e75,1d
1977,1977,0,400b7732,00dff09a,ffff,4000,f,e,4e75,1d
1978,1978,0,400b7732,00dff09a,ffff,4000,f,e,4e75,2d
1979,1979,0,400b7732,00dff09a,ffff,4000,f,e,4e75,1d
1980,1980,0,400b7732,00dff09a,ffff,4000,f,e,4e75,1d
1981,1981,0,400b7732,00dff09a,ffff,4000,f,e,4e75,2d
1982,1982,0,400b7732,00dff09a,ffff,4000,f,e,4e75,1d
1983,1983,0,400b7732,00dff09a,ffff,4000,f,e,4e75,1d
1984,1984,0,400b7732,00dff09a,ffff,4000,f,e,4e75,2d
1985,1985,0,400b7732,00dff09a,ffff,4000,f,e,4e75,1d
1986,1986,0,400b7732,00dff09a,ffff,4000,f,e,4e75,1d
1987,1987,0,400b7732,00dff09a,ffff,4000,f,e,4e75,2d
1988,1988,0,400b7732,00dff09a,ffff,4000,f,e,4e75,1d
1989,1989,0,400b7732,00dff09a,ffff,4000,f,e,4e75,1d
1990,1990,0,400b7732,00dff09a,ffff,4000,f,e,4e75,2d
1991,1991,0,400b7732,00dff09a,ffff,4000,f,e,4e75,1d
1992,1992,0,400b7732,00dff09a,ffff,4000,f,e,4e75,1d
1993,1993,0,400b7732,00dff09a,ffff,4000,f,e,4e75,2d
1994,1994,0,400b7732,00dff09a,ffff,4000,f,e,4e75,1d
1995,1995,0,400b7732,00dff09a,ffff,4000,f,e,4e75,1d
1996,1996,0,400b7732,00dff09a,ffff,4000,f,e,4e75,2d
1997,1997,0,400b7732,00dff09a,ffff,4000,f,e,4e75,1d
1998,1998,0,400b7732,00dff09a,ffff,4000,f,e,4e75,1d
1999,1999,0,400b7732,00dff09a,ffff,4000,f,e,4e75,2d
2000,2000,0,400b7732,00dff09a,ffff,4000,f,e,4e75,1d
2001,2001,0,400b7732,00dff09a,ffff,4000,f,e,4e75,1d
2002,2002,0,400b7732,00dff09a,ffff,4000,f,e,4e75,2d
2003,2003,0,400b7732,00dff09a,ffff,4000,f,e,4e75,1d
2004,2004,0,400b7732,00dff09a,ffff,4000,f,e,4e75,1d
2005,2005,0,400b7732,00dff09a,ffff,4000,f,e,4e75,2d
2006,2006,0,400b7732,00dff09a,ffff,4000,f,e,4e75,1d
2007,2007,0,400b7732,00dff09a,ffff,4000,f,e,4e75,1d
2008,2008,0,400b7732,00dff09a,ffff,4000,f,e,4e75,2d
2009,2009,0,400b7732,00dff09a,ffff,4000,f,e,4e75,1d
2010,2010,0,400b7732,00dff09a,ffff,4000,f,e,4e75,1d
2011,2011,0,400b7732,00dff09a,ffff,4000,f,e,4e75,2d
2012,2012,0,400b7732,00dff09a,ffff,4000,f,e,4e75,1d
2013,2013,0,400b7732,00dff09a,ffff,4000,f,e,4e75,1d
2014,2014,0,400b7732,00dff09a,ffff,4000,f,e,4e75,2d
2015,2015,0,400b7732,00dff09a,ffff,4000,f,e,4e75,1d
2016,2016,0,400b7732,00dff09a,ffff,4000,f,e,4e75,1d
2017,2017,0,400b7732,00dff09a,ffff,4000,f,e,4e75,2d
2018,2018,0,400b7732,00dff09a,ffff,4000,f,e,4e75,1d
2019,2019,0,400b7732,00dff09a,ffff,4000,f,e,4e75,1d
2020,2020,0,400b7732,00dff09a,ffff,4000,f,e,4e75,2d
2021,2021,0,400b7732,00dff09a,ffff,4000,f,e,4e75,1d
2022,2022,0,400b7732,00dff09a,ffff,4000,f,e,4e75,1d
2023,2023,0,400b7732,00dff09a,ffff,4000,f,e,4e75,2d
2024,2024,0,400b7732,00dff09a,ffff,4000,f,e,4e75,1d
2025,2025,0,400b7732,00dff09a,ffff,4000,f,e,4e75,1d
2026,2026,0,400b7732,00dff09a,ffff,4000,f,e,4e75,2d
2027,2027,0,400b7732,00dff09a,ffff,4000,f,e,4e75,1d
2028,2028,0,400b7732,00dff09a,ffff,4000,f,e,4e75,1d
2029,2029,0,400b7732,00dff09a,ffff,4000,f,e,4e75,2d
2030,2030,0,400b7732,00dff09a,ffff,4000,f,e,4e75,1d
2031,2031,0,400b7732,00dff09a,ffff,4000,f,e,4e75,1d
2032,2032,0,400b7732,00dff09a,ffff,4000,f,e,4e75,2d
2033,2033,0,400b7732,00dff09a,ffff,4000,f,e,4e75,1d
2034,2034,0,400b7732,00dff09a,ffff,4000,f,e,4e75,1d
2035,2035,0,400b7732,00dff09a,ffff,4000,f,e,4e75,2d
2036,2036,0,400b7732,00dff09a,ffff,4000,f,e,4e75,1d
2037,2037,0,400b7732,00dff09a,ffff,4000,f,e,4e75,1d
2038,2038,0,400b7732,00dff09a,ffff,4000,f,e,4e75,2d
2039,2039,0,400b7732,00dff09a,ffff,4000,f,e,4e75,1d
2040,2040,0,400b7732,00dff09a,ffff,4000,f,e,4e75,1d
2041,2041,0,400b7732,00dff09a,ffff,4000,f,e,4e75,2d
2042,2042,0,400b7732,00dff09a,ffff,4000,f,e,4e75,1d
2043,2043,0,400b7732,00dff09a,ffff,4000,f,e,4e75,1d
2044,2044,0,400b7732,00dff09a,ffff,4000,f,e,4e75,2d
2045,2045,0,400b7732,00dff09a,ffff,4000,f,e,4e75,1d
2046,2046,0,400b7732,00dff09a,ffff,4000,f,e,4e75,1d
2047,2047,0,400b7732,00dff09a,ffff,4000,f,e,4e75,2d
2048,2048,0,400b7732,00dff09a,ffff,4000,f,e,4e75,1d
2049,2049,0,400b7732,00dff09a,ffff,4000,f,e,4e75,1d
2050,2050,0,400b7732,00dff09a,ffff,4000,f,e,4e75,2d
2051,2051,0,400b7732,00dff09a,ffff,4000,f,e,4e75,1d
2052,2052,0,400b7732,00dff09a,ffff,4000,f,e,4e75,1d
2053,2053,0,400b7732,00dff09a,ffff,4000,f,e,4e75,2d
2054,2054,0,400b7732,00dff09a,ffff,4000,f,e,4e75,1d
2055,2055,0,400b7732,00dff09a,ffff,4000,f,e,4e75,1d
2056,2056,0,400b7732,00dff09a,ffff,4000,f,e,4e75,2d
2057,2057,0,400b7732,00dff09a,ffff,4000,f,e,4e75,1d
2058,2058,0,400b7732,00dff09a,ffff,4000,f,e,4e75,1d
2059,2059,0,400b7732,00dff09a,ffff,4000,f,e,4e75,2d
2060,2060,0,400b7732,00dff09a,ffff,4000,f,e,4e75,1d
2061,2061,0,400b7732,00dff09a,ffff,4000,f,e,4e75,1d
2062,2062,0,400b7732,00dff09a,ffff,4000,f,e,4e75,2d
2063,2063,0,400b7732,00dff09a,ffff,4000,f,e,4e75,1d
2064,2064,0,400b7732,00dff09a,ffff,4000,f,e,4e75,1d
2065,2065,0,400b7732,00dff09a,ffff,4000,f,e,4e75,2d
2066,2066,0,400b7732,00dff09a,ffff,4000,f,e,4e75,1d
2067,2067,0,400b7732,00dff09a,ffff,4000,f,e,4e75,1d
2068,2068,0,400b7732,00dff09a,ffff,4000,f,e,4e75,2d
2069,2069,0,400b7732,00dff09a,ffff,4000,f,e,4e75,1d
2070,2070,0,400b7732,00dff09a,ffff,4000,f,e,4e75,1d
2071,2071,0,400b7732,00dff09a,ffff,4000,f,e,4e75,2d
2072,2072,0,400b7732,00dff09a,ffff,4000,f,e,4e75,1d
2073,2073,0,400b7732,00dff09a,ffff,4000,f,e,4e75,1d
2074,2074,0,400b7732,00dff09a,ffff,4000,f,e,4e75,2d
2075,2075,0,400b7732,00dff09a,ffff,4000,f,e,4e75,1d
2076,2076,0,400b7732,00dff09a,ffff,4000,f,e,4e75,1d
2077,2077,0,400b7732,00dff09a,ffff,4000,f,e,4e75,2d
2078,2078,0,400b7732,00dff09a,ffff,4000,f,e,4e75,1d
2079,2079,0,400b7732,00dff09a,ffff,4000,f,e,4e75,1d
2080,2080,0,400b7732,00dff09a,ffff,4000,f,e,4e75,2d
2081,2081,0,400b7732,00dff09a,ffff,4000,f,e,4e75,1d
2082,2082,0,400b7732,00dff09a,ffff,4000,f,e,4e75,1d
2083,2083,0,400b7732,00dff09a,ffff,4000,f,e,4e75,2d
2084,2084,0,400b7732,00dff09a,ffff,4000,f,e,4e75,1d
2085,2085,0,400b7732,00dff09a,ffff,4000,f,e,4e75,1d
2086,2086,0,400b7732,00dff09a,ffff,4000,f,e,4e75,2d
2087,2087,0,400b7732,00dff09a,ffff,4000,f,e,4e75,1d
2088,2088,0,400b7732,00dff09a,ffff,4000,f,e,4e75,1d
2089,2089,0,400b7732,00dff09a,ffff,4000,f,e,4e75,2d
2090,2090,0,400b7732,00dff09a,ffff,4000,f,e,4e75,1d
2091,2091,0,400b7732,00dff09a,ffff,4000,f,e,4e75,1d
2092,2092,0,400b7732,00dff09a,ffff,4000,f,e,4e75,2d
2093,2093,0,400b7732,00dff09a,ffff,4000,f,e,4e75,1d
2094,2094,0,400b7732,00dff09a,ffff,4000,f,e,4e75,1d
2095,2095,0,400b7732,00dff09a,ffff,4000,f,e,4e75,2d
2096,2096,0,400b7732,00dff09a,ffff,4000,f,e,4e75,1d
2097,2097,0,400b7732,00dff09a,ffff,4000,f,e,4e75,1d
2098,2098,0,400b7732,00dff09a,ffff,4000,f,e,4e75,2d
2099,2099,0,400b7732,00dff09a,ffff,4000,f,e,4e75,1d
2100,2100,0,400b7732,00dff09a,ffff,4000,f,e,4e75,1d
2101,2101,0,400b7732,00dff09a,ffff,4000,f,e,4e75,2d
2102,2102,0,400b7732,00dff09a,ffff,4000,f,e,4e75,1d
2103,2103,0,400b7732,00dff09a,ffff,4000,f,e,4e75,1d
2104,2104,0,400b7732,00dff09a,ffff,4000,f,e,4e75,2d
2105,2105,0,400b7732,00dff09a,ffff,4000,f,e,4e75,1d
2106,2106,0,400b7732,00dff09a,ffff,4000,f,e,4e75,1d
2107,2107,0,400b7732,00dff09a,ffff,4000,f,e,4e75,2d
2108,2108,0,400b7732,00dff09a,ffff,4000,f,e,4e75,1d
2109,2109,0,400b7732,00dff09a,ffff,4000,f,e,4e75,1d
2110,2110,0,400b7732,00dff09a,ffff,4000,f,e,4e75,2d
2111,2111,0,400b7732,00dff09a,ffff,4000,f,e,4e75,1d
2112,2112,0,400b7732,00dff09a,ffff,4000,f,e,4e75,1d
2113,2113,0,400b7732,00dff09a,ffff,4000,f,e,4e75,2d
2114,2114,0,400b7732,00dff09a,ffff,4000,f,e,4e75,1d
2115,2115,0,400b7732,00dff09a,ffff,4000,f,e,4e75,1d
2116,2116,0,400b7732,00dff09a,ffff,4000,f,e,4e75,2d
2117,2117,0,400b7732,00dff09a,ffff,4000,f,e,4e75,1d
2118,2118,0,400b7732,00dff09a,ffff,4000,f,e,4e75,1d
2119,2119,0,400b7732,00dff09a,ffff,4000,f,e,4e75,2d
2120,2120,0,400b7732,00dff09a,ffff,4000,f,e,4e75,1d
2121,2121,0,400b7732,00dff09a,ffff,4000,f,e,4e75,1d
2122,2122,0,400b7732,00dff09a,ffff,4000,f,e,4e75,2d
2123,2123,0,400b7732,00dff09a,ffff,4000,f,e,4e75,1d
2124,2124,0,400b7732,00dff09a,ffff,4000,f,e,4e75,1d
2125,2125,0,400b7732,00dff09a,ffff,4000,f,e,4e75,2d
2126,2126,0,400b7732,00dff09a,ffff,4000,f,e,4e75,1d
2127,2127,0,400b7732,00dff09a,ffff,4000,f,e,4e75,1d
2128,2128,0,400b7732,00dff09a,ffff,4000,f,e,4e75,2d
2129,2129,0,400b7732,00dff09a,ffff,4000,f,e,4e75,1d
2130,2130,0,400b7732,00dff09a,ffff,4000,f,e,4e75,1d
2131,2131,0,400b7732,00dff09a,ffff,4000,f,e,4e75,2d
2132,2132,0,400b7732,00dff09a,ffff,4000,f,e,4e75,1d
2133,2133,0,400b7732,00dff09a,ffff,4000,f,e,4e75,1d
2134,2134,0,400b7732,00dff09a,ffff,4000,f,e,4e75,2d
2135,2135,0,400b7732,00dff09a,ffff,4000,f,e,4e75,1d
2136,2136,0,400b7732,00dff09a,ffff,4000,f,e,4e75,1d
2137,2137,0,400b7732,00dff09a,ffff,4000,f,e,4e75,2d
2138,2138,0,400b7732,00dff09a,ffff,4000,f,e,4e75,1d
2139,2139,0,400b7732,00dff09a,ffff,4000,f,e,4e75,1d
2140,2140,0,400b7732,00dff09a,ffff,4000,f,e,4e75,2d
2141,2141,0,400b7732,00dff09a,ffff,4000,f,e,4e75,1d
2142,2142,0,400b7732,00dff09a,ffff,4000,f,e,4e75,1d
2143,2143,0,400b7732,00dff09a,ffff,4000,f,e,4e75,2d
2144,2144,0,400b7732,00dff09a,ffff,4000,f,e,4e75,1d
2145,2145,0,400b7732,00dff09a,ffff,4000,f,e,4e75,1d
2146,2146,0,400b7732,00dff09a,ffff,4000,f,e,4e75,2d
2147,2147,0,400b7732,00dff09a,ffff,4000,f,e,4e75,1d
2148,2148,0,400b7732,00dff09a,ffff,4000,f,e,4e75,1d
2149,2149,0,400b7732,00dff09a,ffff,4000,f,e,4e75,2d
2150,2150,0,400b7732,00dff09a,ffff,4000,f,e,4e75,1d
2151,2151,0,400b7732,00dff09a,ffff,4000,f,e,4e75,1d
2152,2152,0,400b7732,00dff09a,ffff,4000,f,e,4e75,2d
2153,2153,0,400b7732,00dff09a,ffff,4000,f,e,4e75,1d
2154,2154,0,400b7732,00dff09a,ffff,4000,f,e,4e75,1d
2155,2155,0,400b7732,00dff09a,ffff,4000,f,e,4e75,2d
2156,2156,0,400b7732,00dff09a,ffff,4000,f,e,4e75,1d
2157,2157,0,400b7732,00dff09a,ffff,4000,f,e,4e75,1d
2158,2158,0,400b7732,00dff09a,ffff,4000,f,e,4e75,2d
2159,2159,0,400b7732,00dff09a,ffff,4000,f,e,4e75,1d
2160,2160,0,400b7732,00dff09a,ffff,4000,f,e,4e75,1d
2161,2161,0,400b7732,00dff09a,ffff,4000,f,e,4e75,2d
2162,2162,0,400b7732,00dff09a,ffff,4000,f,e,4e75,1d
2163,2163,0,400b7732,00dff09a,ffff,4000,f,e,4e75,1d
2164,2164,0,400b7732,00dff09a,ffff,4000,f,e,4e75,2d
2165,2165,0,400b7732,00dff09a,ffff,4000,f,e,4e75,1d
2166,2166,0,400b7732,00dff09a,ffff,4000,f,e,4e75,1d
2167,2167,0,400b7732,00dff09a,ffff,4000,f,e,4e75,2d
2168,2168,0,400b7732,00dff09a,ffff,4000,f,e,4e75,1d
2169,2169,0,400b7732,00dff09a,ffff,4000,f,e,4e75,1d
2170,2170,0,400b7732,00dff09a,ffff,4000,f,e,4e75,2d
2171,2171,0,400b7732,00dff09a,ffff,4000,f,e,4e75,1d
2172,2172,0,400b7732,00dff09a,ffff,4000,f,e,4e75,1d
2173,2173,0,400b7732,00dff09a,ffff,4000,f,e,4e75,2d
2174,2174,0,400b7732,00dff09a,ffff,4000,f,e,4e75,1d
2175,2175,0,400b7732,00dff09a,ffff,4000,f,e,4e75,1d
2176,2176,0,400b7732,00dff09a,ffff,4000,f,e,4e75,2d
2177,2177,0,400b7732,00dff09a,ffff,4000,f,e,4e75,1d
2178,2178,0,400b7732,00dff09a,ffff,4000,f,e,4e75,1d
2179,2179,0,400b7732,00dff09a,ffff,4000,f,e,4e75,2d
2180,2180,0,400b7732,00dff09a,ffff,4000,f,e,4e75,1d
2181,2181,0,400b7732,00dff09a,ffff,4000,f,e,4e75,1d
2182,2182,0,400b7732,00dff09a,ffff,4000,f,e,4e75,2d
2183,2183,0,400b7732,00dff09a,ffff,4000,f,e,4e75,1d
2184,2184,0,400b7732,00dff09a,ffff,4000,f,e,4e75,1d
2185,2185,0,400b7732,00dff09a,ffff,4000,f,e,4e75,2d
2186,2186,0,400b7732,00dff09a,ffff,4000,f,e,4e75,1d
2187,2187,0,400b7732,00dff09a,ffff,4000,f,e,4e75,1d
2188,2188,0,400b7732,00dff09a,ffff,4000,f,e,4e75,2d
2189,2189,0,400b7732,00dff09a,ffff,4000,f,e,4e75,1d
2190,2190,0,400b7732,00dff09a,ffff,4000,f,e,4e75,1d
2191,2191,0,400b7732,00dff09a,ffff,4000,f,e,4e75,2d
2192,2192,0,400b7732,00dff09a,ffff,4000,f,e,4e75,1d
2193,2193,0,400b7732,00dff09a,ffff,4000,f,e,4e75,1d
2194,2194,0,400b7732,00dff09a,ffff,4000,f,e,4e75,2d
2195,2195,0,400b7732,00dff09a,ffff,4000,f,e,4e75,1d
2196,2196,0,400b7732,00dff09a,ffff,4000,f,e,4e75,1d
2197,2197,0,400b7732,00dff09a,ffff,4000,f,e,4e75,2d
2198,2198,0,400b7732,00dff09a,ffff,4000,f,e,4e75,1d
2199,2199,0,400b7732,00dff09a,ffff,4000,f,e,4e75,1d
2200,2200,0,400b7732,00dff09a,ffff,4000,f,e,4e75,2d
2201,2201,0,400b7732,00dff09a,ffff,4000,f,e,4e75,1d
2202,2202,0,400b7732,00dff09a,ffff,4000,f,e,4e75,1d
2203,2203,0,400b7732,00dff09a,ffff,4000,f,e,4e75,2d
2204,2204,0,400b7732,00dff09a,ffff,4000,f,e,4e75,1d
2205,2205,0,400b7732,00dff09a,ffff,4000,f,e,4e75,1d
2206,2206,0,400b7732,00dff09a,ffff,4000,f,e,4e75,2d
2207,2207,0,400b7732,00dff09a,ffff,4000,f,e,4e75,1d
2208,2208,0,400b7732,00dff09a,ffff,4000,f,e,4e75,1d
2209,2209,0,400b7732,00dff09a,ffff,4000,f,e,4e75,2d
2210,2210,0,400b7732,00dff09a,ffff,4000,f,e,4e75,1d
2211,2211,0,400b7732,00dff09a,ffff,4000,f,e,4e75,1d
2212,2212,0,400b7732,00dff09a,ffff,4000,f,e,4e75,2d
2213,2213,0,400b7732,00dff09a,ffff,4000,f,e,4e75,1d
2214,2214,0,400b7732,00dff09a,ffff,4000,f,e,4e75,1d
2215,2215,0,400b7732,00dff09a,ffff,4000,f,e,4e75,2d
2216,2216,0,400b7732,00dff09a,ffff,4000,f,e,4e75,1d
2217,2217,0,400b7732,00dff09a,ffff,4000,f,e,4e75,1d
2218,2218,0,400b7732,00dff09a,ffff,4000,f,e,4e75,2d
2219,2219,0,400b7732,00dff09a,ffff,4000,f,e,4e75,1d
2220,2220,0,400b7732,00dff09a,ffff,4000,f,e,4e75,1d
2221,2221,0,400b7732,00dff09a,ffff,4000,f,e,4e75,2d
2222,2222,0,400b7732,00dff09a,ffff,4000,f,e,4e75,1d
2223,2223,0,400b7732,00dff09a,ffff,4000,f,e,4e75,1d
2224,2224,0,400b7732,00dff09a,ffff,4000,f,e,4e75,2d
2225,2225,0,400b7732,00dff09a,ffff,4000,f,e,4e75,1d
2226,2226,0,400b7732,00dff09a,ffff,4000,f,e,4e75,1d
2227,2227,0,400b7732,00dff09a,ffff,4000,f,e,4e75,2d
2228,2228,0,400b7732,00dff09a,ffff,4000,f,e,4e75,1d
2229,2229,0,400b7732,00dff09a,ffff,4000,f,e,4e75,1d
2230,2230,0,400b7732,00dff09a,ffff,4000,f,e,4e75,2d
2231,2231,0,400b7732,00dff09a,ffff,4000,f,e,4e75,1d
2232,2232,0,400b7732,00dff09a,ffff,4000,f,e,4e75,1d
2233,2233,0,400b7732,00dff09a,ffff,4000,f,e,4e75,2d
2234,2234,0,400b7732,00dff09a,ffff,4000,f,e,4e75,1d
2235,2235,0,400b7732,00dff09a,ffff,4000,f,e,4e75,1d
2236,2236,0,400b7732,00dff09a,ffff,4000,f,e,4e75,2d
2237,2237,0,400b7732,00dff09a,ffff,4000,f,e,4e75,1d
2238,2238,0,400b7732,00dff09a,ffff,4000,f,e,4e75,1d
2239,2239,0,400b7732,00dff09a,ffff,4000,f,e,4e75,2d
2240,2240,0,400b7732,00dff09a,ffff,4000,f,e,4e75,1d
2241,2241,0,400b7732,00dff09a,ffff,4000,f,e,4e75,1d
2242,2242,0,400b7732,00dff09a,ffff,4000,f,e,4e75,2d
2243,2243,0,400b7732,00dff09a,ffff,4000,f,e,4e75,1d
2244,2244,0,400b7732,00dff09a,ffff,4000,f,e,4e75,1d
2245,2245,0,400b7732,00dff09a,ffff,4000,f,e,4e75,2d
2246,2246,0,400b7732,00dff09a,ffff,4000,f,e,4e75,1d
2247,2247,0,400b7732,00dff09a,ffff,4000,f,e,4e75,1d
2248,2248,0,400b7732,00dff09a,ffff,4000,f,e,4e75,2d
2249,2249,0,400b7732,00dff09a,ffff,4000,f,e,4e75,1d
2250,2250,0,400b7732,00dff09a,ffff,4000,f,e,4e75,1d
2251,2251,0,400b7732,00dff09a,ffff,4000,f,e,4e75,2d
2252,2252,0,400b7732,00dff09a,ffff,4000,f,e,4e75,1d
2253,2253,0,400b7732,00dff09a,ffff,4000,f,e,4e75,1d
2254,2254,0,400b7732,00dff09a,ffff,4000,f,e,4e75,2d
2255,2255,0,400b7732,00dff09a,ffff,4000,f,e,4e75,1d
2256,2256,0,400b7732,00dff09a,ffff,4000,f,e,4e75,1d
2257,2257,0,400b7732,00dff09a,ffff,4000,f,e,4e75,2d
2258,2258,0,400b7732,00dff09a,ffff,4000,f,e,4e75,1d
2259,2259,0,400b7732,00dff09a,ffff,4000,f,e,4e75,1d
2260,2260,0,400b7732,00dff09a,ffff,4000,f,e,4e75,2d
2261,2261,0,400b7732,00dff09a,ffff,4000,f,e,4e75,1d
2262,2262,0,400b7732,00dff09a,ffff,4000,f,e,4e75,1d
2263,2263,0,400b7732,00dff09a,ffff,4000,f,e,4e75,2d
2264,2264,0,400b7732,00dff09a,ffff,4000,f,e,4e75,1d
2265,2265,0,400b7732,00dff09a,ffff,4000,f,e,4e75,1d
2266,2266,0,400b7732,00dff09a,ffff,4000,f,e,4e75,2d
2267,2267,0,400b7732,00dff09a,ffff,4000,f,e,4e75,1d
2268,2268,0,400b7732,00dff09a,ffff,4000,f,e,4e75,1d
2269,2269,0,400b7732,00dff09a,ffff,4000,f,e,4e75,2d
2270,2270,0,400b7732,00dff09a,ffff,4000,f,e,4e75,1d
2271,2271,0,400b7732,00dff09a,ffff,4000,f,e,4e75,1d
2272,2272,0,400b7732,00dff09a,ffff,4000,f,e,4e75,2d
2273,2273,0,400b7732,00dff09a,ffff,4000,f,e,4e75,1d
2274,2274,0,400b7732,00dff09a,ffff,4000,f,e,4e75,1d
2275,2275,0,400b7732,00dff09a,ffff,4000,f,e,4e75,2d
2276,2276,0,400b7732,00dff09a,ffff,4000,f,e,4e75,1d
2277,2277,0,400b7732,00dff09a,ffff,4000,f,e,4e75,1d
2278,2278,0,400b7732,00dff09a,ffff,4000,f,e,4e75,2d
2279,2279,0,400b7732,00dff09a,ffff,4000,f,e,4e75,1d
2280,2280,0,400b7732,00dff09a,ffff,4000,f,e,4e75,1d
2281,2281,0,400b7732,00dff09a,ffff,4000,f,e,4e75,2d
2282,2282,0,400b7732,00dff09a,ffff,4000,f,e,4e75,1d
2283,2283,0,400b7732,00dff09a,ffff,4000,f,e,4e75,1d
2284,2284,0,400b7732,00dff09a,ffff,4000,f,e,4e75,2d
2285,2285,0,400b7732,00dff09a,ffff,4000,f,e,4e75,1d
2286,2286,0,400b7732,00dff09a,ffff,4000,f,e,4e75,1d
2287,2287,0,400b7732,00dff09a,ffff,4000,f,e,4e75,2d
2288,2288,0,400b7732,00dff09a,ffff,4000,f,e,4e75,1d
2289,2289,0,400b7732,00dff09a,ffff,4000,f,e,4e75,1d
2290,2290,0,400b7732,00dff09a,ffff,4000,f,e,4e75,2d
2291,2291,0,400b7732,00dff09a,ffff,4000,f,e,4e75,1d
2292,2292,0,400b7732,00dff09a,ffff,4000,f,e,4e75,1d
2293,2293,0,400b7732,00dff09a,ffff,4000,f,e,4e75,2d
2294,2294,0,400b7732,00dff09a,ffff,4000,f,e,4e75,1d
2295,2295,0,400b7732,00dff09a,ffff,4000,f,e,4e75,1d
2296,2296,0,400b7732,00dff09a,ffff,4000,f,e,4e75,2d
2297,2297,0,400b7732,00dff09a,ffff,4000,f,e,4e75,1d
2298,2298,0,400b7732,00dff09a,ffff,4000,f,e,4e75,1d
2299,2299,0,400b7732,00dff09a,ffff,4000,f,e,4e75,2d
2300,2300,0,400b7732,00dff09a,ffff,4000,f,e,4e75,1d
2301,2301,0,400b7732,00dff09a,ffff,4000,f,e,4e75,1d
2302,2302,0,400b7732,00dff09a,ffff,4000,f,e,4e75,2d
2303,2303,0,400b7732,00dff09a,ffff,4000,f,e,4e75,1d
2304,2304,0,400b7732,00dff09a,ffff,4000,f,e,4e75,1d
2305,2305,0,400b7732,00dff09a,ffff,4000,f,e,4e75,2d
2306,2306,0,400b7732,00dff09a,ffff,4000,f,e,4e75,1d
2307,2307,0,400b7732,00dff09a,ffff,4000,f,e,4e75,1d
2308,2308,0,400b7732,00dff09a,ffff,4000,f,e,4e75,2d
2309,2309,0,400b7732,00dff09a,ffff,4000,f,e,4e75,1d
2310,2310,0,400b7732,00dff09a,ffff,4000,f,e,4e75,1d
2311,2311,0,400b7732,00dff09a,ffff,4000,f,e,4e75,2d
2312,2312,0,400b7732,00dff09a,ffff,4000,f,e,4e75,1d
2313,2313,0,400b7732,00dff09a,ffff,4000,f,e,4e75,1d
2314,2314,0,400b7732,00dff09a,ffff,4000,f,e,4e75,2d
2315,2315,0,400b7732,00dff09a,ffff,4000,f,e,4e75,1d
2316,2316,0,400b7732,00dff09a,ffff,4000,f,e,4e75,1d
2317,2317,0,400b7732,00dff09a,ffff,4000,f,e,4e75,2d
2318,2318,0,400b7732,00dff09a,ffff,4000,f,e,4e75,1d
2319,2319,0,400b7732,00dff09a,ffff,4000,f,e,4e75,1d
2320,2320,0,400b7732,00dff09a,ffff,4000,f,e,4e75,2d
2321,2321,0,400b7732,00dff09a,ffff,4000,f,e,4e75,1d
2322,2322,0,400b7732,00dff09a,ffff,4000,f,e,4e75,1d
2323,2323,0,400b7732,00dff09a,ffff,4000,f,e,4e75,2d
2324,2324,0,400b7732,00dff09a,ffff,4000,f,e,4e75,1d
2325,2325,0,400b7732,00dff09a,ffff,4000,f,e,4e75,1d
2326,2326,0,400b7732,00dff09a,ffff,4000,f,e,4e75,2d
2327,2327,0,400b7732,00dff09a,ffff,4000,f,e,4e75,1d
2328,2328,0,400b7732,00dff09a,ffff,4000,f,e,4e75,1d
2329,2329,0,400b7732,00dff09a,ffff,4000,f,e,4e75,2d
2330,2330,0,400b7732,00dff09a,ffff,4000,f,e,4e75,1d
2331,2331,0,400b7732,00dff09a,ffff,4000,f,e,4e75,1d
2332,2332,0,400b7732,00dff09a,ffff,4000,f,e,4e75,2d
2333,2333,0,400b7732,00dff09a,ffff,4000,f,e,4e75,1d
2334,2334,0,400b7732,00dff09a,ffff,4000,f,e,4e75,1d
2335,2335,0,400b7732,00dff09a,ffff,4000,f,e,4e75,2d
2336,2336,0,400b7732,00dff09a,ffff,4000,f,e,4e75,1d
2337,2337,0,400b7732,00dff09a,ffff,4000,f,e,4e75,1d
2338,2338,0,400b7732,00dff09a,ffff,4000,f,e,4e75,2d
2339,2339,0,400b7732,00dff09a,ffff,4000,f,e,4e75,1d
2340,2340,0,400b7732,00dff09a,ffff,4000,f,e,4e75,1d
2341,2341,0,400b7732,00dff09a,ffff,4000,f,e,4e75,2d
2342,2342,0,400b7732,00dff09a,ffff,4000,f,e,4e75,1d
2343,2343,0,400b7732,00dff09a,ffff,4000,f,e,4e75,1d
2344,2344,0,400b7732,00dff09a,ffff,4000,f,e,4e75,2d
2345,2345,0,400b7732,00dff09a,ffff,4000,f,e,4e75,1d
2346,2346,0,400b7732,00dff09a,ffff,4000,f,e,4e75,1d
2347,2347,0,400b7732,00dff09a,ffff,4000,f,e,4e75,2d
2348,2348,0,400b7732,00dff09a,ffff,4000,f,e,4e75,1d
2349,2349,0,400b7732,00dff09a,ffff,4000,f,e,4e75,1d
2350,2350,0,400b7732,00dff09a,ffff,4000,f,e,4e75,2d
2351,2351,0,400b7732,00dff09a,ffff,4000,f,e,4e75,1d
2352,2352,0,400b7732,00dff09a,ffff,4000,f,e,4e75,1d
2353,2353,0,400b7732,00dff09a,ffff,4000,f,e,4e75,2d
2354,2354,0,400b7732,00dff09a,ffff,4000,f,e,4e75,1d
2355,2355,0,400b7732,00dff09a,ffff,4000,f,e,4e75,1d
2356,2356,0,400b7732,00dff09a,ffff,4000,f,e,4e75,2d
2357,2357,0,400b7732,00dff09a,ffff,4000,f,e,4e75,1d
2358,2358,0,400b7732,00dff09a,ffff,4000,f,e,4e75,1d
2359,2359,0,400b7732,00dff09a,ffff,4000,f,e,4e75,2d
2360,2360,0,400b7732,00dff09a,ffff,4000,f,e,4e75,1d
2361,2361,0,400b7732,00dff09a,ffff,4000,f,e,4e75,1d
2362,2362,0,400b7732,00dff09a,ffff,4000,f,e,4e75,2d
2363,2363,0,400b7732,00dff09a,ffff,4000,f,e,4e75,1d
2364,2364,0,400b7732,00dff09a,ffff,4000,f,e,4e75,1d
2365,2365,0,400b7732,00dff09a,ffff,4000,f,e,4e75,2d
2366,2366,0,400b7732,00dff09a,ffff,4000,f,e,4e75,1d
2367,2367,0,400b7732,00dff09a,ffff,4000,f,e,4e75,1d
2368,2368,0,400b7732,00dff09a,ffff,4000,f,e,4e75,2d
2369,2369,0,400b7732,00dff09a,ffff,4000,f,e,4e75,1d
2370,2370,0,400b7732,00dff09a,ffff,4000,f,e,4e75,1d
2371,2371,0,400b7732,00dff09a,ffff,4000,f,e,4e75,2d
2372,2372,0,400b7732,00dff09a,ffff,4000,f,e,4e75,1d
2373,2373,0,400b7732,00dff09a,ffff,4000,f,e,4e75,1d
2374,2374,0,400b7732,00dff09a,ffff,4000,f,e,4e75,2d
2375,2375,0,400b7732,00dff09a,ffff,4000,f,e,4e75,1d
2376,2376,0,400b7732,00dff09a,ffff,4000,f,e,4e75,1d
2377,2377,0,400b7732,00dff09a,ffff,4000,f,e,4e75,2d
2378,2378,0,400b7732,00dff09a,ffff,4000,f,e,4e75,1d
2379,2379,0,400b7732,00dff09a,ffff,4000,f,e,4e75,1d
2380,2380,0,400b7732,00dff09a,ffff,4000,f,e,4e75,2d
2381,2381,0,400b7732,00dff09a,ffff,4000,f,e,4e75,1d
2382,2382,0,400b7732,00dff09a,ffff,4000,f,e,4e75,1d
2383,2383,0,400b7732,00dff09a,ffff,4000,f,e,4e75,2d
2384,2384,0,400b7732,00dff09a,ffff,4000,f,e,4e75,1d
2385,2385,0,400b7732,00dff09a,ffff,4000,f,e,4e75,1d
2386,2386,0,400b7732,00dff09a,ffff,4000,f,e,4e75,2d
2387,2387,0,400b7732,00dff09a,ffff,4000,f,e,4e75,1d
2388,2388,0,400b7732,00dff09a,ffff,4000,f,e,4e75,1d
2389,2389,0,400b7732,00dff09a,ffff,4000,f,e,4e75,2d
2390,2390,0,400b7732,00dff09a,ffff,4000,f,e,4e75,1d
2391,2391,0,400b7732,00dff09a,ffff,4000,f,e,4e75,1d
2392,2392,0,400b7732,00dff09a,ffff,4000,f,e,4e75,2d
2393,2393,0,400b7732,00dff09a,ffff,4000,f,e,4e75,1d
2394,2394,0,400b7732,00dff09a,ffff,4000,f,e,4e75,1d
2395,2395,0,400b7732,00dff09a,ffff,4000,f,e,4e75,2d
2396,2396,0,400b7732,00dff09a,ffff,4000,f,e,4e75,1d
2397,2397,0,400b7732,00dff09a,ffff,4000,f,e,4e75,1d
2398,2398,0,400b7732,00dff09a,ffff,4000,f,e,4e75,2d
2399,2399,0,400b7732,00dff09a,ffff,4000,f,e,4e75,1d
2400,2400,0,400b7732,00dff09a,ffff,4000,f,e,4e75,1d
2401,2401,0,400b7732,00dff09a,ffff,4000,f,e,4e75,2d
2402,2402,0,400b7732,00dff09a,ffff,4000,f,e,4e75,1d
2403,2403,0,400b7732,00dff09a,ffff,4000,f,e,4e75,1d
2404,2404,0,400b7732,00dff09a,ffff,4000,f,e,4e75,2d
2405,2405,0,400b7732,00dff09a,ffff,4000,f,e,4e75,1d
2406,2406,0,400b7732,00dff09a,ffff,4000,f,e,4e75,1d
2407,2407,0,400b7732,00dff09a,ffff,4000,f,e,4e75,2d
2408,2408,0,400b7732,00dff09a,ffff,4000,f,e,4e75,1d
2409,2409,0,400b7732,00dff09a,ffff,4000,f,e,4e75,1d
2410,2410,0,400b7732,00dff09a,ffff,4000,f,e,4e75,2d
2411,2411,0,400b7732,00dff09a,ffff,4000,f,e,4e75,1d
2412,2412,0,400b7732,00dff09a,ffff,4000,f,e,4e75,1d
2413,2413,0,400b7732,00dff09a,ffff,4000,f,e,4e75,2d
2414,2414,0,400b7732,00dff09a,ffff,4000,f,e,4e75,1d
2415,2415,0,400b7732,00dff09a,ffff,4000,f,e,4e75,1d
2416,2416,0,400b7732,00dff09a,ffff,4000,f,e,4e75,2d
2417,2417,0,400b7732,00dff09a,ffff,4000,f,e,4e75,1d
2418,2418,0,400b7732,00dff09a,ffff,4000,f,e,4e75,1d
2419,2419,0,400b7732,00dff09a,ffff,4000,f,e,4e75,2d
2420,2420,0,400b7732,00dff09a,ffff,4000,f,e,4e75,1d
2421,2421,0,400b7732,00dff09a,ffff,4000,f,e,4e75,1d
2422,2422,0,400b7732,00dff09a,ffff,4000,f,e,4e75,2d
2423,2423,0,400b7732,00dff09a,ffff,4000,f,e,4e75,1d
2424,2424,0,400b7732,00dff09a,ffff,4000,f,e,4e75,1d
2425,2425,0,400b7732,00dff09a,ffff,4000,f,e,4e75,2d
2426,2426,0,400b7732,00dff09a,ffff,4000,f,e,4e75,1d
2427,2427,0,400b7732,00dff09a,ffff,4000,f,e,4e75,1d
2428,2428,0,400b7732,00dff09a,ffff,4000,f,e,4e75,2d
2429,2429,0,400b7732,00dff09a,ffff,4000,f,e,4e75,1d
2430,2430,0,400b7732,00dff09a,ffff,4000,f,e,4e75,1d
2431,2431,0,400b7732,00dff09a,ffff,4000,f,e,4e75,2d
2432,2432,0,400b7732,00dff09a,ffff,4000,f,e,4e75,1d
2433,2433,0,400b7732,00dff09a,ffff,4000,f,e,4e75,1d
2434,2434,0,400b7732,00dff09a,ffff,4000,f,e,4e75,2d
2435,2435,0,400b7732,00dff09a,ffff,4000,f,e,4e75,1d
2436,2436,0,400b7732,00dff09a,ffff,4000,f,e,4e75,1d
2437,2437,0,400b7732,00dff09a,ffff,4000,f,e,4e75,2d
2438,2438,0,400b7732,00dff09a,ffff,4000,f,e,4e75,1d
2439,2439,0,400b7732,00dff09a,ffff,4000,f,e,4e75,1d
2440,2440,0,400b7732,00dff09a,ffff,4000,f,e,4e75,2d
2441,2441,0,400b7732,00dff09a,ffff,4000,f,e,4e75,1d
2442,2442,0,400b7732,00dff09a,ffff,4000,f,e,4e75,1d
2443,2443,0,400b7732,00dff09a,ffff,4000,f,e,4e75,2d
2444,2444,0,400b7732,00dff09a,ffff,4000,f,e,4e75,1d
2445,2445,0,400b7732,00dff09a,ffff,4000,f,e,4e75,1d
2446,2446,0,400b7732,00dff09a,ffff,4000,f,e,4e75,2d
2447,2447,0,400b7732,00dff09a,ffff,4000,f,e,4e75,1d
2448,2448,0,400b7732,00dff09a,ffff,4000,f,e,4e75,1d
2449,2449,0,400b7732,00dff09a,ffff,4000,f,e,4e75,2d
2450,2450,0,400b7732,00dff09a,ffff,4000,f,e,4e75,1d
2451,2451,0,400b7732,00dff09a,ffff,4000,f,e,4e75,1d
2452,2452,0,400b7732,00dff09a,ffff,4000,f,e,4e75,2d
2453,2453,0,400b7732,00dff09a,ffff,4000,f,e,4e75,1d
2454,2454,0,400b7732,00dff09a,ffff,4000,f,e,4e75,1d
2455,2455,0,400b7732,00dff09a,ffff,4000,f,e,4e75,2d
2456,2456,0,400b7732,00dff09a,ffff,4000,f,e,4e75,1d
2457,2457,0,400b7732,00dff09a,ffff,4000,f,e,4e75,1d
2458,2458,0,400b7732,00dff09a,ffff,4000,f,e,4e75,2d
2459,2459,0,400b7732,00dff09a,ffff,4000,f,e,4e75,1d
2460,2460,0,400b7732,00dff09a,ffff,4000,f,e,4e75,1d
2461,2461,0,400b7732,00dff09a,ffff,4000,f,e,4e75,2d
2462,2462,0,400b7732,00dff09a,ffff,4000,f,e,4e75,1d
2463,2463,0,400b7732,00dff09a,ffff,4000,f,e,4e75,1d
2464,2464,0,400b7732,00dff09a,ffff,4000,f,e,4e75,2d
2465,2465,0,400b7732,00dff09a,ffff,4000,f,e,4e75,1d
2466,2466,0,400b7732,00dff09a,ffff,4000,f,e,4e75,1d
2467,2467,0,400b7732,00dff09a,ffff,4000,f,e,4e75,2d
2468,2468,0,400b7732,00dff09a,ffff,4000,f,e,4e75,1d
2469,2469,0,400b7732,00dff09a,ffff,4000,f,e,4e75,1d
2470,2470,0,400b7732,00dff09a,ffff,4000,f,e,4e75,2d
2471,2471,0,400b7732,00dff09a,ffff,4000,f,e,4e75,1d
2472,2472,0,400b7732,00dff09a,ffff,4000,f,e,4e75,1d
2473,2473,0,400b7732,00dff09a,ffff,4000,f,e,4e75,2d
2474,2474,0,400b7732,00dff09a,ffff,4000,f,e,4e75,1d
2475,2475,0,400b7732,00dff09a,ffff,4000,f,e,4e75,1d
2476,2476,0,400b7732,00dff09a,ffff,4000,f,e,4e75,2d
2477,2477,0,400b7732,00dff09a,ffff,4000,f,e,4e75,1d
2478,2478,0,400b7732,00dff09a,ffff,4000,f,e,4e75,1d
2479,2479,0,400b7732,00dff09a,ffff,4000,f,e,4e75,2d
2480,2480,0,400b7732,00dff09a,ffff,4000,f,e,4e75,1d
2481,2481,0,400b7732,00dff09a,ffff,4000,f,e,4e75,1d
2482,2482,0,400b7732,00dff09a,ffff,4000,f,e,4e75,2d
2483,2483,0,400b7732,00dff09a,ffff,4000,f,e,4e75,1d
2484,2484,0,400b7732,00dff09a,ffff,4000,f,e,4e75,1d
2485,2485,0,400b7732,00dff09a,ffff,4000,f,e,4e75,2d
2486,2486,0,400b7732,00dff09a,ffff,4000,f,e,4e75,1d
2487,2487,0,400b7732,00dff09a,ffff,4000,f,e,4e75,1d
2488,2488,0,400b7732,00dff09a,ffff,4000,f,e,4e75,2d
2489,2489,0,400b7732,00dff09a,ffff,4000,f,e,4e75,1d
2490,2490,0,400b7732,00dff09a,ffff,4000,f,e,4e75,1d
2491,2491,0,400b7732,00dff09a,ffff,4000,f,e,4e75,2d
2492,2492,0,400b7732,00dff09a,ffff,4000,f,e,4e75,1d
2493,2493,0,400b7732,00dff09a,ffff,4000,f,e,4e75,1d
2494,2494,0,400b7732,00dff09a,ffff,4000,f,e,4e75,2d
2495,2495,0,400b7732,00dff09a,ffff,4000,f,e,4e75,1d
2496,2496,0,400b7732,00dff09a,ffff,4000,f,e,4e75,1d
2497,2497,0,400b7732,00dff09a,ffff,4000,f,e,4e75,2d
2498,2498,0,400b7732,00dff09a,ffff,4000,f,e,4e75,1d
2499,2499,0,400b7732,00dff09a,ffff,4000,f,e,4e75,1d
2500,2500,0,400b7732,00dff09a,ffff,4000,f,e,4e75,2d
2501,2501,0,400b7732,00dff09a,ffff,4000,f,e,4e75,1d
2502,2502,0,400b7732,00dff09a,ffff,4000,f,e,4e75,1d
2503,2503,0,400b7732,00dff09a,ffff,4000,f,e,4e75,2d
2504,2504,0,400b7732,00dff09a,ffff,4000,f,e,4e75,1d
2505,2505,0,400b7732,00dff09a,ffff,4000,f,e,4e75,1d
2506,2506,0,400b7732,00dff09a,ffff,4000,f,e,4e75,2d
2507,2507,0,400b7732,00dff09a,ffff,4000,f,e,4e75,1d
2508,2508,0,400b7732,00dff09a,ffff,4000,f,e,4e75,1d
2509,2509,0,400b7732,00dff09a,ffff,4000,f,e,4e75,2d
2510,2510,0,400b7732,00dff09a,ffff,4000,f,e,4e75,1d
2511,2511,0,400b7732,00dff09a,ffff,4000,f,e,4e75,1d
2512,2512,0,400b7732,00dff09a,ffff,4000,f,e,4e75,2d
2513,2513,0,400b7732,00dff09a,ffff,4000,f,e,4e75,1d
2514,2514,0,400b7732,00dff09a,ffff,4000,f,e,4e75,1d
2515,2515,0,400b7732,00dff09a,ffff,4000,f,e,4e75,2d
2516,2516,0,400b7732,00dff09a,ffff,4000,f,e,4e75,1d
2517,2517,0,400b7732,00dff09a,ffff,4000,f,e,4e75,1d
2518,2518,0,400b7732,00dff09a,ffff,4000,f,e,4e75,2d
2519,2519,0,400b7732,00dff09a,ffff,4000,f,e,4e75,1d
2520,2520,0,400b7732,00dff09a,ffff,4000,f,e,4e75,1d
2521,2521,0,400b7732,00dff09a,ffff,4000,f,e,4e75,2d
2522,2522,0,400b7732,00dff09a,ffff,4000,f,e,4e75,1d
2523,2523,0,400b7732,00dff09a,ffff,4000,f,e,4e75,1d
2524,2524,0,400b7732,00dff09a,ffff,4000,f,e,4e75,2d
2525,2525,0,400b7732,00dff09a,ffff,4000,f,e,4e75,1d
2526,2526,0,400b7732,00dff09a,ffff,4000,f,e,4e75,1d
2527,2527,0,400b7732,00dff09a,ffff,4000,f,e,4e75,2d
2528,2528,0,400b7732,00dff09a,ffff,4000,f,e,4e75,1d
2529,2529,0,400b7732,00dff09a,ffff,4000,f,e,4e75,1d
2530,2530,0,400b7732,00dff09a,ffff,4000,f,e,4e75,2d
2531,2531,0,400b7732,00dff09a,ffff,4000,f,e,4e75,1d
2532,2532,0,400b7732,00dff09a,ffff,4000,f,e,4e75,1d
2533,2533,0,400b7732,00dff09a,ffff,4000,f,e,4e75,2d
2534,2534,0,400b7732,00dff09a,ffff,4000,f,e,4e75,1d
2535,2535,0,400b7732,00dff09a,ffff,4000,f,e,4e75,1d
2536,2536,0,400b7732,00dff09a,ffff,4000,f,e,4e75,2d
2537,2537,0,400b7732,00dff09a,ffff,4000,f,e,4e75,1d
2538,2538,0,400b7732,00dff09a,ffff,4000,f,e,4e75,1d
2539,2539,0,400b7732,00dff09a,ffff,4000,f,e,4e75,2d
2540,2540,0,400b7732,00dff09a,ffff,4000,f,e,4e75,1d
2541,2541,0,400b7732,00dff09a,ffff,4000,f,e,4e75,1d
2542,2542,0,400b7732,00dff09a,ffff,4000,f,e,4e75,2d
2543,2543,0,400b7732,00dff09a,ffff,4000,f,e,4e75,1d
2544,2544,0,400b7732,00dff09a,ffff,4000,f,e,4e75,1d
2545,2545,0,400b7732,00dff09a,ffff,4000,f,e,4e75,2d
2546,2546,0,400b7732,00dff09a,ffff,4000,f,e,4e75,1d
2547,2547,0,400b7732,00dff09a,ffff,4000,f,e,4e75,1d
2548,2548,0,400b7732,00dff09a,ffff,4000,f,e,4e75,2d
2549,2549,0,400b7732,00dff09a,ffff,4000,f,e,4e75,1d
2550,2550,0,400b7732,00dff09a,ffff,4000,f,e,4e75,1d
2551,2551,0,400b7732,00dff09a,ffff,4000,f,e,4e75,2d
2552,2552,0,400b7732,00dff09a,ffff,4000,f,e,4e75,1d
2553,2553,0,400b7732,00dff09a,ffff,4000,f,e,4e75,1d
2554,2554,0,400b7732,00dff09a,ffff,4000,f,e,4e75,2d
2555,2555,0,400b7732,00dff09a,ffff,4000,f,e,4e75,1d
2556,2556,0,400b7732,00dff09a,ffff,4000,f,e,4e75,1d
2557,2557,0,400b7732,00dff09a,ffff,4000,f,e,4e75,2d
2558,2558,0,400b7732,00dff09a,ffff,4000,f,e,4e75,1d
2559,2559,0,400b7732,00dff09a,ffff,4000,f,e,4e75,1d
2560,2560,0,400b7732,00dff09a,ffff,4000,f,e,4e75,2d
2561,2561,0,400b7732,00dff09a,ffff,4000,f,e,4e75,1d
2562,2562,0,400b7732,00dff09a,ffff,4000,f,e,4e75,1d
2563,2563,0,400b7732,00dff09a,ffff,4000,f,e,4e75,2d
2564,2564,0,400b7732,00dff09a,ffff,4000,f,e,4e75,1d
2565,2565,0,400b7732,00dff09a,ffff,4000,f,e,4e75,1d
2566,2566,0,400b7732,00dff09a,ffff,4000,f,e,4e75,2d
2567,2567,0,400b7732,00dff09a,ffff,4000,f,e,4e75,1d
2568,2568,0,400b7732,00dff09a,ffff,4000,f,e,4e75,1d
2569,2569,0,400b7732,00dff09a,ffff,4000,f,e,4e75,2d
2570,2570,0,400b7732,00dff09a,ffff,4000,f,e,4e75,1d
2571,2571,0,400b7732,00dff09a,ffff,4000,f,e,4e75,1d
2572,2572,0,400b7732,00dff09a,ffff,4000,f,e,4e75,2d
2573,2573,0,400b7732,00dff09a,ffff,4000,f,e,4e75,1d
2574,2574,0,400b7732,00dff09a,ffff,4000,f,e,4e75,1d
2575,2575,0,400b7732,00dff09a,ffff,4000,f,e,4e75,2d
2576,2576,0,400b7732,00dff09a,ffff,4000,f,e,4e75,1d
2577,2577,0,400b7732,00dff09a,ffff,4000,f,e,4e75,1d
2578,2578,0,400b7732,00dff09a,ffff,4000,f,e,4e75,2d
2579,2579,0,400b7732,00dff09a,ffff,4000,f,e,4e75,1d
2580,2580,0,400b7732,00dff09a,ffff,4000,f,e,4e75,1d
2581,2581,0,400b7732,00dff09a,ffff,4000,f,e,4e75,2d
2582,2582,0,400b7732,00dff09a,ffff,4000,f,e,4e75,1d
2583,2583,0,400b7732,00dff09a,ffff,4000,f,e,4e75,1d
2584,2584,0,400b7732,00dff09a,ffff,4000,f,e,4e75,2d
2585,2585,0,400b7732,00dff09a,ffff,4000,f,e,4e75,1d
2586,2586,0,400b7732,00dff09a,ffff,4000,f,e,4e75,1d
2587,2587,0,400b7732,00dff09a,ffff,4000,f,e,4e75,2d
2588,2588,0,400b7732,00dff09a,ffff,4000,f,e,4e75,1d
2589,2589,0,400b7732,00dff09a,ffff,4000,f,e,4e75,1d
2590,2590,0,400b7732,00dff09a,ffff,4000,f,e,4e75,2d
2591,2591,0,400b7732,00dff09a,ffff,4000,f,e,4e75,1d
2592,2592,0,400b7732,00dff09a,ffff,4000,f,e,4e75,1d
2593,2593,0,400b7732,00dff09a,ffff,4000,f,e,4e75,2d
2594,2594,0,400b7732,00dff09a,ffff,4000,f,e,4e75,1d
2595,2595,0,400b7732,00dff09a,ffff,4000,f,e,4e75,1d
2596,2596,0,400b7732,00dff09a,ffff,4000,f,e,4e75,2d
2597,2597,0,400b7732,00dff09a,ffff,4000,f,e,4e75,1d
2598,2598,0,400b7732,00dff09a,ffff,4000,f,e,4e75,1d
2599,2599,0,400b7732,00dff09a,ffff,4000,f,e,4e75,2d
2600,2600,0,400b7732,00dff09a,ffff,4000,f,e,4e75,1d
2601,2601,0,400b7732,00dff09a,ffff,4000,f,e,4e75,1d
2602,2602,0,400b7732,00dff09a,ffff,4000,f,e,4e75,2d
2603,2603,0,400b7732,00dff09a,ffff,4000,f,e,4e75,1d
2604,2604,0,400b7732,00dff09a,ffff,4000,f,e,4e75,1d
2605,2605,0,400b7732,00dff09a,ffff,4000,f,e,4e75,2d
2606,2606,0,400b7732,00dff09a,ffff,4000,f,e,4e75,1d
2607,2607,0,400b7732,00dff09a,ffff,4000,f,e,4e75,1d
2608,2608,0,400b7732,00dff09a,ffff,4000,f,e,4e75,2d
2609,2609,0,400b7732,00dff09a,ffff,4000,f,e,4e75,1d
2610,2610,0,400b7732,00dff09a,ffff,4000,f,e,4e75,1d
2611,2611,0,400b7732,00dff09a,ffff,4000,f,e,4e75,2d
2612,2612,0,400b7732,00dff09a,ffff,4000,f,e,4e75,1d
2613,2613,0,400b7732,00dff09a,ffff,4000,f,e,4e75,1d
2614,2614,0,400b7732,00dff09a,ffff,4000,f,e,4e75,2d
2615,2615,0,400b7732,00dff09a,ffff,4000,f,e,4e75,1d
2616,2616,0,400b7732,00dff09a,ffff,4000,f,e,4e75,1d
2617,2617,0,400b7732,00dff09a,ffff,4000,f,e,4e75,2d
2618,2618,0,400b7732,00dff09a,ffff,4000,f,e,4e75,1d
2619,2619,0,400b7732,00dff09a,ffff,4000,f,e,4e75,1d
2620,2620,0,400b7732,00dff09a,ffff,4000,f,e,4e75,2d
2621,2621,0,400b7732,00dff09a,ffff,4000,f,e,4e75,1d
2622,2622,0,400b7732,00dff09a,ffff,4000,f,e,4e75,1d
2623,2623,0,400b7732,00dff09a,ffff,4000,f,e,4e75,2d
2624,2624,0,400b7732,00dff09a,ffff,4000,f,e,4e75,1d
2625,2625,0,400b7732,00dff09a,ffff,4000,f,e,4e75,1d
2626,2626,0,400b7732,00dff09a,ffff,4000,f,e,4e75,2d
2627,2627,0,400b7732,00dff09a,ffff,4000,f,e,4e75,1d
2628,2628,0,400b7732,00dff09a,ffff,4000,f,e,4e75,1d
2629,2629,0,400b7732,00dff09a,ffff,4000,f,e,4e75,2d
2630,2630,0,400b7732,00dff09a,ffff,4000,f,e,4e75,1d
2631,2631,0,400b7732,00dff09a,ffff,4000,f,e,4e75,1d
2632,2632,0,400b7732,00dff09a,ffff,4000,f,e,4e75,2d
2633,2633,0,400b7732,00dff09a,ffff,4000,f,e,4e75,1d
2634,2634,0,400b7732,00dff09a,ffff,4000,f,e,4e75,1d
2635,2635,0,400b7732,00dff09a,ffff,4000,f,e,4e75,2d
2636,2636,0,400b7732,00dff09a,ffff,4000,f,e,4e75,1d
2637,2637,0,400b7732,00dff09a,ffff,4000,f,e,4e75,1d
2638,2638,0,400b7732,00dff09a,ffff,4000,f,e,4e75,2d
2639,2639,0,400b7732,00dff09a,ffff,4000,f,e,4e75,1d
2640,2640,0,400b7732,00dff09a,ffff,4000,f,e,4e75,1d
2641,2641,0,400b7732,00dff09a,ffff,4000,f,e,4e75,2d
2642,2642,0,400b7732,00dff09a,ffff,4000,f,e,4e75,1d
2643,2643,0,400b7732,00dff09a,ffff,4000,f,e,4e75,1d
2644,2644,0,400b7732,00dff09a,ffff,4000,f,e,4e75,2d
2645,2645,0,400b7732,00dff09a,ffff,4000,f,e,4e75,1d
2646,2646,0,400b7732,00dff09a,ffff,4000,f,e,4e75,1d
2647,2647,0,400b7732,00dff09a,ffff,4000,f,e,4e75,2d
2648,2648,0,400b7732,00dff09a,ffff,4000,f,e,4e75,1d
2649,2649,0,400b7732,00dff09a,ffff,4000,f,e,4e75,1d
2650,2650,0,400b7732,00dff09a,ffff,4000,f,e,4e75,2d
2651,2651,0,400b7732,00dff09a,ffff,4000,f,e,4e75,1d
2652,2652,0,400b7732,00dff09a,ffff,4000,f,e,4e75,1d
2653,2653,0,400b7732,00dff09a,ffff,4000,f,e,4e75,2d
2654,2654,0,400b7732,00dff09a,ffff,4000,f,e,4e75,1d
2655,2655,0,400b7732,00dff09a,ffff,4000,f,e,4e75,1d
2656,2656,0,400b7732,00dff09a,ffff,4000,f,e,4e75,2d
2657,2657,0,400b7732,00dff09a,ffff,4000,f,e,4e75,1d
2658,2658,0,400b7732,00dff09a,ffff,4000,f,e,4e75,1d
2659,2659,0,400b7732,00dff09a,ffff,4000,f,e,4e75,2d
2660,2660,0,400b7732,00dff09a,ffff,4000,f,e,4e75,1d
2661,2661,0,400b7732,00dff09a,ffff,4000,f,e,4e75,1d
2662,2662,0,400b7732,00dff09a,ffff,4000,f,e,4e75,2d
2663,2663,0,400b7732,00dff09a,ffff,4000,f,e,4e75,1d
2664,2664,0,400b7732,00dff09a,ffff,4000,f,e,4e75,1d
2665,2665,0,400b7732,00dff09a,ffff,4000,f,e,4e75,2d
2666,2666,0,400b7732,00dff09a,ffff,4000,f,e,4e75,1d
2667,2667,0,400b7732,00dff09a,ffff,4000,f,e,4e75,1d
2668,2668,0,400b7732,00dff09a,ffff,4000,f,e,4e75,2d
2669,2669,0,400b7732,00dff09a,ffff,4000,f,e,4e75,1d
2670,2670,0,400b7732,00dff09a,ffff,4000,f,e,4e75,1d
2671,2671,0,400b7732,00dff09a,ffff,4000,f,e,4e75,2d
2672,2672,0,400b7732,00dff09a,ffff,4000,f,e,4e75,1d
2673,2673,0,400b7732,00dff09a,ffff,4000,f,e,4e75,1d
2674,2674,0,400b7732,00dff09a,ffff,4000,f,e,4e75,2d
2675,2675,0,400b7732,00dff09a,ffff,4000,f,e,4e75,1d
2676,2676,0,400b7732,00dff09a,ffff,4000,f,e,4e75,1d
2677,2677,0,400b7732,00dff09a,ffff,4000,f,e,4e75,2d
2678,2678,0,400b7732,00dff09a,ffff,4000,f,e,4e75,1d
2679,2679,0,400b7732,00dff09a,ffff,4000,f,e,4e75,1d
2680,2680,0,400b7732,00dff09a,ffff,4000,f,e,4e75,2d
2681,2681,0,400b7732,00dff09a,ffff,4000,f,e,4e75,1d
2682,2682,0,400b7732,00dff09a,ffff,4000,f,e,4e75,1d
2683,2683,0,400b7732,00dff09a,ffff,4000,f,e,4e75,2d
2684,2684,0,400b7732,00dff09a,ffff,4000,f,e,4e75,1d
2685,2685,0,400b7732,00dff09a,ffff,4000,f,e,4e75,1d
2686,2686,0,400b7732,00dff09a,ffff,4000,f,e,4e75,2d
2687,2687,0,400b7732,00dff09a,ffff,4000,f,e,4e75,1d
2688,2688,0,400b7732,00dff09a,ffff,4000,f,e,4e75,1d
2689,2689,0,400b7732,00dff09a,ffff,4000,f,e,4e75,2d
2690,2690,0,400b7732,00dff09a,ffff,4000,f,e,4e75,1d
2691,2691,0,400b7732,00dff09a,ffff,4000,f,e,4e75,1d
2692,2692,0,400b7732,00dff09a,ffff,4000,f,e,4e75,2d
2693,2693,0,400b7732,00dff09a,ffff,4000,f,e,4e75,1d
2694,2694,0,400b7732,00dff09a,ffff,4000,f,e,4e75,1d
2695,2695,0,400b7732,00dff09a,ffff,4000,f,e,4e75,2d
2696,2696,0,400b7732,00dff09a,ffff,4000,f,e,4e75,1d
2697,2697,0,400b7732,00dff09a,ffff,4000,f,e,4e75,1d
2698,2698,0,400b7732,00dff09a,ffff,4000,f,e,4e75,2d
2699,2699,0,400b7732,00dff09a,ffff,4000,f,e,4e75,1d
2700,2700,0,400b7732,00dff09a,ffff,4000,f,e,4e75,1d
2701,2701,0,400b7732,00dff09a,ffff,4000,f,e,4e75,2d
2702,2702,0,400b7732,00dff09a,ffff,4000,f,e,4e75,1d
2703,2703,0,400b7732,00dff09a,ffff,4000,f,e,4e75,1d
2704,2704,0,400b7732,00dff09a,ffff,4000,f,e,4e75,2d
2705,2705,0,400b7732,00dff09a,ffff,4000,f,e,4e75,1d
2706,2706,0,400b7732,00dff09a,ffff,4000,f,e,4e75,1d
2707,2707,0,400b7732,00dff09a,ffff,4000,f,e,4e75,2d
2708,2708,0,400b7732,00dff09a,ffff,4000,f,e,4e75,1d
2709,2709,0,400b7732,00dff09a,ffff,4000,f,e,4e75,1d
2710,2710,0,400b7732,00dff09a,ffff,4000,f,e,4e75,2d
2711,2711,0,400b7732,00dff09a,ffff,4000,f,e,4e75,1d
2712,2712,0,400b7732,00dff09a,ffff,4000,f,e,4e75,1d
2713,2713,0,400b7732,00dff09a,ffff,4000,f,e,4e75,2d
2714,2714,0,400b7732,00dff09a,ffff,4000,f,e,4e75,1d
2715,2715,0,400b7732,00dff09a,ffff,4000,f,e,4e75,1d
2716,2716,0,400b7732,00dff09a,ffff,4000,f,e,4e75,2d
2717,2717,0,400b7732,00dff09a,ffff,4000,f,e,4e75,1d
2718,2718,0,400b7732,00dff09a,ffff,4000,f,e,4e75,1d
2719,2719,0,400b7732,00dff09a,ffff,4000,f,e,4e75,2d
2720,2720,0,400b7732,00dff09a,ffff,4000,f,e,4e75,1d
2721,2721,0,400b7732,00dff09a,ffff,4000,f,e,4e75,1d
2722,2722,0,400b7732,00dff09a,ffff,4000,f,e,4e75,2d
2723,2723,0,400b7732,00dff09a,ffff,4000,f,e,4e75,1d
2724,2724,0,400b7732,00dff09a,ffff,4000,f,e,4e75,1d
2725,2725,0,400b7732,00dff09a,ffff,4000,f,e,4e75,2d
2726,2726,0,400b7732,00dff09a,ffff,4000,f,e,4e75,1d
2727,2727,0,400b7732,00dff09a,ffff,4000,f,e,4e75,1d
2728,2728,0,400b7732,00dff09a,ffff,4000,f,e,4e75,2d
2729,2729,0,400b7732,00dff09a,ffff,4000,f,e,4e75,1d
2730,2730,0,400b7732,00dff09a,ffff,4000,f,e,4e75,1d
2731,2731,0,400b7732,00dff09a,ffff,4000,f,e,4e75,2d
2732,2732,0,400b7732,00dff09a,ffff,4000,f,e,4e75,1d
2733,2733,0,400b7732,00dff09a,ffff,4000,f,e,4e75,1d
2734,2734,0,400b7732,00dff09a,ffff,4000,f,e,4e75,2d
2735,2735,0,400b7732,00dff09a,ffff,4000,f,e,4e75,1d
2736,2736,0,400b7732,00dff09a,ffff,4000,f,e,4e75,1d
2737,2737,0,400b7732,00dff09a,ffff,4000,f,e,4e75,2d
2738,2738,0,400b7732,00dff09a,ffff,4000,f,e,4e75,1d
2739,2739,0,400b7732,00dff09a,ffff,4000,f,e,4e75,1d
2740,2740,0,400b7732,00dff09a,ffff,4000,f,e,4e75,2d
2741,2741,0,400b7732,00dff09a,ffff,4000,f,e,4e75,1d
2742,2742,0,400b7732,00dff09a,ffff,4000,f,e,4e75,1d
2743,2743,0,400b7732,00dff09a,ffff,4000,f,e,4e75,2d
2744,2744,0,400b7732,00dff09a,ffff,4000,f,e,4e75,1d
2745,2745,0,400b7732,00dff09a,ffff,4000,f,e,4e75,1d
2746,2746,0,400b7732,00dff09a,ffff,4000,f,e,4e75,2d
2747,2747,0,400b7732,00dff09a,ffff,4000,f,e,4e75,1d
2748,2748,0,400b7732,00dff09a,ffff,4000,f,e,4e75,1d
2749,2749,0,400b7732,00dff09a,ffff,4000,f,e,4e75,2d
2750,2750,0,400b7732,00dff09a,ffff,4000,f,e,4e75,1d
2751,2751,0,400b7732,00dff09a,ffff,4000,f,e,4e75,1d
2752,2752,0,400b7732,00dff09a,ffff,4000,f,e,4e75,2d
2753,2753,0,400b7732,00dff09a,ffff,4000,f,e,4e75,1d
2754,2754,0,400b7732,00dff09a,ffff,4000,f,e,4e75,1d
2755,2755,0,400b7732,00dff09a,ffff,4000,f,e,4e75,2d
2756,2756,0,400b7732,00dff09a,ffff,4000,f,e,4e75,1d
2757,2757,0,400b7732,00dff09a,ffff,4000,f,e,4e75,1d
2758,2758,0,400b7732,00dff09a,ffff,4000,f,e,4e75,2d
2759,2759,0,400b7732,00dff09a,ffff,4000,f,e,4e75,1d
2760,2760,0,400b7732,00dff09a,ffff,4000,f,e,4e75,1d
2761,2761,0,400b7732,00dff09a,ffff,4000,f,e,4e75,2d
2762,2762,0,400b7732,00dff09a,ffff,4000,f,e,4e75,1d
2763,2763,0,400b7732,00dff09a,ffff,4000,f,e,4e75,1d
2764,2764,0,400b7732,00dff09a,ffff,4000,f,e,4e75,2d
2765,2765,0,400b7732,00dff09a,ffff,4000,f,e,4e75,1d
2766,2766,0,400b7732,00dff09a,ffff,4000,f,e,4e75,1d
2767,2767,0,400b7732,00dff09a,ffff,4000,f,e,4e75,2d
2768,2768,0,400b7732,00dff09a,ffff,4000,f,e,4e75,1d
2769,2769,0,400b7732,00dff09a,ffff,4000,f,e,4e75,1d
2770,2770,0,400b7732,00dff09a,ffff,4000,f,e,4e75,2d
2771,2771,0,400b7732,00dff09a,ffff,4000,f,e,4e75,1d
2772,2772,0,400b7732,00dff09a,ffff,4000,f,e,4e75,1d
2773,2773,0,400b7732,00dff09a,ffff,4000,f,e,4e75,2d
2774,2774,0,400b7732,00dff09a,ffff,4000,f,e,4e75,1d
2775,2775,0,400b7732,00dff09a,ffff,4000,f,e,4e75,1d
2776,2776,0,400b7732,00dff09a,ffff,4000,f,e,4e75,2d
2777,2777,0,400b7732,00dff09a,ffff,4000,f,e,4e75,1d
2778,2778,0,400b7732,00dff09a,ffff,4000,f,e,4e75,1d
2779,2779,0,400b7732,00dff09a,ffff,4000,f,e,4e75,2d
2780,2780,0,400b7732,00dff09a,ffff,4000,f,e,4e75,1d
2781,2781,0,400b7732,00dff09a,ffff,4000,f,e,4e75,1d
2782,2782,0,400b7732,00dff09a,ffff,4000,f,e,4e75,2d
2783,2783,0,400b7732,00dff09a,ffff,4000,f,e,4e75,1d
2784,2784,0,400b7732,00dff09a,ffff,4000,f,e,4e75,1d
2785,2785,0,400b7732,00dff09a,ffff,4000,f,e,4e75,2d
2786,2786,0,400b7732,00dff09a,ffff,4000,f,e,4e75,1d
2787,2787,0,400b7732,00dff09a,ffff,4000,f,e,4e75,1d
2788,2788,0,400b7732,00dff09a,ffff,4000,f,e,4e75,2d
2789,2789,0,400b7732,00dff09a,ffff,4000,f,e,4e75,1d
2790,2790,0,400b7732,00dff09a,ffff,4000,f,e,4e75,1d
2791,2791,0,400b7732,00dff09a,ffff,4000,f,e,4e75,2d
2792,2792,0,400b7732,00dff09a,ffff,4000,f,e,4e75,1d
2793,2793,0,400b7732,00dff09a,ffff,4000,f,e,4e75,1d
2794,2794,0,400b7732,00dff09a,ffff,4000,f,e,4e75,2d
2795,2795,0,400b7732,00dff09a,ffff,4000,f,e,4e75,1d
2796,2796,0,400b7732,00dff09a,ffff,4000,f,e,4e75,1d
2797,2797,0,400b7732,00dff09a,ffff,4000,f,e,4e75,2d
2798,2798,0,400b7732,00dff09a,ffff,4000,f,e,4e75,1d
2799,2799,0,400b7732,00dff09a,ffff,4000,f,e,4e75,1d
2800,2800,0,400b7732,00dff09a,ffff,4000,f,e,4e75,2d
2801,2801,0,400b7732,00dff09a,ffff,4000,f,e,4e75,1d
2802,2802,0,400b7732,00dff09a,ffff,4000,f,e,4e75,1d
2803,2803,0,400b7732,00dff09a,ffff,4000,f,e,4e75,2d
2804,2804,0,400b7732,00dff09a,ffff,4000,f,e,4e75,1d
2805,2805,0,400b7732,00dff09a,ffff,4000,f,e,4e75,1d
2806,2806,0,400b7732,00dff09a,ffff,4000,f,e,4e75,2d
2807,2807,0,400b7732,00dff09a,ffff,4000,f,e,4e75,1d
2808,2808,0,400b7732,00dff09a,ffff,4000,f,e,4e75,1d
2809,2809,0,400b7732,00dff09a,ffff,4000,f,e,4e75,2d
2810,2810,0,400b7732,00dff09a,ffff,4000,f,e,4e75,1d
2811,2811,0,400b7732,00dff09a,ffff,4000,f,e,4e75,1d
2812,2812,0,400b7732,00dff09a,ffff,4000,f,e,4e75,2d
2813,2813,0,400b7732,00dff09a,ffff,4000,f,e,4e75,1d
2814,2814,0,400b7732,00dff09a,ffff,4000,f,e,4e75,1d
2815,2815,0,400b7732,00dff09a,ffff,4000,f,e,4e75,2d
2816,2816,0,400b7732,00dff09a,ffff,4000,f,e,4e75,1d
2817,2817,0,400b7732,00dff09a,ffff,4000,f,e,4e75,1d
2818,2818,0,400b7732,00dff09a,ffff,4000,f,e,4e75,2d
2819,2819,0,400b7732,00dff09a,ffff,4000,f,e,4e75,1d
2820,2820,0,400b7732,00dff09a,ffff,4000,f,e,4e75,1d
2821,2821,0,400b7732,00dff09a,ffff,4000,f,e,4e75,2d
2822,2822,0,400b7732,00dff09a,ffff,4000,f,e,4e75,1d
2823,2823,0,400b7732,00dff09a,ffff,4000,f,e,4e75,1d
2824,2824,0,400b7732,00dff09a,ffff,4000,f,e,4e75,2d
2825,2825,0,400b7732,00dff09a,ffff,4000,f,e,4e75,1d
2826,2826,0,400b7732,00dff09a,ffff,4000,f,e,4e75,1d
2827,2827,0,400b7732,00dff09a,ffff,4000,f,e,4e75,2d
2828,2828,0,400b7732,00dff09a,ffff,4000,f,e,4e75,1d
2829,2829,0,400b7732,00dff09a,ffff,4000,f,e,4e75,1d
2830,2830,0,400b7732,00dff09a,ffff,4000,f,e,4e75,2d
2831,2831,0,400b7732,00dff09a,ffff,4000,f,e,4e75,1d
2832,2832,0,400b7732,00dff09a,ffff,4000,f,e,4e75,1d
2833,2833,0,400b7732,00dff09a,ffff,4000,f,e,4e75,2d
2834,2834,0,400b7732,00dff09a,ffff,4000,f,e,4e75,1d
2835,2835,0,400b7732,00dff09a,ffff,4000,f,e,4e75,1d
2836,2836,0,400b7732,00dff09a,ffff,4000,f,e,4e75,2d
2837,2837,0,400b7732,00dff09a,ffff,4000,f,e,4e75,1d
2838,2838,0,400b7732,00dff09a,ffff,4000,f,e,4e75,1d
2839,2839,0,400b7732,00dff09a,ffff,4000,f,e,4e75,2d
2840,2840,0,400b7732,00dff09a,ffff,4000,f,e,4e75,1d
2841,2841,0,400b7732,00dff09a,ffff,4000,f,e,4e75,1d
2842,2842,0,400b7732,00dff09a,ffff,4000,f,e,4e75,2d
2843,2843,0,400b7732,00dff09a,ffff,4000,f,e,4e75,1d
2844,2844,0,400b7732,00dff09a,ffff,4000,f,e,4e75,1d
2845,2845,0,400b7732,00dff09a,ffff,4000,f,e,4e75,2d
2846,2846,0,400b7732,00dff09a,ffff,4000,f,e,4e75,1d
2847,2847,0,400b7732,00dff09a,ffff,4000,f,e,4e75,1d
2848,2848,0,400b7732,00dff09a,ffff,4000,f,e,4e75,2d
2849,2849,0,400b7732,00dff09a,ffff,4000,f,e,4e75,1d
2850,2850,0,400b7732,00dff09a,ffff,4000,f,e,4e75,1d
2851,2851,0,400b7732,00dff09a,ffff,4000,f,e,4e75,2d
2852,2852,0,400b7732,00dff09a,ffff,4000,f,e,4e75,1d
2853,2853,0,400b7732,00dff09a,ffff,4000,f,e,4e75,1d
2854,2854,0,400b7732,00dff09a,ffff,4000,f,e,4e75,2d
2855,2855,0,400b7732,00dff09a,ffff,4000,f,e,4e75,1d
2856,2856,0,400b7732,00dff09a,ffff,4000,f,e,4e75,1d
2857,2857,0,400b7732,00dff09a,ffff,4000,f,e,4e75,2d
2858,2858,0,400b7732,00dff09a,ffff,4000,f,e,4e75,1d
2859,2859,0,400b7732,00dff09a,ffff,4000,f,e,4e75,1d
2860,2860,0,400b7732,00dff09a,ffff,4000,f,e,4e75,2d
2861,2861,0,400b7732,00dff09a,ffff,4000,f,e,4e75,1d
2862,2862,0,400b7732,00dff09a,ffff,4000,f,e,4e75,1d
2863,2863,0,400b7732,00dff09a,ffff,4000,f,e,4e75,2d
2864,2864,0,400b7732,00dff09a,ffff,4000,f,e,4e75,1d
2865,2865,0,400b7732,00dff09a,ffff,4000,f,e,4e75,1d
2866,2866,0,400b7732,00dff09a,ffff,4000,f,e,4e75,2d
2867,2867,0,400b7732,00dff09a,ffff,4000,f,e,4e75,1d
2868,2868,0,400b7732,00dff09a,ffff,4000,f,e,4e75,1d
2869,2869,0,400b7732,00dff09a,ffff,4000,f,e,4e75,2d
2870,2870,0,400b7732,00dff09a,ffff,4000,f,e,4e75,1d
2871,2871,0,400b7732,00dff09a,ffff,4000,f,e,4e75,1d
2872,2872,0,400b7732,00dff09a,ffff,4000,f,e,4e75,2d
2873,2873,0,400b7732,00dff09a,ffff,4000,f,e,4e75,1d
2874,2874,0,400b7732,00dff09a,ffff,4000,f,e,4e75,1d
2875,2875,0,400b7732,00dff09a,ffff,4000,f,e,4e75,2d
2876,2876,0,400b7732,00dff09a,ffff,4000,f,e,4e75,1d
2877,2877,0,400b7732,00dff09a,ffff,4000,f,e,4e75,1d
2878,2878,0,400b7732,00dff09a,ffff,4000,f,e,4e75,2d
2879,2879,0,400b7732,00dff09a,ffff,4000,f,e,4e75,1d
2880,2880,0,400b7732,00dff09a,ffff,4000,f,e,4e75,1d
2881,2881,0,400b7732,00dff09a,ffff,4000,f,e,4e75,2d
2882,2882,0,400b7732,00dff09a,ffff,4000,f,e,4e75,1d
2883,2883,0,400b7732,00dff09a,ffff,4000,f,e,4e75,1d
2884,2884,0,400b7732,00dff09a,ffff,4000,f,e,4e75,2d
2885,2885,0,400b7732,00dff09a,ffff,4000,f,e,4e75,1d
2886,2886,0,400b7732,00dff09a,ffff,4000,f,e,4e75,1d
2887,2887,0,400b7732,00dff09a,ffff,4000,f,e,4e75,2d
2888,2888,0,400b7732,00dff09a,ffff,4000,f,e,4e75,1d
2889,2889,0,400b7732,00dff09a,ffff,4000,f,e,4e75,1d
2890,2890,0,400b7732,00dff09a,ffff,4000,f,e,4e75,2d
2891,2891,0,400b7732,00dff09a,ffff,4000,f,e,4e75,1d
2892,2892,0,400b7732,00dff09a,ffff,4000,f,e,4e75,1d
2893,2893,0,400b7732,00dff09a,ffff,4000,f,e,4e75,2d
2894,2894,0,400b7732,00dff09a,ffff,4000,f,e,4e75,1d
2895,2895,0,400b7732,00dff09a,ffff,4000,f,e,4e75,1d
2896,2896,0,400b7732,00dff09a,ffff,4000,f,e,4e75,2d
2897,2897,0,400b7732,00dff09a,ffff,4000,f,e,4e75,1d
2898,2898,0,400b7732,00dff09a,ffff,4000,f,e,4e75,1d
2899,2899,0,400b7732,00dff09a,ffff,4000,f,e,4e75,2d
2900,2900,0,400b7732,00dff09a,ffff,4000,f,e,4e75,1d
2901,2901,0,400b7732,00dff09a,ffff,4000,f,e,4e75,1d
2902,2902,0,400b7732,00dff09a,ffff,4000,f,e,4e75,2d
2903,2903,0,400b7732,00dff09a,ffff,4000,f,e,4e75,1d
2904,2904,0,400b7732,00dff09a,ffff,4000,f,e,4e75,1d
2905,2905,0,400b7732,00dff09a,ffff,4000,f,e,4e75,2d
2906,2906,0,400b7732,00dff09a,ffff,4000,f,e,4e75,1d
2907,2907,0,400b7732,00dff09a,ffff,4000,f,e,4e75,1d
2908,2908,0,400b7732,00dff09a,ffff,4000,f,e,4e75,2d
2909,2909,0,400b7732,00dff09a,ffff,4000,f,e,4e75,1d
2910,2910,0,400b7732,00dff09a,ffff,4000,f,e,4e75,1d
2911,2911,0,400b7732,00dff09a,ffff,4000,f,e,4e75,2d
2912,2912,0,400b7732,00dff09a,ffff,4000,f,e,4e75,1d
2913,2913,0,400b7732,00dff09a,ffff,4000,f,e,4e75,1d
2914,2914,0,400b7732,00dff09a,ffff,4000,f,e,4e75,2d
2915,2915,0,400b7732,00dff09a,ffff,4000,f,e,4e75,1d
2916,2916,0,400b7732,00dff09a,ffff,4000,f,e,4e75,1d
2917,2917,0,400b7732,00dff09a,ffff,4000,f,e,4e75,2d
2918,2918,0,400b7732,00dff09a,ffff,4000,f,e,4e75,1d
2919,2919,0,400b7732,00dff09a,ffff,4000,f,e,4e75,1d
2920,2920,0,400b7732,00dff09a,ffff,4000,f,e,4e75,2d
2921,2921,0,400b7732,00dff09a,ffff,4000,f,e,4e75,1d
2922,2922,0,400b7732,00dff09a,ffff,4000,f,e,4e75,1d
2923,2923,0,400b7732,00dff09a,ffff,4000,f,e,4e75,2d
2924,2924,0,400b7732,00dff09a,ffff,4000,f,e,4e75,1d
2925,2925,0,400b7732,00dff09a,ffff,4000,f,e,4e75,1d
2926,2926,0,400b7732,00dff09a,ffff,4000,f,e,4e75,2d
2927,2927,0,400b7732,00dff09a,ffff,4000,f,e,4e75,1d
2928,2928,0,400b7732,00dff09a,ffff,4000,f,e,4e75,1d
2929,2929,0,400b7732,00dff09a,ffff,4000,f,e,4e75,2d
2930,2930,0,400b7732,00dff09a,ffff,4000,f,e,4e75,1d
2931,2931,0,400b7732,00dff09a,ffff,4000,f,e,4e75,1d
2932,2932,0,400b7732,00dff09a,ffff,4000,f,e,4e75,2d
2933,2933,0,400b7732,00dff09a,ffff,4000,f,e,4e75,1d
2934,2934,0,400b7732,00dff09a,ffff,4000,f,e,4e75,1d
2935,2935,0,400b7732,00dff09a,ffff,4000,f,e,4e75,2d
2936,2936,0,400b7732,00dff09a,ffff,4000,f,e,4e75,1d
2937,2937,0,400b7732,00dff09a,ffff,4000,f,e,4e75,1d
2938,2938,0,400b7732,00dff09a,ffff,4000,f,e,4e75,2d
2939,2939,0,400b7732,00dff09a,ffff,4000,f,e,4e75,1d
2940,2940,0,400b7732,00dff09a,ffff,4000,f,e,4e75,1d
2941,2941,0,400b7732,00dff09a,ffff,4000,f,e,4e75,2d
2942,2942,0,400b7732,00dff09a,ffff,4000,f,e,4e75,1d
2943,2943,0,400b7732,00dff09a,ffff,4000,f,e,4e75,1d
2944,2944,0,400b7732,00dff09a,ffff,4000,f,e,4e75,2d
2945,2945,0,400b7732,00dff09a,ffff,4000,f,e,4e75,1d
2946,2946,0,400b7732,00dff09a,ffff,4000,f,e,4e75,1d
2947,2947,0,400b7732,00dff09a,ffff,4000,f,e,4e75,2d
2948,2948,0,400b7732,00dff09a,ffff,4000,f,e,4e75,1d
2949,2949,0,400b7732,00dff09a,ffff,4000,f,e,4e75,1d
2950,2950,0,400b7732,00dff09a,ffff,4000,f,e,4e75,2d
2951,2951,0,400b7732,00dff09a,ffff,4000,f,e,4e75,1d
2952,2952,0,400b7732,00dff09a,ffff,4000,f,e,4e75,1d
2953,2953,0,400b7732,00dff09a,ffff,4000,f,e,4e75,2d
2954,2954,0,400b7732,00dff09a,ffff,4000,f,e,4e75,1d
2955,2955,0,400b7732,00dff09a,ffff,4000,f,e,4e75,1d
2956,2956,0,400b7732,00dff09a,ffff,4000,f,e,4e75,2d
2957,2957,0,400b7732,00dff09a,ffff,4000,f,e,4e75,1d
2958,2958,0,400b7732,00dff09a,ffff,4000,f,e,4e75,1d
2959,2959,0,400b7732,00dff09a,ffff,4000,f,e,4e75,2d
2960,2960,0,400b7732,00dff09a,ffff,4000,f,e,4e75,1d
2961,2961,0,400b7732,00dff09a,ffff,4000,f,e,4e75,1d
2962,2962,0,400b7732,00dff09a,ffff,4000,f,e,4e75,2d
2963,2963,0,400b7732,00dff09a,ffff,4000,f,e,4e75,1d
2964,2964,0,400b7732,00dff09a,ffff,4000,f,e,4e75,1d
2965,2965,0,400b7732,00dff09a,ffff,4000,f,e,4e75,2d
2966,2966,0,400b7732,00dff09a,ffff,4000,f,e,4e75,1d
2967,2967,0,400b7732,00dff09a,ffff,4000,f,e,4e75,1d
2968,2968,0,400b7732,00dff09a,ffff,4000,f,e,4e75,2d
2969,2969,0,400b7732,00dff09a,ffff,4000,f,e,4e75,1d
2970,2970,0,400b7732,00dff09a,ffff,4000,f,e,4e75,1d
2971,2971,0,400b7732,00dff09a,ffff,4000,f,e,4e75,2d
2972,2972,0,400b7732,00dff09a,ffff,4000,f,e,4e75,1d
2973,2973,0,400b7732,00dff09a,ffff,4000,f,e,4e75,1d
2974,2974,0,400b7732,00dff09a,ffff,4000,f,e,4e75,2d
2975,2975,0,400b7732,00dff09a,ffff,4000,f,e,4e75,1d
2976,2976,0,400b7732,00dff09a,ffff,4000,f,e,4e75,1d
2977,2977,0,400b7732,00dff09a,ffff,4000,f,e,4e75,2d
2978,2978,0,400b7732,00dff09a,ffff,4000,f,e,4e75,1d
2979,2979,0,400b7732,00dff09a,ffff,4000,f,e,4e75,1d
2980,2980,0,400b7732,00dff09a,ffff,4000,f,e,4e75,2d
2981,2981,0,400b7732,00dff09a,ffff,4000,f,e,4e75,1d
2982,2982,0,400b7732,00dff09a,ffff,4000,f,e,4e75,1d
2983,2983,0,400b7732,00dff09a,ffff,4000,f,e,4e75,2d
2984,2984,0,400b7732,00dff09a,ffff,4000,f,e,4e75,1d
2985,2985,0,400b7732,00dff09a,ffff,4000,f,e,4e75,1d
2986,2986,0,400b7732,00dff09a,ffff,4000,f,e,4e75,2d
2987,2987,0,400b7732,00dff09a,ffff,4000,f,e,4e75,1d
2988,2988,0,400b7732,00dff09a,ffff,4000,f,e,4e75,1d
2989,2989,0,400b7732,00dff09a,ffff,4000,f,e,4e75,2d
2990,2990,0,400b7732,00dff09a,ffff,4000,f,e,4e75,1d
2991,2991,0,400b7732,00dff09a,ffff,4000,f,e,4e75,1d
2992,2992,0,400b7732,00dff09a,ffff,4000,f,e,4e75,2d
2993,2993,0,400b7732,00dff09a,ffff,4000,f,e,4e75,1d
2994,2994,0,400b7732,00dff09a,ffff,4000,f,e,4e75,1d
2995,2995,0,400b7732,00dff09a,ffff,4000,f,e,4e75,2d
2996,2996,0,400b7732,00dff09a,ffff,4000,f,e,4e75,1d
2997,2997,0,400b7732,00dff09a,ffff,4000,f,e,4e75,1d
2998,2998,0,400b7732,00dff09a,ffff,4000,f,e,4e75,2d
2999,2999,0,400b7732,00dff09a,ffff,4000,f,e,4e75,1d
3000,3000,0,400b7732,00dff09a,ffff,4000,f,e,4e75,1d
3001,3001,0,400b7732,00dff09a,ffff,4000,f,e,4e75,2d
3002,3002,0,400b7732,00dff09a,ffff,4000,f,e,4e75,1d
3003,3003,0,400b7732,00dff09a,ffff,4000,f,e,4e75,1d
3004,3004,0,400b7732,00dff09a,ffff,4000,f,e,4e75,2d
3005,3005,0,400b7732,00dff09a,ffff,4000,f,e,4e75,1d
3006,3006,0,400b7732,00dff09a,ffff,4000,f,e,4e75,1d
3007,3007,0,400b7732,00dff09a,ffff,4000,f,e,4e75,2d
3008,3008,0,400b7732,00dff09a,ffff,4000,f,e,4e75,1d
3009,3009,0,400b7732,00dff09a,ffff,4000,f,e,4e75,1d
3010,3010,0,400b7732,00dff09a,ffff,4000,f,e,4e75,2d
3011,3011,0,400b7732,00dff09a,ffff,4000,f,e,4e75,1d
3012,3012,0,400b7732,00dff09a,ffff,4000,f,e,4e75,1d
3013,3013,0,400b7732,00dff09a,ffff,4000,f,e,4e75,2d
3014,3014,0,400b7732,00dff09a,ffff,4000,f,e,4e75,1d
3015,3015,0,400b7732,00dff09a,ffff,4000,f,e,4e75,1d
3016,3016,0,400b7732,00dff09a,ffff,4000,f,e,4e75,2d
3017,3017,0,400b7732,00dff09a,ffff,4000,f,e,4e75,1d
3018,3018,0,400b7732,00dff09a,ffff,4000,f,e,4e75,1d
3019,3019,0,400b7732,00dff09a,ffff,4000,f,e,4e75,2d
3020,3020,0,400b7732,00dff09a,ffff,4000,f,e,4e75,1d
3021,3021,0,400b7732,00dff09a,ffff,4000,f,e,4e75,1d
3022,3022,0,400b7732,00dff09a,ffff,4000,f,e,4e75,2d
3023,3023,0,400b7732,00dff09a,ffff,4000,f,e,4e75,1d
3024,3024,0,400b7732,00dff09a,ffff,4000,f,e,4e75,1d
3025,3025,0,400b7732,00dff09a,ffff,4000,f,e,4e75,2d
3026,3026,0,400b7732,00dff09a,ffff,4000,f,e,4e75,1d
3027,3027,0,400b7732,00dff09a,ffff,4000,f,e,4e75,1d
3028,3028,0,400b7732,00dff09a,ffff,4000,f,e,4e75,2d
3029,3029,0,400b7732,00dff09a,ffff,4000,f,e,4e75,1d
3030,3030,0,400b7732,00dff09a,ffff,4000,f,e,4e75,1d
3031,3031,0,400b7732,00dff09a,ffff,4000,f,e,4e75,2d
3032,3032,0,400b7732,00dff09a,ffff,4000,f,e,4e75,1d
3033,3033,0,400b7732,00dff09a,ffff,4000,f,e,4e75,1d
3034,3034,0,400b7732,00dff09a,ffff,4000,f,e,4e75,2d
3035,3035,0,400b7732,00dff09a,ffff,4000,f,e,4e75,1d
3036,3036,0,400b7732,00dff09a,ffff,4000,f,e,4e75,1d
3037,3037,0,400b7732,00dff09a,ffff,4000,f,e,4e75,2d
3038,3038,0,400b7732,00dff09a,ffff,4000,f,e,4e75,1d
3039,3039,0,400b7732,00dff09a,ffff,4000,f,e,4e75,1d
3040,3040,0,400b7732,00dff09a,ffff,4000,f,e,4e75,2d
3041,3041,0,400b7732,00dff09a,ffff,4000,f,e,4e75,1d
3042,3042,0,400b7732,00dff09a,ffff,4000,f,e,4e75,1d
3043,3043,0,400b7732,00dff09a,ffff,4000,f,e,4e75,2d
3044,3044,0,400b7732,00dff09a,ffff,4000,f,e,4e75,1d
3045,3045,0,400b7732,00dff09a,ffff,4000,f,e,4e75,1d
3046,3046,0,400b7732,00dff09a,ffff,4000,f,e,4e75,2d
3047,3047,0,400b7732,00dff09a,ffff,4000,f,e,4e75,1d
3048,3048,0,400b7732,00dff09a,ffff,4000,f,e,4e75,1d
3049,3049,0,400b7732,00dff09a,ffff,4000,f,e,4e75,2d
3050,3050,0,400b7732,00dff09a,ffff,4000,f,e,4e75,1d
3051,3051,0,400b7732,00dff09a,ffff,4000,f,e,4e75,1d
3052,3052,0,400b7732,00dff09a,ffff,4000,f,e,4e75,2d
3053,3053,0,400b7732,00dff09a,ffff,4000,f,e,4e75,1d
3054,3054,0,400b7732,00dff09a,ffff,4000,f,e,4e75,1d
3055,3055,0,400b7732,00dff09a,ffff,4000,f,e,4e75,2d
3056,3056,0,400b7732,00dff09a,ffff,4000,f,e,4e75,1d
3057,3057,0,400b7732,00dff09a,ffff,4000,f,e,4e75,1d
3058,3058,0,400b7732,00dff09a,ffff,4000,f,e,4e75,2d
3059,3059,0,400b7732,00dff09a,ffff,4000,f,e,4e75,1d
3060,3060,0,400b7732,00dff09a,ffff,4000,f,e,4e75,1d
3061,3061,0,400b7732,00dff09a,ffff,4000,f,e,4e75,2d
3062,3062,0,400b7732,00dff09a,ffff,4000,f,e,4e75,1d
3063,3063,0,400b7732,00dff09a,ffff,4000,f,e,4e75,1d
3064,3064,0,400b7732,00dff09a,ffff,4000,f,e,4e75,2d
3065,3065,0,400b7732,00dff09a,ffff,4000,f,e,4e75,1d
3066,3066,0,400b7732,00dff09a,ffff,4000,f,e,4e75,1d
3067,3067,0,400b7732,00dff09a,ffff,4000,f,e,4e75,2d
3068,3068,0,400b7732,00dff09a,ffff,4000,f,e,4e75,1d
3069,3069,0,400b7732,00dff09a,ffff,4000,f,e,4e75,1d
3070,3070,0,400b7732,00dff09a,ffff,4000,f,e,4e75,2d
3071,3071,0,400b7732,00dff09a,ffff,4000,f,e,4e75,1d
3072,3072,0,400b7732,00dff09a,ffff,4000,f,e,4e75,1d
3073,3073,0,400b7732,00dff09a,ffff,4000,f,e,4e75,2d
3074,3074,0,400b7732,00dff09a,ffff,4000,f,e,4e75,1d
3075,3075,0,400b7732,00dff09a,ffff,4000,f,e,4e75,1d
3076,3076,0,400b7732,00dff09a,ffff,4000,f,e,4e75,2d
3077,3077,0,400b7732,00dff09a,ffff,4000,f,e,4e75,1d
3078,3078,0,400b7732,00dff09a,ffff,4000,f,e,4e75,1d
3079,3079,0,400b7732,00dff09a,ffff,4000,f,e,4e75,2d
3080,3080,0,400b7732,00dff09a,ffff,4000,f,e,4e75,1d
3081,3081,0,400b7732,00dff09a,ffff,4000,f,e,4e75,1d
3082,3082,0,400b7732,00dff09a,ffff,4000,f,e,4e75,2d
3083,3083,0,400b7732,00dff09a,ffff,4000,f,e,4e75,1d
3084,3084,0,400b7732,00dff09a,ffff,4000,f,e,4e75,1d
3085,3085,0,400b7732,00dff09a,ffff,4000,f,e,4e75,2d
3086,3086,0,400b7732,00dff09a,ffff,4000,f,e,4e75,1d
3087,3087,0,400b7732,00dff09a,ffff,4000,f,e,4e75,1d
3088,3088,0,400b7732,00dff09a,ffff,4000,f,e,4e75,2d
3089,3089,0,400b7732,00dff09a,ffff,4000,f,e,4e75,1d
3090,3090,0,400b7732,00dff09a,ffff,4000,f,e,4e75,1d
3091,3091,0,400b7732,00dff09a,ffff,4000,f,e,4e75,2d
3092,3092,0,400b7732,00dff09a,ffff,4000,f,e,4e75,1d
3093,3093,0,400b7732,00dff09a,ffff,4000,f,e,4e75,1d
3094,3094,0,400b7732,00dff09a,ffff,4000,f,e,4e75,2d
3095,3095,0,400b7732,00dff09a,ffff,4000,f,e,4e75,1d
3096,3096,0,400b7732,00dff09a,ffff,4000,f,e,4e75,1d
3097,3097,0,400b7732,00dff09a,ffff,4000,f,e,4e75,2d
3098,3098,0,400b7732,00dff09a,ffff,4000,f,e,4e75,1d
3099,3099,0,400b7732,00dff09a,ffff,4000,f,e,4e75,1d
3100,3100,0,400b7732,00dff09a,ffff,4000,f,e,4e75,2d
3101,3101,0,400b7732,00dff09a,ffff,4000,f,e,4e75,1d
3102,3102,0,400b7732,00dff09a,ffff,4000,f,e,4e75,1d
3103,3103,0,400b7732,00dff09a,ffff,4000,f,e,4e75,2d
3104,3104,0,400b7732,00dff09a,ffff,4000,f,e,4e75,1d
3105,3105,0,400b7732,00dff09a,ffff,4000,f,e,4e75,1d
3106,3106,0,400b7732,00dff09a,ffff,4000,f,e,4e75,2d
3107,3107,0,400b7732,00dff09a,ffff,4000,f,e,4e75,1d
3108,3108,0,400b7732,00dff09a,ffff,4000,f,e,4e75,1d
3109,3109,0,400b7732,00dff09a,ffff,4000,f,e,4e75,2d
3110,3110,0,400b7732,00dff09a,ffff,4000,f,e,4e75,1d
3111,3111,0,400b7732,00dff09a,ffff,4000,f,e,4e75,1d
3112,3112,0,400b7732,00dff09a,ffff,4000,f,e,4e75,2d
3113,3113,0,400b7732,00dff09a,ffff,4000,f,e,4e75,1d
3114,3114,0,400b7732,00dff09a,ffff,4000,f,e,4e75,1d
3115,3115,0,400b7732,00dff09a,ffff,4000,f,e,4e75,2d
3116,3116,0,400b7732,00dff09a,ffff,4000,f,e,4e75,1d
3117,3117,0,400b7732,00dff09a,ffff,4000,f,e,4e75,1d
3118,3118,0,400b7732,00dff09a,ffff,4000,f,e,4e75,2d
3119,3119,0,400b7732,00dff09a,ffff,4000,f,e,4e75,1d
3120,3120,0,400b7732,00dff09a,ffff,4000,f,e,4e75,1d
3121,3121,0,400b7732,00dff09a,ffff,4000,f,e,4e75,2d
3122,3122,0,400b7732,00dff09a,ffff,4000,f,e,4e75,1d
3123,3123,0,400b7732,00dff09a,ffff,4000,f,e,4e75,1d
3124,3124,0,400b7732,00dff09a,ffff,4000,f,e,4e75,2d
3125,3125,0,400b7732,00dff09a,ffff,4000,f,e,4e75,1d
3126,3126,0,400b7732,00dff09a,ffff,4000,f,e,4e75,1d
3127,3127,0,400b7732,00dff09a,ffff,4000,f,e,4e75,2d
3128,3128,0,400b7732,00dff09a,ffff,4000,f,e,4e75,1d
3129,3129,0,400b7732,00dff09a,ffff,4000,f,e,4e75,1d
3130,3130,0,400b7732,00dff09a,ffff,4000,f,e,4e75,2d
3131,3131,0,400b7732,00dff09a,ffff,4000,f,e,4e75,1d
3132,3132,0,400b7732,00dff09a,ffff,4000,f,e,4e75,1d
3133,3133,0,400b7732,00dff09a,ffff,4000,f,e,4e75,2d
3134,3134,0,400b7732,00dff09a,ffff,4000,f,e,4e75,1d
3135,3135,0,400b7732,00dff09a,ffff,4000,f,e,4e75,1d
3136,3136,0,400b7732,00dff09a,ffff,4000,f,e,4e75,2d
3137,3137,0,400b7732,00dff09a,ffff,4000,f,e,4e75,1d
3138,3138,0,400b7732,00dff09a,ffff,4000,f,e,4e75,1d
3139,3139,0,400b7732,00dff09a,ffff,4000,f,e,4e75,2d
3140,3140,0,400b7732,00dff09a,ffff,4000,f,e,4e75,1d
3141,3141,0,400b7732,00dff09a,ffff,4000,f,e,4e75,1d
3142,3142,0,400b7732,00dff09a,ffff,4000,f,e,4e75,2d
3143,3143,0,400b7732,00dff09a,ffff,4000,f,e,4e75,1d
3144,3144,0,400b7732,00dff09a,ffff,4000,f,e,4e75,1d
3145,3145,0,400b7732,00dff09a,ffff,4000,f,e,4e75,2d
3146,3146,0,400b7732,00dff09a,ffff,4000,f,e,4e75,1d
3147,3147,0,400b7732,00dff09a,ffff,4000,f,e,4e75,1d
3148,3148,0,400b7732,00dff09a,ffff,4000,f,e,4e75,2d
3149,3149,0,400b7732,00dff09a,ffff,4000,f,e,4e75,1d
3150,3150,0,400b7732,00dff09a,ffff,4000,f,e,4e75,1d
3151,3151,0,400b7732,00dff09a,ffff,4000,f,e,4e75,2d
3152,3152,0,400b7732,00dff09a,ffff,4000,f,e,4e75,1d
3153,3153,0,400b7732,00dff09a,ffff,4000,f,e,4e75,1d
3154,3154,0,400b7732,00dff09a,ffff,4000,f,e,4e75,2d
3155,3155,0,400b7732,00dff09a,ffff,4000,f,e,4e75,1d
3156,3156,0,400b7732,00dff09a,ffff,4000,f,e,4e75,1d
3157,3157,0,400b7732,00dff09a,ffff,4000,f,e,4e75,2d
3158,3158,0,400b7732,00dff09a,ffff,4000,f,e,4e75,1d
3159,3159,0,400b7732,00dff09a,ffff,4000,f,e,4e75,1d
3160,3160,0,400b7732,00dff09a,ffff,4000,f,e,4e75,2d
3161,3161,0,400b7732,00dff09a,ffff,4000,f,e,4e75,1d
3162,3162,0,400b7732,00dff09a,ffff,4000,f,e,4e75,1d
3163,3163,0,400b7732,00dff09a,ffff,4000,f,e,4e75,2d
3164,3164,0,400b7732,00dff09a,ffff,4000,f,e,4e75,1d
3165,3165,0,400b7732,00dff09a,ffff,4000,f,e,4e75,1d
3166,3166,0,400b7732,00dff09a,ffff,4000,f,e,4e75,2d
3167,3167,0,400b7732,00dff09a,ffff,4000,f,e,4e75,1d
3168,3168,0,400b7732,00dff09a,ffff,4000,f,e,4e75,1d
3169,3169,0,400b7732,00dff09a,ffff,4000,f,e,4e75,2d
3170,3170,0,400b7732,00dff09a,ffff,4000,f,e,4e75,1d
3171,3171,0,400b7732,00dff09a,ffff,4000,f,e,4e75,1d
3172,3172,0,400b7732,00dff09a,ffff,4000,f,e,4e75,2d
3173,3173,0,400b7732,00dff09a,ffff,4000,f,e,4e75,1d
3174,3174,0,400b7732,00dff09a,ffff,4000,f,e,4e75,1d
3175,3175,0,400b7732,00dff09a,ffff,4000,f,e,4e75,2d
3176,3176,0,400b7732,00dff09a,ffff,4000,f,e,4e75,1d
3177,3177,0,400b7732,00dff09a,ffff,4000,f,e,4e75,1d
3178,3178,0,400b7732,00dff09a,ffff,4000,f,e,4e75,2d
3179,3179,0,400b7732,00dff09a,ffff,4000,f,e,4e75,1d
3180,3180,0,400b7732,00dff09a,ffff,4000,f,e,4e75,1d
3181,3181,0,400b7732,00dff09a,ffff,4000,f,e,4e75,2d
3182,3182,0,400b7732,00dff09a,ffff,4000,f,e,4e75,1d
3183,3183,0,400b7732,00dff09a,ffff,4000,f,e,4e75,1d
3184,3184,0,400b7732,00dff09a,ffff,4000,f,e,4e75,2d
3185,3185,0,400b7732,00dff09a,ffff,4000,f,e,4e75,1d
3186,3186,0,400b7732,00dff09a,ffff,4000,f,e,4e75,1d
3187,3187,0,400b7732,00dff09a,ffff,4000,f,e,4e75,2d
3188,3188,0,400b7732,00dff09a,ffff,4000,f,e,4e75,1d
3189,3189,0,400b7732,00dff09a,ffff,4000,f,e,4e75,1d
3190,3190,0,400b7732,00dff09a,ffff,4000,f,e,4e75,2d
3191,3191,0,400b7732,00dff09a,ffff,4000,f,e,4e75,1d
3192,3192,0,400b7732,00dff09a,ffff,4000,f,e,4e75,1d
3193,3193,0,400b7732,00dff09a,ffff,4000,f,e,4e75,2d
3194,3194,0,400b7732,00dff09a,ffff,4000,f,e,4e75,1d
3195,3195,0,400b7732,00dff09a,ffff,4000,f,e,4e75,1d
3196,3196,0,400b7732,00dff09a,ffff,4000,f,e,4e75,2d
3197,3197,0,400b7732,00dff09a,ffff,4000,f,e,4e75,1d
3198,3198,0,400b7732,00dff09a,ffff,4000,f,e,4e75,1d
3199,3199,0,400b7732,00dff09a,ffff,4000,f,e,4e75,2d
3200,3200,0,400b7732,00dff09a,ffff,4000,f,e,4e75,1d
3201,3201,0,400b7732,00dff09a,ffff,4000,f,e,4e75,1d
3202,3202,0,400b7732,00dff09a,ffff,4000,f,e,4e75,2d
3203,3203,0,400b7732,00dff09a,ffff,4000,f,e,4e75,1d
3204,3204,0,400b7732,00dff09a,ffff,4000,f,e,4e75,1d
3205,3205,0,400b7732,00dff09a,ffff,4000,f,e,4e75,2d
3206,3206,0,400b7732,00dff09a,ffff,4000,f,e,4e75,1d
3207,3207,0,400b7732,00dff09a,ffff,4000,f,e,4e75,1d
3208,3208,0,400b7732,00dff09a,ffff,4000,f,e,4e75,2d
3209,3209,0,400b7732,00dff09a,ffff,4000,f,e,4e75,1d
3210,3210,0,400b7732,00dff09a,ffff,4000,f,e,4e75,1d
3211,3211,0,400b7732,00dff09a,ffff,4000,f,e,4e75,2d
3212,3212,0,400b7732,00dff09a,ffff,4000,f,e,4e75,1d
3213,3213,0,400b7732,00dff09a,ffff,4000,f,e,4e75,1d
3214,3214,0,400b7732,00dff09a,ffff,4000,f,e,4e75,2d
3215,3215,0,400b7732,00dff09a,ffff,4000,f,e,4e75,1d
3216,3216,0,400b7732,00dff09a,ffff,4000,f,e,4e75,1d
3217,3217,0,400b7732,00dff09a,ffff,4000,f,e,4e75,2d
3218,3218,0,400b7732,00dff09a,ffff,4000,f,e,4e75,1d
3219,3219,0,400b7732,00dff09a,ffff,4000,f,e,4e75,1d
3220,3220,0,400b7732,00dff09a,ffff,4000,f,e,4e75,2d
3221,3221,0,400b7732,00dff09a,ffff,4000,f,e,4e75,1d
3222,3222,0,400b7732,00dff09a,ffff,4000,f,e,4e75,1d
3223,3223,0,400b7732,00dff09a,ffff,4000,f,e,4e75,2d
3224,3224,0,400b7732,00dff09a,ffff,4000,f,e,4e75,1d
3225,3225,0,400b7732,00dff09a,ffff,4000,f,e,4e75,1d
3226,3226,0,400b7732,00dff09a,ffff,4000,f,e,4e75,2d
3227,3227,0,400b7732,00dff09a,ffff,4000,f,e,4e75,1d
3228,3228,0,400b7732,00dff09a,ffff,4000,f,e,4e75,1d
3229,3229,0,400b7732,00dff09a,ffff,4000,f,e,4e75,2d
3230,3230,0,400b7732,00dff09a,ffff,4000,f,e,4e75,1d
3231,3231,0,400b7732,00dff09a,ffff,4000,f,e,4e75,1d
3232,3232,0,400b7732,00dff09a,ffff,4000,f,e,4e75,2d
3233,3233,0,400b7732,00dff09a,ffff,4000,f,e,4e75,1d
3234,3234,0,400b7732,00dff09a,ffff,4000,f,e,4e75,1d
3235,3235,0,400b7732,00dff09a,ffff,4000,f,e,4e75,2d
3236,3236,0,400b7732,00dff09a,ffff,4000,f,e,4e75,1d
3237,3237,0,400b7732,00dff09a,ffff,4000,f,e,4e75,1d
3238,3238,0,400b7732,00dff09a,ffff,4000,f,e,4e75,2d
3239,3239,0,400b7732,00dff09a,ffff,4000,f,e,4e75,1d
3240,3240,0,400b7732,00dff09a,ffff,4000,f,e,4e75,1d
3241,3241,0,400b7732,00dff09a,ffff,4000,f,e,4e75,2d
3242,3242,0,400b7732,00dff09a,ffff,4000,f,e,4e75,1d
3243,3243,0,400b7732,00dff09a,ffff,4000,f,e,4e75,1d
3244,3244,0,400b7732,00dff09a,ffff,4000,f,e,4e75,2d
3245,3245,0,400b7732,00dff09a,ffff,4000,f,e,4e75,1d
3246,3246,0,400b7732,00dff09a,ffff,4000,f,e,4e75,1d
3247,3247,0,400b7732,00dff09a,ffff,4000,f,e,4e75,2d
3248,3248,0,400b7732,00dff09a,ffff,4000,f,e,4e75,1d
3249,3249,0,400b7732,00dff09a,ffff,4000,f,e,4e75,1d
3250,3250,0,400b7732,00dff09a,ffff,4000,f,e,4e75,2d
3251,3251,0,400b7732,00dff09a,ffff,4000,f,e,4e75,1d
3252,3252,0,400b7732,00dff09a,ffff,4000,f,e,4e75,1d
3253,3253,0,400b7732,00dff09a,ffff,4000,f,e,4e75,2d
3254,3254,0,400b7732,00dff09a,ffff,4000,f,e,4e75,1d
3255,3255,0,400b7732,00dff09a,ffff,4000,f,e,4e75,1d
3256,3256,0,400b7732,00dff09a,ffff,4000,f,e,4e75,2d
3257,3257,0,400b7732,00dff09a,ffff,4000,f,e,4e75,1d
3258,3258,0,400b7732,00dff09a,ffff,4000,f,e,4e75,1d
3259,3259,0,400b7732,00dff09a,ffff,4000,f,e,4e75,2d
3260,3260,0,400b7732,00dff09a,ffff,4000,f,e,4e75,1d
3261,3261,0,400b7732,00dff09a,ffff,4000,f,e,4e75,1d
3262,3262,0,400b7732,00dff09a,ffff,4000,f,e,4e75,2d
3263,3263,0,400b7732,00dff09a,ffff,4000,f,e,4e75,1d
3264,3264,0,400b7732,00dff09a,ffff,4000,f,e,4e75,1d
3265,3265,0,400b7732,00dff09a,ffff,4000,f,e,4e75,2d
3266,3266,0,400b7732,00dff09a,ffff,4000,f,e,4e75,1d
3267,3267,0,400b7732,00dff09a,ffff,4000,f,e,4e75,1d
3268,3268,0,400b7732,00dff09a,ffff,4000,f,e,4e75,2d
3269,3269,0,400b7732,00dff09a,ffff,4000,f,e,4e75,1d
3270,3270,0,400b7732,00dff09a,ffff,4000,f,e,4e75,1d
3271,3271,0,400b7732,00dff09a,ffff,4000,f,e,4e75,2d
3272,3272,0,400b7732,00dff09a,ffff,4000,f,e,4e75,1d
3273,3273,0,400b7732,00dff09a,ffff,4000,f,e,4e75,1d
3274,3274,0,400b7732,00dff09a,ffff,4000,f,e,4e75,2d
3275,3275,0,400b7732,00dff09a,ffff,4000,f,e,4e75,1d
3276,3276,0,400b7732,00dff09a,ffff,4000,f,e,4e75,1d
3277,3277,0,400b7732,00dff09a,ffff,4000,f,e,4e75,2d
3278,3278,0,400b7732,00dff09a,ffff,4000,f,e,4e75,1d
3279,3279,0,400b7732,00dff09a,ffff,4000,f,e,4e75,1d
3280,3280,0,400b7732,00dff09a,ffff,4000,f,e,4e75,2d
3281,3281,0,400b7732,00dff09a,ffff,4000,f,e,4e75,1d
3282,3282,0,400b7732,00dff09a,ffff,4000,f,e,4e75,1d
3283,3283,0,400b7732,00dff09a,ffff,4000,f,e,4e75,2d
3284,3284,0,400b7732,00dff09a,ffff,4000,f,e,4e75,1d
3285,3285,0,400b7732,00dff09a,ffff,4000,f,e,4e75,1d
3286,3286,0,400b7732,00dff09a,ffff,4000,f,e,4e75,2d
3287,3287,0,400b7732,00dff09a,ffff,4000,f,e,4e75,1d
3288,3288,0,400b7732,00dff09a,ffff,4000,f,e,4e75,1d
3289,3289,0,400b7732,00dff09a,ffff,4000,f,e,4e75,2d
3290,3290,0,400b7732,00dff09a,ffff,4000,f,e,4e75,1d
3291,3291,0,400b7732,00dff09a,ffff,4000,f,e,4e75,1d
3292,3292,0,400b7732,00dff09a,ffff,4000,f,e,4e75,2d
3293,3293,0,400b7732,00dff09a,ffff,4000,f,e,4e75,1d
3294,3294,0,400b7732,00dff09a,ffff,4000,f,e,4e75,1d
3295,3295,0,400b7732,00dff09a,ffff,4000,f,e,4e75,2d
3296,3296,0,400b7732,00dff09a,ffff,4000,f,e,4e75,1d
3297,3297,0,400b7732,00dff09a,ffff,4000,f,e,4e75,1d
3298,3298,0,400b7732,00dff09a,ffff,4000,f,e,4e75,2d
3299,3299,0,400b7732,00dff09a,ffff,4000,f,e,4e75,1d
3300,3300,0,400b7732,00dff09a,ffff,4000,f,e,4e75,1d
3301,3301,0,400b7732,00dff09a,ffff,4000,f,e,4e75,2d
3302,3302,0,400b7732,00dff09a,ffff,4000,f,e,4e75,1d
3303,3303,0,400b7732,00dff09a,ffff,4000,f,e,4e75,1d
3304,3304,0,400b7732,00dff09a,ffff,4000,f,e,4e75,2d
3305,3305,0,400b7732,00dff09a,ffff,4000,f,e,4e75,1d
3306,3306,0,400b7732,00dff09a,ffff,4000,f,e,4e75,1d
3307,3307,0,400b7732,00dff09a,ffff,4000,f,e,4e75,2d
3308,3308,0,400b7732,00dff09a,ffff,4000,f,e,4e75,1d
3309,3309,0,400b7732,00dff09a,ffff,4000,f,e,4e75,1d
3310,3310,0,400b7732,00dff09a,ffff,4000,f,e,4e75,2d
3311,3311,0,400b7732,00dff09a,ffff,4000,f,e,4e75,1d
3312,3312,0,400b7732,00dff09a,ffff,4000,f,e,4e75,1d
3313,3313,0,400b7732,00dff09a,ffff,4000,f,e,4e75,2d
3314,3314,0,400b7732,00dff09a,ffff,4000,f,e,4e75,1d
3315,3315,0,400b7732,00dff09a,ffff,4000,f,e,4e75,1d
3316,3316,0,400b7732,00dff09a,ffff,4000,f,e,4e75,2d
3317,3317,0,400b7732,00dff09a,ffff,4000,f,e,4e75,1d
3318,3318,0,400b7732,00dff09a,ffff,4000,f,e,4e75,1d
3319,3319,0,400b7732,00dff09a,ffff,4000,f,e,4e75,2d
3320,3320,0,400b7732,00dff09a,ffff,4000,f,e,4e75,1d
3321,3321,0,400b7732,00dff09a,ffff,4000,f,e,4e75,1d
3322,3322,0,400b7732,00dff09a,ffff,4000,f,e,4e75,2d
3323,3323,0,400b7732,00dff09a,ffff,4000,f,e,4e75,1d
3324,3324,0,400b7732,00dff09a,ffff,4000,f,e,4e75,1d
3325,3325,0,400b7732,00dff09a,ffff,4000,f,e,4e75,2d
3326,3326,0,400b7732,00dff09a,ffff,4000,f,e,4e75,1d
3327,3327,0,400b7732,00dff09a,ffff,4000,f,e,4e75,1d
3328,3328,0,400b7732,00dff09a,ffff,4000,f,e,4e75,2d
3329,3329,0,400b7732,00dff09a,ffff,4000,f,e,4e75,1d
3330,3330,0,400b7732,00dff09a,ffff,4000,f,e,4e75,1d
3331,3331,0,400b7732,00dff09a,ffff,4000,f,e,4e75,2d
3332,3332,0,400b7732,00dff09a,ffff,4000,f,e,4e75,1d
3333,3333,0,400b7732,00dff09a,ffff,4000,f,e,4e75,1d
3334,3334,0,400b7732,00dff09a,ffff,4000,f,e,4e75,2d
3335,3335,0,400b7732,00dff09a,ffff,4000,f,e,4e75,1d
3336,3336,0,400b7732,00dff09a,ffff,4000,f,e,4e75,1d
3337,3337,0,400b7732,00dff09a,ffff,4000,f,e,4e75,2d
3338,3338,0,400b7732,00dff09a,ffff,4000,f,e,4e75,1d
3339,3339,0,400b7732,00dff09a,ffff,4000,f,e,4e75,1d
3340,3340,0,400b7732,00dff09a,ffff,4000,f,e,4e75,2d
3341,3341,0,400b7732,00dff09a,ffff,4000,f,e,4e75,1d
3342,3342,0,400b7732,00dff09a,ffff,4000,f,e,4e75,1d
3343,3343,0,400b7732,00dff09a,ffff,4000,f,e,4e75,2d
3344,3344,0,400b7732,00dff09a,ffff,4000,f,e,4e75,1d
3345,3345,0,400b7732,00dff09a,ffff,4000,f,e,4e75,1d
3346,3346,0,400b7732,00dff09a,ffff,4000,f,e,4e75,2d
3347,3347,0,400b7732,00dff09a,ffff,4000,f,e,4e75,1d
3348,3348,0,400b7732,00dff09a,ffff,4000,f,e,4e75,1d
3349,3349,0,400b7732,00dff09a,ffff,4000,f,e,4e75,2d
3350,3350,0,400b7732,00dff09a,ffff,4000,f,e,4e75,1d
3351,3351,0,400b7732,00dff09a,ffff,4000,f,e,4e75,1d
3352,3352,0,400b7732,00dff09a,ffff,4000,f,e,4e75,2d
3353,3353,0,400b7732,00dff09a,ffff,4000,f,e,4e75,1d
3354,3354,0,400b7732,00dff09a,ffff,4000,f,e,4e75,1d
3355,3355,0,400b7732,00dff09a,ffff,4000,f,e,4e75,2d
3356,3356,0,400b7732,00dff09a,ffff,4000,f,e,4e75,1d
3357,3357,0,400b7732,00dff09a,ffff,4000,f,e,4e75,1d
3358,3358,0,400b7732,00dff09a,ffff,4000,f,e,4e75,2d
3359,3359,0,400b7732,00dff09a,ffff,4000,f,e,4e75,1d
3360,3360,0,400b7732,00dff09a,ffff,4000,f,e,4e75,1d
3361,3361,0,400b7732,00dff09a,ffff,4000,f,e,4e75,2d
3362,3362,0,400b7732,00dff09a,ffff,4000,f,e,4e75,1d
3363,3363,0,400b7732,00dff09a,ffff,4000,f,e,4e75,1d
3364,3364,0,400b7732,00dff09a,ffff,4000,f,e,4e75,2d
3365,3365,0,400b7732,00dff09a,ffff,4000,f,e,4e75,1d
3366,3366,0,400b7732,00dff09a,ffff,4000,f,e,4e75,1d
3367,3367,0,400b7732,00dff09a,ffff,4000,f,e,4e75,2d
3368,3368,0,400b7732,00dff09a,ffff,4000,f,e,4e75,1d
3369,3369,0,400b7732,00dff09a,ffff,4000,f,e,4e75,1d
3370,3370,0,400b7732,00dff09a,ffff,4000,f,e,4e75,2d
3371,3371,0,400b7732,00dff09a,ffff,4000,f,e,4e75,1d
3372,3372,0,400b7732,00dff09a,ffff,4000,f,e,4e75,1d
3373,3373,0,400b7732,00dff09a,ffff,4000,f,e,4e75,2d
3374,3374,0,400b7732,00dff09a,ffff,4000,f,e,4e75,1d
3375,3375,0,400b7732,00dff09a,ffff,4000,f,e,4e75,1d
3376,3376,0,400b7732,00dff09a,ffff,4000,f,e,4e75,2d
3377,3377,0,400b7732,00dff09a,ffff,4000,f,e,4e75,1d
3378,3378,0,400b7732,00dff09a,ffff,4000,f,e,4e75,1d
3379,3379,0,400b7732,00dff09a,ffff,4000,f,e,4e75,2d
3380,3380,0,400b7732,00dff09a,ffff,4000,f,e,4e75,1d
3381,3381,0,400b7732,00dff09a,ffff,4000,f,e,4e75,1d
3382,3382,0,400b7732,00dff09a,ffff,4000,f,e,4e75,2d
3383,3383,0,400b7732,00dff09a,ffff,4000,f,e,4e75,1d
3384,3384,0,400b7732,00dff09a,ffff,4000,f,e,4e75,1d
3385,3385,0,400b7732,00dff09a,ffff,4000,f,e,4e75,2d
3386,3386,0,400b7732,00dff09a,ffff,4000,f,e,4e75,1d
3387,3387,0,400b7732,00dff09a,ffff,4000,f,e,4e75,1d
3388,3388,0,400b7732,00dff09a,ffff,4000,f,e,4e75,2d
3389,3389,0,400b7732,00dff09a,ffff,4000,f,e,4e75,1d
3390,3390,0,400b7732,00dff09a,ffff,4000,f,e,4e75,1d
3391,3391,0,400b7732,00dff09a,ffff,4000,f,e,4e75,2d
3392,3392,0,400b7732,00dff09a,ffff,4000,f,e,4e75,1d
3393,3393,0,400b7732,00dff09a,ffff,4000,f,e,4e75,1d
3394,3394,0,400b7732,00dff09a,ffff,4000,f,e,4e75,2d
3395,3395,0,400b7732,00dff09a,ffff,4000,f,e,4e75,1d
3396,3396,0,400b7732,00dff09a,ffff,4000,f,e,4e75,1d
3397,3397,0,400b7732,00dff09a,ffff,4000,f,e,4e75,2d
3398,3398,0,400b7732,00dff09a,ffff,4000,f,e,4e75,1d
3399,3399,0,400b7732,00dff09a,ffff,4000,f,e,4e75,1d
3400,3400,0,400b7732,00dff09a,ffff,4000,f,e,4e75,2d
3401,3401,0,400b7732,00dff09a,ffff,4000,f,e,4e75,1d
3402,3402,0,400b7732,00dff09a,ffff,4000,f,e,4e75,1d
3403,3403,0,400b7732,00dff09a,ffff,4000,f,e,4e75,2d
3404,3404,0,400b7732,00dff09a,ffff,4000,f,e,4e75,1d
3405,3405,0,400b7732,00dff09a,ffff,4000,f,e,4e75,1d
3406,3406,0,400b7732,00dff09a,ffff,4000,f,e,4e75,2d
3407,3407,0,400b7732,00dff09a,ffff,4000,f,e,4e75,1d
3408,3408,0,400b7732,00dff09a,ffff,4000,f,e,4e75,1d
3409,3409,0,400b7732,00dff09a,ffff,4000,f,e,4e75,2d
3410,3410,0,400b7732,00dff09a,ffff,4000,f,e,4e75,1d
3411,3411,0,400b7732,00dff09a,ffff,4000,f,e,4e75,1d
3412,3412,0,400b7732,00dff09a,ffff,4000,f,e,4e75,2d
3413,3413,0,400b7732,00dff09a,ffff,4000,f,e,4e75,1d
3414,3414,0,400b7732,00dff09a,ffff,4000,f,e,4e75,1d
3415,3415,0,400b7732,00dff09a,ffff,4000,f,e,4e75,2d
3416,3416,0,400b7732,00dff09a,ffff,4000,f,e,4e75,1d
3417,3417,0,400b7732,00dff09a,ffff,4000,f,e,4e75,1d
3418,3418,0,400b7732,00dff09a,ffff,4000,f,e,4e75,2d
3419,3419,0,400b7732,00dff09a,ffff,4000,f,e,4e75,1d
3420,3420,0,400b7732,00dff09a,ffff,4000,f,e,4e75,1d
3421,3421,0,400b7732,00dff09a,ffff,4000,f,e,4e75,2d
3422,3422,0,400b7732,00dff09a,ffff,4000,f,e,4e75,1d
3423,3423,0,400b7732,00dff09a,ffff,4000,f,e,4e75,1d
3424,3424,0,400b7732,00dff09a,ffff,4000,f,e,4e75,2d
3425,3425,0,400b7732,00dff09a,ffff,4000,f,e,4e75,1d
3426,3426,0,400b7732,00dff09a,ffff,4000,f,e,4e75,1d
3427,3427,0,400b7732,00dff09a,ffff,4000,f,e,4e75,2d
3428,3428,0,400b7732,00dff09a,ffff,4000,f,e,4e75,1d
3429,3429,0,400b7732,00dff09a,ffff,4000,f,e,4e75,1d
3430,3430,0,400b7732,00dff09a,ffff,4000,f,e,4e75,2d
3431,3431,0,400b7732,00dff09a,ffff,4000,f,e,4e75,1d
3432,3432,0,400b7732,00dff09a,ffff,4000,f,e,4e75,1d
3433,3433,0,400b7732,00dff09a,ffff,4000,f,e,4e75,2d
3434,3434,0,400b7732,00dff09a,ffff,4000,f,e,4e75,1d
3435,3435,0,400b7732,00dff09a,ffff,4000,f,e,4e75,1d
3436,3436,0,400b7732,00dff09a,ffff,4000,f,e,4e75,2d
3437,3437,0,400b7732,00dff09a,ffff,4000,f,e,4e75,1d
3438,3438,0,400b7732,00dff09a,ffff,4000,f,e,4e75,1d
3439,3439,0,400b7732,00dff09a,ffff,4000,f,e,4e75,2d
3440,3440,0,400b7732,00dff09a,ffff,4000,f,e,4e75,1d
3441,3441,0,400b7732,00dff09a,ffff,4000,f,e,4e75,1d
3442,3442,0,400b7732,00dff09a,ffff,4000,f,e,4e75,2d
3443,3443,0,400b7732,00dff09a,ffff,4000,f,e,4e75,1d
3444,3444,0,400b7732,00dff09a,ffff,4000,f,e,4e75,1d
3445,3445,0,400b7732,00dff09a,ffff,4000,f,e,4e75,2d
3446,3446,0,400b7732,00dff09a,ffff,4000,f,e,4e75,1d
3447,3447,0,400b7732,00dff09a,ffff,4000,f,e,4e75,1d
3448,3448,0,400b7732,00dff09a,ffff,4000,f,e,4e75,2d
3449,3449,0,400b7732,00dff09a,ffff,4000,f,e,4e75,1d
3450,3450,0,400b7732,00dff09a,ffff,4000,f,e,4e75,1d
3451,3451,0,400b7732,00dff09a,ffff,4000,f,e,4e75,2d
3452,3452,0,400b7732,00dff09a,ffff,4000,f,e,4e75,1d
3453,3453,0,400b7732,00dff09a,ffff,4000,f,e,4e75,1d
3454,3454,0,400b7732,00dff09a,ffff,4000,f,e,4e75,2d
3455,3455,0,400b7732,00dff09a,ffff,4000,f,e,4e75,1d
3456,3456,0,400b7732,00dff09a,ffff,4000,f,e,4e75,1d
3457,3457,0,400b7732,00dff09a,ffff,4000,f,e,4e75,2d
3458,3458,0,400b7732,00dff09a,ffff,4000,f,e,4e75,1d
3459,3459,0,400b7732,00dff09a,ffff,4000,f,e,4e75,1d
3460,3460,0,400b7732,00dff09a,ffff,4000,f,e,4e75,2d
3461,3461,0,400b7732,00dff09a,ffff,4000,f,e,4e75,1d
3462,3462,0,400b7732,00dff09a,ffff,4000,f,e,4e75,1d
3463,3463,0,400b7732,00dff09a,ffff,4000,f,e,4e75,2d
3464,3464,0,400b7732,00dff09a,ffff,4000,f,e,4e75,1d
3465,3465,0,400b7732,00dff09a,ffff,4000,f,e,4e75,1d
3466,3466,0,400b7732,00dff09a,ffff,4000,f,e,4e75,2d
3467,3467,0,400b7732,00dff09a,ffff,4000,f,e,4e75,1d
3468,3468,0,400b7732,00dff09a,ffff,4000,f,e,4e75,1d
3469,3469,0,400b7732,00dff09a,ffff,4000,f,e,4e75,2d
3470,3470,0,400b7732,00dff09a,ffff,4000,f,e,4e75,1d
3471,3471,0,400b7732,00dff09a,ffff,4000,f,e,4e75,1d
3472,3472,0,400b7732,00dff09a,ffff,4000,f,e,4e75,2d
3473,3473,0,400b7732,00dff09a,ffff,4000,f,e,4e75,1d
3474,3474,0,400b7732,00dff09a,ffff,4000,f,e,4e75,1d
3475,3475,0,400b7732,00dff09a,ffff,4000,f,e,4e75,2d
3476,3476,0,400b7732,00dff09a,ffff,4000,f,e,4e75,1d
3477,3477,0,400b7732,00dff09a,ffff,4000,f,e,4e75,1d
3478,3478,0,400b7732,00dff09a,ffff,4000,f,e,4e75,2d
3479,3479,0,400b7732,00dff09a,ffff,4000,f,e,4e75,1d
3480,3480,0,400b7732,00dff09a,ffff,4000,f,e,4e75,1d
3481,3481,0,400b7732,00dff09a,ffff,4000,f,e,4e75,2d
3482,3482,0,400b7732,00dff09a,ffff,4000,f,e,4e75,1d
3483,3483,0,400b7732,00dff09a,ffff,4000,f,e,4e75,1d
3484,3484,0,400b7732,00dff09a,ffff,4000,f,e,4e75,2d
3485,3485,0,400b7732,00dff09a,ffff,4000,f,e,4e75,1d
3486,3486,0,400b7732,00dff09a,ffff,4000,f,e,4e75,1d
3487,3487,0,400b7732,00dff09a,ffff,4000,f,e,4e75,2d
3488,3488,0,400b7732,00dff09a,ffff,4000,f,e,4e75,1d
3489,3489,0,400b7732,00dff09a,ffff,4000,f,e,4e75,1d
3490,3490,0,400b7732,00dff09a,ffff,4000,f,e,4e75,2d
3491,3491,0,400b7732,00dff09a,ffff,4000,f,e,4e75,1d
3492,3492,0,400b7732,00dff09a,ffff,4000,f,e,4e75,1d
3493,3493,0,400b7732,00dff09a,ffff,4000,f,e,4e75,2d
3494,3494,0,400b7732,00dff09a,ffff,4000,f,e,4e75,1d
3495,3495,0,400b7732,00dff09a,ffff,4000,f,e,4e75,1d
3496,3496,0,400b7732,00dff09a,ffff,4000,f,e,4e75,2d
3497,3497,0,400b7732,00dff09a,ffff,4000,f,e,4e75,1d
3498,3498,0,400b7732,00dff09a,ffff,4000,f,e,4e75,1d
3499,3499,0,400b7732,00dff09a,ffff,4000,f,e,4e75,2d
3500,3500,0,400b7732,00dff09a,ffff,4000,f,e,4e75,1d
3501,3501,0,400b7732,00dff09a,ffff,4000,f,e,4e75,1d
3502,3502,0,400b7732,00dff09a,ffff,4000,f,e,4e75,2d
3503,3503,0,400b7732,00dff09a,ffff,4000,f,e,4e75,1d
3504,3504,0,400b7732,00dff09a,ffff,4000,f,e,4e75,1d
3505,3505,0,400b7732,00dff09a,ffff,4000,f,e,4e75,2d
3506,3506,0,400b7732,00dff09a,ffff,4000,f,e,4e75,1d
3507,3507,0,400b7732,00dff09a,ffff,4000,f,e,4e75,1d
3508,3508,0,400b7732,00dff09a,ffff,4000,f,e,4e75,2d
3509,3509,0,400b7732,00dff09a,ffff,4000,f,e,4e75,1d
3510,3510,0,400b7732,00dff09a,ffff,4000,f,e,4e75,1d
3511,3511,0,400b7732,00dff09a,ffff,4000,f,e,4e75,2d
3512,3512,0,400b7732,00dff09a,ffff,4000,f,e,4e75,1d
3513,3513,0,400b7732,00dff09a,ffff,4000,f,e,4e75,1d
3514,3514,0,400b7732,00dff09a,ffff,4000,f,e,4e75,2d
3515,3515,0,400b7732,00dff09a,ffff,4000,f,e,4e75,1d
3516,3516,0,400b7732,00dff09a,ffff,4000,f,e,4e75,1d
3517,3517,0,400b7732,00dff09a,ffff,4000,f,e,4e75,2d
3518,3518,0,400b7732,00dff09a,ffff,4000,f,e,4e75,1d
3519,3519,0,400b7732,00dff09a,ffff,4000,f,e,4e75,1d
3520,3520,0,400b7732,00dff09a,ffff,4000,f,e,4e75,2d
3521,3521,0,400b7732,00dff09a,ffff,4000,f,e,4e75,1d
3522,3522,0,400b7732,00dff09a,ffff,4000,f,e,4e75,1d
3523,3523,0,400b7732,00dff09a,ffff,4000,f,e,4e75,2d
3524,3524,0,400b7732,00dff09a,ffff,4000,f,e,4e75,1d
3525,3525,0,400b7732,00dff09a,ffff,4000,f,e,4e75,1d
3526,3526,0,400b7732,00dff09a,ffff,4000,f,e,4e75,2d
3527,3527,0,400b7732,00dff09a,ffff,4000,f,e,4e75,1d
3528,3528,0,400b7732,00dff09a,ffff,4000,f,e,4e75,1d
3529,3529,0,400b7732,00dff09a,ffff,4000,f,e,4e75,2d
3530,3530,0,400b7732,00dff09a,ffff,4000,f,e,4e75,1d
3531,3531,0,400b7732,00dff09a,ffff,4000,f,e,4e75,1d
3532,3532,0,400b7732,00dff09a,ffff,4000,f,e,4e75,2d
3533,3533,0,400b7732,00dff09a,ffff,4000,f,e,4e75,1d
3534,3534,0,400b7732,00dff09a,ffff,4000,f,e,4e75,1d
3535,3535,0,400b7732,00dff09a,ffff,4000,f,e,4e75,2d
3536,3536,0,400b7732,00dff09a,ffff,4000,f,e,4e75,1d
3537,3537,0,400b7732,00dff09a,ffff,4000,f,e,4e75,1d
3538,3538,0,400b7732,00dff09a,ffff,4000,f,e,4e75,2d
3539,3539,0,400b7732,00dff09a,ffff,4000,f,e,4e75,1d
3540,3540,0,400b7732,00dff09a,ffff,4000,f,e,4e75,1d
3541,3541,0,400b7732,00dff09a,ffff,4000,f,e,4e75,2d
3542,3542,0,400b7732,00dff09a,ffff,4000,f,e,4e75,1d
3543,3543,0,400b7732,00dff09a,ffff,4000,f,e,4e75,1d
3544,3544,0,400b7732,00dff09a,ffff,4000,f,e,4e75,2d
3545,3545,0,400b7732,00dff09a,ffff,4000,f,e,4e75,1d
3546,3546,0,400b7732,00dff09a,ffff,4000,f,e,4e75,1d
3547,3547,0,400b7732,00dff09a,ffff,4000,f,e,4e75,2d
3548,3548,0,400b7732,00dff09a,ffff,4000,f,e,4e75,1d
3549,3549,0,400b7732,00dff09a,ffff,4000,f,e,4e75,1d
3550,3550,0,400b7732,00dff09a,ffff,4000,f,e,4e75,2d
3551,3551,0,400b7732,00dff09a,ffff,4000,f,e,4e75,1d
3552,3552,0,400b7732,00dff09a,ffff,4000,f,e,4e75,1d
3553,3553,0,400b7732,00dff09a,ffff,4000,f,e,4e75,2d
3554,3554,0,400b7732,00dff09a,ffff,4000,f,e,4e75,1d
3555,3555,0,400b7732,00dff09a,ffff,4000,f,e,4e75,1d
3556,3556,0,400b7732,00dff09a,ffff,4000,f,e,4e75,2d
3557,3557,0,400b7732,00dff09a,ffff,4000,f,e,4e75,1d
3558,3558,0,400b7732,00dff09a,ffff,4000,f,e,4e75,1d
3559,3559,0,400b7732,00dff09a,ffff,4000,f,e,4e75,2d
3560,3560,0,400b7732,00dff09a,ffff,4000,f,e,4e75,1d
3561,3561,0,400b7732,00dff09a,ffff,4000,f,e,4e75,1d
3562,3562,0,400b7732,00dff09a,ffff,4000,f,e,4e75,2d
3563,3563,0,400b7732,00dff09a,ffff,4000,f,e,4e75,1d
3564,3564,0,400b7732,00dff09a,ffff,4000,f,e,4e75,1d
3565,3565,0,400b7732,00dff09a,ffff,4000,f,e,4e75,2d
3566,3566,0,400b7732,00dff09a,ffff,4000,f,e,4e75,1d
3567,3567,0,400b7732,00dff09a,ffff,4000,f,e,4e75,1d
3568,3568,0,400b7732,00dff09a,ffff,4000,f,e,4e75,2d
3569,3569,0,400b7732,00dff09a,ffff,4000,f,e,4e75,1d
3570,3570,0,400b7732,00dff09a,ffff,4000,f,e,4e75,1d
3571,3571,0,400b7732,00dff09a,ffff,4000,f,e,4e75,2d
3572,3572,0,400b7732,00dff09a,ffff,4000,f,e,4e75,1d
3573,3573,0,400b7732,00dff09a,ffff,4000,f,e,4e75,1d
3574,3574,0,400b7732,00dff09a,ffff,4000,f,e,4e75,2d
3575,3575,0,400b7732,00dff09a,ffff,4000,f,e,4e75,1d
3576,3576,0,400b7732,00dff09a,ffff,4000,f,e,4e75,1d
3577,3577,0,400b7732,00dff09a,ffff,4000,f,e,4e75,2d
3578,3578,0,400b7732,00dff09a,ffff,4000,f,e,4e75,1d
3579,3579,0,400b7732,00dff09a,ffff,4000,f,e,4e75,1d
3580,3580,0,400b7732,00dff09a,ffff,4000,f,e,4e75,2d
3581,3581,0,400b7732,00dff09a,ffff,4000,f,e,4e75,1d
3582,3582,0,400b7732,00dff09a,ffff,4000,f,e,4e75,1d
3583,3583,0,400b7732,00dff09a,ffff,4000,f,e,4e75,2d
3584,3584,0,400b7732,00dff09a,ffff,4000,f,e,4e75,1d
3585,3585,0,400b7732,00dff09a,ffff,4000,f,e,4e75,1d
3586,3586,0,400b7732,00dff09a,ffff,4000,f,e,4e75,2d
3587,3587,0,400b7732,00dff09a,ffff,4000,f,e,4e75,1d
3588,3588,0,400b7732,00dff09a,ffff,4000,f,e,4e75,1d
3589,3589,0,400b7732,00dff09a,ffff,4000,f,e,4e75,2d
3590,3590,0,400b7732,00dff09a,ffff,4000,f,e,4e75,1d
3591,3591,0,400b7732,00dff09a,ffff,4000,f,e,4e75,1d
3592,3592,0,400b7732,00dff09a,ffff,4000,f,e,4e75,2d
3593,3593,0,400b7732,00dff09a,ffff,4000,f,e,4e75,1d
3594,3594,0,400b7732,00dff09a,ffff,4000,f,e,4e75,1d
3595,3595,0,400b7732,00dff09a,ffff,4000,f,e,4e75,2d
3596,3596,0,400b7732,00dff09a,ffff,4000,f,e,4e75,1d
3597,3597,0,400b7732,00dff09a,ffff,4000,f,e,4e75,1d
3598,3598,0,400b7732,00dff09a,ffff,4000,f,e,4e75,2d
3599,3599,0,400b7732,00dff09a,ffff,4000,f,e,4e75,1d
3600,3600,0,400b7732,00dff09a,ffff,4000,f,e,4e75,1d
3601,3601,0,400b7732,00dff09a,ffff,4000,f,e,4e75,2d
3602,3602,0,400b7732,00dff09a,ffff,4000,f,e,4e75,1d
3603,3603,0,400b7732,00dff09a,ffff,4000,f,e,4e75,1d
3604,3604,0,400b7732,00dff09a,ffff,4000,f,e,4e75,2d
3605,3605,0,400b7732,00dff09a,ffff,4000,f,e,4e75,1d
3606,3606,0,400b7732,00dff09a,ffff,4000,f,e,4e75,1d
3607,3607,0,400b7732,00dff09a,ffff,4000,f,e,4e75,2d
3608,3608,0,400b7732,00dff09a,ffff,4000,f,e,4e75,1d
3609,3609,0,400b7732,00dff09a,ffff,4000,f,e,4e75,1d
3610,3610,0,400b7732,00dff09a,ffff,4000,f,e,4e75,2d
3611,3611,0,400b7732,00dff09a,ffff,4000,f,e,4e75,1d
3612,3612,0,400b7732,00dff09a,ffff,4000,f,e,4e75,1d
3613,3613,0,400b7732,00dff09a,ffff,4000,f,e,4e75,2d
3614,3614,0,400b7732,00dff09a,ffff,4000,f,e,4e75,1d
3615,3615,0,400b7732,00dff09a,ffff,4000,f,e,4e75,1d
3616,3616,0,400b7732,00dff09a,ffff,4000,f,e,4e75,2d
3617,3617,0,400b7732,00dff09a,ffff,4000,f,e,4e75,1d
3618,3618,0,400b7732,00dff09a,ffff,4000,f,e,4e75,1d
3619,3619,0,400b7732,00dff09a,ffff,4000,f,e,4e75,2d
3620,3620,0,400b7732,00dff09a,ffff,4000,f,e,4e75,1d
3621,3621,0,400b7732,00dff09a,ffff,4000,f,e,4e75,1d
3622,3622,0,400b7732,00dff09a,ffff,4000,f,e,4e75,2d
3623,3623,0,400b7732,00dff09a,ffff,4000,f,e,4e75,1d
3624,3624,0,400b7732,00dff09a,ffff,4000,f,e,4e75,1d
3625,3625,0,400b7732,00dff09a,ffff,4000,f,e,4e75,2d
3626,3626,0,400b7732,00dff09a,ffff,4000,f,e,4e75,1d
3627,3627,0,400b7732,00dff09a,ffff,4000,f,e,4e75,1d
3628,3628,0,400b7732,00dff09a,ffff,4000,f,e,4e75,2d
3629,3629,0,400b7732,00dff09a,ffff,4000,f,e,4e75,1d
3630,3630,0,400b7732,00dff09a,ffff,4000,f,e,4e75,1d
3631,3631,0,400b7732,00dff09a,ffff,4000,f,e,4e75,2d
3632,3632,0,400b7732,00dff09a,ffff,4000,f,e,4e75,1d
3633,3633,0,400b7732,00dff09a,ffff,4000,f,e,4e75,1d
3634,3634,0,400b7732,00dff09a,ffff,4000,f,e,4e75,2d
3635,3635,0,400b7732,00dff09a,ffff,4000,f,e,4e75,1d
3636,3636,0,400b7732,00dff09a,ffff,4000,f,e,4e75,1d
3637,3637,0,400b7732,00dff09a,ffff,4000,f,e,4e75,2d
3638,3638,0,400b7732,00dff09a,ffff,4000,f,e,4e75,1d
3639,3639,0,400b7732,00dff09a,ffff,4000,f,e,4e75,1d
3640,3640,0,400b7732,00dff09a,ffff,4000,f,e,4e75,2d
3641,3641,0,400b7732,00dff09a,ffff,4000,f,e,4e75,1d
3642,3642,0,400b7732,00dff09a,ffff,4000,f,e,4e75,1d
3643,3643,0,400b7732,00dff09a,ffff,4000,f,e,4e75,2d
3644,3644,0,400b7732,00dff09a,ffff,4000,f,e,4e75,1d
3645,3645,0,400b7732,00dff09a,ffff,4000,f,e,4e75,1d
3646,3646,0,400b7732,00dff09a,ffff,4000,f,e,4e75,2d
3647,3647,0,400b7732,00dff09a,ffff,4000,f,e,4e75,1d
3648,3648,0,400b7732,00dff09a,ffff,4000,f,e,4e75,1d
3649,3649,0,400b7732,00dff09a,ffff,4000,f,e,4e75,2d
3650,3650,0,400b7732,00dff09a,ffff,4000,f,e,4e75,1d
3651,3651,0,400b7732,00dff09a,ffff,4000,f,e,4e75,1d
3652,3652,0,400b7732,00dff09a,ffff,4000,f,e,4e75,2d
3653,3653,0,400b7732,00dff09a,ffff,4000,f,e,4e75,1d
3654,3654,0,400b7732,00dff09a,ffff,4000,f,e,4e75,1d
3655,3655,0,400b7732,00dff09a,ffff,4000,f,e,4e75,2d
3656,3656,0,400b7732,00dff09a,ffff,4000,f,e,4e75,1d
3657,3657,0,400b7732,00dff09a,ffff,4000,f,e,4e75,1d
3658,3658,0,400b7732,00dff09a,ffff,4000,f,e,4e75,2d
3659,3659,0,400b7732,00dff09a,ffff,4000,f,e,4e75,1d
3660,3660,0,400b7732,00dff09a,ffff,4000,f,e,4e75,1d
3661,3661,0,400b7732,00dff09a,ffff,4000,f,e,4e75,2d
3662,3662,0,400b7732,00dff09a,ffff,4000,f,e,4e75,1d
3663,3663,0,400b7732,00dff09a,ffff,4000,f,e,4e75,1d
3664,3664,0,400b7732,00dff09a,ffff,4000,f,e,4e75,2d
3665,3665,0,400b7732,00dff09a,ffff,4000,f,e,4e75,1d
3666,3666,0,400b7732,00dff09a,ffff,4000,f,e,4e75,1d
3667,3667,0,400b7732,00dff09a,ffff,4000,f,e,4e75,2d
3668,3668,0,400b7732,00dff09a,ffff,4000,f,e,4e75,1d
3669,3669,0,400b7732,00dff09a,ffff,4000,f,e,4e75,1d
3670,3670,0,400b7732,00dff09a,ffff,4000,f,e,4e75,2d
3671,3671,0,400b7732,00dff09a,ffff,4000,f,e,4e75,1d
3672,3672,0,400b7732,00dff09a,ffff,4000,f,e,4e75,1d
3673,3673,0,400b7732,00dff09a,ffff,4000,f,e,4e75,2d
3674,3674,0,400b7732,00dff09a,ffff,4000,f,e,4e75,1d
3675,3675,0,400b7732,00dff09a,ffff,4000,f,e,4e75,1d
3676,3676,0,400b7732,00dff09a,ffff,4000,f,e,4e75,2d
3677,3677,0,400b7732,00dff09a,ffff,4000,f,e,4e75,1d
3678,3678,0,400b7732,00dff09a,ffff,4000,f,e,4e75,1d
3679,3679,0,400b7732,00dff09a,ffff,4000,f,e,4e75,2d
3680,3680,0,400b7732,00dff09a,ffff,4000,f,e,4e75,1d
3681,3681,0,400b7732,00dff09a,ffff,4000,f,e,4e75,1d
3682,3682,0,400b7732,00dff09a,ffff,4000,f,e,4e75,2d
3683,3683,0,400b7732,00dff09a,ffff,4000,f,e,4e75,1d
3684,3684,0,400b7732,00dff09a,ffff,4000,f,e,4e75,1d
3685,3685,0,400b7732,00dff09a,ffff,4000,f,e,4e75,2d
3686,3686,0,400b7732,00dff09a,ffff,4000,f,e,4e75,1d
3687,3687,0,400b7732,00dff09a,ffff,4000,f,e,4e75,1d
3688,3688,0,400b7732,00dff09a,ffff,4000,f,e,4e75,2d
3689,3689,0,400b7732,00dff09a,ffff,4000,f,e,4e75,1d
3690,3690,0,400b7732,00dff09a,ffff,4000,f,e,4e75,1d
3691,3691,0,400b7732,00dff09a,ffff,4000,f,e,4e75,2d
3692,3692,0,400b7732,00dff09a,ffff,4000,f,e,4e75,1d
3693,3693,0,400b7732,00dff09a,ffff,4000,f,e,4e75,1d
3694,3694,0,400b7732,00dff09a,ffff,4000,f,e,4e75,2d
3695,3695,0,400b7732,00dff09a,ffff,4000,f,e,4e75,1d
3696,3696,0,400b7732,00dff09a,ffff,4000,f,e,4e75,1d
3697,3697,0,400b7732,00dff09a,ffff,4000,f,e,4e75,2d
3698,3698,0,400b7732,00dff09a,ffff,4000,f,e,4e75,1d
3699,3699,0,400b7732,00dff09a,ffff,4000,f,e,4e75,1d
3700,3700,0,400b7732,00dff09a,ffff,4000,f,e,4e75,2d
3701,3701,0,400b7732,00dff09a,ffff,4000,f,e,4e75,1d
3702,3702,0,400b7732,00dff09a,ffff,4000,f,e,4e75,1d
3703,3703,0,400b7732,00dff09a,ffff,4000,f,e,4e75,2d
3704,3704,0,400b7732,00dff09a,ffff,4000,f,e,4e75,1d
3705,3705,0,400b7732,00dff09a,ffff,4000,f,e,4e75,1d
3706,3706,0,400b7732,00dff09a,ffff,4000,f,e,4e75,2d
3707,3707,0,400b7732,00dff09a,ffff,4000,f,e,4e75,1d
3708,3708,0,400b7732,00dff09a,ffff,4000,f,e,4e75,1d
3709,3709,0,400b7732,00dff09a,ffff,4000,f,e,4e75,2d
3710,3710,0,400b7732,00dff09a,ffff,4000,f,e,4e75,1d
3711,3711,0,400b7732,00dff09a,ffff,4000,f,e,4e75,1d
3712,3712,0,400b7732,00dff09a,ffff,4000,f,e,4e75,2d
3713,3713,0,400b7732,00dff09a,ffff,4000,f,e,4e75,1d
3714,3714,0,400b7732,00dff09a,ffff,4000,f,e,4e75,1d
3715,3715,0,400b7732,00dff09a,ffff,4000,f,e,4e75,2d
3716,3716,0,400b7732,00dff09a,ffff,4000,f,e,4e75,1d
3717,3717,0,400b7732,00dff09a,ffff,4000,f,e,4e75,1d
3718,3718,0,400b7732,00dff09a,ffff,4000,f,e,4e75,2d
3719,3719,0,400b7732,00dff09a,ffff,4000,f,e,4e75,1d
3720,3720,0,400b7732,00dff09a,ffff,4000,f,e,4e75,1d
3721,3721,0,400b7732,00dff09a,ffff,4000,f,e,4e75,2d
3722,3722,0,400b7732,00dff09a,ffff,4000,f,e,4e75,1d
3723,3723,0,400b7732,00dff09a,ffff,4000,f,e,4e75,1d
3724,3724,0,400b7732,00dff09a,ffff,4000,f,e,4e75,2d
3725,3725,0,400b7732,00dff09a,ffff,4000,f,e,4e75,1d
3726,3726,0,400b7732,00dff09a,ffff,4000,f,e,4e75,1d
3727,3727,0,400b7732,00dff09a,ffff,4000,f,e,4e75,2d
3728,3728,0,400b7732,00dff09a,ffff,4000,f,e,4e75,1d
3729,3729,0,400b7732,00dff09a,ffff,4000,f,e,4e75,1d
3730,3730,0,400b7732,00dff09a,ffff,4000,f,e,4e75,2d
3731,3731,0,400b7732,00dff09a,ffff,4000,f,e,4e75,1d
3732,3732,0,400b7732,00dff09a,ffff,4000,f,e,4e75,1d
3733,3733,0,400b7732,00dff09a,ffff,4000,f,e,4e75,2d
3734,3734,0,400b7732,00dff09a,ffff,4000,f,e,4e75,1d
3735,3735,0,400b7732,00dff09a,ffff,4000,f,e,4e75,1d
3736,3736,0,400b7732,00dff09a,ffff,4000,f,e,4e75,2d
3737,3737,0,400b7732,00dff09a,ffff,4000,f,e,4e75,1d
3738,3738,0,400b7732,00dff09a,ffff,4000,f,e,4e75,1d
3739,3739,0,400b7732,00dff09a,ffff,4000,f,e,4e75,2d
3740,3740,0,400b7732,00dff09a,ffff,4000,f,e,4e75,1d
3741,3741,0,400b7732,00dff09a,ffff,4000,f,e,4e75,1d
3742,3742,0,400b7732,00dff09a,ffff,4000,f,e,4e75,2d
3743,3743,0,400b7732,00dff09a,ffff,4000,f,e,4e75,1d
3744,3744,0,400b7732,00dff09a,ffff,4000,f,e,4e75,1d
3745,3745,0,400b7732,00dff09a,ffff,4000,f,e,4e75,2d
3746,3746,0,400b7732,00dff09a,ffff,4000,f,e,4e75,1d
3747,3747,0,400b7732,00dff09a,ffff,4000,f,e,4e75,1d
3748,3748,0,400b7732,00dff09a,ffff,4000,f,e,4e75,2d
3749,3749,0,400b7732,00dff09a,ffff,4000,f,e,4e75,1d
3750,3750,0,400b7732,00dff09a,ffff,4000,f,e,4e75,1d
3751,3751,0,400b7732,00dff09a,ffff,4000,f,e,4e75,2d
3752,3752,0,400b7732,00dff09a,ffff,4000,f,e,4e75,1d
3753,3753,0,400b7732,00dff09a,ffff,4000,f,e,4e75,1d
3754,3754,0,400b7732,00dff09a,ffff,4000,f,e,4e75,2d
3755,3755,0,400b7732,00dff09a,ffff,4000,f,e,4e75,1d
3756,3756,0,400b7732,00dff09a,ffff,4000,f,e,4e75,1d
3757,3757,0,400b7732,00dff09a,ffff,4000,f,e,4e75,2d
3758,3758,0,400b7732,00dff09a,ffff,4000,f,e,4e75,1d
3759,3759,0,400b7732,00dff09a,ffff,4000,f,e,4e75,1d
3760,3760,0,400b7732,00dff09a,ffff,4000,f,e,4e75,2d
3761,3761,0,400b7732,00dff09a,ffff,4000,f,e,4e75,1d
3762,3762,0,400b7732,00dff09a,ffff,4000,f,e,4e75,1d
3763,3763,0,400b7732,00dff09a,ffff,4000,f,e,4e75,2d
3764,3764,0,400b7732,00dff09a,ffff,4000,f,e,4e75,1d
3765,3765,0,400b7732,00dff09a,ffff,4000,f,e,4e75,1d
3766,3766,0,400b7732,00dff09a,ffff,4000,f,e,4e75,2d
3767,3767,0,400b7732,00dff09a,ffff,4000,f,e,4e75,1d
3768,3768,0,400b7732,00dff09a,ffff,4000,f,e,4e75,1d
3769,3769,0,400b7732,00dff09a,ffff,4000,f,e,4e75,2d
3770,3770,0,400b7732,00dff09a,ffff,4000,f,e,4e75,1d
3771,3771,0,400b7732,00dff09a,ffff,4000,f,e,4e75,1d
3772,3772,0,400b7732,00dff09a,ffff,4000,f,e,4e75,2d
3773,3773,0,400b7732,00dff09a,ffff,4000,f,e,4e75,1d
3774,3774,0,400b7732,00dff09a,ffff,4000,f,e,4e75,1d
3775,3775,0,400b7732,00dff09a,ffff,4000,f,e,4e75,2d
3776,3776,0,400b7732,00dff09a,ffff,4000,f,e,4e75,1d
3777,3777,0,400b7732,00dff09a,ffff,4000,f,e,4e75,1d
3778,3778,0,400b7732,00dff09a,ffff,4000,f,e,4e75,2d
3779,3779,0,400b7732,00dff09a,ffff,4000,f,e,4e75,1d
3780,3780,0,400b7732,00dff09a,ffff,4000,f,e,4e75,1d
3781,3781,0,400b7732,00dff09a,ffff,4000,f,e,4e75,2d
3782,3782,0,400b7732,00dff09a,ffff,4000,f,e,4e75,1d
3783,3783,0,400b7732,00dff09a,ffff,4000,f,e,4e75,1d
3784,3784,0,400b7732,00dff09a,ffff,4000,f,e,4e75,2d
3785,3785,0,400b7732,00dff09a,ffff,4000,f,e,4e75,1d
3786,3786,0,400b7732,00dff09a,ffff,4000,f,e,4e75,1d
3787,3787,0,400b7732,00dff09a,ffff,4000,f,e,4e75,2d
3788,3788,0,400b7732,00dff09a,ffff,4000,f,e,4e75,1d
3789,3789,0,400b7732,00dff09a,ffff,4000,f,e,4e75,1d
3790,3790,0,400b7732,00dff09a,ffff,4000,f,e,4e75,2d
3791,3791,0,400b7732,00dff09a,ffff,4000,f,e,4e75,1d
3792,3792,0,400b7732,00dff09a,ffff,4000,f,e,4e75,1d
3793,3793,0,400b7732,00dff09a,ffff,4000,f,e,4e75,2d
3794,3794,0,400b7732,00dff09a,ffff,4000,f,e,4e75,1d
3795,3795,0,400b7732,00dff09a,ffff,4000,f,e,4e75,1d
3796,3796,0,400b7732,00dff09a,ffff,4000,f,e,4e75,2d
3797,3797,0,400b7732,00dff09a,ffff,4000,f,e,4e75,1d
3798,3798,0,400b7732,00dff09a,ffff,4000,f,e,4e75,1d
3799,3799,0,400b7732,00dff09a,ffff,4000,f,e,4e75,2d
3800,3800,0,400b7732,00dff09a,ffff,4000,f,e,4e75,1d
3801,3801,0,400b7732,00dff09a,ffff,4000,f,e,4e75,1d
3802,3802,0,400b7732,00dff09a,ffff,4000,f,e,4e75,2d
3803,3803,0,400b7732,00dff09a,ffff,4000,f,e,4e75,1d
3804,3804,0,400b7732,00dff09a,ffff,4000,f,e,4e75,1d
3805,3805,0,400b7732,00dff09a,ffff,4000,f,e,4e75,2d
3806,3806,0,400b7732,00dff09a,ffff,4000,f,e,4e75,1d
3807,3807,0,400b7732,00dff09a,ffff,4000,f,e,4e75,1d
3808,3808,0,400b7732,00dff09a,ffff,4000,f,e,4e75,2d
3809,3809,0,400b7732,00dff09a,ffff,4000,f,e,4e75,1d
3810,3810,0,400b7732,00dff09a,ffff,4000,f,e,4e75,1d
3811,3811,0,400b7732,00dff09a,ffff,4000,f,e,4e75,2d
3812,3812,0,400b7732,00dff09a,ffff,4000,f,e,4e75,1d
3813,3813,0,400b7732,00dff09a,ffff,4000,f,e,4e75,1d
3814,3814,0,400b7732,00dff09a,ffff,4000,f,e,4e75,2d
3815,3815,0,400b7732,00dff09a,ffff,4000,f,e,4e75,1d
3816,3816,0,400b7732,00dff09a,ffff,4000,f,e,4e75,1d
3817,3817,0,400b7732,00dff09a,ffff,4000,f,e,4e75,2d
3818,3818,0,400b7732,00dff09a,ffff,4000,f,e,4e75,1d
3819,3819,0,400b7732,00dff09a,ffff,4000,f,e,4e75,1d
3820,3820,0,400b7732,00dff09a,ffff,4000,f,e,4e75,2d
3821,3821,0,400b7732,00dff09a,ffff,4000,f,e,4e75,1d
3822,3822,0,400b7732,00dff09a,ffff,4000,f,e,4e75,1d
3823,3823,0,400b7732,00dff09a,ffff,4000,f,e,4e75,2d
3824,3824,0,400b7732,00dff09a,ffff,4000,f,e,4e75,1d
3825,3825,0,400b7732,00dff09a,ffff,4000,f,e,4e75,1d
3826,3826,0,400b7732,00dff09a,ffff,4000,f,e,4e75,2d
3827,3827,0,400b7732,00dff09a,ffff,4000,f,e,4e75,1d
3828,3828,0,400b7732,00dff09a,ffff,4000,f,e,4e75,1d
3829,3829,0,400b7732,00dff09a,ffff,4000,f,e,4e75,2d
3830,3830,0,400b7732,00dff09a,ffff,4000,f,e,4e75,1d
3831,3831,0,400b7732,00dff09a,ffff,4000,f,e,4e75,1d
3832,3832,0,400b7732,00dff09a,ffff,4000,f,e,4e75,2d
3833,3833,0,400b7732,00dff09a,ffff,4000,f,e,4e75,1d
3834,3834,0,400b7732,00dff09a,ffff,4000,f,e,4e75,1d
3835,3835,0,400b7732,00dff09a,ffff,4000,f,e,4e75,2d
3836,3836,0,400b7732,00dff09a,ffff,4000,f,e,4e75,1d
3837,3837,0,400b7732,00dff09a,ffff,4000,f,e,4e75,1d
3838,3838,0,400b7732,00dff09a,ffff,4000,f,e,4e75,2d
3839,3839,0,400b7732,00dff09a,ffff,4000,f,e,4e75,1d
3840,3840,0,400b7732,00dff09a,ffff,4000,f,e,4e75,1d
3841,3841,0,400b7732,00dff09a,ffff,4000,f,e,4e75,2d
3842,3842,0,400b7732,00dff09a,ffff,4000,f,e,4e75,1d
3843,3843,0,400b7732,00dff09a,ffff,4000,f,e,4e75,1d
3844,3844,0,400b7732,00dff09a,ffff,4000,f,e,4e75,2d
3845,3845,0,400b7732,00dff09a,ffff,4000,f,e,4e75,1d
3846,3846,0,400b7732,00dff09a,ffff,4000,f,e,4e75,1d
3847,3847,0,400b7732,00dff09a,ffff,4000,f,e,4e75,2d
3848,3848,0,400b7732,00dff09a,ffff,4000,f,e,4e75,1d
3849,3849,0,400b7732,00dff09a,ffff,4000,f,e,4e75,1d
3850,3850,0,400b7732,00dff09a,ffff,4000,f,e,4e75,2d
3851,3851,0,400b7732,00dff09a,ffff,4000,f,e,4e75,1d
3852,3852,0,400b7732,00dff09a,ffff,4000,f,e,4e75,1d
3853,3853,0,400b7732,00dff09a,ffff,4000,f,e,4e75,2d
3854,3854,0,400b7732,00dff09a,ffff,4000,f,e,4e75,1d
3855,3855,0,400b7732,00dff09a,ffff,4000,f,e,4e75,1d
3856,3856,0,400b7732,00dff09a,ffff,4000,f,e,4e75,2d
3857,3857,0,400b7732,00dff09a,ffff,4000,f,e,4e75,1d
3858,3858,0,400b7732,00dff09a,ffff,4000,f,e,4e75,1d
3859,3859,0,400b7732,00dff09a,ffff,4000,f,e,4e75,2d
3860,3860,0,400b7732,00dff09a,ffff,4000,f,e,4e75,1d
3861,3861,0,400b7732,00dff09a,ffff,4000,f,e,4e75,1d
3862,3862,0,400b7732,00dff09a,ffff,4000,f,e,4e75,2d
3863,3863,0,400b7732,00dff09a,ffff,4000,f,e,4e75,1d
3864,3864,0,400b7732,00dff09a,ffff,4000,f,e,4e75,1d
3865,3865,0,400b7732,00dff09a,ffff,4000,f,e,4e75,2d
3866,3866,0,400b7732,00dff09a,ffff,4000,f,e,4e75,1d
3867,3867,0,400b7732,00dff09a,ffff,4000,f,e,4e75,1d
3868,3868,0,400b7732,00dff09a,ffff,4000,f,e,4e75,2d
3869,3869,0,400b7732,00dff09a,ffff,4000,f,e,4e75,1d
3870,3870,0,400b7732,00dff09a,ffff,4000,f,e,4e75,1d
3871,3871,0,400b7732,00dff09a,ffff,4000,f,e,4e75,2d
3872,3872,0,400b7732,00dff09a,ffff,4000,f,e,4e75,1d
3873,3873,0,400b7732,00dff09a,ffff,4000,f,e,4e75,1d
3874,3874,0,400b7732,00dff09a,ffff,4000,f,e,4e75,2d
3875,3875,0,400b7732,00dff09a,ffff,4000,f,e,4e75,1d
3876,3876,0,400b7732,00dff09a,ffff,4000,f,e,4e75,1d
3877,3877,0,400b7732,00dff09a,ffff,4000,f,e,4e75,2d
3878,3878,0,400b7732,00dff09a,ffff,4000,f,e,4e75,1d
3879,3879,0,400b7732,00dff09a,ffff,4000,f,e,4e75,1d
3880,3880,0,400b7732,00dff09a,ffff,4000,f,e,4e75,2d
3881,3881,0,400b7732,00dff09a,ffff,4000,f,e,4e75,1d
3882,3882,0,400b7732,00dff09a,ffff,4000,f,e,4e75,1d
3883,3883,0,400b7732,00dff09a,ffff,4000,f,e,4e75,2d
3884,3884,0,400b7732,00dff09a,ffff,4000,f,e,4e75,1d
3885,3885,0,400b7732,00dff09a,ffff,4000,f,e,4e75,1d
3886,3886,0,400b7732,00dff09a,ffff,4000,f,e,4e75,2d
3887,3887,0,400b7732,00dff09a,ffff,4000,f,e,4e75,1d
3888,3888,0,400b7732,00dff09a,ffff,4000,f,e,4e75,1d
3889,3889,0,400b7732,00dff09a,ffff,4000,f,e,4e75,2d
3890,3890,0,400b7732,00dff09a,ffff,4000,f,e,4e75,1d
3891,3891,0,400b7732,00dff09a,ffff,4000,f,e,4e75,1d
3892,3892,0,400b7732,00dff09a,ffff,4000,f,e,4e75,2d
3893,3893,0,400b7732,00dff09a,ffff,4000,f,e,4e75,1d
3894,3894,0,400b7732,00dff09a,ffff,4000,f,e,4e75,1d
3895,3895,0,400b7732,00dff09a,ffff,4000,f,e,4e75,2d
3896,3896,0,400b7732,00dff09a,ffff,4000,f,e,4e75,1d
3897,3897,0,400b7732,00dff09a,ffff,4000,f,e,4e75,1d
3898,3898,0,400b7732,00dff09a,ffff,4000,f,e,4e75,2d
3899,3899,0,400b7732,00dff09a,ffff,4000,f,e,4e75,1d
3900,3900,0,400b7732,00dff09a,ffff,4000,f,e,4e75,1d
3901,3901,0,400b7732,00dff09a,ffff,4000,f,e,4e75,2d
3902,3902,0,400b7732,00dff09a,ffff,4000,f,e,4e75,1d
3903,3903,0,400b7732,00dff09a,ffff,4000,f,e,4e75,1d
3904,3904,0,400b7732,00dff09a,ffff,4000,f,e,4e75,2d
3905,3905,0,400b7732,00dff09a,ffff,4000,f,e,4e75,1d
3906,3906,0,400b7732,00dff09a,ffff,4000,f,e,4e75,1d
3907,3907,0,400b7732,00dff09a,ffff,4000,f,e,4e75,2d
3908,3908,0,400b7732,00dff09a,ffff,4000,f,e,4e75,1d
3909,3909,0,400b7732,00dff09a,ffff,4000,f,e,4e75,1d
3910,3910,0,400b7732,00dff09a,ffff,4000,f,e,4e75,2d
3911,3911,0,400b7732,00dff09a,ffff,4000,f,e,4e75,1d
3912,3912,0,400b7732,00dff09a,ffff,4000,f,e,4e75,1d
3913,3913,0,400b7732,00dff09a,ffff,4000,f,e,4e75,2d
3914,3914,0,400b7732,00dff09a,ffff,4000,f,e,4e75,1d
3915,3915,0,400b7732,00dff09a,ffff,4000,f,e,4e75,1d
3916,3916,0,400b7732,00dff09a,ffff,4000,f,e,4e75,2d
3917,3917,0,400b7732,00dff09a,ffff,4000,f,e,4e75,1d
3918,3918,0,400b7732,00dff09a,ffff,4000,f,e,4e75,1d
3919,3919,0,400b7732,00dff09a,ffff,4000,f,e,4e75,2d
3920,3920,0,400b7732,00dff09a,ffff,4000,f,e,4e75,1d
3921,3921,0,400b7732,00dff09a,ffff,4000,f,e,4e75,1d
3922,3922,0,400b7732,00dff09a,ffff,4000,f,e,4e75,2d
3923,3923,0,400b7732,00dff09a,ffff,4000,f,e,4e75,1d
3924,3924,0,400b7732,00dff09a,ffff,4000,f,e,4e75,1d
3925,3925,0,400b7732,00dff09a,ffff,4000,f,e,4e75,2d
3926,3926,0,400b7732,00dff09a,ffff,4000,f,e,4e75,1d
3927,3927,0,400b7732,00dff09a,ffff,4000,f,e,4e75,1d
3928,3928,0,400b7732,00dff09a,ffff,4000,f,e,4e75,2d
3929,3929,0,400b7732,00dff09a,ffff,4000,f,e,4e75,1d
3930,3930,0,400b7732,00dff09a,ffff,4000,f,e,4e75,1d
3931,3931,0,400b7732,00dff09a,ffff,4000,f,e,4e75,2d
3932,3932,0,400b7732,00dff09a,ffff,4000,f,e,4e75,1d
3933,3933,0,400b7732,00dff09a,ffff,4000,f,e,4e75,1d
3934,3934,0,400b7732,00dff09a,ffff,4000,f,e,4e75,2d
3935,3935,0,400b7732,00dff09a,ffff,4000,f,e,4e75,1d
3936,3936,0,400b7732,00dff09a,ffff,4000,f,e,4e75,1d
3937,3937,0,400b7732,00dff09a,ffff,4000,f,e,4e75,2d
3938,3938,0,400b7732,00dff09a,ffff,4000,f,e,4e75,1d
3939,3939,0,400b7732,00dff09a,ffff,4000,f,e,4e75,1d
3940,3940,0,400b7732,00dff09a,ffff,4000,f,e,4e75,2d
3941,3941,0,400b7732,00dff09a,ffff,4000,f,e,4e75,1d
3942,3942,0,400b7732,00dff09a,ffff,4000,f,e,4e75,1d
3943,3943,0,400b7732,00dff09a,ffff,4000,f,e,4e75,2d
3944,3944,0,400b7732,00dff09a,ffff,4000,f,e,4e75,1d
3945,3945,0,400b7732,00dff09a,ffff,4000,f,e,4e75,1d
3946,3946,0,400b7732,00dff09a,ffff,4000,f,e,4e75,2d
3947,3947,0,400b7732,00dff09a,ffff,4000,f,e,4e75,1d
3948,3948,0,400b7732,00dff09a,ffff,4000,f,e,4e75,1d
3949,3949,0,400b7732,00dff09a,ffff,4000,f,e,4e75,2d
3950,3950,0,400b7732,00dff09a,ffff,4000,f,e,4e75,1d
3951,3951,0,400b7732,00dff09a,ffff,4000,f,e,4e75,1d
3952,3952,0,400b7732,00dff09a,ffff,4000,f,e,4e75,2d
3953,3953,0,400b7732,00dff09a,ffff,4000,f,e,4e75,1d
3954,3954,0,400b7732,00dff09a,ffff,4000,f,e,4e75,1d
3955,3955,0,400b7732,00dff09a,ffff,4000,f,e,4e75,2d
3956,3956,0,400b7732,00dff09a,ffff,4000,f,e,4e75,1d
3957,3957,0,400b7732,00dff09a,ffff,4000,f,e,4e75,1d
3958,3958,0,400b7732,00dff09a,ffff,4000,f,e,4e75,2d
3959,3959,0,400b7732,00dff09a,ffff,4000,f,e,4e75,1d
3960,3960,0,400b7732,00dff09a,ffff,4000,f,e,4e75,1d
3961,3961,0,400b7732,00dff09a,ffff,4000,f,e,4e75,2d
3962,3962,0,400b7732,00dff09a,ffff,4000,f,e,4e75,1d
3963,3963,0,400b7732,00dff09a,ffff,4000,f,e,4e75,1d
3964,3964,0,400b7732,00dff09a,ffff,4000,f,e,4e75,2d
3965,3965,0,400b7732,00dff09a,ffff,4000,f,e,4e75,1d
3966,3966,0,400b7732,00dff09a,ffff,4000,f,e,4e75,1d
3967,3967,0,400b7732,00dff09a,ffff,4000,f,e,4e75,2d
3968,3968,0,400b7732,00dff09a,ffff,4000,f,e,4e75,1d
3969,3969,0,400b7732,00dff09a,ffff,4000,f,e,4e75,1d
3970,3970,0,400b7732,00dff09a,ffff,4000,f,e,4e75,2d
3971,3971,0,400b7732,00dff09a,ffff,4000,f,e,4e75,1d
3972,3972,0,400b7732,00dff09a,ffff,4000,f,e,4e75,1d
3973,3973,0,400b7732,00dff09a,ffff,4000,f,e,4e75,2d
3974,3974,0,400b7732,00dff09a,ffff,4000,f,e,4e75,1d
3975,3975,0,400b7732,00dff09a,ffff,4000,f,e,4e75,1d
3976,3976,0,400b7732,00dff09a,ffff,4000,f,e,4e75,2d
3977,3977,0,400b7732,00dff09a,ffff,4000,f,e,4e75,1d
3978,3978,0,400b7732,00dff09a,ffff,4000,f,e,4e75,1d
3979,3979,0,400b7732,00dff09a,ffff,4000,f,e,4e75,2d
3980,3980,0,400b7732,00dff09a,ffff,4000,f,e,4e75,1d
3981,3981,0,400b7732,00dff09a,ffff,4000,f,e,4e75,1d
3982,3982,0,400b7732,00dff09a,ffff,4000,f,e,4e75,2d
3983,3983,0,400b7732,00dff09a,ffff,4000,f,e,4e75,1d
3984,3984,0,400b7732,00dff09a,ffff,4000,f,e,4e75,1d
3985,3985,0,400b7732,00dff09a,ffff,4000,f,e,4e75,2d
3986,3986,0,400b7732,00dff09a,ffff,4000,f,e,4e75,1d
3987,3987,0,400b7732,00dff09a,ffff,4000,f,e,4e75,1d
3988,3988,0,400b7732,00dff09a,ffff,4000,f,e,4e75,2d
3989,3989,0,400b7732,00dff09a,ffff,4000,f,e,4e75,1d
3990,3990,0,400b7732,00dff09a,ffff,4000,f,e,4e75,1d
3991,3991,0,400b7732,00dff09a,ffff,4000,f,e,4e75,2d
3992,3992,0,400b7732,00dff09a,ffff,4000,f,e,4e75,1d
3993,3993,0,400b7732,00dff09a,ffff,4000,f,e,4e75,1d
3994,3994,0,400b7732,00dff09a,ffff,4000,f,e,4e75,2d
3995,3995,0,400b7732,00dff09a,ffff,4000,f,e,4e75,1d
3996,3996,0,400b7732,00dff09a,ffff,4000,f,e,4e75,1d
3997,3997,0,400b7732,00dff09a,ffff,4000,f,e,4e75,2d
3998,3998,0,400b7732,00dff09a,ffff,4000,f,e,4e75,1d
3999,3999,0,400b7732,00dff09a,ffff,4000,f,e,4e75,1d
4000,4000,1,400b7732,00dff09a,ffff,4000,f,e,4e75,2d
4001,4001,0,400b7732,00dff09a,ffff,4000,f,e,4e75,1d
4002,4002,0,400b7732,00dff09a,ffff,4000,f,e,4e75,1d
4003,4003,0,400b7732,00dff09a,ffff,4000,f,e,4e75,2d
4004,4004,0,400b7732,00dff09a,ffff,4000,f,e,4e75,1d
4005,4005,0,400b7732,00dff09a,ffff,4000,f,e,4e75,1d
4006,4006,0,400b7732,00dff09a,ffff,4000,f,e,4e75,2d
4007,4007,0,400b7732,00dff09a,ffff,4000,f,e,4e75,1d
4008,4008,0,400b7732,00dff09a,ffff,4000,f,e,4e75,1d
4009,4009,0,400b7732,00dff09a,ffff,4000,f,e,4e75,2d
4010,4010,0,400b7732,00dff09a,ffff,4000,f,e,4e75,1d
4011,4011,0,400b7732,00dff09a,ffff,4000,f,e,4e75,1d
4012,4012,0,400b7732,00dff09a,ffff,4000,f,e,4e75,2d
4013,4013,0,400b7732,00dff09a,ffff,4000,f,e,4e75,1d
4014,4014,0,400b7732,00dff09a,ffff,4000,f,e,4e75,1d
4015,4015,0,400b7732,00dff09a,ffff,4000,f,e,4e75,2d
4016,4016,0,400b7732,00dff09a,ffff,4000,f,e,4e75,1d
4017,4017,0,400b7732,00dff09a,ffff,4000,f,e,4e75,1d
4018,4018,0,400b7732,00dff09a,ffff,4000,f,e,4e75,2d
4019,4019,0,400b7732,00dff09a,ffff,4000,f,e,4e75,1d
4020,4020,0,400b7732,00dff09a,ffff,4000,f,e,4e75,1d
4021,4021,0,400b7732,00dff09a,ffff,4000,f,e,4e75,2d
4022,4022,0,400b7732,00dff09a,ffff,4000,f,e,4e75,1d
4023,4023,0,400b7732,00dff09a,ffff,4000,f,e,4e75,1d
4024,4024,0,400b7732,00dff09a,ffff,4000,f,e,4e75,2d
4025,4025,0,400b7732,00dff09a,ffff,4000,f,e,4e75,1d
4026,4026,0,400b7732,00dff09a,ffff,4000,f,e,4e75,1d
4027,4027,0,400b7732,00dff09a,ffff,4000,f,e,4e75,2d
4028,4028,0,400b7732,00dff09a,ffff,4000,f,e,4e75,1d
4029,4029,0,400b7732,00dff09a,ffff,4000,f,e,4e75,1d
4030,4030,0,400b7732,00dff09a,ffff,4000,f,e,4e75,2d
4031,4031,0,400b7732,00dff09a,ffff,4000,f,e,4e75,1d
4032,4032,0,400b7732,00dff09a,ffff,4000,f,e,4e75,1d
4033,4033,0,400b7732,00dff09a,ffff,4000,f,e,4e75,2d
4034,4034,0,400b7732,00dff09a,ffff,4000,f,e,4e75,1d
4035,4035,0,400b7732,00dff09a,ffff,4000,f,e,4e75,1d
4036,4036,0,400b7732,00dff09a,ffff,4000,f,e,4e75,2d
4037,4037,0,400b7732,00dff09a,ffff,4000,f,e,4e75,1d
4038,4038,0,400b7732,00dff09a,ffff,4000,f,e,4e75,1d
4039,4039,0,400b7732,00dff09a,ffff,4000,f,e,4e75,2d
4040,4040,0,400b7732,00dff09a,ffff,4000,f,e,4e75,1d
4041,4041,0,400b7732,00dff09a,ffff,4000,f,e,4e75,1d
4042,4042,0,400b7732,00dff09a,ffff,4000,f,e,4e75,2d
4043,4043,0,400b7732,00dff09a,ffff,4000,f,e,4e75,1d
4044,4044,0,400b7732,00dff09a,ffff,4000,f,e,4e75,1d
4045,4045,0,400b7732,00dff09a,ffff,4000,f,e,4e75,2d
4046,4046,0,400b7732,00dff09a,ffff,4000,f,e,4e75,1d
4047,4047,0,400b7732,00dff09a,ffff,4000,f,e,4e75,1d
4048,4048,0,400b7732,00dff09a,ffff,4000,f,e,4e75,2d
4049,4049,0,400b7732,00dff09a,ffff,4000,f,e,4e75,1d
4050,4050,0,400b7732,00dff09a,ffff,4000,f,e,4e75,1d
4051,4051,0,400b7732,00dff09a,ffff,4000,f,e,4e75,2d
4052,4052,0,400b7732,00dff09a,ffff,4000,f,e,4e75,1d
4053,4053,0,400b7732,00dff09a,ffff,4000,f,e,4e75,1d
4054,4054,0,400b7732,00dff09a,ffff,4000,f,e,4e75,2d
4055,4055,0,400b7732,00dff09a,ffff,4000,f,e,4e75,1d
4056,4056,0,400b7732,00dff09a,ffff,4000,f,e,4e75,1d
4057,4057,0,400b7732,00dff09a,ffff,4000,f,e,4e75,2d
4058,4058,0,400b7732,00dff09a,ffff,4000,f,e,4e75,1d
4059,4059,0,400b7732,00dff09a,ffff,4000,f,e,4e75,1d
4060,4060,0,400b7732,00dff09a,ffff,4000,f,e,4e75,2d
4061,4061,0,400b7732,00dff09a,ffff,4000,f,e,4e75,1d
4062,4062,0,400b7732,00dff09a,ffff,4000,f,e,4e75,1d
4063,4063,0,400b7732,00dff09a,ffff,4000,f,e,4e75,2d
4064,4064,0,400b7732,00dff09a,ffff,4000,f,e,4e75,1d
4065,4065,0,400b7732,00dff09a,ffff,4000,f,e,4e75,1d
4066,4066,0,400b7732,00dff09a,ffff,4000,f,e,4e75,2d
4067,4067,0,400b7732,00dff09a,ffff,4000,f,e,4e75,1d
4068,4068,0,400b7732,00dff09a,ffff,4000,f,e,4e75,1d
4069,4069,0,400b7732,00dff09a,ffff,4000,f,e,4e75,2d
4070,4070,0,400b7732,00dff09a,ffff,4000,f,e,4e75,1d
4071,4071,0,400b7732,00dff09a,ffff,4000,f,e,4e75,1d
4072,4072,0,400b7732,00dff09a,ffff,4000,f,e,4e75,2d
4073,4073,0,400b7732,00dff09a,ffff,4000,f,e,4e75,1d
4074,4074,0,400b7732,00dff09a,ffff,4000,f,e,4e75,1d
4075,4075,0,400b7732,00dff09a,ffff,4000,f,e,4e75,2d
4076,4076,0,400b7732,00dff09a,ffff,4000,f,e,4e75,1d
4077,4077,0,400b7732,00dff09a,ffff,4000,f,e,4e75,1d
4078,4078,0,400b7732,00dff09a,ffff,4000,f,e,4e75,2d
4079,4079,0,400b7732,00dff09a,ffff,4000,f,e,4e75,1d
4080,4080,0,400b7732,00dff09a,ffff,4000,f,e,4e75,1d
4081,4081,0,400b7732,00dff09a,ffff,4000,f,e,4e75,2d
4082,4082,0,400b7732,00dff09a,ffff,4000,f,e,4e75,1d
4083,4083,0,400b7732,00dff09a,ffff,4000,f,e,4e75,1d
4084,4084,0,400b7732,00dff09a,ffff,4000,f,e,4e75,2d
4085,4085,0,400b7732,00dff09a,ffff,4000,f,e,4e75,1d
4086,4086,0,400b7732,00dff09a,ffff,4000,f,e,4e75,1d
4087,4087,0,400b7732,00dff09a,ffff,4000,f,e,4e75,2d
4088,4088,0,400b7732,00dff09a,ffff,4000,f,e,4e75,1d
4089,4089,0,400b7732,00dff09a,ffff,4000,f,e,4e75,1d
4090,4090,0,400b7732,00dff09a,ffff,4000,f,e,4e75,2d
4091,4091,0,400b7732,00dff09a,ffff,4000,f,e,4e75,1d
4092,4092,0,400b7732,00dff09a,ffff,4000,f,e,4e75,1d
4093,4093,0,400b7732,00dff09a,ffff,4000,f,e,4e75,2d
4094,4094,0,400b7732,00dff09a,ffff,4000,f,e,4e75,1d
4095,4095,0,400b7732,00dff09a,ffff,4000,f,e,4e75,1d
